time (s), estimated missile position x (m), estimated missile position y (m), estimated missile velocity x (m/s), estimated missile velocity y (m/s), estimated missile acceleration x (m/s^2), estimated missile acceleration y (m/s^2), true missile position x (m), true missile position y (m), true missile velocity x (m/s), true missile velocity y (m/s), true missile acceleration x (m/s^2), true missile acceleration y (m/s^2), true target position x (m), true target position y (m), true target velocity x (m/s), true target velocity y (m/s), true target acceleration x (m/s^2), true target acceleration y (m/s^2), time_to_go (s) 
0, 0, 0, 866.02540378443871, 499.99999999999994, 0, 0, 0, 0, 866.02540378443871, 499.99999999999994, 0, 0, 8000, 4000, 486.26085932129808, 503.53786023705578, 0, 0, 26.455333396760409
0, 8.6603276053368354, 5.0001274226347041, 866.03030828393526, 500.00849484231361, 0.49044994965343058, 0.84948423136933982, 8.6603276053368354, 5.0001274226347041, 866.03030828393526, 500.00849484231361, 0.49044994965343053, 0.84948423136933982, 8004.8626085932128, 4005.0353786023707, 486.26085932129808, 503.53786023705578, 0, 0, 26.455333396760409
0.01, 17.320700578557709, 10.000333421935263, 866.03496764270335, 500.01656490080842, 0.46593587680436305, 0.80700584948075504, 17.320700577339071, 10.000333422638851, 866.0349675614608, 500.01656494771436, 0.46592775255342939, 0.80701054007302686, 8009.7252171864257, 4010.0707572047413, 486.26085932129808, 503.53786023705578, 0, 0, 26.445333396760407
0.02, 25.981190224888369, 15.000741495013401, 866.04429896961187, 500.03272650547859, 0.93313269084786565, 1.6161604670166509, 25.981190219349848, 15.000741498211132, 866.04429865453869, 500.03272668739021, 0.9331093077871081, 1.6161739675874847, 8014.5878257796385, 4015.106135807112, 486.26085932129808, 503.53786023705578, 0, 0, 26.435333396760409
0.029999999999999999, 34.641766190717341, 20.001299060793578, 866.05316404513542, 500.04807988717141, 0.88650755235321965, 1.5353381692831127, 34.64176617422563, 20.001299070315401, 866.05316320989846, 500.04808036941461, 0.88645553597295557, 1.5353682024384199, 8019.4504343728513, 4020.1415144094826, 486.26085932129808, 503.53786023705578, 0, 0, 26.425333396760408
0.040000000000000001, 43.302497658697547, 25.002125925528144, 866.06648588039207, 500.07115094469486, 1.3321835256666665, 2.3071057523475886, 43.302497618754423, 25.002125948590507, 866.06648403855218, 500.07115200814525, 1.3320828653752748, 2.3071638730658615, 8024.3130429660641, 4025.1768930118533, 486.26085932129808, 503.53786023705578, 0, 0, 26.41533339676041
0.050000000000000003, 51.963352363633724, 30.003166193437014, 866.07914228920924, 500.09306817548958, 1.2656408817214282, 2.1917230794699152, 51.963352281664925, 30.003166240765051, 866.07913887355085, 500.09307014768473, 1.265483499865321, 2.1918139539486301, 8029.175651559277, 4030.2122716142239, 486.26085932129808, 503.53786023705578, 0, 0, 26.405333396760408
0.059999999999999998, 60.624397493989321, 35.004536196535234, 866.09605612010932, 500.12235626504435, 1.6913830900088955, 2.9288089554779893, 60.624397339995063, 35.004536285452097, 866.09605017985973, 500.12235969503121, 1.691130630890584, 2.9289547346499232, 8034.0382601524898, 4035.2476502165946, 486.26085932129808, 503.53786023705578, 0, 0, 26.39533339676041
0.070000000000000007, 69.285599093978149, 40.006177108280127, 866.11212537262509, 500.15017953800742, 1.6069252515807291, 2.7823272963081709, 69.285598829407462, 40.006177261047831, 866.11211602077947, 500.15018493805945, 1.6065840919696166, 2.7825243028262339, 8038.9008687457026, 4040.2830288189652, 486.26085932129808, 503.53786023705578, 0, 0, 26.385333396760409
0.080000000000000002, 77.9470224759296, 45.008201986475441, 866.13226725430548, 500.1850517256903, 2.0141881680374056, 3.4872187682898379, 77.947022044089039, 45.008202235834432, 866.13225298569773, 500.18505996512658, 2.0136964918249776, 3.4875027067155595, 8043.7634773389154, 4045.3184074213359, 486.26085932129808, 503.53786023705578, 0, 0, 26.375333396760411
0.089999999999999997, 86.608632194888969, 50.010549424309595, 866.15140368205959, 500.21817976417384, 1.9136427754168424, 3.3128038483519076, 86.608631528343494, 50.010549809205699, 866.15138327886325, 500.21819154646016, 1.9130293165523038, 3.3131581333564903, 8048.6260859321283, 4050.3537860237066, 486.26085932129808, 503.53786023705578, 0, 0, 26.365333396760409
0.10000000000000001, 95.270491795673337, 55.013329390137393, 866.17444127964416, 500.25805764324468, 2.3037597584583294, 3.9877879070868825, 95.270490801312008, 55.013329964348443, 866.17441262418902, 500.25807419166949, 2.3029345325781487, 3.98826452093037, 8053.4886945253411, 4055.3891646260772, 486.26085932129808, 503.53786023705578, 0, 0, 26.355333396760408
0.11, 103.93256452770341, 60.016478216694217, 866.19632922855237, 500.29594098486984, 2.1887948908271637, 3.7883341625161808, 103.93256309991807, 60.016479041219846, 866.19629078180037, 500.29596318864992, 2.1878157611390243, 3.7888996980412841, 8058.3513031185539, 4060.4245432284479, 486.26085932129808, 503.53786023705578, 0, 0, 26.34533339676041
0.12, 112.59491226828618, 65.020102953612167, 866.22195911503536, 500.34029612281967, 2.5629886482950708, 4.4355137949832804, 112.59491026771514, 65.020104108953973, 866.22190811373798, 500.34032557849173, 2.5617331937597561, 4.436238984183607, 8063.2139117117667, 4065.4599218308185, 486.26085932129808, 503.53786023705578, 0, 0, 26.335333396760408
0.13, 121.25749712842649, 70.024137964859079, 866.2463103810328, 500.3824327907339, 2.4351265997400557, 4.2136667914224457, 121.25749440198776, 70.024139539450289, 866.24624498942057, 500.38247055925211, 2.4336875682559382, 4.2144980760398649, 8068.0765203049796, 4070.4953004331892, 486.26085932129808, 503.53786023705578, 0, 0, 26.32533339676041
0.14000000000000001, 129.92037941004551, 75.028687539164977, 866.27425556827814, 500.43078255063745, 2.7945187245336789, 4.8349759903520706, 129.92037576249862, 75.028689645802316, 866.2741723638652, 500.43083060988585, 2.7927374444671695, 4.8360050633735456, 8072.9391288981924, 4075.5306790355598, 486.26085932129808, 503.53786023705578, 0, 0, 26.315333396760408
0.14999999999999999, 138.58352023801359, 80.033684337626724, 866.30080705396506, 500.47671408099592, 2.6551485686891456, 4.5931530358498325, 138.58351545976467, 80.033687097408617, 866.30070393902417, 500.47677364371486, 2.6531575158974738, 4.5943033829034245, 8077.8017374914052, 4080.5660576379305, 486.26085932129808, 503.53786023705578, 0, 0, 26.30533339676041
0.16, 147.24697842378797, 85.039230034027952, 866.33081473627942, 500.52861778708029, 3.0007682314397042, 5.1903706084366492, 147.24697225452388, 85.039233597370668, 866.33068763028825, 500.52869121204156, 2.9983691264124168, 5.1917568326683483, 8082.664346084618, 4085.6014362403012, 486.26085932129808, 503.53786023705578, 0, 0, 26.295333396760409
0.17000000000000001, 155.91071424474353, 90.045255828853655, 866.35932630913032, 500.57792558407351, 2.8511572850956459, 4.9307796993195705, 155.91070640978052, 90.045260354490253, 866.35917289387089, 500.57801421198644, 2.8485263582617013, 4.9322999944861499, 8087.5269546778309, 4090.6368148426718, 486.26085932129808, 503.53786023705578, 0, 0, 26.285333396760407
0.17999999999999999, 164.574785100209, 95.05186091598938, 866.39116580074165, 500.6329810037397, 3.1839491611287407, 5.5055419666177636, 164.57477526556175, 95.051866596940727, 866.39098135003917, 500.63308756736012, 3.1808456168316672, 5.5073355373675543, 8092.3895632710437, 4095.6721934450425, 486.26085932129808, 503.53786023705578, 0, 0, 26.275333396760409
0.19, 173.23915054623339, 100.05897525590613, 866.42141833520702, 500.68528299569658, 3.0252534465334482, 5.2301991956887965, 173.23913836414718, 100.05898229316843, 866.4212003557077, 500.68540893763344, 3.0219005668507122, 5.2321370273310146, 8097.2521718642565, 4100.7075720474131, 486.26085932129808, 503.53786023705578, 0, 0, 26.265333396760408
0.20000000000000001, 181.9038666423275, 105.0666956876133, 866.45487918467609, 500.74312311237674, 3.3460849469075296, 5.7840116680143598, 181.90385169724615, 105.06670432139606, 866.45462232516741, 500.74327152771957, 3.3421969459675367, 5.7862590086112409, 8102.1147804574694, 4105.7429506497838, 486.26085932129808, 503.53786023705578, 0, 0, 26.25533339676041
0.20999999999999999, 190.56889233798572, 110.07495113231937, 866.48667277210586, 500.79807068452965, 3.1793587429803045, 5.4947572152892246, 190.56887420178802, 110.07496161011808, 866.48637441118103, 500.7982430907075, 3.1752086013599268, 5.4971562987937403, 8106.9773890506822, 4110.7783292521544, 486.26085932129808, 503.53786023705578, 0, 0, 26.245333396760408
0.22, 199.23428241969867, 115.08383618996312, 866.52156303823267, 500.85836073775977, 3.4890266126854503, 6.0290053230101233, 199.23426058812402, 115.08384880332186, 866.52121722612583, 500.85856057715461, 3.4842814944805736, 6.0317486447109356, 8111.839997643895, 4115.8137078545251, 486.26085932129808, 503.53786023705578, 0, 0, 26.23533339676041
0.23000000000000001, 207.89999533475753, 120.09327892506181, 866.55471535000083, 500.91563591916531, 3.3152311768171581, 5.7275181405539506, 207.89996929275975, 120.09329397178928, 866.55431938442382, 500.91586475687961, 3.3102158297983606, 5.7304179725003941, 8116.7026062371078, 4120.8490864568957, 486.26085932129808, 503.53786023705578, 0, 0, 26.225333396760409
0.23999999999999999, 216.56608465838514, 125.10337180581756, 866.5908600251729, 500.97807069010548, 3.6144675172070042, 6.2434770940143531, 216.56605380666196, 125.10338963248174, 866.5904073882881, 500.97833229845736, 3.6088003864237512, 6.2467541577747578, 8121.5652148303207, 4125.8844650592664, 486.26085932129808, 503.53786023705578, 0, 0, 26.215333396760411
0.25, 225.23250843049462, 130.11404220597686, 866.62520481568947, 501.03738357398839, 3.4344790516563375, 5.9312883882900511, 225.23247216127604, 130.11406316407806, 866.62469277036803, 501.03767953924125, 3.4285382079880153, 5.9347240783893813, 8126.4278234235335, 4130.9198436616371, 486.26085932129808, 503.53786023705578, 0, 0, 26.205333396760409
0.26000000000000001, 233.89931907217434, 135.12538056155205, 866.66244438387753, 501.10168489634162, 3.7239568188062009, 6.4301322353226826, 233.89927668558238, 135.12540505591076, 866.66186587721188, 501.10201930192636, 3.717310684388321, 6.4339762685123292, 8131.2904320167463, 4135.9552222640077, 486.26085932129808, 503.53786023705578, 0, 0, 26.195333396760407
0.27000000000000002, 242.56647430207542, 140.13731370619189, 866.69783012136543, 501.16277127476951, 3.538573748793751, 6.1086378427900758, 242.5664250925775, 140.13734214494224, 866.69718242541148, 501.1631457027413, 3.5316548199614175, 6.1126400814967106, 8136.1530406099591, 4140.9906008663784, 486.26085932129808, 503.53786023705578, 0, 0, 26.185333396760409
0.28000000000000003, 251.23402544005526, 145.14993013610766, 866.73601923911156, 501.22868575264181, 3.8189117746102905, 6.5914477872309716, 251.23396860245438, 145.14996298509726, 866.73529480026161, 501.22910457791573, 3.8112374850075468, 6.5958875174452789, 8141.015649203172, 4146.025979468749, 486.26085932129808, 503.53786023705578, 0, 0, 26.175333396760408
0.28999999999999998, 259.90192996165621, 150.16315628156383, 866.77230785310155, 501.29130494795936, 3.6288613990002609, 6.2619195317552343, 259.90186468836293, 150.16319400807538, 866.77150399398897, 501.29176972451228, 3.6209193727402442, 6.2665146596560071, 8145.8782577963848, 4151.0613580711197, 486.26085932129808, 503.53786023705578, 0, 0, 26.16533339676041
0.29999999999999999, 268.57023813453384, 155.17707878477918, 866.81131414287711, 501.35860186367631, 3.9006289775585916, 6.7296915716971553, 268.57016351105364, 155.17712191802258, 866.81042284404134, 501.359117237985, 3.8918850052315017, 6.7347513472739786, 8150.7408663895976, 4156.0967366734903, 486.26085932129808, 503.53786023705578, 0, 0, 26.155333396760408
0.31, 277.23890726199471, 160.19162379656879, 866.84837987835124, 501.42253474053234, 3.7065735474150627, 6.3932876856046343, 277.23882237510378, 160.19167286507803, 866.84739855135695, 501.42310221635921, 3.6975707315566364, 6.3984978374200896, 8155.6034749828104, 4161.132115275861, 486.26085932129808, 503.53786023705578, 0, 0, 26.14533339676041
0.32000000000000001, 285.907986604972, 165.20687618491797, 866.88808282460172, 501.49100413678929, 3.970294625053477, 6.8469396256946995, 285.90789042762873, 165.20693178318143, 866.88700301878248, 501.49162861234578, 3.9604467425544456, 6.8526395986591444, 8160.4660835760233, 4166.1674938782317, 486.26085932129808, 503.53786023705578, 0, 0, 26.135333396760409
0.33000000000000002, 294.57743335875307, 170.22276193343237, 866.92581119360477, 501.55605127988969, 3.7728369002997093, 6.5047143100380822, 294.57732486920276, 170.22282465294663, 866.92463044452927, 501.55673418846169, 3.7627425746768357, 6.510557611588486, 8165.3286921692361, 4171.2028724806023, 486.26085932129808, 503.53786023705578, 0, 0, 26.125333396760411
0.34000000000000002, 303.24729581977476, 175.23936421006096, 866.96610113264956, 501.62550220187006, 4.0289939044747811, 6.9450921980375302, 303.24717387586588, 175.23943471211376, 866.96481059238636, 501.62624867396369, 4.0180147857135236, 6.9514485502024606, 8170.1913007624489, 4176.238251082973, 486.26085932129808, 503.53786023705578, 0, 0, 26.115333396760409
0.35000000000000003, 311.9175311334364, 180.25660893273843, 867.00438795499281, 501.69148224578805, 3.8286822343211226, 6.5980043917962066, 311.91739460262585, 180.25668787313231, 867.0029853147928, 501.69229362589164, 3.8174722406400972, 6.6044951927949977, 8175.0539093556617, 4181.2736296853436, 486.26085932129808, 503.53786023705578, 0, 0, 26.105333396760408
0.35999999999999999, 320.58818667092225, 185.27457763846019, 867.04516515072294, 501.76174113004555, 4.0777195730090154, 7.0258884257489846, 320.5880342940257, 185.27466574643464, 867.0436411982547, 501.76262276211946, 4.0655883461914861, 7.0329136227837834, 8179.9165179488746, 4186.3090082877143, 486.26085932129808, 503.53786023705578, 0, 0, 26.09533339676041
0.37, 329.25921958031074, 190.29319627123789, 867.08391567613978, 501.82848922852804, 3.8750525416828712, 6.6748098482507734, 329.25905011233345, 190.29329426790244, 867.08226828660293, 501.8294423518941, 3.862708834821309, 6.6819589774660066, 8184.7791265420874, 4191.3443868900849, 486.26085932129808, 503.53786023705578, 0, 0, 26.085333396760408
0.38, 337.93067634404247, 195.31254480149272, 867.12508947416211, 501.89939842649846, 4.1173798022301122, 7.0909197970443731, 337.93048840743575, 195.31265348485019, 867.12330910235448, 501.90042858048059, 4.1040815751607829, 7.098622858649934, 8189.6417351353002, 4196.3797654924556, 486.26085932129808, 503.53786023705578, 0, 0, 26.07533339676041
0.39000000000000001, 346.60251416035578, 200.33254928210613, 867.16421757894022, 501.96676484972699, 3.9128104778090895, 6.7366423228546486, 346.60230639655782, 200.33266943925827, 867.16230230892256, 501.9678731540323, 3.8993206568055796, 6.7444573551691427, 8194.504343728513, 4201.4151440948262, 486.26085932129808, 503.53786023705578, 0, 0, 26.065333396760408
0.40000000000000002, 355.27477865694789, 205.35328817697834, 867.20570563245542, 502.03818127472323, 4.1488053515186492, 7.1416424996243135, 355.27454956925584, 205.35342067519008, 867.20364561617498, 502.03937344679883, 4.1343307252467776, 7.1500292766506286, 8199.3669523217268, 4206.4505226971969, 486.26085932129808, 503.53786023705578, 0, 0, 26.05533339676041
0.41000000000000003, 363.94742712504831, 210.37468772246365, 867.24513308417829, 502.10603012392789, 3.9427451722833791, 6.7848849204661761, 363.94717524071837, 210.37483341522523, 867.24292663622543, 502.10730715127676, 3.9281020050478146, 6.7933704477900845, 8204.2295609149405, 4211.4859012995676, 486.26085932129808, 503.53786023705578, 0, 0, 26.045333396760409
0.41999999999999998, 372.6205043693094, 215.39682493201471, 867.2868606454648, 502.17782401137993, 4.1727561286557311, 7.1793887452040259, 372.62022807218739, 215.3969847560675, 867.28449764334175, 502.17919177324404, 4.1571007116366729, 7.1884621967285147, 8209.0921695081543, 4216.5212799019382, 486.26085932129808, 503.53786023705578, 0, 0, 26.035333396760407
0.42999999999999999, 381.2939678125328, 220.41962629257387, 867.32651643004795, 502.24603204107132, 3.9655784583140119, 6.820802969140316, 381.29366551553238, 220.4198011679303, 867.3239954374485, 502.24749138193488, 3.9497794106728494, 6.8299608690857125, 8213.954778101368, 4221.5566585043089, 486.26085932129808, 503.53786023705578, 0, 0, 26.025333396760409
0.44, 389.96786146591188, 225.44316741955768, 867.3684157019552, 502.3180858126114, 4.1899271907222815, 7.2053771540101037, 389.96753143357523, 225.44335835239252, 867.36572634867446, 502.31964275812641, 4.1730911225960883, 7.2151376191514611, 8218.8173866945817, 4226.5920371066795, 486.26085932129808, 503.53786023705578, 0, 0, 26.015333396760408
0.45000000000000001, 398.6421429185171, 230.46737511076702, 867.40823540766598, 502.38654135149244, 3.9819705710739655, 6.8455538881042131, 398.64178344966416, 230.46758308751168, 867.4053765221546, 502.38819659398541, 3.9650173480183746, 6.8553835859031729, 8223.6799952877955, 4231.6274157090502, 486.26085932129808, 503.53786023705578, 0, 0, 26.00533339676041
0.46000000000000002, 407.31685541572881, 235.4923236326234, 867.45024495000303, 502.45874857425542, 4.2009542337049997, 7.2207222763000303, 407.31646465614449, 235.49254972861209, 867.44720593940792, 502.46050827135491, 4.1829417253347412, 7.2311677369500327, 8228.5426038810092, 4236.6627943114208, 486.26085932129808, 503.53786023705578, 0, 0, 25.995333396760408
0.47000000000000003, 415.99195674403296, 240.51794014780126, 867.490170203611, 502.52735053660814, 3.9925253607979245, 6.8601962352723707, 415.99153287905841, 240.51818541556898, 867.48695017406396, 502.52921522091168, 3.974423465606383, 6.8706949556768606, 8233.4052124742229, 4241.6981729137915, 486.26085932129808, 503.53786023705578, 0, 0, 25.98533339676041
0.47999999999999998, 424.66748940886129, 245.5442976196656, 867.53223438976033, 502.59961496982618, 4.2064186149307394, 7.2264433218060757, 424.66703046642544, 245.54456320322615, 867.52882254915778, 502.60159091744754, 4.1872375093826095, 7.237569653583364, 8238.2678210674367, 4246.7335515161622, 486.26085932129808, 503.53786023705578, 0, 0, 25.975333396760409
0.48999999999999999, 433.34341142201828, 250.57132362406412, 867.57221234038491, 502.66827194984381, 3.9977950624591867, 6.8656980017662246, 433.34291547492364, 250.57161064155193, 867.56860808293402, 502.67035952753423, 3.9785533776201762, 6.8768610086669719, 8243.1304296606504, 4251.7689301185328, 486.26085932129808, 503.53786023705578, 0, 0, 25.965333396760411
0.5, 442.01976457321439, 255.59908986438691, 867.61428085987052, 502.7405066714669, 4.2068519485609635, 7.2234721623110412, 442.01922953274891, 255.59939952783307, 867.61047321599563, 502.74271226125353, 4.1865133061564688, 7.2352733719285993, 8247.9930382538641, 4256.8043087209035, 486.26085932129808, 503.53786023705578, 0, 0, 25.955333396760409
0.51000000000000001, 450.6965071245121, 260.62752437273389, 867.65426370647231, 502.80913611362183, 3.998284660181278, 6.8629442154947808, 450.69593095216675, 260.62785786520129, 867.6502523665223, 502.8114599116314, 3.9779150526640175, 6.874765037784476, 8252.8556468470779, 4261.8396873232741, 486.26085932129808, 503.53786023705578, 0, 0, 25.945333396760407
0.52000000000000002, 459.37368017262344, 265.65669763297018, 867.69629110958056, 502.88126272029461, 4.2027403108291459, 7.2126606672809652, 459.37306066453499, 265.6570562336849, 867.69206494672414, 502.88371120278356, 4.1812580201814349, 7.2251291152160677, 8257.7182554402916, 4266.8750659256448, 486.26085932129808, 503.53786023705578, 0, 0, 25.935333396760409
0.53000000000000003, 468.05124225210142, 270.68653817175976, 867.73623566839228, 502.94979015940265, 3.9944558811714583, 6.8527439108027801, 468.05057725992725, 270.6869231278958, 867.73179467505929, 502.95236334831981, 3.9729728335151084, 6.8652145536255471, 8262.5808640335053, 4271.9104445280154, 486.26085932129808, 503.53786023705578, 0, 0, 25.925333396760408
0.54000000000000004, 476.72923378799862, 275.71711529146796, 867.77818094927738, 503.02173803367918, 4.194528088505348, 7.1947874276537123, 476.7285209944535, 275.7175279484843, 867.77351386010434, 503.02444248867533, 4.1719185045047054, 7.2079140355510081, 8267.4434726267191, 4276.9458231303861, 486.26085932129808, 503.53786023705578, 0, 0, 25.91533339676041
0.55000000000000004, 485.40761360711906, 280.74835804728224, 867.8180482577867, 503.09009639884516, 3.9867308509361101, 6.835836516595756, 485.40685075572236, 280.74879971551968, 867.81315537129228, 503.09293196525135, 3.9641511187940854, 6.848947657602011, 8272.3060812199328, 4281.9812017327567, 486.26085932129808, 503.53786023705578, 0, 0, 25.905333396760408
0.56000000000000005, 494.08642148292211, 285.78033459585845, 867.8598744727982, 503.16180203802924, 4.1826215011501251, 7.1705639184100542, 494.08560614490182, 285.78080668592634, 867.85474440239364, 503.16477534886201, 4.158903110136583, 7.1843383610648095, 8277.1686898131466, 4287.0165803351274, 486.26085932129808, 503.53786023705578, 0, 0, 25.89533339676041
0.57000000000000006, 502.76561655196588, 290.81297455089543, 867.89962942718591, 503.22993101514015, 3.9754954387719326, 6.8128977110931661, 502.76474636458602, 290.81347843524719, 867.8942627797428, 503.23304173767883, 3.9518377349116038, 6.8266388816835075, 8282.0312984063603, 4292.0519589374981, 486.26085932129808, 503.53786023705578, 0, 0, 25.885333396760409
0.57999999999999996, 511.44523795501152, 295.84634495706877, 867.94130334543627, 503.3013374166041, 4.1673918250371358, 7.1406401463919753, 511.44431038012397, 295.84688211027827, 867.93568862911127, 503.30459224796357, 4.1425849368486727, 7.155051028475282, 8286.893906999574, 4297.0873375398687, 486.26085932129808, 503.53786023705578, 0, 0, 25.875333396760411
0.58999999999999997, 520.12524515381392, 300.88037601295292, 867.98091436863615, 503.36918286447809, 3.9611023199866517, 6.7845447873993505, 520.12425772446875, 300.8809478684388, 867.97505249935398, 503.37258129335572, 3.9363870242674359, 6.7989045392146368, 8291.7565155927878, 4302.1227161422394, 486.26085932129808, 503.53786023705578, 0, 0, 25.865333396760409
0.59999999999999998, 528.80567667425191, 305.91513368307159, 868.02240615207847, 503.44023896273893, 4.1491783442305374, 7.1056098260849998, 528.8046267451839, 305.91574177809895, 868.0162855474581, 503.4437877417958, 4.1233048104086576, 7.1206448440061259, 8296.6191241860015, 4307.15809474461, 486.26085932129808, 503.53786023705578, 0, 0, 25.855333396760408
0.60999999999999999, 537.48649231683953, 310.95054877393454, 868.06184488986878, 503.50775237844397, 3.9438737790311276, 6.751341570506205, 537.48537731905947, 310.95119460166103, 868.05546677419341, 503.51145081807203, 3.9181226735343557, 6.7663076276217407, 8301.4817327792152, 4312.1934733469807, 486.26085932129808, 503.53786023705578, 0, 0, 25.84533339676041
0.62, 546.167730009396, 315.98668619998739, 868.10312780038953, 503.57841252966949, 4.1282910520773237, 7.0660151225513905, 546.16654719290284, 315.98737135902354, 868.09648051428564, 503.58226743019225, 4.101374009219275, 7.0816612120205118, 8306.344341372429, 4317.2288519493513, 486.26085932129808, 503.53786023705578, 0, 0, 25.835333396760408
0.63, 554.84934990304123, 321.02347739572252, 868.14236884314573, 503.64555055889934, 3.9241042756187312, 6.7138029229876297, 554.84809659909126, 321.02420343767352, 868.13545391732418, 503.64956105339638, 3.8973403038548722, 6.7293623204118704, 8311.2069499656427, 4322.264230551722, 486.26085932129808, 503.53786023705578, 0, 0, 25.82533339676041
0.64000000000000001, 563.53138934344133, 326.06098625396112, 868.18341897438938, 503.71577406887428, 4.1050131243683659, 7.0223509974911336, 563.53006269977868, 326.06175483737758, 868.17622468493835, 503.71994699807101, 4.0770767614135259, 7.0385944674620173, 8316.0695585588564, 4327.2996091540926, 486.26085932129808, 503.53786023705578, 0, 0, 25.815333396760408
0.65000000000000002, 572.21380884260429, 331.09914485448093, 868.22243960232947, 503.78249805761016, 3.9020627940035513, 6.6723988735868085, 572.21240609310451, 331.09995758807071, 868.21496778336791, 503.78683237889862, 3.8743098429553715, 6.6885380827614851, 8320.9321671520702, 4332.3349877564633, 486.26085932129808, 503.53786023705578, 0, 0, 25.80533339676041
0.66000000000000003, 580.89664517910512, 336.13801609543577, 868.26323563416543, 503.85224874952479, 4.0796031835994446, 6.975069191466253, 580.89516337181794, 336.13887469623648, 868.25547450868498, 503.85675133735077, 4.0506725317072361, 6.9918958452138407, 8325.7947757452839, 4337.370366358834, 486.26085932129808, 503.53786023705578, 0, 0, 25.795333396760409
0.67000000000000004, 589.57985923469585, 341.17753271669102, 868.30201558410408, 503.91852433352574, 3.877994993860634, 6.6275584000976018, 589.57829550855945, 341.17843884912634, 868.29396728566019, 503.92319397177232, 3.8492776975171976, 6.6442634421563209, 8330.6573843384976, 4342.4057449612046, 486.26085932129808, 503.53786023705578, 0, 0, 25.785333396760407
0.68000000000000005, 598.26348723514275, 346.21775664730717, 868.34253855782481, 503.98777015225147, 4.052297372075186, 6.924581872573877, 598.26183854113344, 346.21871208541154, 868.33419126681702, 503.9926137429394, 4.0223981156777375, 6.941977116705135, 8335.5199929317114, 4347.4411235635753, 486.26085932129808, 503.53786023705578, 0, 0, 25.775333396760409
0.69000000000000006, 606.94749043949798, 351.258621299764, 868.38105980962098, 504.05356688120486, 3.852125179616829, 6.5796728953363095, 606.94575382411301, 351.25962776225737, 868.37241595424302, 504.05858303736852, 3.8224687425991584, 6.5969294429106968, 8340.3826015249251, 4352.4765021659459, 486.26085932129808, 503.53786023705578, 0, 0, 25.765333396760408
0.70000000000000007, 615.63190453428172, 356.30018765832295, 868.42129292212189, 504.12227953099864, 4.0233112500896935, 6.871264979379422, 615.63007685408911, 356.30124697471928, 868.41234064981973, 504.12747517658448, 3.9924695576716474, 6.8892139215944788, 8345.2452101181389, 4357.5118807683166, 486.26085932129808, 503.53786023705578, 0, 0, 25.75533339676041
0.70999999999999996, 624.31669116221849, 361.34238981853434, 868.45953950315823, 504.18757052442487, 3.8246581036368177, 6.5290993426246677, 624.31476937380887, 361.34350376040675, 868.45028153125475, 504.19294410469445, 3.7940881434999025, 6.5468928109972477, 8350.1078187113526, 4362.5472593706872, 486.26085932129808, 503.53786023705578, 0, 0, 25.745333396760408
0.71999999999999997, 633.00188548348012, 366.38528784297114, 868.49946791849834, 504.25572513726081, 3.9928415340099059, 6.8154612835948729, 632.99986635170751, 366.38645829377668, 868.4898923703264, 504.26128359289459, 3.9610839071700301, 6.8339488200151566, 8354.9704273045663, 4367.5826379730579, 486.26085932129808, 503.53786023705578, 0, 0, 25.73533339676041
0.72999999999999998, 641.68744952975771, 371.42881651882749, 868.53742572467183, 504.32048676951098, 3.7957806173462325, 6.4761632250142656, 641.6853299238644, 371.43004530153365, 868.52753560056794, 504.32622838142868, 3.7643230241548404, 6.4944788534109996, 8359.8330358977801, 4372.6180165754286, 486.26085932129808, 503.53786023705578, 0, 0, 25.725333396760409
0.73999999999999999, 650.37341794715758, 376.47303500900199, 868.57703640155023, 504.38806160147016, 3.9610676878427693, 6.7574831959189039, 650.3711945429942, 376.47432405946125, 868.56681980884014, 504.39399332231653, 3.9284208272189969, 6.7764940887845917, 8364.6956444909938, 4377.6533951777992, 486.26085932129808, 503.53786023705578, 0, 0, 25.715333396760411
0.75, 659.05975316065053, 381.51787879919527, 868.61469303338208, 504.45227321337518, 3.7656631831851985, 6.4211611905029198, 659.05742274268187, 381.51922999030154, 868.60415324879011, 504.4583931634595, 3.7333439949950802, 6.4399841142997341, 8369.5582530842075, 4382.6887737801699, 486.26085932129808, 503.53786023705578, 0, 0, 25.705333396760409
0.76000000000000001, 667.74648931399145, 386.56340617362952, 868.65397456718881, 504.51924936673981, 3.928153380676588, 6.6976153364632225, 667.74404847177982, 386.56482149207858, 868.64309968946372, 504.5255645062893, 3.8946440673613307, 6.717134282977395, 8374.4208616774213, 4387.7241523825405, 486.26085932129808, 503.53786023705578, 0, 0, 25.695333396760407
0.77000000000000002, 676.43358922885216, 391.60955332182095, 868.69131917978041, 504.58289300167581, 3.7344612591579205, 6.3643634936026716, 676.43103466465732, 391.61103468896272, 868.68011275498452, 504.58940129437121, 3.7013065520837327, 6.38367880819278, 8379.283470270635, 4392.7595309849112, 486.26085932129808, 503.53786023705578, 0, 0, 25.685333396760409
0.78000000000000003, 685.12108655782322, 396.65637766937112, 868.73026165799399, 504.64925417057037, 3.8942478213559233, 6.6361168894571421, 685.11841477762903, 396.65792712119384, 868.71871178310937, 504.65596258019644, 3.8599028124865051, 6.6561285825217977, 8384.1460788638487, 4397.7949095872818, 486.26085932129808, 503.53786023705578, 0, 0, 25.675333396760408
0.79000000000000004, 693.80894452188818, 401.70381611351161, 868.76728482366161, 504.71231433289012, 3.7023165667654085, 6.306016231971709, 693.80615214831391, 401.70543561835314, 868.75539530669312, 504.71922067068652, 3.6683523583771382, 6.3258090490068248, 8389.0086874570625, 4402.8302881896525, 486.26085932129808, 503.53786023705578, 0, 0, 25.66533339676041
0.80000000000000004, 702.4971962931719, 406.75192524040455, 868.80587969346925, 504.77804657049262, 3.8594869807592205, 6.5732237602487196, 702.49427975131857, 406.75361688200127, 868.79363863587344, 504.78515780010451, 3.8243329180349543, 6.593712941800522, 8393.8712960502762, 4407.8656667920231, 486.26085932129808, 503.53786023705578, 0, 0, 25.655333396760408
0.81000000000000005, 711.18580549384444, 411.80064265761877, 868.84257327599096, 504.84051000444492, 3.6693582521695465, 6.2463433952329135, 711.18276132923984, 411.80240844983609, 868.82998474004376, 504.84782378902366, 3.634610417026777, 6.266598891913671, 8398.73390464349, 4412.9010453943938, 486.26085932129808, 503.53786023705578, 0, 0, 25.64533339676041
0.82000000000000006, 719.874804825811, 416.85002413024591, 868.88081322310279, 504.90560150995651, 3.8239947111856334, 6.5091505511569636, 719.87162938534641, 416.85186620303517, 868.86786532045505, 504.91312480961136, 3.7880580411350775, 6.5301020587702432, 8403.5965132367037, 4417.9364239967645, 486.26085932129808, 503.53786023705578, 0, 0, 25.635333396760409
0.83000000000000007, 728.56415831363449, 421.90000797765674, 868.91717026259892, 504.96745699737357, 3.6357039496154799, 6.1855487417061301, 728.56084806827289, 421.90192838896184, 868.90386730191324, 504.97518733164895, 3.6001981458204981, 6.2062522037567618, 8408.4591218299174, 4422.9718025991351, 486.26085932129808, 503.53786023705578, 0, 0, 25.625333396760411
0.83999999999999997, 737.25389819882616, 426.95064916148618, 868.95504910031423, 505.0318979210868, 3.7878837715313791, 6.4440923713212381, 737.25044941989347, 426.95265008595516, 868.94137920867752, 505.039842243436, 3.7511906764281093, 6.4654911787037346, 8413.3217304231312, 4428.0071812015058, 486.26085932129808, 503.53786023705578, 0, 0, 25.615333396760409
0.84999999999999998, 745.94398890894263, 432.00188671332467, 868.99106370786785, 505.09313609626128, 3.6014607553590587, 6.1238175174494014, 745.94039799533437, 432.00397025154598, 868.9770314322883, 505.10129178719973, 3.56522236108338, 6.1449543763704053, 8418.1843390163449, 4433.0425598038764, 486.26085932129808, 503.53786023705578, 0, 0, 25.605333396760408
0.85999999999999999, 754.63446223453627, 437.05377480826144, 869.02857627552999, 505.1569183612059, 3.7512567662142393, 6.3782264944592768, 754.63072538462291, 437.05594317807993, 869.01416976333439, 505.16529236466397, 3.7138331046150617, 6.4000577464235935, 8423.0469476095586, 4438.0779384062471, 486.26085932129808, 503.53786023705578, 0, 0, 25.59533339676041
0.87, 763.32528300620947, 442.10625318957813, 869.06424353672651, 505.21753154151406, 3.5667261196535258, 6.0613180308181063, 763.32139654928301, 442.10850853281096, 869.04946756512106, 505.22612110362365, 3.5297801786660683, 6.0828738959691329, 8427.9095562027724, 4443.1133170086177, 486.26085932129808, 503.53786023705578, 0, 0, 25.585333396760408
0.88, 772.01648257262752, 447.15937526207483, 869.10138560677763, 505.28064868028662, 3.7142070051120548, 6.3117138772556807, 772.01244263667343, 447.16171983828514, 869.08622834773178, 505.28946073282071, 3.6760782610664813, 6.3339629197071998, 8432.7721647959861, 4448.1486956109884, 486.26085932129808, 503.53786023705578, 0, 0, 25.57533339676041
0.89000000000000001, 780.70802616699484, 452.21308147934189, 869.13670149341465, 505.34063071123302, 3.5315886637029501, 5.9982030946394316, 780.70382901412654, 452.21551747018043, 869.12116794612177, 505.34966237062736, 3.4939598390006443, 6.020163780663748, 8437.6347733891998, 4453.1840742133591, 486.26085932129808, 503.53786023705578, 0, 0, 25.565333396760408
0.90000000000000002, 789.3999447048227, 457.26742449153676, 869.17346968632648, 505.40307771673372, 3.6768192911805611, 6.2447005500682247, 789.39558639516747, 457.26995419683004, 869.15754805143411, 505.41233590018243, 3.6380105312334301, 6.2673529555090708, 8442.4973819824136, 4458.2194528157297, 486.26085932129808, 503.53786023705578, 0, 0, 25.55533339676041
0.91000000000000003, 798.09220382102512, 462.32234546040615, 869.20843097560555, 505.46242383020473, 3.4961289279098282, 5.9346113470993682, 798.08768055190126, 462.32497110026645, 869.19212646606036, 505.47190552915401, 3.4578414626218184, 5.9569628971615547, 8447.3599905756273, 4463.2548314181004, 486.26085932129808, 503.53786023705578, 0, 0, 25.545333396760409
0.92000000000000004, 806.78483400637742, 467.37789629654179, 869.24482268202405, 505.52419701911128, 3.639170641845566, 6.1773188906539636, 806.78014177253374, 467.38062020962997, 869.22812353085055, 505.53390913395066, 3.5997064790250968, 6.2003604796628107, 8452.222599168841, 4468.290210020471, 486.26085932129808, 503.53786023705578, 0, 0, 25.535333396760407
0.93000000000000005, 815.47780129620628, 472.43401886700212, 869.27942688259611, 505.5829037037264, 3.4604200572066226, 5.8706684615097604, 815.47293623250357, 472.43684331054448, 869.26233850827066, 505.59284310561844, 3.4214977420107648, 5.893397166780117, 8457.0852077620548, 4473.3255886228417, 486.26085932129808, 503.53786023705578, 0, 0, 25.525333396760409
0.94000000000000006, 824.17113576467466, 477.49076435735799, 869.31544019209355, 505.64400059163353, 3.601330949743029, 6.1096887907138644, 824.16609380291334, 477.49369170744814, 869.29795086340857, 505.6541741621167, 3.5612355137938905, 6.1331056498234293, 8461.9478163552685, 4478.3609672252123, 486.26085932129808, 503.53786023705578, 0, 0, 25.515333396760408
0.95000000000000007, 832.86480384585991, 482.54807533651245, 869.34968547638118, 505.70206547417615, 3.4245284287659059, 5.806488254264778, 832.85958106073372, 482.5511078861698, 869.33180080915974, 505.71246996881717, 3.3849945751206092, 5.8295806700476298, 8466.8104249484823, 4483.396345827583, 486.26085932129808, 503.53786023705578, 0, 0, 25.50533339676041
0.95999999999999996, 841.55883520516193, 487.60600227906286, 869.38531911226039, 505.76248466141868, 3.5633635879180843, 6.0419187242511585, 841.55342746790052, 487.60914244044108, 869.36702741417082, 505.77312694102329, 3.5226605011026777, 6.0656972206091906, 8471.673033541696, 4488.4317244299536, 486.26085932129808, 503.53786023705578, 0, 0, 25.495333396760408
0.96999999999999997, 850.25319667341853, 492.66448845173198, 869.41920425452986, 505.81990639841405, 3.3885142269468727, 5.7421736995365809, 850.24760000078902, 492.66773855235004, 869.40051133062582, 505.83078310760737, 3.3483916455019638, 5.7656166584053015, 8476.5356421349097, 4493.4671030323243, 486.26085932129808, 503.53786023705578, 0, 0, 25.48533339676041
0.97999999999999998, 858.94791751485843, 497.72358363172503, 869.45445751417139, 505.87964746567377, 3.5253259641545069, 5.9741067259737095, 858.9421277198436, 497.72694611845401, 869.43535171384588, 505.89076544279879, 3.484038322005619, 5.9982335191394345, 8481.3982507281235, 4498.502481634695, 486.26085932129808, 503.53786023705578, 0, 0, 25.475333396760409
0.98999999999999999, 867.64296495479562, 502.78323177906054, 869.48798183387044, 505.93642564425892, 3.3524319699092748, 5.6778178585173213, 867.6369779984251, 502.78670901265411, 869.46846914338107, 505.94778142760669, 3.3117429535166045, 5.7015984807866884, 8486.2608593213372, 4503.5378602370656, 486.26085932129808, 503.53786023705578, 0, 0, 25.465333396760411
1, 876.33836786363861, 507.84348198669625, 869.52285453415755, 505.99548905713175, 3.4872700287116487, 5.9063412872825829, 876.33217950291669, 507.84707644743094, 869.50292334723281, 506.00708946099149, 3.4454203851756438, 5.9308033384787935, 8491.1234679145509, 4508.5732388394363, 486.26085932129808, 503.53786023705578, 0, 0, 25.455333396760409
1.01, 885.03409385862903, 512.90427890297713, 869.55601784407725, 506.05162410443569, 3.3163309919690112, 5.6135047303913304, 885.0277000009844, 512.90799298360571, 869.53567432026045, 506.06346556531378, 3.2750973027666426, 5.6376104322276914, 8495.9860765077647, 4513.6086174418069, 486.26085932129808, 503.53786023705578, 0, 0, 25.445333396760407
1.02, 893.73017142348067, 517.96567094934801, 869.59051027147132, 506.11001112620357, 3.4492427394022656, 5.8387021767876739, 893.72356777215134, 517.96950716227218, 869.56974285121908, 506.12210043287274, 3.4068530958640588, 5.8634867558992196, 8500.8486851009784, 4518.6439960441776, 486.26085932129808, 503.53786023705578, 0, 0, 25.435333396760409
1.03, 902.42656856457825, 523.02760345711476, 869.62331283032552, 506.16550422651966, 3.2802558854185366, 5.5493100316077095, 902.41975097547538, 523.03156422588052, 869.60212783867416, 506.17783771818324, 3.2384987455117247, 5.5737285310495217, 8505.7112936941921, 4523.6793746465482, 486.26085932129808, 503.53786023705578, 0, 0, 25.425333396760408
1.04, 911.12331338585466, 528.09012418855866, 869.65742569520125, 506.22321683843614, 3.411286487576632, 5.7712611916486782, 911.11627751060496, 528.09421205644469, 869.63581162152718, 506.23580127700552, 3.3683782853061293, 5.7963558822305945, 8510.5739022874059, 4528.7147532489189, 486.26085932129808, 503.53786023705578, 0, 0, 25.41533339676041
1.05, 919.82037427984244, 533.15317915222943, 869.68986816425331, 506.27806985753068, 3.2442469052096832, 5.4853019094540887, 919.81311592486884, 533.15739657239931, 869.66783149143237, 506.29090148931141, 3.2019869905176201, 5.5100212305894001, 8515.4365108806196, 4533.7501318512896, 486.26085932129808, 503.53786023705578, 0, 0, 25.405333396760408
1.0600000000000001, 928.51777897740817, 538.21681546323157, 869.72360255913645, 506.33511068598648, 3.3734394883158165, 5.7040828455773003, 928.5102937448238, 538.22116500862467, 869.70113182747161, 506.34819624479252, 3.330033603920008, 5.7294755481106314, 8520.2991194738333, 4538.7855104536602, 486.26085932129808, 503.53786023705578, 0, 0, 25.39533339676041
1.0700000000000001, 937.21549625405044, 543.28097980133077, 869.75568596253277, 506.38932610194115, 3.2083403396333621, 5.4215415954695212, 937.20777990276497, 543.28546395358319, 869.73278780523674, 506.40266174550243, 3.165597776512715, 5.4465500709931325, 8525.1617280670471, 4543.8208890560309, 486.26085932129808, 503.53786023705578, 0, 0, 25.385333396760409
1.0800000000000001, 945.91355347409649, 548.34571864609995, 869.78904332391107, 506.4456983519292, 3.3357361378346706, 5.6372249988070733, 945.90560155874959, 548.35034000662813, 869.76570633405015, 506.45929078482658, 3.2918528813406578, 5.6629039324170707, 8530.0243366602608, 4548.8562676584015, 486.26085932129808, 503.53786023705578, 0, 0, 25.375333396760411
1.0900000000000001, 954.61191979266312, 553.41097934221978, 869.82076901240953, 506.49927919196654, 3.172568849845073, 5.3580840037340822, 954.60372802657218, 553.41574042001776, 869.79699996619161, 506.51312448758745, 3.1293632141400738, 5.3833702760851461, 8534.8869452534746, 4553.8916462607722, 486.26085932129808, 503.53786023705578, 0, 0, 25.365333396760409
1.1000000000000001, 963.31062221388834, 558.47680774505466, 869.85375108581798, 506.55498658631552, 3.2982073408473123, 5.570739434901073, 963.3021861062025, 558.48171116886431, 869.82953863075238, 506.56909141896477, 3.253866456079209, 5.5966931377311164, 8539.7495538466883, 4558.9270248631428, 486.26085932129808, 503.53786023705578, 0, 0, 25.355333396760408
1.1100000000000001, 972.00963026901366, 563.54315185765961, 869.88512070362651, 506.60793636910216, 3.1369617808535977, 5.2949782786651616, 972.00094548932486, 563.54820016274891, 869.86047175174292, 506.62229673196401, 3.0933120990579335, 5.320531299925789, 8544.612162439902, 4563.9624034655135, 486.26085932129808, 503.53786023705578, 0, 0, 25.34533339676041
1.1200000000000001, 980.70897060817151, 568.61005692220897, 869.91772951173073, 506.66298309299088, 3.2608808104242821, 5.5046723888737255, 980.70003262206387, 568.6152527635262, 869.89263276651661, 506.67760562913691, 3.2161014773713297, 5.5308897172887272, 8549.4747710331158, 4568.9977820678841, 486.26085932129808, 503.53786023705578, 0, 0, 25.335333396760408
1.1300000000000001, 989.40861313510572, 573.67747159338342, 869.94874496619445, 506.71530577595661, 3.1015454463748613, 5.2322682965707621, 989.39941757025883, 573.68281753141662, 869.92320746850282, 506.7301864024098, 3.0574701986229735, 5.2580773272878609, 8554.3373796263295, 4574.0331606702548, 486.26085932129808, 503.53786023705578, 0, 0, 25.32533339676041
1.1400000000000001, 998.10858415196901, 578.74544051089754, 869.98098277962094, 506.76969642626369, 3.223781342646765, 5.4390650307091022, 998.09912643227108, 578.75093922571432, 869.95499329031838, 506.78484175398467, 3.178582181551465, 5.4655351574842861, 8559.1999882195432, 4579.0685392726255, 486.26085932129808, 503.53786023705578, 0, 0, 25.315333396760408
1.1500000000000001, 1006.8088539312737, 583.81391297412893, 870.01164621351836, 506.82139635751213, 3.0663433897432091, 5.1699931248410005, 1006.7991296442514, 583.81956705041398, 869.98521189546216, 506.83680223130381, 3.0218605143781652, 5.1960477319167149, 8564.062596812757, 4584.1039178749961, 486.26085932129808, 503.53786023705578, 0, 0, 25.30533339676041
1.1599999999999999, 1015.5094484330691, 588.88293303079024, 870.04351552420007, 506.87513589659233, 3.1869310681722709, 5.3739539080209573, 1015.4994529627278, 588.88874517267493, 870.01662519691308, 506.89080889450037, 3.1413301450959672, 5.4006663196556115, 8568.9252054059707, 4589.1392964773668, 486.26085932129808, 503.53786023705578, 0, 0, 25.295333396760409
1.1699999999999999, 1024.2103382948046, 593.9524506178725, 870.07382929042888, 506.92621777101562, 3.0313766228844443, 5.1081874423277025, 1024.2000671902254, 593.95842343324432, 870.04649023213688, 506.94215366946145, 2.9865035223764651, 5.1344774961085351, 8573.7878139991844, 4594.1746750797374, 486.26085932129808, 503.53786023705578, 0, 0, 25.285333396760407
1.1799999999999999, 1032.9115491401612, 599.0225092012854, 870.10533278725541, 506.97931148452858, 3.150349682655357, 5.3093713512976484, 1032.9009977472242, 599.0286454173156, 870.07753387729997, 506.99551682790724, 3.1043645163046514, 5.3363158445786656, 8578.6504225923982, 4599.2100536821081, 486.26085932129808, 503.53786023705578, 0, 0, 25.275333396760409
1.1899999999999999, 1041.6130519676105, 604.09305934841927, 870.13529942570744, 507.02978030377051, 2.9966638452014975, 5.0468819241899725, 1041.6022157986063, 604.09936159523386, 870.10704805123214, 507.04625080385597, 2.9514173932155483, 5.0733975948707979, 8583.5130311856119, 4604.2454322844787, 486.26085932129808, 503.53786023705578, 0, 0, 25.265333396760408
1.2, 1050.3148720700663, 609.16414395333368, 870.16643997228539, 507.08223376221918, 3.1140546577931789, 5.2453458448686776, 1050.3037464344527, 609.17061498015084, 870.13772507350632, 507.09897592908391, 3.0677022274141961, 5.272512522795247, 8588.3756397788256, 4609.2808108868494, 486.26085932129808, 503.53786023705578, 0, 0, 25.25533339676041
1.21, 1059.0169808030357, 614.235714206495, 870.19606218872593, 507.13209479816101, 2.9622216440522671, 4.9861035941819427, 1059.0055611779169, 614.24235666474385, 870.16689125544121, 507.14910428256019, 2.916618193485272, 5.0128353476285108, 8593.2382483720394, 4614.3161894892201, 486.26085932129808, 503.53786023705578, 0, 0, 25.245333396760408
1.22, 1067.7194031341382, 619.30781243983154, 870.22684280307215, 507.18391382182568, 3.0780614346190309, 5.181902366470073, 1067.7076847941996, 619.31462909981451, 870.19720483732908, 507.20119709889656, 3.0313581887878858, 5.209281633638704, 8598.1008569652531, 4619.3515680915907, 486.26085932129808, 503.53786023705578, 0, 0, 25.23533339676041
1.23, 1076.4221107718706, 624.38039045947187, 870.25612344985575, 507.23317258329689, 2.9280646783638158, 4.9258761471191574, 1076.4100891605835, 624.38738399301451, 870.22602603803102, 507.25072524629854, 2.8821200701920482, 4.952814740201263, 8602.9634655584669, 4624.3869466939614, 486.26085932129808, 503.53786023705578, 0, 0, 25.225333396760409
1.24, 1085.1251283639092, 629.4534900447095, 870.28654728586116, 507.28436321027749, 3.0423836005410845, 5.1190626980622449, 1085.112798722784, 629.46066324226581, 870.25597949269797, 507.30219169885453, 2.9953454666981552, 5.1466452556003306, 8607.8260741516806, 4629.422325296332, 486.26085932129808, 503.53786023705578, 0, 0, 25.215333396760411
1.25, 1093.8284279676448, 634.52706360984882, 870.31548934432919, 507.33302541271786, 2.8942058468001473, 4.8662202440351381, 1093.8157857080239, 634.53441916276233, 870.28445884689393, 507.35112526605008, 2.8479354195953821, 4.8933567195523677, 8612.6886827448943, 4634.4577038987027, 486.26085932129808, 503.53786023705578, 0, 0, 25.205333396760409
1.26, 1102.5320339160457, 639.60115239083257, 870.34555967484403, 507.38359386982097, 3.0070330514850738, 5.0568457103096387, 1102.5190742478098, 639.60869310880537, 870.31405560135465, 507.40197149155443, 2.9596754460781005, 5.0846225504358191, 8617.5512913381081, 4639.4930825010733, 486.26085932129808, 503.53786023705578, 0, 0, 25.195333396760407
1.27, 1111.2359186112606, 644.67570940259816, 870.37416623926185, 507.43166540764423, 2.8606564417801787, 4.8071537823263384, 1111.2226369150796, 644.68343799564047, 870.34219635177237, 507.4503162861904, 2.8140750417694584, 4.8344794635989787, 8622.4138999313218, 4644.528461103444, 486.26085932129808, 503.53786023705578, 0, 0, 25.185333396760409
1.28, 1119.9401060766743, 649.75077534681805, 870.4038864406657, 507.48161808387357, 2.9720201403887212, 4.9952676229347777, 1119.9264975322942, 649.75869464300581, 870.37143993156747, 507.50054858642255, 2.9243579795054346, 5.0232300232153699, 8627.2765085245355, 4649.5638397058146, 486.26085932129808, 503.53786023705578, 0, 0, 25.175333396760408
1.29, 1128.6445690550245, 654.82630383147819, 870.43216070357096, 507.52910500530345, 2.827426290531212, 4.7486921429866511, 1128.6306290138523, 654.83441655866432, 870.39924541438836, 507.54831057270434, 2.7805482820897334, 4.7761986281759929, 8632.1391171177493, 4654.5992183081853, 486.26085932129808, 503.53786023705578, 0, 0, 25.16533339676041
1.3, 1137.3493312651322, 659.90233503286765, 870.46153424170291, 507.57844842773324, 2.9373538131937442, 4.9343422429782819, 1137.3350548782248, 659.91064403665541, 870.42813942962414, 507.59793539030773, 2.8894015235788268, 4.9624817603410367, 8637.001725710963, 4659.634596910556, 486.26085932129808, 503.53786023705578, 0, 0, 25.155333396760408
1.3100000000000001, 1146.0543657861317, 664.97882314440756, 870.48947948054547, 507.62535691190175, 2.7945238842606637, 4.6908484168511864, 1146.0397483769952, 664.98733116969447, 870.45561306123159, 507.64512066603839, 2.7473631607405018, 4.7185275730658782, 8641.8643343041767, 4664.6699755129266, 486.26085932129808, 503.53786023705578, 0, 0, 25.14533339676041
1.3200000000000001, 1154.7596960371973, 670.05580782570405, 870.51850989787931, 507.67409772373003, 2.9030417333856056, 4.8740811828268384, 1154.7447327295972, 670.06451773480194, 870.48416119386911, 507.69414456251224, 2.8548132637494152, 4.9023896473859825, 8646.7269428973905, 4669.7053541152973, 486.26085932129808, 503.53786023705578, 0, 0, 25.135333396760409
1.3300000000000001, 1163.4652954296505, 675.13324384798307, 870.54612946284385, 507.72043405984635, 2.7619564964510324, 4.6336336116300814, 1163.4499815205097, 675.14215840206236, 870.51130645878175, 507.74075933820092, 2.7145264912601474, 4.6614775688684764, 8651.5895514906042, 4674.7407327176679, 486.26085932129808, 503.53786023705578, 0, 0, 25.125333396760411
1.3400000000000001, 1172.1711870878382, 680.2111703626905, 870.57482036680426, 507.76857900044337, 2.8690903960365719, 4.8144940597037591, 1172.1555176749819, 680.22029243997963, 870.53951245106748, 507.78918897388536, 2.8205992285744519, 4.8429635684438095, 8656.4521600838179, 4679.7761113200386, 486.26085932129808, 503.53786023705578, 0, 0, 25.115333396760409
1.3500000000000001, 1180.87734475105, 685.28954271122109, 870.60211766971611, 507.8143495688567, 2.7297302911809473, 4.5770568413334658, 1180.8613151060908, 685.29887508841648, 870.56633289095782, 507.83523955374841, 2.682043989037604, 4.6050579863057903, 8661.3147686770317, 4684.8114899224092, 486.26085932129808, 503.53786023705578, 0, 0, 25.105333396760408
1.3600000000000001, 1189.5837912535321, 690.36839954521133, 870.63047272203846, 507.86190545563858, 2.8355052322361218, 4.7555886781892118, 1189.5673964496596, 690.37794511569223, 870.59420053490066, 507.8830816696339, 2.7867643942872586, 4.7842115885491854, 8666.1773772702454, 4689.8468685247799, 486.26085932129808, 503.53786023705578, 0, 0, 25.09533339676041
1.3700000000000001, 1198.2905006583158, 695.44769676859266, 870.65745122626163, 507.9071167106344, 2.6978504223149371, 4.5211254995805801, 1198.2737359430641, 695.45745832385899, 870.62069973860673, 507.92857443432837, 2.6499203706120662, 4.54927646944933, 8671.0399858634592, 4694.8822471271505, 486.26085932129808, 503.53786023705578, 0, 0, 25.085333396760408
1.3800000000000001, 1206.997495514184, 700.52747254137853, 870.68547413330873, 507.95409042260627, 2.8022907047094416, 4.6973711971900638, 1206.9803559373672, 700.53745298922036, 870.64823286641172, 507.97583583553421, 2.7533127804933577, 4.7261401205844953, 8675.9025944566729, 4699.9176257295212, 486.26085932129808, 503.53786023705578, 0, 0, 25.07533339676041
1.3900000000000001, 1215.7047502036858, 705.6076833224173, 870.71213734455193, 507.99874887678766, 2.6663211243219416, 4.4658454181405034, 1215.6872309899479, 705.61788546843979, 870.67441446085718, 508.02077722647635, 2.6181594445444967, 4.4941390942125867, 8680.7652030498866, 4704.9530043318919, 486.26085932129808, 503.53786023705578, 0, 0, 25.065333396760408
1.4000000000000001, 1224.4122869946905, 710.68836678812761, 870.73983184850567, 508.04514733961452, 2.7694503953717295, 4.639846282684073, 1224.3943831716872, 710.69879355381624, 870.7016169362347, 508.0674647672563, 2.7202475377485484, 4.6687540779926149, 8685.6278116431004, 4709.9883829342625, 486.26085932129808, 503.53786023705578, 0, 0, 25.05533339676041
1.4099999999999999, 1233.1200805850449, 715.7694799446756, 870.76618330645999, 508.08925954973409, 2.6351457954313031, 4.4112210119598796, 1233.1017873556787, 715.78013414906582, 870.72748457818045, 508.11186127238989, 2.5867641945771735, 4.4396505133597328, 8690.4904202363141, 4715.0237615366332, 486.26085932129808, 503.53786023705578, 0, 0, 25.045333396760409
1.4199999999999999, 1241.8281529661724, 720.85105999276004, 870.79355317731483, 508.13508972220825, 2.736987085481124, 4.5830172474142161, 1241.8094653371147, 720.86194457034185, 870.75436028845729, 508.15798184253458, 2.6875710276890885, 4.6120570144673536, 8695.3530288295278, 4720.0591401390038, 486.26085932129808, 503.53786023705578, 0, 0, 25.035333396760407
1.4299999999999999, 1250.5364791470067, 725.93306447829389, 870.81959644805238, 508.17866227632629, 2.6043270737602038, 4.3572554118015976, 1250.5173923005277, 725.94418226088055, 870.77991765701449, 508.20183998342611, 2.5557368557220297, 4.3858140891505419, 8700.2156374227416, 4725.0945187413745, 486.26085932129808, 503.53786023705578, 0, 0, 25.025333396760409
1.4399999999999999, 1259.2450808469116, 731.01553013398393, 870.84664547634259, 508.22393113811285, 2.7049028290236841, 4.5268861786545926, 1259.2255897698324, 731.02688406840252, 870.80647050597804, 508.24740049594351, 2.6552848963537525, 4.5560512517393601, 8705.0782460159553, 4730.1298973437451, 486.26085932129808, 503.53786023705578, 0, 0, 25.015333396760408
1.45, 1267.9539333817111, 736.09841503795292, 870.87238414541264, 508.26697064396836, 2.5738669070088198, 4.3039505855501856, 1267.9340332367397, 736.11000796816415, 870.83172129581681, 508.29072681609023, 2.5250789838800061, 4.3326320146738961, 8709.940854609169, 4735.1652759461158, 486.26085932129808, 503.53786023705578, 0, 0, 25.00533339676041
1.46, 1276.6630582030182, 741.18175546250086, 870.89911613561151, 508.31168518451869, 2.6731990198850473, 4.4714540550315558, 1276.6427439582189, 741.1935903470245, 870.85795519722944, 508.3357341960546, 2.6233901412582252, 4.5007379964377838, 8714.8034632023828, 4740.2006545484865, 486.26085932129808, 503.53786023705578, 0, 0, 24.995333396760408
1.47, 1285.3724309293668, 746.26551001046346, 870.9245538017741, 508.35419825900993, 2.5437666162552004, 4.2513074491267808, 1285.3516977289191, 746.27758970479874, 870.88290311242474, 508.37853525030272, 2.4947915195287957, 4.28010542480963, 8719.6660717955965, 4745.2360331508571, 486.26085932129808, 503.53786023705578, 0, 0, 24.98533339676041
1.48, 1294.0820727488526, 751.34971450118155, 870.95097256630743, 508.39836546754333, 2.6418764533381367, 4.4167208533371198, 1294.0609155431193, 751.36204197491884, 870.90882198415227, 508.42299642477235, 2.5918871727562203, 4.4461174469618063, 8724.5286803888102, 4750.2714117532278, 486.26085932129808, 503.53786023705578, 0, 0, 24.975333396760409
1.49, 1302.7919595785588, 756.4343280547522, 870.97611283585093, 508.4403587272223, 2.5140269543486631, 4.1993259678966277, 1302.7703734941877, 756.44690617434117, 870.93347073261214, 508.46527876974932, 2.4648748459824721, 4.2282344976989314, 8729.391288982024, 4755.3067903555984, 486.26085932129808, 503.53786023705578, 0, 0, 24.965333396760411
1.5, 1311.5021123472247, 761.51938604487134, 871.00222218967417, 508.48398558368405, 2.6109353823217281, 4.3626856461756409, 1311.4800923178943, 761.53221779037233, 870.95907849131379, 508.50920065866131, 2.5607758701666734, 4.3921888912004494, 8734.2538975752377, 4760.3421689579691, 486.26085932129808, 503.53786023705578, 0, 0, 24.955333396760409
1.51, 1320.2125072663455, 766.60484810149558, 871.02706867126778, 508.52546563617778, 2.4846481593567882, 4.1480052493746076, 1320.1900484021339, 766.61793634974106, 870.98343177974061, 508.5509708441366, 2.4353288426822366, 4.1770185475264174, 8739.1165061684515, 4765.3775475603397, 486.26085932129808, 503.53786023705578, 0, 0, 24.945333396760407
1.52, 1328.9231650093934, 771.69074915986107, 871.05287242695715, 508.56855910308985, 2.5803755689406218, 4.3093466912068408, 1328.9002622282762, 771.7040969008018, 871.0087323360716, 508.59436035209524, 2.5300556331017732, 4.3389507958613747, 8743.9791147616652, 4770.4129261627104, 486.26085932129808, 503.53786023705578, 0, 0, 24.935333396760409
1.53, 1337.6340620781634, 776.77704935243617, 871.07742872699191, 508.60953253936935, 2.4556300034719349, 4.0973436279479767, 1337.610710474577, 776.79065947273921, 871.03279386541089, 508.63562491318856, 2.4061529339279955, 4.1264561093308449, 8748.8417233548789, 4775.448304765081, 486.26085932129808, 503.53786023705578, 0, 0, 24.925333396760408
1.54, 1346.3452188948831, 781.86378318305674, 871.10293069030786, 508.65209955449643, 2.550196331594949, 4.2567015127060097, 1346.3214133720453, 781.87765868200427, 871.05779111969491, 508.67848892206985, 2.4997254284068551, 4.286400888127484, 8753.7043319480927, 4780.4836833674517, 486.26085932129808, 503.53786023705578, 0, 0, 24.91533339676041
1.55, 1355.0566122475618, 786.95091127941305, 871.12720040868555, 508.69257294191948, 2.4269718377654081, 4.0473387423024878, 1355.0323478851622, 786.96505505297739, 871.08156458102928, 508.71925437223513, 2.3773461334420762, 4.0765450165287858, 8758.5669405413064, 4785.5190619698224, 486.26085932129808, 503.53786023705578, 0, 0, 24.905333396760408
1.5600000000000001, 1363.7682623111368, 792.03846772087866, 871.15240437456657, 508.73462041168034, 2.520396588101133, 4.2047469760831326, 1363.7435339985475, 792.0528827771343, 871.10626241936006, 508.76159973453792, 2.4697838330777984, 4.2345362302812424, 8763.4295491345201, 4790.554440572193, 486.26085932129808, 503.53786023705578, 0, 0, 24.89533339676041
1.5700000000000001, 1372.4801461557774, 797.12641362313639, 871.17639110089794, 508.77460028774198, 2.3986726331354324, 3.997987606164414, 1372.4549489588039, 797.14110286685047, 871.12975149021122, 508.80187255925557, 2.3489070851141558, 4.0272824717620912, 8768.2921577277339, 4795.5898191745637, 486.26085932129808, 503.53786023705578, 0, 0, 24.885333396760409
1.5800000000000001, 1381.1922837130207, 802.21478264791722, 871.2013008498493, 508.81613508130147, 2.4909748951376396, 4.1534793559504726, 1381.1666125080671, 802.2297490954362, 871.1541537809461, 508.84370609213443, 2.440229073491841, 4.1833532878846533, 8773.1547663209476, 4800.6251977769343, 486.26085932129808, 503.53786023705578, 0, 0, 24.875333396760411
1.5900000000000001, 1389.904652331172, 807.3035363917312, 871.22500816002696, 508.85562794803059, 2.370731017762914, 3.9492866729141154, 1389.8785021709916, 807.31878295612432, 871.17736212194859, 508.88349274325066, 2.3208341002439359, 3.978665111623287, 8778.0173749141613, 4805.660576379305, 486.26085932129808, 503.53786023705578, 0, 0, 24.865333396760409
1.6000000000000001, 1398.6172717021948, 812.3927081053713, 871.24962745487028, 508.89665689201354, 2.4619294843316477, 4.1028943982970389, 1398.5906374510703, 812.40823781075562, 871.20147271256133, 508.92482122317136, 2.4110590612702705, 4.1328479920719277, 8782.8799835073751, 4810.6959549816756, 486.26085932129808, 503.53786023705578, 0, 0, 24.855333396760408
1.6100000000000001, 1407.3301194485402, 817.48225985907561, 871.27305890798402, 508.93566921095953, 2.343145311374891, 3.9012318946007634, 1407.3029961469747, 817.49807562634726, 871.22440396447712, 508.96412811382925, 2.2931251915836341, 3.9306890657872469, 8787.7425921005888, 4815.7313335840463, 486.26085932129808, 503.53786023705578, 0, 0, 24.84533339676041
1.6200000000000001, 1416.0432150263644, 822.57222449929179, 871.29739149093666, 508.97619908473206, 2.4332582952583808, 4.0529873772510507, 1416.0155975273333, 822.58832935985504, 871.24822667873764, 509.00495827179361, 2.3822714260469238, 4.0830157964346894, 8792.6052006938025, 4820.766712186417, 486.26085932129808, 503.53786023705578, 0, 0, 24.835333396760408
1.6300000000000001, 1424.7565363283072, 827.66256456295548, 871.3205506265025, 509.01473727249032, 2.3159135565811821, 3.8538187758276305, 1424.7284196608364, 827.67896144507461, 871.27088445978211, 509.04379177190378, 2.265778104447759, 3.8833500110174057, 8797.4678092870163, 4825.8020907887876, 486.26085932129808, 503.53786023705578, 0, 0, 24.82533339676041
1.6400000000000001, 1433.4701025784232, 832.75331249865246, 871.34460021655866, 509.05477480395933, 2.404959005618807, 4.0037531468994167, 1433.4414815849659, 832.77000444055295, 871.2944230952362, 509.08413028919347, 2.3538635454099919, 4.0338517289676741, 8802.33041788023, 4830.8374693911583, 486.26085932129808, 503.53786023705578, 0, 0, 24.815333396760408
1.6500000000000001, 1442.183891935621, 837.84443130305544, 871.36749055203393, 509.09284522818865, 2.2890335475232706, 3.8070424229306861, 1442.1547616344701, 837.86142123992795, 871.31681099868752, 509.12249672139814, 2.2387903451309481, 3.8366432204682139, 8807.1930264734438, 4835.8728479935289, 486.26085932129808, 503.53786023705578, 0, 0, 24.80533339676041
1.6600000000000001, 1450.8979233955001, 842.9359530332656, 871.39126084262216, 509.13239709007439, 2.3770290588281262, 3.9551861885750879, 1450.8682786193428, 842.95324400970787, 871.34006932441002, 509.16235022579298, 2.325832572251179, 3.9853504394848249, 8812.0556350666575, 4840.9082265958996, 486.26085932129808, 503.53786023705578, 0, 0, 24.795333396760409
1.6699999999999999, 1459.6121753793548, 848.02784113880466, 871.41388587118286, 509.17000606596304, 2.2625028560688603, 3.7608975888621221, 1459.5820111364681, 848.04543609650716, 871.36219091647877, 509.2002558618799, 2.2121592068687219, 3.7905636086946393, 8816.9182436598712, 4845.9436051982702, 486.26085932129808, 503.53786023705578, 0, 0, 24.785333396760407
1.6799999999999999, 1468.32666665792, 853.12012729156243, 871.43738052807521, 509.20907887250303, 2.3494656892352297, 3.9072806540008291, 1468.2959777719518, 853.13802928106236, 871.38517267107625, 509.23963092430881, 2.2981754597437773, 3.937506242893511, 8821.780852253085, 4850.9789838006409, 486.26085932129808, 503.53786023705578, 0, 0, 24.775333396760409
1.6899999999999999, 1477.041375911029, 858.21277538709455, 871.45974371663272, 509.24623265964442, 2.2363188557557416, 3.7153787141384305, 1477.0101573809316, 858.23098735617134, 871.40703148901173, 509.27708198203607, 2.1858817935460819, 3.7451057727275572, 8826.6434608462987, 4856.0143624030115, 486.26085932129808, 503.53786023705578, 0, 0, 24.765333396760408
1.7, 1485.7563216880872, 863.30581671825166, 871.48296637608439, 509.2848329636908, 2.3222659451699426, 3.860030404636928, 1485.7245683291694, 863.32434172296553, 871.42974037885324, 509.31598511362279, 2.2708889841476858, 3.8903131586736546, 8831.5060694395124, 4861.0497410053822, 486.26085932129808, 503.53786023705578, 0, 0, 24.75533339676041
1.71, 1494.4714829236596, 868.39921561988319, 871.50507116352105, 509.32153776333263, 2.2104787436705822, 3.670479964180787, 1494.4391897262142, 868.4180566137062, 871.45133992926662, 509.35298775391823, 2.1599550413406994, 3.7002640295421108, 8836.3686780327262, 4866.0851196077529, 486.26085932129808, 503.53786023705578, 0, 0, 24.745333396760408
1.72, 1503.1868779493013, 873.49300301187361, 871.52802543062103, 509.35967205380808, 2.2954267099953158, 3.8134290475459434, 1503.1540397209717, 873.51216305598746, 871.47377962692281, 509.39142540338696, 2.2439697656197422, 3.8437649468742388, 8841.2312866259399, 4871.1204982101235, 486.26085932129808, 503.53786023705578, 0, 0, 24.73533339676041
1.73, 1511.9024859505416, 878.58714366170125, 871.54987522622537, 509.39593400644156, 2.1849795604331801, 3.6261952633487056, 1511.8690976736018, 878.60662571488888, 871.49512338430748, 509.42798572788917, 2.1343757384722224, 3.656032450219429, 8846.0938952191536, 4876.1558768124942, 486.26085932129808, 503.53786023705578, 0, 0, 24.725333396760409
1.74, 1520.6183250445122, 883.68166812226093, 871.57256467343882, 509.43360870612241, 2.2689447213420935, 3.7674699680860448, 1520.5843815195879, 883.70147525043888, 871.51729752717949, 509.46596427929853, 2.2174142872072617, 3.7978551409382471, 8850.9565038123674, 4881.1912554148648, 486.26085932129808, 503.53786023705578, 0, 0, 24.715333396760411
1.75, 1529.3343746639778, 888.77654158707105, 871.59416285552334, 509.46943388938206, 2.1598182084557713, 3.582518325965129, 1529.2998708659411, 888.79667675396547, 871.53838893261172, 509.50208832820954, 2.1091405432279928, 3.6124048910994229, 8855.8191124055811, 4886.2266340172355, 486.26085932129808, 503.53786023705578, 0, 0, 24.705333396760409
1.76, 1538.0506527150212, 893.87179424791884, 871.61659102141004, 509.50665535297895, 2.2428165886719462, 3.7221463596918483, 1538.0155834381039, 893.89226052380923, 871.56030112173346, 509.53961409898568, 2.191218912172241, 3.7525770776144465, 8860.6817209987948, 4891.2620126196061, 486.26085932129808, 503.53786023705578, 0, 0, 24.695333396760407
1.77, 1546.7671388739557, 898.96739171785134, 871.63794093609624, 509.54204977982471, 2.134991468616199, 3.5394426845779874, 1546.7314990862212, 898.98819207105237, 871.58114358173748, 509.57530784920738, 2.0842460004047365, 3.5693750221692544, 8865.5443295920086, 4896.2973912219768, 486.26085932129808, 503.53786023705578, 0, 0, 24.685333396760409
1.78, 1555.4838508391381, 904.06336383333723, 871.6601113241893, 509.57882429233456, 2.2170388093086162, 3.6774512509878683, 1555.4476353290236, 904.08450133813312, 871.6027973807353, 509.6123870884494, 2.1653798997859903, 3.707923924200752, 8870.4069381852223, 4901.3327698243475, 486.26085932129808, 503.53786023705578, 0, 0, 24.675333396760408
1.79, 1564.2007685267822, 909.15967662051798, 871.68121628434403, 509.61379390949133, 2.1104960154704187, 3.4969617156797721, 1564.1639722561144, 909.18115424947052, 871.62339426629819, 509.64765645197849, 2.0596885562923624, 3.5269363529086077, 8875.2695467784361, 4906.3681484267181, 486.26085932129808, 503.53786023705578, 0, 0, 24.66533339676041
1.8, 1572.9179094307931, 914.25635956624251, 871.70313236217464, 509.65012768479596, 2.1916077830661753, 3.6333775304620803, 1572.8805271827905, 914.27818039729584, 871.64479320049543, 509.68429533901195, 2.1398934197239581, 3.6638887033463061, 8880.1321553716498, 4911.4035270290888, 486.26085932129808, 503.53786023705578, 0, 0, 24.655333396760408
1.8100000000000001, 1581.6352537036796, 919.3533791033899, 871.72399564648606, 509.6846783714272, 2.0863284311391901, 3.4550686631215939, 1581.5972804344813, 919.37554611302437, 871.66514784621882, 509.71914616157022, 2.0354645723351026, 3.4850822558280097, 8884.9947639648635, 4916.4389056314594, 486.26085932129808, 503.53786023705578, 0, 0, 24.64533339676041
1.8200000000000001, 1590.3528186381184, 924.45076437479952, 871.74566084474202, 509.72057755111638, 2.1665198255982268, 3.5899179689170486, 1590.3142491262781, 924.47328064428746, 871.68629540187067, 509.7553508047265, 2.1147555651849701, 3.6204643156295075, 8889.8573725580773, 4921.4742842338301, 486.26085932129808, 503.53786023705578, 0, 0, 24.635333396760409
1.8300000000000001, 1599.0705846193484, 929.54848221380962, 871.76628569692173, 509.75471511771048, 2.0624852179762301, 3.4137566594107369, 1599.0314138158474, 929.57135072323285, 871.70641110524639, 509.78978886460538, 2.0115703375777025, 3.4438059878889287, 8894.719981151291, 4926.5096628362007, 486.26085932129808, 503.53786023705578, 0, 0, 24.625333396760411
1.8400000000000001, 1607.7885687419948, 934.6465614247727, 871.78770340872734, 509.79018577010919, 2.1417711805660589, 3.5470652398716935, 1607.7487914212545, 934.66978525841296, 871.72731072889474, 509.82556530020622, 2.0899623648333674, 3.5776435600847578, 8899.5825897445047, 4931.5450414385714, 486.26085932129808, 503.53786023705578, 0, 0, 24.615333396760409
1.8500000000000001, 1616.5067516205036, 939.74496923528557, 871.8080930368285, 509.82391595755979, 2.0389628101140658, 3.3730187450613824, 1616.4663627288555, 939.76855137652149, 871.74719074969471, 509.85959630730599, 1.9880020799933089, 3.4031007099750816, 8904.4451983377185, 4936.580420040942, 486.26085932129808, 503.53786023705578, 0, 0, 24.605333396760408
1.8600000000000001, 1625.2251501545766, 944.84373411665183, 871.82926661713577, 509.85896407694071, 2.1173580307258573, 3.5048119380895804, 1625.1841444628215, 944.86767765246748, 871.76784584763141, 509.89495049883453, 2.0655097936644369, 3.535419152853617, 8909.3078069309322, 4941.6157986433127, 486.26085932129808, 503.53786023705578, 0, 0, 24.59533339676041
1.8700000000000001, 1633.9437451843855, 949.94282368460415, 871.84942419297568, 509.8922925558025, 2.0157575839893647, 3.3328478861768192, 1633.9021176346944, 949.96713160138154, 871.78749340739932, 509.92858009388044, 1.9647559767950307, 3.3629595045931215, 8914.1704155241459, 4946.6511772456834, 486.26085932129808, 503.53786023705578, 0, 0, 24.585333396760408
1.8800000000000001, 1642.6625534177915, 955.04226608275167, 871.87035695805605, 509.92692406176661, 2.0932765080372393, 3.4631505964125759, 1642.6202987778358, 955.06694146988195, 871.80790734522827, 509.96351793132186, 2.0413937828955482, 3.4937837441391295, 8919.0330241173597, 4951.686555848054, 486.26085932129808, 503.53786023705578, 0, 0, 24.57533339676041
1.8900000000000001, 1651.3815559172522, 960.14202930891793, 871.89028561673535, 509.95985643167069, 1.9928658679295879, 3.2932369904071432, 1651.3386691255128, 960.16707515550399, 871.82732562686635, 509.99675168524135, 1.9418281638132724, 3.3233753919465676, 8923.8956327105734, 4956.7219344504247, 486.26085932129808, 503.53786023705578, 0, 0, 24.565333396760408
1.9000000000000001, 1660.100769201825, 965.24214118428984, 871.91098084376392, 509.99407716868092, 2.0695227028624359, 3.4220737010225095, 1660.0572450233158, 965.2675605818464, 871.84750172915585, 510.03127898457723, 2.0176102289526332, 3.4527299335857418, 8928.7582413037871, 4961.7573130527953, 486.26085932129808, 503.53786023705578, 0, 0, 24.55533339676041
1.9100000000000001, 1668.8201745528552, 970.34257008281486, 871.93068368327272, 510.02661895789521, 1.9702839508847649, 3.2541789214292174, 1668.776007922819, 970.36836602289384, 871.86669387659606, 510.0641223980225, 1.9192147440227594, 3.2843413445296363, 8933.6208498970009, 4966.792691655166, 486.26085932129808, 503.53786023705578, 0, 0, 24.545333396760409
1.9199999999999999, 1677.5397883035887, 975.44334350844963, 871.95114460999605, 510.06043469494796, 2.0460926723371142, 3.38157370527261, 1677.4949739848353, 975.46951908441667, 871.88663542661243, 510.09824490086476, 1.9941550016331158, 3.4122502842265163, 8938.4834584902146, 4971.8280702575366, 486.26085932129808, 503.53786023705578, 0, 0, 24.535333396760407
1.9299999999999999, 1686.2595919509022, 980.54443020537587, 871.97062469089974, 510.09259136006858, 1.9480080903675967, 3.2156665120603334, 1686.2141248758708, 980.57098841097036, 871.90560454456522, 510.13070340386827, 1.8969117952826768, 3.2458503003522989, 8943.3460670834284, 4976.8634488599073, 486.26085932129808, 503.53786023705578, 0, 0, 24.525333396760409
1.9399999999999999, 1694.9796016451783, 985.6458573654329, 871.99085451537962, 510.12600779049069, 2.0229824479834533, 3.3416430422124654, 1694.933476574909, 985.67280129560936, 871.92531478408034, 510.16442677721949, 1.9710239515159906, 3.3723373351213159, 8948.2086756766421, 4981.8988274622779, 486.26085932129808, 503.53786023705578, 0, 0, 24.515333396760408
1.95, 1703.6997990955101, 990.74759409722424, 872.01011486057644, 510.15778471625202, 1.9260345196756044, 3.1776925761343207, 1703.6530109600565, 990.77492674765779, 871.94406393785403, 510.19650572896876, 1.8749153773636558, 3.2078951749252771, 8953.0712842698558, 4986.9342060646486, 486.26085932129808, 503.53786023705578, 0, 0, 24.50533339676041
1.96, 1712.4202002723223, 995.84966728550717, 872.03011674100276, 510.19080745761119, 2.0001880426275891, 3.302274135915467, 1712.3727438313724, 995.87739175248942, 871.96354606702084, 510.22983556509672, 1.9482129166812685, 3.3329836127948442, 8957.9338928630696, 4991.9695846670193, 486.26085932129808, 503.53786023705578, 0, 0, 24.495333396760408
1.97, 1721.1407870936505, 1000.9520463975712, 872.0491603355473, 510.22220995680357, 1.9043594544527773, 3.1402499192409419, 1721.0926572752733, 1000.9801656784712, 871.98207828240402, 510.26154025381777, 1.8532215383191439, 3.1704688721057428, 8962.7965014562833, 4997.0049632693899, 486.26085932129808, 503.53786023705578, 0, 0, 24.48533339676041
1.98, 1729.8615753528245, 1006.054758016051, 872.06893739011412, 510.25484455092072, 1.9777054566831236, 3.263459411716533, 1729.8127669157566, 1006.0832752082556, 872.00133545969197, 510.29448207023358, 1.925717728800485, 3.2941816415823335, 8967.659110049497, 5002.0403418717606, 486.26085932129808, 503.53786023705578, 0, 0, 24.475333396760409
1.99, 1738.5825471735905, 1011.1577719612625, 872.08776718110062, 510.28587786440505, 1.882979098650359, 3.1033313484326985, 1738.5330550443016, 1011.186690063602, 872.01965372289453, 510.32581771317268, 1.8318263202607936, 3.1335642939078605, 8972.5217186427108, 5007.0757204741312, 486.26085932129808, 503.53786023705578, 0, 0, 24.465333396760411
2, 1747.303718175004, 1016.2611145186023, 872.10732248793909, 510.31812977745955, 1.9555306838506785, 3.2251913054477992, 1747.2535371116633, 1016.2904366293267, 872.03868906508103, 510.35837695270237, 1.90353421864831, 3.2559239529705097, 8977.3843272359245, 5012.1110990765019, 486.26085932129808, 503.53786023705578, 0, 0, 24.455333396760409
2.0100000000000002, 1756.0250706833308, 1021.364755855829, 872.12594138443842, 510.34879907426932, 1.8618896499307334, 3.0669296809763837, 1755.9741956111789, 1021.3944849750061, 872.05679632272688, 510.38934869619595, 1.8107257645819004, 3.0971743493554391, 8982.2469358291382, 5017.1464776788725, 486.26085932129808, 503.53786023705578, 0, 0, 24.445333396760407
2.02, 1764.7466201461327, 1026.4687219659124, 872.14527798160123, 510.38067369698695, 1.9336597162841489, 3.1874622717607353, 1764.6950458231393, 1026.4988611924321, 872.07561290493777, 510.4215307271362, 1.8816582210858912, 3.2182030940223001, 8987.109544422352, 5022.1818562812432, 486.26085932129808, 503.53786023705578, 0, 0, 24.435333396760409
2.0300000000000002, 1773.4683490890445, 1031.5729833585451, 872.16368885464692, 510.41098407450937, 1.8410873045665352, 3.0310377522401475, 1773.4160704395761, 1031.6035356934979, 872.09351206410463, 510.45214364676087, 1.7899159166809444, 3.0612919624674828, 8991.9721530155657, 5027.2172348836139, 486.26085932129808, 503.53786023705578, 0, 0, 24.425333396760408
2.04, 1782.1902727908735, 1036.677565739009, 872.18280974013953, 510.44248672242543, 1.9120885492656843, 3.1502647916082847, 1782.1372845730541, 1036.7085342817106, 872.11211291990026, 510.48395376311043, 1.8600855795579627, 3.1810116349588591, 8996.8347616087794, 5032.2526134859845, 486.26085932129808, 503.53786023705578, 0, 0, 24.41533339676041
2.0499999999999998, 1790.9123739735141, 1041.7824399534966, 872.20101542275825, 510.47244320665328, 1.8205682618750736, 2.9956484227862488, 1790.8586711111777, 1041.8138277058536, 872.12980684820252, 510.5142128639049, 1.7693928302253261, 3.0259100794468163, 9001.6973702019932, 5037.2879920883552, 486.26085932129808, 503.53786023705578, 0, 0, 24.405333396760408
2.0600000000000001, 1799.6346677497195, 1046.88763142427, 872.21992355461259, 510.50357912044302, 1.8908131854395989, 3.1135913789741161, 1799.5802450014824, 1046.9194414858191, 872.14819496970404, 510.54565628566479, 1.8388121501537942, 3.1443421759860799, 9006.5599787952069, 5042.3233706907258, 486.26085932129808, 503.53786023705578, 0, 0, 24.39533339676041
2.0699999999999998, 1808.3571370345749, 1051.9931113286621, 872.23792684189493, 510.53318666629042, 1.8003287282299403, 2.9607545847423808, 1808.3019893240651, 1052.025346701927, 872.16568649541398, 510.57556650241622, 1.7491525709970819, 2.9910216751447054, 9011.4225873884207, 5047.3587492930965, 486.26085932129808, 503.53786023705578, 0, 0, 24.385333396760409
2.0800000000000001, 1817.0797967774397, 1057.098904810513, 872.25662513828127, 510.56396101215938, 1.8698296386319184, 3.0774345868961941, 1817.0239188640901, 1057.1315685950542, 872.1838648334666, 510.60664837595033, 1.8178338052587313, 3.1081873534127364, 9016.2851959816344, 5052.3941278954671, 486.26085932129808, 503.53786023705578, 0, 0, 24.375333396760411
2.0899999999999999, 1825.8026300835606, 1062.2049833730098, 872.27442878748809, 510.59322450383445, 1.7803649206820569, 2.926349167508028, 1825.7460168911077, 1062.2380785717776, 872.20115674567012, 510.63621457353889, 1.7291912203528175, 2.9566197588579191, 9021.1478045748481, 5057.4295064978378, 486.26085932129808, 503.53786023705578, 0, 0, 24.365333396760409
2.1000000000000001, 1834.5256517415262, 1067.3113718861, 872.29292012686108, 510.62364237396298, 1.8491339372966618, 3.041787012855929, 1834.4682980305299, 1067.3449015984897, 872.21912821003855, 510.66693997199019, 1.7971464368373107, 3.0725398451315953, 9026.0104131680619, 5062.4648851002084, 486.26085932129808, 503.53786023705578, 0, 0, 24.355333396760408
2.1099999999999999, 1843.2488450437554, 1072.418042173611, 872.31052685756333, 510.65256662539161, 1.7606730702275017, 2.8924251428606373, 1843.190745738362, 1072.4520094028167, 872.23622325882195, 510.69616694578542, 1.7095048783350857, 2.9226973795230906, 9030.8730217612756, 5067.5002637025791, 486.26085932129808, 503.53786023705578, 0, 0, 24.34533339676041
2.1200000000000001, 1851.9722246206502, 1077.5250188360603, 872.32881407883951, 510.68263303842753, 1.8287221276213148, 3.0066413035893405, 1851.9133744828441, 1077.5594266811308, 872.25399071841571, 510.7265408695406, 1.7767459593803119, 3.0373923755199685, 9035.7356303544893, 5072.5356423049498, 486.26085932129808, 503.53786023705578, 0, 0, 24.335333396760408
2.1299999999999999, 1860.6957739488523, 1082.6322740127741, 872.34622657308705, 510.71122279372258, 1.7412494247480774, 2.8589755295070081, 1860.6361679034783, 1082.6671254769708, 872.27089161508036, 510.75543334584415, 1.6900896664611287, 2.8892476303537795, 9040.5982389477031, 5077.5710209073204, 486.26085932129808, 503.53786023705578, 0, 0, 24.32533339676041
2.1400000000000001, 1869.4195075031246, 1087.7398320392354, 872.36431247585017, 510.74094269531622, 1.8085902763153148, 2.971990159361948, 1869.359140313876, 1087.7751302210872, 872.28845789820571, 510.78546072304215, 1.7566283125395317, 3.0027377198014205, 9045.4608475409168, 5082.6063995096911, 486.26085932129808, 503.53786023705578, 0, 0, 24.315333396760408
2.1499999999999999, 1878.1434089414208, 1092.8476653651981, 872.38153337836673, 510.76920262928758, 1.7220902516562069, 2.8259933971346052, 1878.0822755341176, 1092.8834132678655, 872.3051673155079, 510.81402335957188, 1.6709417302204477, 2.8562636529750098, 9050.3234561341305, 5087.6417781120617, 486.26085932129808, 503.53786023705578, 0, 0, 24.30533339676041
2.1600000000000001, 1886.8674925853754, 1097.9557980654415, 872.39942072309782, 510.7985808926652, 1.7887344731118666, 2.937826337759875, 1886.8055877256922, 1097.9919987867675, 872.32253521014275, 510.8437090466511, 1.7367894634804886, 2.968568707921194, 9055.1860647273443, 5092.6771567144324, 486.26085932129808, 503.53786023705578, 0, 0, 24.295333396760409
2.1699999999999999, 1895.5917422713824, 1103.0642028951486, 872.41645264150043, 510.82651561136515, 1.7031918402628055, 2.7934718699955332, 1895.52906088638, 1103.1008594380301, 872.33905578255576, 510.87194643306196, 1.6520572412998287, 2.8237386410880245, 9060.048673320558, 5097.712535316803, 486.26085932129808, 503.53786023705578, 0, 0, 24.285333396760407
2.1800000000000002, 1904.3161721704223, 1108.1729036726608, 872.43414414983056, 510.85555703793563, 1.7691508330104526, 2.9041426570444839, 1904.2527090280169, 1108.2100191340949, 872.35622803664558, 510.9012952153418, 1.7172254089802728, 2.9348782279827219, 9064.9112819137717, 5102.7479139191737, 486.26085932129808, 503.53786023705578, 0, 0, 24.275333396760409
2.1899999999999999, 1913.0407662944963, 1113.2818734536597, 872.45098965486955, 510.88317107923643, 1.684550503900877, 2.7614041300794949, 1912.9765163232432, 1113.3194508361248, 872.37256236064127, 510.92921187377902, 1.6334323995683733, 2.7916658437216837, 9069.7738905069855, 5107.7832925215444, 486.26085932129808, 503.53786023705578, 0, 0, 24.265333396760408
2.2000000000000002, 1921.7655386663698, 1118.3911358042519, 872.46848800985231, 510.91188039922747, 1.7498354982797464, 2.8709319991048545, 1921.7004966366762, 1118.4291782037469, 872.38954168241412, 510.95822846607183, 1.6979321772901974, 2.901659229279582, 9074.6364991001992, 5112.818671123915, 486.26085932129808, 503.53786023705578, 0, 0, 24.25533339676041
2.21, 1930.4904734708557, 1123.5006640757572, 872.4851496356705, 510.9391782334265, 1.6661625818216794, 2.7297834199051398, 1930.4246343130155, 1123.5391744941928, 872.4056923167625, 510.98582885175284, 1.6150634348393256, 2.7600385680999362, 9079.499107693413, 5117.8540497262857, 486.26085932129808, 503.53786023705578, 0, 0, 24.245333396760408
2.2200000000000002, 1939.2155845849084, 1128.6104815861881, 872.50245748207283, 510.96756010654678, 1.7307846402309262, 2.8381873120258958, 1939.1489430720576, 1128.6494631184191, 872.42248137506022, 511.01451789900227, 1.6789058297732429, 2.8689047249406716, 9084.3617162866267, 5122.8894283286563, 486.26085932129808, 503.53786023705578, 0, 0, 24.23533339676041
2.23, 1947.9408563633951, 1133.7205619777103, 872.51893772648157, 510.99454613699635, 1.6480244408771063, 2.6986030449537095, 1947.8734074277995, 1133.7600176249364, 872.43845084114446, 511.04180640082376, 1.5969466084223094, 2.7288501821492877, 9089.2243248798404, 5127.924806931027, 486.26085932129808, 503.53786023705578, 0, 0, 24.225333396760409
2.2400000000000002, 1956.6663025398291, 1138.830928324322, 872.53605767108957, 511.0226051531198, 1.7119944608050681, 2.8059016123465095, 1956.5980409575802, 1138.8708611801137, 872.45505226576802, 511.07017247876638, 1.6601424623596144, 2.8366077942632213, 9094.0869334730542, 5132.9601855333976, 486.26085932129808, 503.53786023705578, 0, 0, 24.215333396760407
2.25, 1965.3919076364116, 1143.9415545543095, 872.55235899585978, 511.04928371687771, 1.630132477015646, 2.667856375791839, 1965.3228283419701, 1143.9819676190189, 872.47084304791292, 511.09715341993331, 1.5790782144931215, 2.6980941166932326, 9098.9495420662679, 5137.9955641357683, 486.26085932129808, 503.53786023705578, 0, 0, 24.205333396760409
2.2600000000000002, 1974.1176852455492, 1149.0524635016764, 872.56929360779941, 511.07702439674762, 1.6934611939639908, 2.7740679869906586, 1974.0477830181803, 1149.093359867456, 872.48725942998101, 511.12520103578049, 1.6416382068099689, 2.8047615847163789, 9103.8121506594816, 5143.0309427381389, 486.26085932129808, 503.53786023705578, 0, 0, 24.195333396760407
2.27, 1982.8436200540946, 1154.1636293761712, 872.58541843896546, 511.10339976524665, 1.6124831166033584, 2.6375368499035017, 1982.7728898306673, 1154.2050120423939, 872.50287397579393, 511.15187867445405, 1.561454581292486, 2.667763867353663, 9108.6747592526954, 5148.0663213405096, 486.26085932129808, 503.53786023705578, 0, 0, 24.185333396760409
2.2800000000000002, 1991.5697255156504, 1159.275074775763, 872.60217025003465, 511.13082656119599, 1.6751811069214266, 2.742679594934069, 1991.4981620788101, 1159.3169468330354, 872.5191078681122, 511.17961226759081, 1.6233892318228627, 2.7733593136782937, 9113.5373678459091, 5153.1016999428803, 486.26085932129808, 503.53786023705578, 0, 0, 24.175333396760408
2.29, 2000.2959864790732, 1164.3867741870708, 872.61812097821053, 511.1569029409286, 1.5950728175862363, 2.6076379732592367, 2000.2235847683021, 1164.4291386336608, 872.5345485888339, 511.20599079755266, 1.5440720721699965, 2.6378529961874522, 9118.3999764391228, 5158.1370785452509, 486.26085932129808, 503.53786023705578, 0, 0, 24.16533339676041
2.3000000000000003, 2009.0224162614306, 1169.4987499759304, 872.63469248322269, 511.18402023761473, 1.6571505012188343, 2.7117296686143861, 2008.949171062952, 1169.5416099007768, 872.55060250627378, 511.23341474025182, 1.6053917439907204, 2.7423942699144974, 9123.2625850323366, 5163.1724571476216, 486.26085932129808, 503.53786023705578, 0, 0, 24.155333396760408
2.3100000000000001, 2017.7489998709734, 1174.6109769013049, 872.65047146392772, 511.20980177083118, 1.5778980705067553, 2.5781533216447698, 2017.6749061270777, 1174.6543353014492, 872.56587177713868, 511.25949829158264, 1.5269270864859774, 2.6083551330803814, 9128.1251936255503, 5168.2078357499922, 486.26085932129808, 503.53786023705578, 0, 0, 24.14533339676041
2.3199999999999998, 2026.4757504904696, 1179.7234771007404, 872.66686512106435, 511.23661388598225, 1.6393657136597681, 2.6812115151087195, 2026.4008029911474, 1179.7673370633372, 872.58174819702481, 511.28661688973085, 1.5876419886181488, 2.7118598148215893, 9132.987802218764, 5173.2432143523629, 486.26085932129808, 503.53786023705578, 0, 0, 24.135333396760409
2.3300000000000001, 2035.2026532849902, 1184.8362256010814, 872.68247467505819, 511.26210465139997, 1.5609553993868592, 2.5490765417700834, 2035.1268469755266, 1184.8805901218311, 872.59684835762869, 511.31240952950003, 1.5100160603833923, 2.5792639769195032, 9137.8504108119778, 5178.2785929547335, 486.26085932129808, 503.53786023705578, 0, 0, 24.125333396760411
2.3399999999999999, 2043.9297213052084, 1189.9492443153729, 872.69869290622933, 511.28861583657101, 1.6218231171180106, 2.6511185171045701, 2043.8530509795405, 1189.9941164795337, 872.61254972013285, 511.33922702333467, 1.570136250417647, 2.6817493834622823, 9142.7130194051915, 5183.3139715571042, 486.26085932129808, 503.53786023705578, 0, 0, 24.115333396760409
2.3500000000000001, 2052.6569398704751, 1195.0625085339414, 872.71413531985422, 511.31381985009284, 1.5442413624900435, 2.5204013521806465, 2052.5794004770619, 1195.1078913357615, 872.62748307480729, 511.36473275630033, 1.4933354674423649, 2.5505732965657328, 9147.5756279984053, 5188.3493501594749, 486.26085932129808, 503.53786023705578, 0, 0, 24.105333396760408
2.3599999999999999, 2061.3843219015416, 1200.1760399490624, 872.73018051106646, 511.34003429142962, 1.6045191212265728, 2.6214441336764582, 2061.305908238438, 1200.2219364717973, 872.64301178334813, 511.39125332115435, 1.5528708540897624, 2.6520564854041644, 9152.438236591619, 5193.3847287618455, 486.26085932129808, 503.53786023705578, 0, 0, 24.09533339676041
2.3700000000000001, 2070.1118528695351, 1205.2898141102082, 872.74545803659623, 511.36495550686953, 1.5277525529754363, 2.492121543992845, 2070.0325598885443, 1205.3362273465486, 872.65778060154048, 511.41647609047084, 1.4768818192300668, 2.5222769316487503, 9157.3008451848327, 5198.4201073642162, 486.26085932129808, 503.53786023705578, 0, 0, 24.085333396760408
2.3799999999999999, 2078.8395455674272, 1210.403852492562, 872.76133253832586, 511.39087732587853, 1.5874501729663519, 2.5921819009001581, 2078.7593680708842, 1210.4507855236591, 872.67313902318858, 511.44270383752479, 1.5358421648062843, 2.6227747053941943, 9162.1634537780465, 5203.4554859665868, 486.26085932129808, 503.53786023705578, 0, 0, 24.07533339676041
2.3900000000000001, 2087.5673856156504, 1215.5181309004681, 872.77644739432037, 511.4155196356931, 1.511485599446813, 2.4642309814588184, 2087.4863185588661, 1215.5655867173532, 872.68774553984611, 511.4676475254567, 1.460651665748895, 2.4943687931894596, 9167.0260623712602, 5208.4908645689575, 486.26085932129808, 503.53786023705578, 0, 0, 24.065333396760408
2.3999999999999999, 2096.295385681507, 1220.6326705956399, 872.79215352189192, 511.4411528900161, 1.5706127571499127, 2.5633254322971775, 2096.2134238712529, 1220.6806522772633, 872.702936005732, 511.4935865024953, 1.5190465885919926, 2.5938977038615216, 9171.8886709644739, 5213.5262431713281, 486.26085932129808, 503.53786023705578, 0, 0, 24.05533339676041
2.4100000000000001, 2105.0235315323007, 1225.7474476330804, 872.80710789355601, 511.46552012604002, 1.4954371664133734, 2.4367236023892791, 2104.9406699275496, 1225.7959581687178, 872.71738242168999, 511.51825493113608, 1.4446415957995817, 2.4668428640786568, 9176.7512795576877, 5218.5616217736988, 486.26085932129808, 503.53786023705578, 0, 0, 24.045333396760409
2.4199999999999999, 2113.7518357117456, 1230.8624830646036, 872.82264792752426, 511.49086881023146, 1.5540033968219134, 2.534868419145873, 2113.6680691238525, 1230.9115255309118, 872.73240722741627, 511.54390912330894, 1.5024805726262427, 2.5654192172851773, 9181.6138881509014, 5223.5970003760694, 486.26085932129808, 503.53786023705578, 0, 0, 24.035333396760407
2.4300000000000002, 2122.4802841316141, 1235.9777531917186, 872.83744396707084, 511.51496474441581, 1.4796039546619384, 2.4095934184338881, 2122.3956075233623, 1236.0273305761248, 872.74669570978881, 511.56830605530303, 1.4288482372588795, 2.4396931994114976, 9186.4764967441151, 5228.6323789784401, 486.26085932129808, 503.53786023705578, 0, 0, 24.025333396760409
2.4399999999999999, 2131.2088892140828, 1241.0932788598575, 872.85282015360667, 511.54003279072248, 1.537618653579377, 2.5068046306647496, 2131.1232974015511, 1241.1433942366366, 872.76155711584352, 511.59367938588736, 1.4861406054675323, 2.5373330584321874, 9191.3391053373289, 5233.6677575808108, 486.26085932129808, 503.53786023705578, 0, 0, 24.015333396760408
2.4500000000000002, 2139.937637013024, 1246.2090366129421, 872.86745998062224, 511.56386113587502, 1.4639827015607947, 2.382834515253387, 2139.8511249629482, 1246.2596929675844, 872.77568979841647, 511.61780852515449, 1.413268257291828, 2.4129139267120885, 9196.2017139305426, 5238.7031361831814, 486.26085932129808, 503.53786023705578, 0, 0, 24.00533339676041
2.46, 2148.6665398310993, 1251.3250470934879, 872.88267453190042, 511.58865241501582, 1.5214551278174135, 2.4791279140774973, 2148.5791023644151, 1251.3762474978034, 872.79039003058858, 511.64290485631926, 1.470023217206587, 2.509633116475718, 9201.0643225237563, 5243.7385147855521, 486.26085932129808, 503.53786023705578, 0, 0, 23.995333396760408
2.4700000000000002, 2157.3955838619454, 1256.4412870837959, 872.89716023371329, 511.61221682554151, 1.4485701812867928, 2.3564410525694695, 2157.3072159494754, 1256.4930345212535, 872.80436901421353, 511.66676984877961, 1.3978983624902706, 2.3864992460341363, 9205.9269311169701, 5248.7738933879227, 486.26085932129808, 503.53786023705578, 0, 0, 23.98533339676041
2.48, 2166.1247812907013, 1261.5577770268806, 872.9122153283023, 511.63673514748717, 1.5055094589037965, 2.4518321945655992, 2166.0354777583643, 1261.610074566745, 872.81891026400899, 511.69159298234962, 1.4541249795513034, 2.4823133569991014, 9210.7895397101838, 5253.8092719902934, 486.26085932129808, 503.53786023705578, 0, 0, 23.975333396760409
2.4900000000000002, 2174.8541184484652, 1266.674493939445, 872.92654896035219, 511.66003922012834, 1.4333632049901543, 2.3304072641168085, 2174.7638742712993, 1266.7273445630829, 872.83273761699854, 511.71519741664923, 1.3827352989519095, 2.3604434299621744, 9215.6521483033976, 5258.844650592664, 486.26085932129808, 503.53786023705578, 0, 0, 23.965333396760407
2.5, 2183.5836074048175, 1271.7914580683675, 872.94144674360518, 511.68428833487974, 1.4897783253002568, 2.4249114751385816, 2183.492417413845, 1271.8448648424226, 872.84712204205721, 511.73975109486838, 1.438442505861196, 2.455367821915956, 9220.5147568966113, 5263.8800291950347, 486.26085932129808, 503.53786023705578, 0, 0, 23.955333396760409
2.5100000000000002, 2192.3132346260468, 1276.9086466608351, 872.9556303298142, 511.70733560945484, 1.4183586209045369, 2.3047274575099626, 2192.2210938006433, 1276.9626125644947, 872.86079980058025, 511.76309850310366, 1.3677758523073276, 2.3347408235261486, 9225.377365489825, 5268.9154077974054, 486.26085932129808, 503.53786023705578, 0, 0, 23.945333396760407
2.52, 2201.0430120681117, 1282.0260797709052, 872.97037291426045, 511.73131920781896, 1.4742584446240568, 2.3983598364111347, 2200.9499152445169, 1282.0806078681201, 872.87502952509146, 511.78738640939662, 1.422972451124946, 2.4287906292955888, 9230.2399740830388, 5273.950786399776, 486.26085932129808, 503.53786023705578, 0, 0, 23.935333396760409
2.5300000000000002, 2209.7729263302513, 1287.1437348723855, 872.98440844740446, 511.75411316795925, 1.403553314403877, 2.2793960140277583, 2209.6788684922949, 1287.1988281400907, 872.88855969356848, 511.81048026783697, 1.353016847696457, 2.3093858440319894, 9235.1025826762525, 5278.9861650021467, 486.26085932129808, 503.53786023705578, 0, 0, 23.925333396760408
2.54, 2218.5029892567113, 1292.2616318297805, 872.99899791314101, 511.77783488232228, 1.4589465736605502, 2.3721714363051278, 2218.4079652459573, 1292.3172933291651, 872.90263680868736, 511.83450602756807, 1.4077115118916175, 2.4025759731117855, 9239.9651912694662, 5284.0215436045173, 486.26085932129808, 503.53786023705578, 0, 0, 23.91533339676041
2.5500000000000003, 2227.2331875774739, 1297.379748339712, 873.0128873552211, 511.80037895620552, 1.3889442080108696, 2.2544073883233438, 2227.1371923823167, 1297.435981045388, 872.91602136018435, 511.85734975737626, 1.3384551496992727, 2.2843729808163955, 9244.82779986268, 5289.056922206888, 486.26085932129808, 503.53786023705578, 0, 0, 23.905333396760408
2.5600000000000001, 2235.9635330269525, 1302.4981040803505, 873.02732575030439, 511.82384236130235, 1.4438395083319542, 2.346340509685267, 2235.8665614943825, 1302.5549110506802, 872.92994792444597, 511.88111693860549, 1.3926564261606675, 2.3767181229238004, 9249.6904084558937, 5294.0923008092586, 486.26085932129808, 503.53786023705578, 0, 0, 23.89533339676041
2.5699999999999998, 2244.6940124636949, 1307.6166769673796, 873.04107103291801, 511.84613992238303, 1.3745282613634024, 2.2297561080705037, 2244.5960595867764, 1307.6740611745854, 872.94318880106823, 511.90371390655486, 1.3240876622269186, 2.2596967949364855, 9254.5530170491074, 5299.1276794116293, 486.26085932129808, 503.53786023705578, 0, 0, 23.885333396760409
2.5800000000000001, 2253.4246375141365, 1312.7354864958086, 873.05536037375418, 511.86934853606232, 1.4289340836216096, 2.3208613679271961, 2253.3256981453833, 1312.7934509953645, 872.95696684080053, 511.92722602078976, 1.3778039732300089, 2.3512114234883357, 9259.4156256423212, 5304.1630580139999, 486.26085932129808, 503.53786023705578, 0, 0, 23.875333396760411
2.5899999999999999, 2262.1553951632445, 1317.8545107966852, 873.0689633984656, 511.89140290379783, 1.3603024711411866, 2.2054367735499856, 2262.0554643004907, 1317.9130585583603, 872.97006595408425, 511.94957953997772, 1.3099113283754567, 2.2353519187981039, 9264.2782342355349, 5309.1984366163706, 486.26085932129808, 503.53786023705578, 0, 0, 23.865333396760409
2.6000000000000001, 2270.886296931305, 1322.973769184983, 873.08310567020021, 511.91436018778217, 1.4142271734634901, 2.2957283984343633, 2270.7853694326777, 1323.0329032613042, 872.98369746381934, 511.97284004292089, 1.3631509735117318, 2.3260502943189416, 9269.1408428287486, 5314.2338152187413, 486.26085932129808, 503.53786023705578, 0, 0, 23.855333396760408
2.6099999999999999, 2279.6173299275874, 1328.0932400034694, 873.09656830890981, 511.93617462835402, 1.3462638709573957, 2.1814440571838949, 2279.5154007957854, 1328.1529633616917, 872.99665669512183, 511.99495337347821, 1.2959231302469578, 2.2113330557308761, 9274.0034514219624, 5319.2691938211119, 486.26085932129808, 503.53786023705578, 0, 0, 23.84533339676041
2.6200000000000001, 2288.3485055680303, 1333.2129423901627, 873.11056546581574, 511.95888398899507, 1.3997156905978605, 2.2709360641051402, 2288.2455696668799, 1333.2732580798108, 873.01014363800505, 512.01796566577013, 1.3486942883163406, 2.3012292291943246, 9278.8660600151761, 5324.3045724234826, 486.26085932129808, 503.53786023705578, 0, 0, 23.835333396760408
2.6299999999999999, 2297.0798110841183, 1338.332854895958, 873.12388956112795, 511.98046171602533, 1.3324095312197604, 2.1577727030255618, 2296.9758634212731, 1338.3937658817154, 873.02296483889245, 512.03984201556534, 1.2821200887422959, 2.187634979517469, 9283.7286686083899, 5329.3399510258532, 486.26085932129808, 503.53786023705578, 0, 0, 23.82533339676041
2.6400000000000001, 2305.8112577892175, 1343.4529964849537, 873.13774352699193, 512.00292650505287, 1.3853965863964108, 2.2464789027557086, 2305.7062932342851, 1343.5145058132903, 873.03630914708856, 512.06260944352152, 1.3344308196087635, 2.2767427956211361, 9288.5912772016036, 5334.3753296282239, 486.26085932129808, 503.53786023705578, 0, 0, 23.815333396760408
2.6499999999999999, 2314.5428330349714, 1348.5733459126332, 873.15093089258153, 512.02427068031488, 1.3187365589615465, 2.1344175262055414, 2314.4368466006454, 1348.6354565456056, 873.0489941397218, 512.08425196886026, 1.2684992633260279, 2.1642525338777414, 9293.4538857948173, 5339.4107082305945, 486.26085932129808, 503.53786023705578, 0, 0, 23.80533339676041
2.6600000000000001, 2323.2745480339249, 1353.6939219721653, 873.16464356108816, 512.04649419557995, 1.3712668506610344, 2.2223515265056268, 2323.1675345956692, 1353.7566369531394, 873.06219771481915, 512.10677782520281, 1.3203575097401996, 2.2525856342581987, 9298.3164943880311, 5344.4460868329652, 486.26085932129808, 503.53786023705578, 0, 0, 23.795333396760409
2.6699999999999999, 2332.0063902558504, 1358.8147036201331, 873.17769598206462, 512.0676079297034, 1.3052420976484889, 2.1113734123438737, 2331.8983448314802, 1358.8780259084863, 873.07474829233684, 512.12818963152199, 1.2550577517693322, 2.1411806319179729, 9303.1791029812448, 5349.4814654353358, 486.26085932129808, 503.53786023705578, 0, 0, 23.785333396760407
2.6800000000000002, 2340.7383708141979, 1363.9357094817233, 873.1912692171785, 512.08959341591458, 1.3573235113929532, 2.1985486211204837, 2340.6292882851048, 1363.9996421176702, 873.08781300574833, 512.15047715610501, 1.3064713411525233, 2.2287524582965652, 9308.0417115744585, 5354.5168440377065, 486.26085932129808, 503.53786023705578, 0, 0, 23.775333396760409
2.6899999999999999, 2349.4704772948685, 1369.0569187111801, 873.2041884504481, 512.11047976908378, 1.2919233269583417, 2.0886353169229182, 2349.3603526840657, 1369.1214646513695, 873.10023093264704, 512.17166129866041, 1.2417926898676592, 2.1184142555394705, 9312.9043201676723, 5359.5522226400772, 486.26085932129808, 503.53786023705578, 0, 0, 23.765333396760408
2.7000000000000002, 2358.2027207139181, 1374.1783497686126, 873.21762408679353, 512.13223041853712, 1.3435636345465511, 2.1750649453356363, 2358.0915489087924, 1374.2435120500641, 873.1131586260077, 512.19371367918859, 1.2927693360693946, 2.2052380528195434, 9317.766928760886, 5364.5876012424478, 486.26085932129808, 503.53786023705578, 0, 0, 23.75533339676041
2.71, 2366.9350887714054, 1379.2999820025377, 873.23041186141893, 512.15289240118352, 1.2787774625422181, 2.0661982646360686, 2366.82286480024, 1379.3657635791242, 873.12544563851907, 512.21467316373685, 1.2287012511421291, 2.0959484548219618, 9322.6295373540997, 5369.6229798448185, 486.26085932129808, 503.53786023705578, 0, 0, 23.745333396760408
2.7200000000000002, 2375.6675923876683, 1384.4218337108491, 873.24371170465656, 512.17441135448496, 1.3299843237593143, 2.1518953301464991, 2375.5543111439088, 1384.4882376163528, 873.13823812408077, 512.23649353647818, 1.2792485561655276, 2.1820372741280969, 9327.4921459473135, 5374.6583584471891, 486.26085932129808, 503.53786023705578, 0, 0, 23.73533339676041
2.73, 2384.4002193749784, 1389.5438844329963, 873.25636972221423, 512.19485192797208, 1.2658017557687535, 2.0440573487139893, 2384.2858758922466, 1389.6109136184696, 873.15039593054598, 512.25723131995198, 1.2157806465256547, 2.0737783473834224, 9332.3547545405272, 5379.6937370495598, 486.26085932129808, 503.53786023705578, 0, 0, 23.725333396760409
2.7400000000000002, 2393.1329805596088, 1394.6661523074777, 873.26953554941485, 512.21614227475288, 1.3165827200648115, 2.129034678076926, 2393.0175697374675, 1394.7338098034265, 873.16305499156817, 512.27882277044239, 1.265906102220943, 2.1591450490432473, 9337.2173631337409, 5384.7291156519304, 486.26085932129808, 503.53786023705578, 0, 0, 23.715333396760407
2.75, 2401.8658638641268, 1399.7886170613847, 873.28206548434935, 512.23636435205515, 1.2529934934488165, 2.022207730224455, 2401.7493807416017, 1399.8569058159985, 873.17508527280847, 512.29934176161953, 1.2030281240315048, 2.051899117712439, 9342.0799717269547, 5389.7644942543011, 486.26085932129808, 503.53786023705578, 0, 0, 23.705333396760409
2.7600000000000002, 2410.5988800223704, 1404.9112966765997, 873.2950990443652, 512.25742913167949, 1.3033560015907844, 2.1064779624290337, 2410.481319505197, 1404.9802197170709, 873.18761266394608, 512.32070732536147, 1.2527391137621966, 2.1365563741888538, 9346.9425803201684, 5394.7998728566718, 486.26085932129808, 503.53786023705578, 0, 0, 23.695333396760407
2.77, 2419.3320170653137, 1410.0341710646121, 873.30750254434065, 512.27743557805309, 1.2403499975472856, 2.000644637356626, 2419.2133741979819, 1410.1037313362269, 873.1995170736302, 512.34101038552626, 1.1904409684107111, 2.030306016483995, 9351.8051889133822, 5399.8352514590424, 486.26085932129808, 503.53786023705578, 0, 0, 23.685333396760409
2.7800000000000002, 2428.0652856359648, 1415.1572580534266, 873.32040555817309, 512.29827778031824, 1.2903013832436208, 2.0842202265165048, 2427.9455553304333, 1415.2274585800294, 873.21191452131711, 512.36215304867881, 1.2397447686918102, 2.1142663152568373, 9356.6677975065959, 5404.8706300614131, 486.26085932129808, 503.53786023705578, 0, 0, 23.675333396760408
2.79, 2436.79867387184, 1420.2805377357345, 873.3326842444219, 512.31807141396507, 1.2278686248800235, 1.9793633646865147, 2436.6778511781217, 1420.3513814596702, 873.22369468632508, 512.38224299227738, 1.1780165007964321, 2.0089943598554529, 9361.5304060998096, 5409.9060086637837, 486.26085932129808, 503.53786023705578, 0, 0, 23.66533339676041
2.8000000000000003, 2445.5321923267015, 1425.4040277883616, 873.34545840558565, 512.3386939797939, 1.2774161163796871, 2.0622565828820405, 2445.4102721630275, 1425.4755177300938, 873.23596388915416, 512.40316569233994, 1.2269202829063368, 2.0922700062555526, 9366.3930146930234, 5414.9413872661544, 486.26085932129808, 503.53786023705578, 0, 0, 23.655333396760408
2.8100000000000001, 2454.2658292427723, 1430.5277084820505, 873.35761387325363, 512.3582775725182, 1.2155467668026623, 1.9583592724346284, 2454.1428066647309, 1430.5998475809465, 873.24762140993755, 512.42304528762747, 1.1657520783417743, 1.9879595287537739, 9371.2556232862371, 5419.976765868525, 486.26085932129808, 503.53786023705578, 0, 0, 23.64533339676041
2.8199999999999998, 2462.999595086128, 1435.6515973451076, 873.37026084813829, 512.37868339464319, 1.2646974884619615, 2.0405822124962452, 2462.8754650182668, 1435.72438861822, 873.25976403903655, 512.44375091411484, 1.2142629099014761, 2.070562648738588, 9376.1182318794508, 5425.0121444708957, 486.26085932129808, 503.53786023705578, 0, 0, 23.635333396760409
2.8300000000000001, 2471.7334782018866, 1440.7756748232218, 873.3822946666271, 512.39805967250015, 1.2033818488812251, 1.9376277856989452, 2471.6082357054211, 1440.8491212069064, 873.27130048997492, 512.46342288379617, 1.1536450938411771, 1.9671969681370889, 9380.9808404726646, 5430.0475230732663, 486.26085932129808, 503.53786023705578, 0, 0, 23.625333396760411
2.8399999999999999, 2480.4674889699763, 1445.8999582988015, 873.39481609485426, 512.41825159613973, 1.2521428227157985, 2.0191923639609999, 2480.3411289758119, 1445.9740628066711, 873.28331818937875, 512.48391427890658, 1.2017699403778723, 2.04913951103718, 9385.8434490658783, 5435.082901675637, 486.26085932129808, 503.53786023705578, 0, 0, 23.615333396760409
2.8500000000000001, 2489.2016158366246, 1451.0244283894219, 873.40672980815987, 512.43742324007667, 1.1913713305647764, 1.9171643936969636, 2489.0741334116519, 1451.099193954788, 873.29473511913227, 512.50338130076921, 1.1416929753552691, 1.9467021862645213, 9390.706057659092, 5440.1182802780077, 486.26085932129808, 503.53786023705578, 0, 0, 23.605333396760408
2.8599999999999999, 2497.935869097128, 1456.1491023341755, 873.41912730293757, 512.45740406360358, 1.2397494777686116, 1.9980823526917073, 2497.8072591786486, 1456.2245319671849, 873.30662950615056, 512.52366126004392, 1.1894387018325188, 2.0279959274705264, 9395.5686662523058, 5445.1536588803783, 486.26085932129808, 503.53786023705578, 0, 0, 23.59533339676041
2.8700000000000001, 2506.6702372970631, 1461.2739609195089, 873.43092242998603, 512.47637371009341, 1.1795127048406886, 1.8969646489841687, 2506.5404949576878, 1461.3500575503986, 873.31792843800872, 512.5429259675833, 1.1298931858199894, 1.9264707539414874, 9400.4312748455195, 5450.189037482749, 486.26085932129808, 503.53786023705578, 0, 0, 23.585333396760408
2.8799999999999999, 2515.40473064859, 1466.3990212437438, 873.44319757845892, 512.49614618569433, 1.2275148472843196, 1.9772475600964563, 2515.2738508320517, 1466.475787879169, 873.3297011035902, 512.56299724055884, 1.1772665581464545, 2.0071272975521586, 9405.2938834387332, 5455.2244160851196, 486.26085932129808, 503.53786023705578, 0, 0, 23.57533339676041
2.8900000000000001, 2524.1393377948993, 1471.5242642592259, 873.45487561343782, 512.51491642736107, 1.1678034978869609, 1.8770241666729943, 2524.0073155795712, 1471.6017038263201, 873.34088353581672, 512.58206222359649, 1.1182432226541938, 1.9064983037646763, 9410.156492031947, 5460.2597946874903, 486.26085932129808, 503.53786023705578, 0, 0, 23.565333396760408
2.8999999999999999, 2532.8740688664875, 1476.6497069260145, 873.4670299770338, 512.53448326168859, 1.2154363595951847, 1.9566834327564036, 2532.7408992025657, 1476.7278224279189, 873.35253604490845, 512.60192751444845, 1.1652509091713072, 1.9865290851966928, 9415.0191006251607, 5465.2951732898609, 486.26085932129808, 503.53786023705578, 0, 0, 23.55533339676041
2.9100000000000001, 2541.6089126024481, 1481.775330359425, 873.47859238972103, 512.55305664792513, 1.156241268721885, 1.8573386236526566, 2541.4745905741074, 1481.8541247201429, 873.3636034510821, 512.62079531974211, 1.1067406173659993, 1.8867805293671045, 9419.8817092183745, 5470.3305518922316, 486.26085932129808, 503.53786023705578, 0, 0, 23.545333396760409
2.9199999999999999, 2550.3438790530668, 1486.9011513837265, 873.49062750449423, 512.57242050274101, 1.2035114773228637, 1.9363854815935231, 2550.2083996169968, 1486.980627602863, 873.37513734298511, 512.64045728792121, 1.1533891903065656, 1.9661968179130849, 9424.7443178115882, 5475.3659304946023, 486.26085932129808, 503.53786023705578, 0, 0, 23.535333396760407
2.9300000000000002, 2559.0789570516531, 1492.0271512743177, 873.50207574058265, 512.59079954031893, 1.1448236088413968, 1.8379037577935453, 2558.942315297867, 1492.10731227272, 873.38609117233659, 512.65913041976762, 1.095382935148294, 1.8673131846468844, 9429.6069264048019, 5480.4013090969729, 486.26085932129808, 503.53786023705578, 0, 0, 23.525333396760409
2.9399999999999999, 2567.8141565697133, 1497.1533467221132, 873.51399311755267, 512.60996303312936, 1.1917376970010205, 1.9163492810463081, 2567.6763474614213, 1497.2341954958306, 873.39750796105739, 512.67859168062762, 1.1416788720797473, 1.9461260860050749, 9434.4695349980157, 5485.4366876993436, 486.26085932129808, 503.53786023705578, 0, 0, 23.515333396760408
2.9500000000000002, 2576.5494665331103, 1502.2797191597494, 873.52532859897133, 512.62815018680101, 1.1335481418609505, 1.8187153671642804, 2576.4104851661982, 1502.3612586264494, 873.40834963880218, 512.69707260145765, 1.0841677744800051, 1.8480920830079537, 9439.3321435912294, 5490.4720663017142, 486.26085932129808, 503.53786023705578, 0, 0, 23.50533339676041
2.96, 2585.2848968359822, 1507.4062851471876, 873.53712972445817, 512.64711589148339, 1.1801125486889323, 1.8965704682355811, 2585.144738180205, 1507.4885182993453, 873.41965081339936, 512.71633572687529, 1.1301174597189827, 1.9263125417609277, 9444.1947521844431, 5495.5074449040849, 486.26085932129808, 503.53786023705578, 0, 0, 23.495333396760408
2.9700000000000002, 2594.0204364951051, 1512.5330262714988, 873.54835384968965, 512.66511358457581, 1.1224125231469808, 1.799769309236277, 2593.8790956522539, 1512.6159560235785, 873.43038174106653, 512.73462685784114, 1.0730927667183401, 1.8291130965875173, 9449.0573607776569, 5500.5428235064555, 486.26085932129808, 503.53786023705578, 0, 0, 23.48533339676041
2.98, 2602.7560953286411, 1517.6599589640559, 873.56004018564556, 512.6838840319972, 1.168633595586779, 1.877044742138219, 2602.6135672750383, 1517.7435883049418, 873.44156876599379, 512.75369437682764, 1.1187024927285469, 1.9067518986503618, 9453.9199693708706, 5505.5782021088262, 486.26085932129808, 503.53786023705578, 0, 0, 23.475333396760409
2.9900000000000002, 2611.4918624426637, 1522.7870649636009, 873.57115433004003, 512.70169464699813, 1.1114144394497438, 1.7810615000954759, 2611.3481422860345, 1522.8713968045333, 873.45219032175078, 512.77179809838253, 1.0621555756936156, 1.8103721554899623, 9458.7825779640843, 5510.6135807111968, 486.26085932129808, 503.53786023705578, 0, 0, 23.465333396760407
3, 2620.2277475807291, 1527.9143605752502, 873.58272731437648, 512.72027232562561, 1.1572984336430878, 1.857767862752687, 2620.0828303039839, 1527.9993979015067, 873.46326463719538, 512.79067249768764, 1.1074315444578844, 1.88743993051252, 9463.6451865572981, 5515.6489593135675, 486.26085932129808, 503.53786023705578, 0, 0, 23.455333396760409
3.0100000000000002, 2628.9637399366143, 1533.0418276866935, 873.59373283046182, 512.73789820476213, 1.1005516085313969, 1.7625879136508169, 2628.8176206534404, 1533.1275734062706, 873.47377817616837, 512.80859115015778, 1.051353897300576, 1.7918652470168046, 9468.5077951505118, 5520.6843379159382, 486.26085932129808, 503.53786023705578, 0, 0, 23.445333396760407
3.02, 2637.6998491806226, 1538.1694824790886, 873.60519387737349, 512.75628556126492, 1.1461046911692863, 1.8387356502813295, 2637.5525228805354, 1538.2559395736428, 873.48474119838511, 512.82727487486534, 1.0963022216788725, 1.8683724707600537, 9473.3704037437255, 5525.7197165183088, 486.26085932129808, 503.53786023705578, 0, 0, 23.435333396760409
3.0300000000000002, 2646.4360645926631, 1543.2973069863883, 873.61609209516143, 512.77372900707348, 1.0898217787976165, 1.7443445808532529, 2646.2875263953383, 1543.3844783606537, 873.49514805297611, 512.84501075901437, 1.0406854590943617, 1.77358841490653, 9478.2330123369393, 5530.7550951206795, 486.26085932129808, 503.53786023705578, 0, 0, 23.425333396760408
3.04, 2655.1723957711188, 1548.4253172680567, 873.62744259544581, 512.79192844691647, 1.1350500284434719, 1.8199439842993173, 2655.0226406726929, 1548.5132059000555, 873.50600117461761, 512.86350621313011, 1.085312164153611, 1.8495454115691055, 9483.095620930153, 5535.7904737230501, 486.26085932129808, 503.53786023705578, 0, 0, 23.41533339676041
3.0500000000000003, 2663.9088320804826, 1553.5534955016642, 873.63823482273506, 512.80919172280551, 1.0792227289210323, 1.7263275889055671, 2663.757855206642, 1553.6421042928505, 873.5163026548164, 512.88106159071572, 1.0301480198795316, 1.7555377585645346, 9487.9582295233668, 5540.8258523254208, 486.26085932129808, 503.53786023705578, 0, 0, 23.405333396760408
3.0600000000000001, 2672.6453830485307, 1558.6818576272126, 873.64947614410823, 512.82720561083488, 1.1241321373208106, 1.8013888029393066, 2672.4931794020467, 1558.7711895519631, 873.52704724525847, 512.89937113774658, 1.0744590442099096, 1.8309547030843909, 9492.8208381165805, 5545.8612309277914, 486.26085932129808, 503.53786023705578, 0, 0, 23.39533339676041
3.0700000000000003, 2681.382038122812, 1563.8103859632831, 873.66016366678298, 512.84429094163977, 1.0687522674695875, 1.7085330804848142, 2681.2286028354047, 1563.9004439197554, 873.53724463895151, 512.91674823206961, 1.0197393693050416, 1.7377094323050961, 9497.6834467097942, 5550.8966095301621, 486.26085932129808, 503.53786023705578, 0, 0, 23.385333396760409
3.0800000000000001, 2690.1188067617909, 1568.9390963326148, 873.67129715419139, 512.86212160266052, 1.1133487408405722, 1.7830661020749494, 2689.964134842879, 1569.0298832915289, 873.54788204461465, 512.93487419559585, 1.0637405663145709, 1.8125963526224707, 9502.546055303008, 5555.9319881325328, 486.26085932129808, 503.53786023705578, 0, 0, 23.375333396760411
3.0899999999999999, 2698.8556784945677, 1574.0679711922294, 873.68188123651669, 512.87903117519022, 1.0584082325350628, 1.6909572529693231, 2698.6997650819244, 1574.1594900484315, 873.55797661788927, 512.95207519204178, 1.0094573274604572, 1.7200996445972905, 9507.4086638962217, 5560.9673667349034, 486.26085932129808, 503.53786023705578, 0, 0, 23.365333396760409
3.1000000000000001, 2707.5926627115718, 1579.1970262497714, 873.69290821244499, 512.89668089453528, 1.1026975928339695, 1.7649719345101311, 2707.4355028212731, 1579.2892799703154, 873.56850816255576, 512.9700198562806, 1.0531544666485537, 1.7944664238801249, 9512.2712724894354, 5566.0027453372741, 486.26085932129808, 503.53786023705578, 0, 0, 23.355333396760408
3.1099999999999999, 2716.3297490219702, 1584.3262440981705, 873.70339009735858, 512.91341685811187, 1.0481884913566881, 1.6735963576616342, 2716.1713377978604, 1584.4192355745768, 873.57850116000043, 512.98704690285365, 0.99929974446834913, 1.7027046573062115, 9517.1338810826492, 5571.0381239396447, 486.26085932129808, 503.53786023705578, 0, 0, 23.34533339676041
3.1200000000000001, 2725.0669467494154, 1589.455640332113, 873.71431186213385, 512.93088788220359, 1.0921764775321186, 1.7471024091726692, 2724.9072792142374, 1589.5493725277606, 873.58892814512728, 513.00481251321514, 1.0426985126833115, 1.7765610361465842, 9521.9964896758629, 5576.0735025420154, 486.26085932129808, 503.53786023705578, 0, 0, 23.335333396760408
3.1299999999999999, 2733.8042455816776, 1594.58519767794, 873.72469277153334, 512.9474523491939, 1.0380909399512346, 1.6564466990263582, 2733.6433168853637, 1594.6796734810105, 873.59882079012812, 513.02166772106466, 0.9892645000841056, 1.6855207849485776, 9526.8590982690766, 5581.108881144386, 486.26085932129808, 503.53786023705578, 0, 0, 23.32533339676041
3.1400000000000001, 2742.5416547768741, 1599.7149316194855, 873.73551060362513, 512.96474688609715, 1.0817832091791133, 1.729453690320732, 2742.3794599488406, 1599.8101539896757, 873.60914449515576, 513.03925648469999, 1.0323705027632104, 1.7588763635279241, 9531.7217068622904, 5586.1442597467567, 486.26085932129808, 503.53786023705578, 0, 0, 23.315333396760408
3.1499999999999999, 2751.2791640999358, 1604.8448250140416, 873.74579173865254, 512.98114193243646, 1.0281135027422676, 1.6395046339305754, 2751.1156982962175, 1604.9407968361818, 873.61893799018867, 513.05594192863953, 0.97934950329588988, 1.6685443939503075, 9536.5843154555041, 5591.1796383491273, 486.26085932129808, 503.53786023705578, 0, 0, 23.30533339676041
3.1600000000000001, 2760.0167827446671, 1609.9748932366654, 873.75650689496888, 512.99826215240387, 1.0715156316386854, 1.7120219967425589, 2759.8520410013593, 1610.0716174667632, 873.6291596728455, 513.07335601498119, 1.0221682656826121, 1.7414086341641393, 9541.4469240487178, 5596.215016951498, 486.26085932129808, 503.53786023705578, 0, 0, 23.295333396760409
3.1699999999999999, 2768.7545005517368, 1615.105119273175, 873.76668943629079, 513.01448981811268, 1.0182541321865877, 1.622766570883392, 2768.5884780309916, 1615.2025987926984, 873.63885519976475, 513.08987373400021, 0.96955269192278482, 1.6517719019026789, 9546.3095326419316, 5601.2503955538687, 486.26085932129808, 503.53786023705578, 0, 0, 23.285333396760407
3.1800000000000002, 2777.4923266518422, 1620.2355183918962, 873.77730315247095, 513.03143785412249, 1.0613716180112227, 1.6948036009774641, 2777.3250183964383, 1620.3337561531578, 873.64897609636751, 513.10711527529486, 1.0120896602741576, 1.724154129467018, 9551.1721412351453, 5606.2857741562393, 486.26085932129808, 503.53786023705578, 0, 0, 23.275333396760409
3.1899999999999999, 2786.2302509599881, 1625.3660737047828, 873.78738826055508, 513.04750014381545, 1.008510808411706, 1.6062289692977112, 2786.0616521382067, 1625.4650725858774, 873.65857481668979, 513.12346727306328, 0.95987203222475603, 1.635199776840252, 9556.0347498283591, 5611.32115275861, 486.26085932129808, 503.53786023705578, 0, 0, 23.265333396760408
3.2000000000000002, 2794.968282544954, 1630.4968003754452, 873.79790175125754, 513.06427809210072, 1.0513490702448856, 1.6777948285307922, 2794.7983882062599, 1630.5965633249855, 873.6685961424397, 513.14053836489677, 1.0021325749921641, 1.7071091833513741, 9560.8973584215728, 5616.3565313609806, 486.26085932129808, 503.53786023705578, 0, 0, 23.25533339676041
3.21, 2803.7064113946976, 1635.6276816396171, 873.80789056664605, 513.08017697548814, 0.99888153884583186, 1.5898883387431229, 2803.535216713512, 1635.7282115323148, 873.67809919762476, 513.1567266102619, 0.95030551850612399, 1.6188245365093312, 9565.7599670147865, 5621.3919099633513, 486.26085932129808, 503.53786023705578, 0, 0, 23.245333396760408
3.2200000000000002, 2812.4446465172518, 1640.7587325581806, 873.81830502583352, 513.09678689605914, 1.0414459187516447, 1.6609920571008461, 2812.2721465497275, 1640.8600323389446, 873.68802214689981, 513.17362931207663, 0.99229492750180426, 1.6902701814777632, 9570.6225756080003, 5626.4272885657219, 486.26085932129808, 503.53786023705578, 0, 0, 23.23533339676041
3.23, 2821.1829779721638, 1645.8899364883268, 873.82819866941202, 513.11252430844127, 0.98936435785039678, 1.5737412382066016, 2821.0091678988724, 1645.9920090284775, 873.69743065862701, 513.18965573955302, 0.94085117272242258, 1.6026427476437477, 9575.485184201214, 5631.4626671680926, 486.26085932129808, 503.53786023705578, 0, 0, 23.225333396760409
3.2400000000000002, 2829.9214147078765, 1651.0213083901685, 873.83851527063234, 513.12896822559946, 1.031660122029723, 1.6443917158201684, 2829.7462895916583, 1651.124156630907, 873.70725640526973, 513.20639207515808, 0.98257466427549911, 1.67363356050908, 9580.3477927944277, 5636.4980457704632, 486.26085932129808, 503.53786023705578, 0, 0, 23.215333396760407
3.25, 2838.6599468541817, 1656.1528317400659, 873.84831484389599, 513.14454606835318, 0.97995732636397404, 1.5577842753757318, 2838.4835018817676, 1656.2564585493124, 873.71657147571068, 513.22225858541071, 0.93150704409935869, 1.586651025262761, 9585.2104013876415, 5641.5334243728339, 486.26085932129808, 503.53786023705578, 0, 0, 23.205333396760409
3.2600000000000002, 2847.3985833010706, 1661.2845213992921, 873.85853474055887, 513.16082597119816, 1.0219896662841723, 1.6279902844972285, 2847.2208135419887, 1661.3889297145377, 873.72630117331255, 513.23883054348437, 0.97296976018833525, 1.6571958073670481, 9590.0730099808552, 5646.5688029752046, 486.26085932129808, 503.53786023705578, 0, 0, 23.195333396760407
3.27, 2856.1373142472557, 1666.4163609611201, 873.86824132587424, 513.17624611225733, 0.97065853153932247, 1.5420141059137913, 2855.9582148944032, 1666.5215536468772, 873.73552388539997, 513.25453900380398, 0.92227120874581137, 1.570846031960289, 9594.9356185740689, 5651.6041815775752, 486.26085932129808, 503.53786023705578, 0, 0, 23.185333396760409
3.2800000000000002, 2864.8761485253995, 1671.5483651898865, 873.87836565152475, 513.19236395518601, 1.012432565048178, 1.6117842928627792, 2864.6957146549898, 1671.6543451799341, 873.74515866758111, 513.27094853838889, 0.96347821811504697, 1.6409534584928926, 9599.7982271672827, 5656.6395601799459, 486.26085932129808, 503.53786023705578, 0, 0, 23.175333396760408
3.29, 2873.6150764018275, 1676.6805177935532, 873.88798031238855, 513.20762822951349, 0.96146608638419084, 1.5264274327444105, 2873.4333032129312, 1676.7872879489896, 873.75429008527385, 513.28650078316093, 0.91314176927135371, 1.5552244772032731, 9604.6608357604964, 5661.6749387823165, 486.26085932129808, 503.53786023705578, 0, 0, 23.16533339676041
3.3000000000000003, 2882.3541066529801, 1681.8128334413964, 873.89801018097671, 513.22358593271179, 1.0029868588109028, 1.5957703198304953, 2882.1709892284944, 1681.9203966922862, 873.76383106595915, 513.30274981415221, 0.95409806853427226, 1.6249030991218727, 9609.5234443537101, 5666.7103173846872, 486.26085932129808, 503.53786023705578, 0, 0, 23.155333396760408
3.3100000000000001, 2891.0932296115093, 1686.9452959538744, 873.9075339622708, 513.23869614276532, 0.95237812940848443, 1.5110210053500599, 2890.9087631566822, 1687.0536551578953, 873.77287223450321, 513.31814764531862, 0.90411685441083345, 1.5397831166434652, 9614.3860529469239, 5671.7456959870578, 486.26085932129808, 503.53786023705578, 0, 0, 23.14533339676041
3.3200000000000003, 2899.8324539987243, 1692.077919907051, 873.91747046841726, 513.25449559269293, 0.99365061464778615, 1.5799449927649782, 2899.6466336031326, 1692.1870779905528, 873.78232050819452, 513.33423805894427, 0.94482736913602861, 1.6090413625647335, 9619.2486615401376, 5676.7810745894285, 486.26085932129808, 503.53786023705578, 0, 0, 23.135333396760409
3.3300000000000001, 2908.571770212332, 1697.2106892317208, 873.92690439666001, 513.26945350888366, 0.94339282427059468, 1.4957916190722409, 2908.3845910874074, 1697.3206490489549, 873.79127245438099, 513.34948324645859, 0.89519461864889371, 1.5245187514304748, 9624.1112701333514, 5681.8164531917992, 486.26085932129808, 503.53786023705578, 0, 0, 23.125333396760411
3.3399999999999999, 2917.3111869195873, 1702.3436184125576, 873.93674861591853, 513.28509655875121, 0.9844219258550776, 1.5643049867600107, 2917.1226441615818, 1702.454382886159, 873.80062909642538, 513.36541689575358, 0.93566420443414555, 1.5933649294989953, 9628.9738787265651, 5686.8518317941698, 486.26085932129808, 503.53786023705578, 0, 0, 23.115333396760409
3.3500000000000001, 2926.0506945820002, 1707.4766914885622, 873.94609369951286, 513.29990391989554, 0.93450835943255217, 1.4807361144294495, 2925.8607834085324, 1707.5882634693507, 873.80949282884387, 513.380511178029, 0.88637324185393873, 1.5094282275422206, 9633.8364873197788, 5691.8872103965405, 486.26085932129808, 503.53786023705578, 0, 0, 23.105333396760408
3.3599999999999999, 2934.7903018138322, 1712.6099228548148, 873.95584668862864, 513.31539239013466, 0.97529891158001047, 1.5488470239126007, 2934.5990173278237, 1712.7223052617101, 873.81875889569767, 513.39628988330151, 0.92660668537514168, 1.5778705272555562, 9638.6990959129926, 5696.9225889989111, 486.26085932129808, 503.53786023705578, 0, 0, 23.09533339676041
3.3700000000000001, 2943.5299991391607, 1717.7432966564227, 873.96510391810671, 513.33005090389895, 0.92572294780935527, 1.4658513764283336, 2943.3373365644202, 1717.8564923368083, 873.82753540498675, 513.4112349676526, 0.87765092890707175, 1.4945084351081195, 9643.5617045062063, 5701.9579676012818, 486.26085932129808, 503.53786023705578, 0, 0, 23.085333396760408
3.3799999999999999, 2952.2697951202995, 1722.8768272006425, 873.97476671527136, 513.34538658262522, 0.96627971646516853, 1.5335678726237589, 2952.0757495664125, 1722.9908390697242, 873.8367119344764, 513.42686051694398, 0.91765294896184568, 1.5625549291317162, 9648.42431309942, 5706.9933462036524, 486.26085932129808, 503.53786023705578, 0, 0, 23.07533339676041
3.3900000000000001, 2961.0096803426763, 1728.010498736619, 873.98393706353556, 513.35989792596411, 0.91703482642593848, 1.4511343338904832, 2960.8142470396438, 1728.1253296383397, 873.84540219356984, 513.4416580800214, 0.86902590933927137, 1.4797563077475562, 9653.2869216926338, 5712.0287248060231, 486.26085932129808, 503.53786023705578, 0, 0, 23.065333396760408
3.3999999999999999, 2969.7496633176884, 1733.1443254855305, 873.99351068863848, 513.37508256943306, 0.95736251028784236, 1.5184643468938128, 2969.5528373817533, 1733.2599783313831, 873.85449020514852, 513.4571322295584, 0.9088011578727816, 1.5474149536982853, 9658.1495302858475, 5717.0641034083937, 486.26085932129808, 503.53786023705578, 0, 0, 23.05533339676041
3.4100000000000001, 2978.4897346909133, 1738.2782917985187, 874.0025951111993, 513.38944838902103, 0.90844225607945595, 1.4365819587908815, 2978.2915113582703, 1738.3947694290021, 873.86309516951826, 513.47178391777754, 0.86049643697449374, 1.4651688219196626, 9663.0121388790612, 5722.0994820107644, 486.26085932129808, 503.53786023705578, 0, 0, 23.045333396760409
3.4199999999999999, 2987.2299029238484, 1743.4124118124048, 874.01208056607538, 513.40448372207732, 0.94854548760754875, 1.5035333056342022, 2987.0302773173903, 1743.5297171352995, 873.87209566451918, 513.4871083924188, 0.90004950009029971, 1.5324474641228318, 9667.874747472275, 5727.1348606131351, 486.26085932129808, 503.53786023705578, 0, 0, 23.035333396760407
3.4300000000000002, 2995.9701587210375, 1748.5466699783153, 874.02108000128544, 513.41870563473333, 0.89994352100208386, 1.4221912655999183, 2995.7691260831539, 1748.6648058306732, 873.88061627241495, 513.50161582238161, 0.85206078957394338, 1.4507429962762814, 9672.7373560654887, 5732.1702392155057, 486.26085932129808, 503.53786023705578, 0, 0, 23.025333396760409
3.4399999999999999, 3004.7105104950806, 1753.6810803504104, 874.03047826995953, 513.43359335125308, 0.93982686741283461, 1.4887716519808329, 3004.5080659553064, 1753.8000496363022, 873.8895302343002, 513.51679231605658, 0.89139618852867408, 1.5176493674940987, 9677.5999646587024, 5737.2056178178764, 486.26085932129808, 503.53786023705578, 0, 0, 23.015333396760408
3.4500000000000002, 3013.4509490083196, 1758.8156274778196, 874.03939363924474, 513.4476729443594, 0.89153692852577082, 1.4079593106312946, 3013.2470878152399, 1758.9354330308465, 873.897967406985, 513.53115707496681, 0.84371726848291217, 1.4364758910204567, 9682.4625732519162, 5742.240996420247, 486.26085932129808, 503.53786023705578, 0, 0, 23.00533339676041
3.46, 3022.191482625446, 1763.9503253337132, 874.0487056881725, 513.46241470768564, 0.93120489277519658, 1.4741763326220128, 3021.986199915229, 1764.0709700542384, 873.90679580159167, 513.54618725110845, 0.88283946066987373, 1.5030176141606684, 9687.3251818451299, 5747.2763750226177, 486.26085932129808, 503.53786023705578, 0, 0, 22.995333396760408
3.4700000000000002, 3030.9321021654491, 1769.0851585632688, 874.0575378962601, 513.4763535395997, 0.8832208087552017, 1.3938831914061955, 3030.7253931928749, 1769.2066452814406, 873.91515044357459, 513.56041089718121, 0.83546419828634222, 1.4223646072809015, 9692.1877904383437, 5752.3117536249883, 486.26085932129808, 503.53786023705578, 0, 0, 22.98533339676041
3.48, 3039.6728159460863, 1774.2201410603154, 874.06676467456509, 513.49095098297096, 0.92267783050405749, 1.4597443371307479, 3039.4646758539475, 1774.3424726727919, 873.92389421935661, 513.57529638915196, 0.87437757820100948, 1.4885491970736364, 9697.0503990315574, 5757.347132227359, 486.26085932129808, 503.53786023705578, 0, 0, 22.975333396760409
3.4900000000000002, 3048.4136148418593, 1779.355257564152, 874.07551460970751, 513.50475058343113, 0.87499351423703386, 1.3799600460137209, 3048.20403889113, 1779.4784368976264, 873.9321672186212, 513.58938045201683, 0.82729992646131723, 1.4084062864823359, 9701.9130076247711, 5762.3825108297297, 486.26085932129808, 503.53786023705578, 0, 0, 22.965333396760407
3.5, 3057.1545071245519, 1784.4905218908909, 874.08465704941557, 513.51920531040423, 0.91424397080675868, 1.4454726973079626, 3056.94349046464, 1784.6145518383191, 873.94082730688774, 513.60412286352823, 0.86600882665734646, 1.4742411511398836, 9706.7756162179849, 5767.4178894321003, 486.26085932129808, 503.53786023705578, 0, 0, 22.955333396760409
3.5100000000000002, 3065.895483723059, 1789.6259188720528, 874.093325583612, 513.53286718092909, 0.86685341963937701, 1.3661870524908479, 3065.6830216211324, 1789.7508022566708, 873.94901953511817, 513.61806884462555, 0.81922282304025085, 1.3945981097350963, 9711.6382248111986, 5772.453268034471, 486.26085932129808, 503.53786023705578, 0, 0, 22.945333396760407
3.52, 3074.636552864139, 1794.7614622476351, 874.10238459988147, 513.54718076579445, 0.9059016269517236, 1.431358486533483, 3074.4226404762107, 1794.8872019587, 873.95759685026883, 513.63266975015142, 0.85773151506904433, 1.4600905525827861, 9716.5008334044123, 5777.4886466368416, 486.26085932129808, 503.53786023705578, 0, 0, 22.935333396760409
3.5300000000000002, 3083.3777055299761, 1799.8971369395074, 874.11097258909581, 513.56070638007645, 0.85879892142968239, 1.3525614282020741, 3083.1623381294053, 1800.023735796796, 873.96570916307155, 513.64647912312364, 0.81123128027307434, 1.3809372972240794, 9721.3634419976261, 5782.5240252392123, 486.26085932129808, 503.53786023705578, 0, 0, 22.925333396760408
3.54, 3092.1189499032371, 1805.0329566131311, 874.11994908044517, 513.57488036826771, 0.89764913493625453, 1.4173988191271476, 3091.9021226526324, 1805.1604175022051, 873.97420460282763, 513.66094006830679, 0.84954397561304984, 1.4460945183127558, 9726.2260505908398, 5787.5594038415829, 486.26085932129808, 503.53786023705578, 0, 0, 22.91533339676041
3.5500000000000003, 3100.860277018307, 1810.1689062788782, 874.12845736482075, 513.5882711725601, 0.85082843756089277, 1.3390804292351499, 3100.6419851972178, 1810.2972320160543, 873.98223783995059, 513.67461427938292, 0.80332371229813304, 1.3674211076135154, 9731.0886591840535, 5792.5947824439536, 486.26085932129808, 503.53786023705578, 0, 0, 22.905333396760408
3.5600000000000001, 3109.6016950146832, 1815.3049995292313, 874.1373522133523, 513.60230708105723, 0.88948485315358616, 1.4035908497110092, 3109.3819337923019, 1815.4341929963789, 873.99065228558322, 513.68893678143593, 0.8414445632648192, 1.4322502052985306, 9735.9512677772673, 5797.6301610463242, 486.26085932129808, 503.53786023705578, 0, 0, 22.89533339676041
3.5700000000000003, 3118.3431949778778, 1820.4412214612444, 874.14578161742384, 513.6155644945552, 0.84294040715440399, 1.3257413497936905, 3118.121959639941, 1820.571285471219, 873.99860727113128, 513.70247724981039, 0.79549855481047294, 1.3540468374482824, 9740.813876370481, 5802.6655396486949, 486.26085932129808, 503.53786023705578, 0, 0, 22.885333396760409
3.5800000000000001, 3127.0847850051264, 1825.5775855959557, 874.15459568904453, 513.62946381228107, 0.88140716207121339, 1.3899317725926337, 3126.8620707274008, 1825.7085230269386, 874.0069415876859, 513.71666279790998, 0.83343165546171583, 1.4185548099593324, 9745.6764849636947, 5807.7009182510656, 486.26085932129808, 503.53786023705578, 0, 0, 22.875333396760411
3.5899999999999999, 3135.8264562320105, 1830.7140771153067, 874.16294702194648, 513.64258922749718, 0.83513329019500471, 1.3125415216119605, 3135.6022583064173, 1830.8458907766908, 874.01481913033331, 513.73007091611578, 0.78775426474247201, 1.3408118205771793, 9750.5390935569085, 5812.7362968534362, 486.26085932129808, 503.53786023705578, 0, 0, 22.865333396760409
3.6000000000000001, 3144.5682167143996, 1835.8507094704048, 874.17168116658547, 513.65635341570862, 0.8734144639036785, 1.376418821141336, 3144.3425303232684, 1835.9834022366872, 874.02307416685096, 513.74412097179129, 0.82550365176147034, 1.4050055675496074, 9755.4017021501222, 5817.7716754558069, 486.26085932129808, 503.53786023705578, 0, 0, 22.855333396760408
3.6099999999999999, 3153.3100576369006, 1840.9874679263089, 874.17995522225772, 513.66934819884227, 0.82740556722067671, 1.2994783133631582, 3153.0828780783349, 1841.1210426034193, 874.03087506005033, 513.75739810606694, 0.78008931993990838, 1.3277134275693638, 9760.264310743336, 5822.8070540581775, 486.26085932129808, 503.53786023705578, 0, 0, 22.84533339676041
3.6200000000000001, 3162.0519870149005, 1846.1243658656874, 874.1886102740807, 513.68297869151411, 0.86550518229686024, 1.363049267185775, 3161.8233094777815, 1846.2588253244426, 874.03905164978551, 513.77131410358254, 0.8176589735125106, 1.3915997515649106, 9765.1269193365497, 5827.8424326605482, 486.26085932129808, 503.53786023705578, 0, 0, 22.835333396760408
3.6299999999999999, 3170.7939960810022, 1851.261388634972, 874.19680783147089, 513.69584418281488, 0.81975573901944931, 1.2865491300815226, 3170.5638158696124, 1851.3967356778383, 874.04677667197393, 513.78446159423402, 0.77250221884548276, 1.314749065144375, 9769.9895279297634, 5832.8778112629188, 486.26085932129808, 503.53786023705578, 0, 0, 22.82533339676041
3.6400000000000001, 3179.5360928109812, 1856.3985495498632, 874.20538460909097, 513.70934238701898, 0.8576777620112408, 1.3498204204119069, 3179.3044051207416, 1856.5347870439816, 874.0548756326092, 513.79824494096545, 0.80989606352378218, 1.3783346731478499, 9774.8521365229772, 5837.9131898652895, 486.26085932129808, 503.53786023705578, 0, 0, 22.815333396760408
3.6499999999999999, 3188.278268484421, 1861.5358340364453, 874.21350643235428, 513.72207990114498, 0.81218232633303478, 1.2737514125977401, 3188.0450686257896, 1861.6729647808177, 874.06252554741104, 513.81126410272157, 0.76499148018951091, 1.3019161756152322, 9779.7147451161909, 5842.9485684676602, 486.26085932129808, 503.53786023705578, 0, 0, 22.80533339676041
3.6600000000000001, 3197.0205310383449, 1866.673255344901, 874.22200573904036, 513.73544719742267, 0.84993066861221733, 1.3367296277747278, 3196.7858142132714, 1866.8112822029971, 874.07054768126841, 513.82491617952667, 0.80221338574200896, 1.3652076805075881, 9784.5773537094046, 5847.9839470700308, 486.26085932129808, 503.53786023705578, 0, 0, 22.795333396760409
3.6699999999999999, 3205.7628717983157, 1871.8107989792709, 874.23005257773593, 513.7480580237924, 0.80468386956000426, 1.2610826369755046, 3205.5266333234304, 1871.9497247466277, 874.07812323769519, 513.83780830188994, 0.75755564268062991, 1.2892122363324099, 9789.4399623026184, 5853.0193256724015, 486.26085932129808, 503.53786023705578, 0, 0, 22.785333396760407
3.6800000000000002, 3214.5052986634514, 1876.9484781256497, 874.23847520161758, 513.76129576652147, 0.8422623881594129, 1.3237742729103077, 3214.267533747221, 1877.0883056620703, 874.08606933194449, 513.85133046347335, 0.79460942492844244, 1.3522161583393473, 9794.3025708958321, 5858.0547042747721, 486.26085932129808, 503.53786023705578, 0, 0, 22.775333396760409
3.6899999999999999, 3223.2478030043067, 1882.086278364362, 874.24644779090215, 513.77378116966099, 0.79725892846274171, 1.2485403139562534, 3223.0085069695301, 1882.227010461919, 874.09357126459145, 513.86409681106466, 0.75019326470068337, 1.2766347591357494, 9799.1651794890458, 5863.0900828771428, 486.26085932129808, 503.53786023705578, 0, 0, 22.765333396760408
3.7000000000000002, 3231.9903926829297, 1887.224212818825, 874.25479450517128, 513.78689068741664, 0.83467142690668916, 1.3109517755675957, 3231.749560744579, 1887.3658523336587, 874.10144209145494, 513.87749038633729, 0.78708268634662681, 1.3393575272635043, 9804.0277880822596, 5868.1254614795134, 486.26085932129808, 503.53786023705578, 0, 0, 22.75533339676041
3.71, 3240.7330591138939, 1892.3622671439973, 874.26269356599005, 513.7992519073008, 0.78990608187938505, 1.2361219884140455, 3240.4906866009319, 1892.5048168647156, 874.10887112069497, 513.8901321992355, 0.74290292400496816, 1.2641812898163001, 9808.8903966754733, 5873.1608400818841, 486.26085932129808, 503.53786023705578, 0, 0, 22.745333396760408
3.7200000000000002, 3249.4758101230004, 1897.5004544020089, 874.27096512909998, 513.81223450321113, 0.82715631099526787, 1.2982595910305716, 3249.2318922568929, 1897.6439171810944, 874.11666743764943, 513.90339849166799, 0.77963169544381572, 1.3266292432547127, 9813.753005268687, 5878.1962186842547, 486.26085932129808, 503.53786023705578, 0, 0, 22.73533339676041
3.73, 3258.2186371678804, 1902.6387603208268, 874.2787913683743, 513.82447275559923, 0.78262392743637321, 1.2238252388132129, 3257.9731692837522, 1902.7831389434223, 874.12402426982362, 513.91591698574382, 0.73568321742350573, 1.2518494075806839, 9818.6156138619008, 5883.2315972866254, 486.26085932129808, 503.53786023705578, 0, 0, 22.725333396760409
3.7400000000000002, 3266.961548038902, 1907.7771979026643, 874.28698852423588, 513.83732970769495, 0.81971558616261531, 1.285695209568523, 3266.7145253647, 1907.9224952175994, 874.1317468197991, 513.92905727371476, 0.77225499754837224, 1.3140287970990172, 9823.4782224551145, 5888.2669758889961, 486.26085932129808, 503.53786023705578, 0, 0, 22.715333396760407
3.75, 3275.7045342358065, 1912.9157529468928, 874.29474263504858, 513.84944618446173, 0.77541108126796443, 1.2116476766793671, 3275.4559521128122, 1913.0619717358452, 874.13903214740481, 513.94145364096005, 0.72853276056960625, 1.2396367245286275, 9828.3408310483283, 5893.3023544913667, 486.26085932129808, 503.53786023705578, 0, 0, 22.705333396760409
3.7600000000000002, 3284.4476035143298, 1918.0544383971608, 874.30286611322299, 513.8621787460205, 0.81234781744429529, 1.2732561558763187, 3284.1974571769597, 1918.2015815053119, 874.14668165898036, 513.95446917809841, 0.76495115756065712, 1.3015537138406685, 9833.203439641542, 5898.3377330937374, 486.26085932129808, 503.53786023705578, 0, 0, 22.695333396760407
3.77, 3293.1907474153886, 1923.1932401226629, 874.31054877500037, 513.87417461548125, 0.76826617773676387, 1.1995869460737527, 3292.9390322110776, 1923.3413103282257, 874.15389616085588, 513.96674458694974, 0.72145018754983103, 1.2275408851336136, 9838.0660482347557, 5903.373111696108, 486.26085932129808, 503.53786023705578, 0, 0, 22.685333396760409
3.7800000000000002, 3301.9339736608767, 1928.332171009816, 874.31859929088921, 513.88678401536663, 0.80505158888843842, 1.2609399885374561, 3301.6806848305, 1928.481171154328, 874.16147334845243, 513.97963660247228, 0.75771875965677049, 1.2892015522515636, 9842.9286568279695, 5908.4084902984787, 486.26085932129808, 503.53786023705578, 0, 0, 22.675333396760408
3.79, 3310.677273831966, 1933.4712169960781, 874.3262111695808, 513.89866042259746, 0.76118786916052006, 1.1876407230796837, 3310.422406729107, 1933.6211498542875, 874.16861768995921, 513.99179219812959, 0.71443415068053084, 1.2155595657354343, 9847.7912654211832, 5913.4438689008493, 486.26085932129808, 503.53786023705578, 0, 0, 22.66533339676041
3.8000000000000003, 3319.4206556174872, 1938.610390911949, 874.33418942461344, 513.91114786559228, 0.79782550326480273, 1.2487442994797238, 3319.1642054894678, 1938.7612593217546, 874.17612325402911, 514.00456189717249, 0.75055640698735959, 1.2769699042930283, 9852.6538740143969, 5918.47924750322, 486.26085932129808, 503.53786023705578, 0, 0, 22.655333396760408
3.8100000000000001, 3328.164110637957, 1943.7496787616121, 874.34173117286878, 513.92290593274515, 0.75417482553511261, 1.1758067152841909, 3327.9060728445061, 1943.9014854942973, 874.18319808723106, 514.01659880191278, 0.7074833202010089, 1.2036904740277039, 9857.5164826076107, 5923.5146261055907, 486.26085932129808, 503.53786023705578, 0, 0, 22.64533339676041
3.8200000000000003, 3336.9076465499129, 1948.8890933209466, 874.34963785468665, 513.93527259987957, 0.79066818178240861, 1.2366667134467795, 3336.6480163447868, 1949.0418412107756, 874.19063271444486, 514.02924736585874, 0.74346272138526881, 1.264856394593356, 9862.3790912008244, 5928.5500047079613, 486.26085932129808, 503.53786023705578, 0, 0, 22.635333396760409
3.8300000000000001, 3345.6512550123198, 1954.0286206593446, 874.35711011202932, 513.94691342649242, 0.74722573427038841, 1.1640826612826509, 3345.3900277613889, 1954.1823124741366, 874.19763867828487, 514.04116667934443, 0.7005963839997269, 1.1919313485682337, 9867.2416997940381, 5933.585383310332, 486.26085932129808, 503.53786023705578, 0, 0, 22.625333396760411
3.8399999999999999, 3354.3949436501798, 1959.1682734993426, 874.36494589466747, 513.9591604753673, 0.78357826381519247, 1.2247048874846793, 3354.1321146136233, 1959.322912069732, 874.20500304171571, 514.05369526614379, 0.73643634308147765, 1.2528586799401391, 9872.1043083872519, 5938.6207619127026, 486.26085932129808, 503.53786023705578, 0, 0, 22.615333396760409
3.8500000000000001, 3363.1387041600215, 1964.3080379740459, 874.37234928766668, 513.97068513866918, 0.74033929992506065, 1.1524663301833236, 3362.8742687098475, 1964.4636260643872, 874.2119407621891, 514.06549806572673, 0.69377204733994369, 1.1802799582891019, 9876.9669169804656, 5943.6561405150733, 486.26085932129808, 503.53786023705578, 0, 0, 22.605333396760408
3.8599999999999999, 3371.8825441360591, 1969.4479267539091, 874.38011483173284, 513.98281370377333, 0.77655440661968034, 1.212856510416592, 3371.6164975388588, 1969.6044671912118, 874.21923552149326, 514.07790781021436, 0.72947593041353143, 1.2409744487605079, 9881.8295255736793, 5948.6915191174439, 486.26085932129808, 503.53786023705578, 0, 0, 22.59533339676041
3.8700000000000001, 3380.6264553115129, 1974.5879260342749, 874.38744997417223, 513.99422325898445, 0.73351424393945153, 1.1409555211097384, 3380.3587929454284, 1974.7454215794294, 874.22610561181909, 514.08959515123445, 0.6870090325835797, 1.1687341020043476, 9886.6921341668931, 5953.7268977198146, 486.26085932129808, 503.53786023705578, 0, 0, 22.585333396760408
3.8799999999999999, 3389.3704452505476, 1979.72804843476, 874.3951459270229, 514.00623445200779, 0.76959528506428621, 1.2011193023383917, 3389.1011623885706, 1979.8865019111547, 874.23333141341459, 514.10188716544064, 0.72258015954579324, 1.2292014206221313, 9891.5547427601068, 5958.7622763221852, 486.26085932129808, 503.53786023705578, 0, 0, 22.57533339676041
3.8900000000000001, 3398.1145057222134, 1984.8682802114895, 874.40241342006675, 514.01752993263506, 0.72674930438314223, 1.1295480627293584, 3397.8435977486165, 1985.0276943765502, 874.24013447420384, 514.11346008152009, 0.68030607893012052, 1.1572916079438627, 9896.4173513533206, 5963.7976549245559, 486.26085932129808, 503.53786023705578, 0, 0, 22.565333396760408
3.8999999999999999, 3406.8586442613528, 1990.008633934468, 874.41004041598035, 514.02942484277628, 0.76269959136387289, 1.1894910141244646, 3406.586106455517, 1990.1690116079674, 874.24729195144585, 514.12563545497756, 0.7157477241952328, 1.2175373457442735, 9901.2799599465343, 5968.8330335269266, 486.26085932129808, 503.53786023705578, 0, 0, 22.55533339676041
3.9100000000000001, 3415.6028526719979, 1995.1490959191676, 874.41724084833731, 514.04060726090404, 0.72004323569668516, 1.1182418127736953, 3415.3286804243226, 1995.3104398550672, 874.25402857086738, 514.13709495831029, 0.67366194214999497, 1.1459503332784944, 9906.142568539748, 5973.8684121292972, 486.26085932129808, 503.53786023705578, 0, 0, 22.545333396760409
3.9199999999999999, 3424.3471384603863, 2000.2896786871906, 874.4247995086854, 514.05238695517335, 0.75586603480963077, 1.1779694269270824, 3424.0713270566316, 2000.451991701651, 874.2611183442209, 514.14915475835528, 0.70897733535292884, 1.2059800045021782, 9911.0051771329618, 5978.9037907316679, 486.26085932129808, 503.53786023705578, 0, 0, 22.535333396760407
3.9300000000000002, 3433.0914934646944, 2005.430368611941, 874.4319334567698, 514.06345730174905, 0.71339480843984215, 1.1070346575706353, 3432.8140383013829, 2005.5936534554592, 874.26778909816414, 514.16050183999187, 0.66707539432470808, 1.1347081636572218, 9915.8677857261755, 5983.9391693340385, 486.26085932129808, 503.53786023705578, 0, 0, 22.525333396760409
3.9399999999999999, 3441.8359251632633, 2010.5711781678112, 874.43942439018485, 514.07512282526602, 0.74909334150859641, 1.1665523516932199, 3441.5568215325225, 2010.7354376529402, 874.27481177537425, 514.17244711206138, 0.7022677210154078, 1.1945272069487878, 9920.7303943193892, 5988.9745479364092, 486.26085932129808, 503.53786023705578, 0, 0, 22.515333396760408
3.9500000000000002, 3450.5804254275863, 2015.7120937847405, 874.44649241827528, 514.08608207038174, 0.70680280903907933, 1.0959245115768093, 3450.2996687320597, 2015.8773306585126, 874.28141722761006, 514.18368274218881, 0.66054522358655254, 1.1235630127441882, 9925.593002912603, 5994.0099265387798, 486.26085932129808, 503.53786023705578, 0, 0, 22.50533339676041
3.96, 3459.3250017088071, 2020.8531278910887, 874.4539162208165, 514.09763444666851, 0.74238025412246178, 1.1552376286814952, 3459.0425872469796, 2021.0193449624533, 874.28837340386917, 514.19551451011216, 0.6956176259155975, 1.1831767923363898, 9930.4556115058167, 5999.0453051411505, 486.26085932129808, 503.53786023705578, 0, 0, 22.495333396760408
3.9700000000000002, 3468.0696459109213, 2025.9942669719528, 874.46091888121191, 514.10848353983783, 0.70026603954643685, 1.0849093169301913, 3467.7855690915535, 2026.1614669844776, 874.2949141062079, 514.20663963832988, 0.65407023386984053, 1.1125128217758777, 9935.3182200990304, 6004.0806837435211, 486.26085932129808, 503.53786023705578, 0, 0, 22.48533339676041
3.98, 3476.8143654585633, 2031.1355234108203, 874.46827613652806, 514.11992377110778, 0.73572553161450749, 1.1440231269939398, 3476.5286215864871, 2031.3037091698552, 874.30180436432056, 514.21835890461637, 0.68902581126209972, 1.1719266286529799, 9940.1808286922442, 6009.1160623458918, 486.26085932129808, 503.53786023705578, 0, 0, 22.475333396760409
3.9900000000000002, 3485.5591522874261, 2036.2768837465878, 874.47521396970205, 514.13066364153769, 0.69378331739401633, 1.0739870429965945, 3485.2717367775172, 2036.4460579922352, 874.30828085676717, 514.22937446020751, 0.64764924465810503, 1.1015555591119779, 9945.0434372854579, 6014.1514409482625, 486.26085932129808, 503.53786023705578, 0, 0, 22.465333396760407
4, 3494.3040137963153, 2041.4183603190147, 874.48250524919206, 514.14199270897882, 0.72912794899643885, 1.1329067441088441, 3494.0149219597429, 2041.5885258530291, 874.31510576731193, 514.24098220632914, 0.68249105447866532, 1.1607746121595217, 9949.9060458786716, 6019.1868195506331, 486.26085932129808, 503.53786023705578, 0, 0, 22.455333396760409
4.0099999999999998, 3503.0489419518285, 2046.5599397194574, 874.48937878394361, 514.15262426583809, 0.68735347515622247, 1.0631556859302844, 3502.7581692095796, 2046.7310992784753, 874.3215185782193, 514.25188909852716, 0.64128109073923478, 1.0906892198002576, 9954.7686544718854, 6024.2221981530038, 486.26085932129808, 503.53786023705578, 0, 0, 22.445333396760411
4.0200000000000005, 3511.7939441276126, 2051.7016342450765, 874.49660464691442, 514.16384312989226, 0.72258629707854038, 1.1218864054203395, 3511.5014857971842, 2051.8737906272604, 874.32827869970879, 514.26338628519648, 0.67601214894723238, 1.149718666933804, 9959.6312630650991, 6029.2575767553744, 486.26085932129808, 503.53786023705578, 0, 0, 22.435333396760409
4.0300000000000002, 3520.5390123203856, 2056.8434305383657, 874.5034144005175, 514.17436726257461, 0.68097536031081385, 1.0524132682337433, 3520.2448638288747, 2057.016586476886, 874.33462834592842, 514.27418540344786, 0.63496462195970882, 1.0799118251404225, 9964.4938716583129, 6034.2929553577451, 486.26085932129808, 503.53786023705578, 0, 0, 22.425333396760408
4.04, 3529.2841538792982, 2061.9853408550011, 874.51057539433975, 514.18547686321244, 0.71609938222255365, 1.1109600637836907, 3528.9883105505196, 2062.1594991444322, 874.341324224966, 514.28557297089208, 0.66958790375392896, 1.1387567444198576, 9969.3564802515266, 6039.3283339601157, 486.26085932129808, 503.53786023705578, 0, 0, 22.41533339676041
4.0499999999999998, 3538.0293608304169, 2067.127351887309, 874.51732187268976, 514.19589444159567, 0.67464783500459014, 1.041757838326288, 3537.7318180975749, 2067.3025152573546, 874.34761121199585, 514.29626518511463, 0.62869870298367503, 1.0692214222567018, 9974.2190888447403, 6044.3637125624864, 486.26085932129808, 503.53786023705578, 0, 0, 22.405333396760408
4.0600000000000005, 3546.7746404990476, 2072.26947585058, 874.52441853295079, 514.20689569858644, 0.70966602610061447, 1.1001256990718389, 3546.4753936922662, 2072.4456470922291, 874.35424338343023, 514.30754405334449, 0.66321714344132865, 1.1278868229885151, 9979.0816974379541, 6049.3990911648571, 486.26085932129808, 503.53786023705578, 0, 0, 22.395333396760407
4.0700000000000003, 3555.5199849398437, 2077.4116994856863, 874.53110223070905, 514.21720757328774, 0.66836977582681012, 1.0311874701266579, 3555.2190294984325, 2077.588881325175, 874.36046820556078, 514.31813021418134, 0.62248221305991058, 1.0586160836843166, 9983.9443060311678, 6054.4344697672277, 486.26085932129808, 503.53786023705578, 0, 0, 22.385333396760409
4.0800000000000001, 3564.2654014549107, 2082.5540349686166, 874.53813508136363, 514.22810138646503, 0.70328506545287317, 1.0893813177308351, 3563.9627327152944, 2082.7322301933527, 874.36703719263835, 514.32930128325631, 0.65689870775966852, 1.1171069074966948, 9988.8069146243815, 6059.4698483695984, 486.26085932129808, 503.53786023705578, 0, 0, 22.375333396760411
4.0899999999999999, 3573.0108821267354, 2087.6964690875207, 874.54475648209939, 514.23830838909134, 0.6621400735767532, 1.0207002626268822, 3572.7064955343276, 2087.8756804202712, 874.37320033309618, 514.33978222232577, 0.61631404578326154, 1.0480939069470285, 9993.6695232175953, 6064.505226971969, 486.26085932129808, 503.53786023705578, 0, 0, 22.365333396760409
4.0999999999999996, 3581.7564342348592, 2092.8390139801545, 874.551726035618, 514.2490956386149, 0.69695535185658686, 1.0787249523554954, 3581.4503251323763, 2093.0192442047487, 874.37970664761042, 514.35084637261446, 0.65063145142964063, 1.1064150288668444, 9998.532131810809, 6069.5406055743397, 486.26085932129808, 503.53786023705578, 0, 0, 22.355333396760408
4.1100000000000003, 3590.5020498888603, 2097.9816564806915, 874.55828561194846, 514.25919858200973, 0.65595763304382704, 1.0102943394880937, 3590.1942137278188, 2098.1629083164271, 874.38580857869908, 514.36122290275603, 0.61019310886869926, 1.0376530141565934, 10003.394740404023, 6074.5759841767103, 486.26085932129808, 503.53786023705578, 0, 0, 22.34533339676041
4.1200000000000001, 3599.2477363463427, 2103.1244086897109, 874.56519236946326, 514.26988012862228, 0.69067575148543636, 1.0681546612497776, 3598.9381684757423, 2103.3066849168413, 874.39225272113799, 514.37218099519248, 0.64441424389579205, 1.0958092436508795, 10008.257348997236, 6079.611362779081, 486.26085932129808, 503.53786023705578, 0, 0, 22.335333396760408
4.1299999999999999, 3607.9934857432431, 2108.2672574861745, 874.57169058319107, 514.27987980710861, 0.64982137278217222, 0.99996784862815324, 3607.6821816207021, 2108.4505608205259, 874.39829390437717, 514.38245391070848, 0.60411832392019083, 1.0272915516038372, 10013.11995759045, 6084.6467413814516, 486.26085932129808, 503.53786023705578, 0, 0, 22.32533339676041
4.1399999999999997, 3616.7393053158467, 2113.4102149345249, 874.57853503463991, 514.29045649238878, 0.68444514488359676, 1.0576685280127849, 3616.426260296641, 2113.5945481527779, 874.40467636406811, 514.39330678704471, 0.63824596909471876, 1.0852876336197272, 10017.982566183664, 6089.6821199838223, 486.26085932129808, 503.53786023705578, 0, 0, 22.315333396760408
4.1500000000000004, 3625.4851872257268, 2118.553267957293, 874.58497233688888, 514.30035368200697, 0.64373022489320353, 0.98971896182346975, 3625.1703967735757, 2118.7386337718017, 874.41065725033013, 514.40347686393829, 0.59808862620762604, 1.0170076893638587, 10022.845174776878, 6094.717498586193, 486.26085932129808, 503.53786023705578, 0, 0, 22.30533339676041
4.1600000000000001, 3634.2311386884599, 2123.6964285838121, 874.5917549611562, 514.31082632861819, 0.67826242673546844, 1.0472646611185099, 3633.9145981649076, 2123.8828297676869, 874.41697850558228, 514.41422534699177, 0.63212552521921517, 1.0748483053464328, 10027.707783370091, 6099.7528771885636, 486.26085932129808, 503.53786023705578, 0, 0, 22.295333396760409
4.1699999999999999, 3642.9771518905418, 2128.8396837789796, 874.59813179250432, 514.32062178736135, 0.63768313480856553, 0.97954587431244899, 3642.658856765408, 2129.0271230410999, 874.42289953522675, 514.42429334320082, 0.59210296444437949, 1.006799620902727, 10032.570391963305, 6104.7882557909343, 486.26085932129808, 503.53786023705578, 0, 0, 22.285333396760407
4.1799999999999997, 3651.7232340274427, 2133.9830455380325, 874.60485305756072, 514.33099119929648, 0.67212650564422649, 1.0369411935112363, 3651.403179668534, 2134.1715256479406, 874.42916005347161, 514.43493823709889, 0.62605182449134822, 1.0644893898048637, 10037.433000556519, 6109.8236343933049, 486.26085932129808, 503.53786023705578, 0, 0, 22.275333396760409
4.1900000000000004, 3660.4693773098775, 2139.1265008670462, 874.61116984817147, 514.34068566734061, 0.63167906107919614, 0.96944680441002917, 3660.1475591931139, 2139.316024530146, 874.43502165647726, 514.44490489272584, 0.58616030057111279, 0.99666556269519124, 10042.295609149733, 6114.8590129956756, 486.26085932129808, 503.53786023705578, 0, 0, 22.265333396760408
4.2000000000000002, 3669.2155889138048, 2144.2700617281621, 874.6178302112105, 514.35095263016262, 0.66603630390690804, 1.0266962821960952, 3668.8920024132476, 2144.4606317104294, 874.44122189440657, 514.45544698314552, 0.620023792932341, 1.0542090419634058, 10047.158217742946, 6119.8943915980462, 486.26085932129808, 503.53786023705578, 0, 0, 22.25533339676041
4.21, 3677.9618610734633, 2149.4137151674627, 874.62408738096212, 514.36054683009388, 0.62571697516295155, 0.95941999312070303, 3677.6365016711329, 2149.6053341708239, 874.44702449050192, 514.46531302068388, 0.58025960953837263, 0.9866037538407354, 10052.02082633616, 6124.9297702004169, 486.26085932129808, 503.53786023705578, 0, 0, 22.245333396760408
4.2199999999999998, 3686.7082009458863, 2154.55747311498, 874.63068728853511, 514.37071211117234, 0.65999075729638101, 1.0165281078419979, 3686.3810640220936, 2154.750143901847, 874.45316489420327, 514.47575307508782, 0.614040370139459, 1.0440054403909633, 10056.883434929374, 6129.9651488027876, 486.26085932129808, 503.53786023705578, 0, 0, 22.23533339676041
4.2300000000000004, 3695.4546007881509, 2159.7013226556473, 874.63688524714723, 514.38020674820996, 0.61979586121657482, 0.94946370375963418, 3695.1256818310176, 2159.8950479244663, 874.45890889299426, 514.48551919964473, 0.57439987909367607, 0.97661245568764232, 10061.746043522588, 6135.0005274051582, 486.26085932129808, 503.53786023705578, 0, 0, 22.225333396760409
4.2400000000000002, 3704.2010677389444, 2164.8452756883607, 874.64342513529573, 514.39027109695382, 0.65398881484655569, 1.0064348743908447, 3703.8703621350237, 2165.0400581979807, 874.46498989808492, 514.49585796751342, 0.60810050906630109, 1.0338767868691403, 10066.608652115801, 6140.0359060075289, 486.26085932129808, 503.53786023705578, 0, 0, 22.215333396760407
4.25, 3712.9475940775046, 2169.9893193357634, 874.64956428245466, 514.39966685916966, 0.61391471589081337, 0.93957622157985976, 3712.615097321021, 2170.1851617811485, 874.47067569918067, 514.50552486702804, 0.56858010957190341, 0.96668995146305181, 10071.471260709015, 6145.0712846098995, 486.26085932129808, 503.53786023705578, 0, 0, 22.205333396760409
4.2599999999999998, 3721.6941869247448, 2175.1334654665766, 874.65604457684105, 514.40963100725639, 0.64802943863941609, 0.99641480867062093, 3721.3598944084893, 2175.3303706030147, 874.47669773093878, 514.51576308008816, 0.60220317580509186, 1.0238213060082022, 10076.333869302229, 6150.1066632122702, 486.26085932129808, 503.53786023705578, 0, 0, 22.195333396760411
4.2700000000000005, 3730.4408385813954, 2180.277701240027, 874.66212530232235, 514.41892856579045, 0.60807254812967326, 0.92975585340719236, 3730.1047458056955, 2180.4756717589976, 874.48232572407574, 514.52533142554728, 0.56279931368996139, 0.95683454591063621, 10081.196477895443, 6155.1420418146408, 486.26085932129808, 503.53786023705578, 0, 0, 22.185333396760409
4.2800000000000002, 3739.1875561511592, 2185.4220384956088, 874.66854641835823, 514.42879322739054, 0.64211160359278396, 0.98646616001053666, 3738.8496585150388, 2185.62107714884, 874.48828919756943, 514.53546979799592, 0.59634734936989275, 1.0138372448649686, 10086.059086488656, 6160.1774204170115, 486.26085932129808, 503.53786023705578, 0, 0, 22.175333396760408
4.29, 3747.9343319555996, 2190.5664644280218, 874.67456910214787, 514.43799323666326, 0.60226837896876029, 0.92000092727438687, 3747.5946249654917, 2190.7665739035046, 874.49385976273288, 514.54494024364521, 0.55705651634073861, 0.94704456492742184, 10090.92169508187, 6165.2127990193821, 486.26085932129808, 503.53786023705578, 0, 0, 22.16533339676041
4.2999999999999998, 3756.6811730817658, 2195.7109908484686, 874.68093144512045, 514.4477591086619, 0.63623429725504044, 0.97658719986856668, 3756.3396521429222, 2195.9121738943718, 874.49976508294776, 514.55497947237097, 0.59053202148686568, 1.003922872573052, 10095.784303675084, 6170.2481776217528, 486.26085932129808, 503.53786023705578, 0, 0, 22.155333396760408
4.3100000000000005, 3765.4280718714031, 2200.855604986024, 874.68689645753386, 514.45686220658263, 0.59650124134103855, 0.91030979206843188, 3765.0847324963647, 2201.0578642868486, 874.50527859049168, 514.56435265592313, 0.55135075439455405, 0.93731835521368723, 10100.646912268297, 6175.2835562241235, 486.26085932129808, 503.53786023705578, 0, 0, 22.145333396760407
4.3200000000000003, 3774.1750353954562, 2206.0003186245231, 874.69320042272989, 514.4665299687972, 0.63039651959903309, 0.96677622145841124, 3773.8298729956991, 2206.2036569248799, 874.51112615245552, 514.57429342072282, 0.58475619638392029, 0.99407647997239623, 10105.509520861511, 6180.3189348264941, 486.26085932129808, 503.53786023705578, 0, 0, 22.135333396760409
4.3300000000000001, 3782.9220560152107, 2211.1451190263338, 874.69910812452872, 514.47553677696897, 0.59077017987858016, 0.90068081717189996, 3782.5750661093853, 2211.3495390072299, 874.51658296322046, 514.58356996356201, 0.54568107649683451, 0.92765428391678084, 10110.372129454725, 6185.3543134288648, 486.26085932129808, 503.53786023705578, 0, 0, 22.125333396760411
4.3399999999999999, 3791.6691407860485, 2216.2900179488342, 874.70535409735692, 514.4851070923628, 0.62459728282116833, 0.95703153938585706, 3791.3203187918512, 2216.4955223513225, 874.52237315212631, 514.59341292735451, 0.57901889058565681, 0.98429637924815472, 10115.234738047939, 6190.3896920312354, 486.26085932129808, 503.53786023705578, 0, 0, 22.115333396760409
4.3500000000000005, 3800.4162820881597, 2221.4350026866168, 874.71120483986419, 514.49401821628408, 0.58507425072536201, 0.8911123921234283, 3800.0656235303541, 2221.6415941882069, 874.52777361755511, 514.6025934347374, 0.54004654287685416, 0.91805073829406059, 10120.097346641152, 6195.4250706336061, 486.26085932129808, 503.53786023705578, 0, 0, 22.105333396760408
4.3600000000000003, 3809.1634869619002, 2226.5800849715029, 874.71739319597566, 514.50349173117695, 0.61883561114116326, 0.94735148928696633, 3808.8109872643995, 2226.7877663096897, 874.53350680888218, 514.61233924377314, 0.57331913270913126, 0.97458090357129512, 10124.959955234366, 6200.4604492359767, 486.26085932129808, 503.53786023705578, 0, 0, 22.09533339676041
4.3700000000000001, 3817.9107478057381, 2231.7252521292535, 874.72318732118913, 514.51230776043963, 0.57941252134565258, 0.88160292627154757, 3817.5564024994219, 2231.9340259780461, 874.53885127113369, 514.62142430502684, 0.5344462251522949, 0.90850612536904185, 10129.82256382758, 6205.4958278383474, 486.26085932129808, 503.53786023705578, 0, 0, 22.085333396760408
4.3799999999999999, 3826.658071645531, 2236.8705158670218, 874.72931842659523, 514.52168510471438, 0.61311054060560799, 0.93773442747333635, 3826.3018761605276, 2237.0803849603572, 874.54452783076636, 514.63107358909429, 0.56765596326355316, 0.96492840674620561, 10134.685172420794, 6210.5312064407181, 486.26085932129808, 503.53786023705578, 0, 0, 22.07533339676041
4.3899999999999997, 3835.4054508974073, 2242.015863540696, 874.73505626729855, 514.53040661319869, 0.57378407033385315, 0.87215084843161306, 3835.0474007707162, 2242.2268305490788, 874.54981662282773, 514.64006377781016, 0.52887920613540573, 0.8990188715905657, 10139.547781014007, 6215.5665850430887, 486.26085932129808, 503.53786023705578, 0, 0, 22.065333396760408
4.4000000000000004, 3844.1528925732482, 2247.1613068336378, 874.74113047848743, 514.53968840050447, 0.60742111889363537, 0.92817873058156031, 3843.7929832412096, 2247.3733744874462, 874.55543690717229, 514.64961715043876, 0.56202843445222395, 0.95533726286242016, 10144.410389607221, 6220.6019636454594, 486.26085932129808, 503.53786023705578, 0, 0, 22.05533339676041
4.4100000000000001, 3852.9003891062312, 2252.3068331308336, 874.74681235835976, 514.54831594657014, 0.56818798723570296, 0.86275460656233249, 3852.5386161119682, 2252.520004097064, 874.56067035296883, 514.65851302466388, 0.52334457965052028, 0.88958742251156275, 10149.272998200435, 6225.63734224783, 486.26085932129808, 503.53786023705578, 0, 0, 22.045333396760409
4.4199999999999999, 3861.6479474947755, 2257.4524540927187, 874.75283002241099, 514.55750277452239, 0.60176640512465474, 0.91868279522679985, 3861.2843062808392, 2257.6667310981907, 874.56623470906857, 514.66797108332332, 0.55643560997667207, 0.9458058659503783, 10154.135606793649, 6230.6727208502007, 486.26085932129808, 503.53786023705578, 0, 0, 22.035333396760407
4.4299999999999997, 3870.3955601885054, 2262.5981571323641, 874.75845625613465, 514.56603690119675, 0.56262337236345994, 0.85341266743289312, 3870.0300463041476, 2262.8135428405603, 874.57141312357203, 514.67677318574795, 0.51784145034579177, 0.88021024245827606, 10158.998215386862, 6235.7080994525713, 486.26085932129808, 503.53786023705578, 0, 0, 22.025333396760409
4.4400000000000004, 3879.1432341728873, 2267.7439538881317, 874.76441771083137, 514.57512935157342, 0.59614546967035031, 0.90924503766411924, 3878.7758430668682, 2267.9604510223121, 874.57692188922044, 514.68613651204441, 0.55087656484514969, 0.93633262964488828, 10163.860823980076, 6240.743478054942, 486.26085932129808, 503.53786023705578, 0, 0, 22.015333396760408
4.4500000000000002, 3887.890961913396, 2272.8898318001748, 874.76998860419758, 514.58357058673641, 0.55708933661591176, 0.84412351629875815, 3887.5216891411005, 2273.1074430203048, 874.58204557855549, 514.6948453701865, 0.51236893350983825, 0.87088581420810462, 10168.72343257329, 6245.7788566573126, 486.26085932129808, 503.53786023705578, 0, 0, 22.00533339676041
4.46, 3896.638750383047, 2278.0358024856259, 874.77589417813726, 514.5925692256709, 0.59055739396885609, 0.89986389345408124, 3896.267591399444, 2278.2545305114045, 874.58749908240736, 514.70411453005499, 0.5453503851834266, 0.92691598685278054, 10173.586041166503, 6250.8142352596833, 486.26085932129808, 503.53786023705578, 0, 0, 21.995333396760408
4.4699999999999998, 3905.3865920625785, 2283.181853410731, 874.78141002815028, 514.60091808223672, 0.55158500130334787, 0.83488565658633296, 3905.0135424291911, 2283.4017008986007, 874.59256834395626, 514.71273065644175, 0.50692615489342185, 0.86161263867627103, 10178.448649759717, 6255.849613862054, 486.26085932129808, 503.53786023705578, 0, 0, 21.98533339676041
4.4800000000000004, 3914.1344939130504, 2288.327996172226, 874.78726004085365, 514.60982346040805, 0.58500127033907723, 0.89053781712919799, 3913.7595490910558, 2288.5489658383235, 874.59796690563667, 514.72190620033598, 0.53985616804587533, 0.91755438942132872, 10183.311258352931, 6260.8849924644246, 486.26085932129808, 503.53786023705578, 0, 0, 21.975333396760409
4.4900000000000002, 3922.8824484298834, 2293.4742182614714, 874.7927211358334, 514.61808043650387, 0.54610949797209873, 0.82569760957749583, 3922.5056039869496, 2293.6963127587119, 874.60298202814192, 514.73043009268201, 0.50151225053084492, 0.85238923460226812, 10188.173866946145, 6265.9203710667953, 486.26085932129808, 503.53786023705578, 0, 0, 21.965333396760407
4.5, 3931.6304625626722, 2298.6205312556285, 874.79851589785142, 514.62689308932261, 0.57947620180029535, 0.88126528186979181, 3931.2517139661841, 2298.843753296585, 874.60832595835427, 514.73951255576014, 0.53439302123191013, 0.90824630781604032, 10193.036475539358, 6270.9557496691659, 486.26085932129808, 503.53786023705578, 0, 0, 21.955333396760409
4.5099999999999998, 3940.378528820946, 2303.7669226702087, 874.80392251753369, 514.63505866846356, 0.54066196823127588, 0.81655791409836243, 3939.9978716447226, 2303.9912749042633, 874.61328722201995, 514.74794469714254, 0.49612636656365, 0.84321413824047553, 10197.899084132572, 6275.9911282715366, 486.26085932129808, 503.53786023705578, 0, 0, 21.945333396760411
4.5200000000000005, 3949.1266541433165, 2308.9134040636104, 874.80966233055256, 514.64377911625536, 0.5739813018904516, 0.87204477917822598, 3948.7440838609523, 2309.1388891997694, 874.61857682265099, 514.75693459945046, 0.52896006310126054, 0.89899023079672324, 10202.761692725786, 6281.0265068739072, 486.26085932129808, 503.53786023705578, 0, 0, 21.935333396760409
4.5300000000000002, 3957.8748310528567, 2314.059962974542, 874.81501474618835, 514.65185376751754, 0.53524156358161878, 0.80746512621211164, 3957.4903432443275, 2314.2865836586493, 874.62348449924161, 514.76527545848103, 0.49076765906652958, 0.8340859030547767, 10207.624301319, 6286.0618854762779, 486.26085932129808, 503.53786023705578, 0, 0, 21.925333396760408
4.54, 3966.6230664776726, 2319.20661094344, 874.82069990313335, 514.66048251570328, 0.56851569449383355, 0.8628748185693742, 3966.2366566227834, 2319.4343698809339, 874.62872006346561, 514.77417330513208, 0.52355642239864986, 0.88978466510978982, 10212.486909912213, 6291.0972640786485, 486.26085932129808, 503.53786023705578, 0, 0, 21.91533339676041
4.5499999999999998, 3975.3713529538209, 2324.3533355312697, 874.82599837758585, 514.66846669389247, 0.52984744525031413, 0.79841781892230124, 3974.9830166387119, 2324.5822353644503, 874.63357441640437, 514.78242333612627, 0.48543529387925255, 0.8250030994236387, 10217.349518505427, 6296.1326426810192, 486.26085932129808, 503.53786023705578, 0, 0, 21.905333396760408
4.5600000000000005, 3984.1196973993738, 2329.5001482612979, 874.83162916272249, 514.67700423316501, 0.56307851366362582, 0.85375392725307342, 3983.7294301100615, 2329.7301916920319, 874.63875622878516, 514.79122961747805, 0.51818123807354122, 0.88062813517242244, 10222.212127098641, 6301.1680212833899, 486.26085932129808, 503.53786023705578, 0, 0, 21.895333396760407
4.5700000000000003, 3992.8680923628185, 2334.6470367158167, 874.83687395056268, 514.68489837898369, 0.5244787840233518, 0.78941458187259372, 3992.4758896916164, 2334.8782263828539, 874.64355751324956, 514.79938926062152, 0.48012844643628666, 0.81596431434150973, 10227.074735691855, 6306.2033998857605, 486.26085932129808, 503.53786023705578, 0, 0, 21.885333396760409
4.5800000000000001, 4001.6165447526596, 2339.7940124017041, 874.84245063959713, 514.69334518548192, 0.55766890344880116, 0.84468064982434432, 4001.2224021917978, 2340.0263510033374, 874.6486858498406, 514.80810445244913, 0.51283365910429157, 0.87151918276446905, 10231.937344285068, 6311.2387784881312, 486.26085932129808, 503.53786023705578, 0, 0, 21.875333396760411
4.5899999999999999, 4010.3650471292694, 2344.9410629216623, 874.8476419871979, 514.70114972569252, 0.51913476008245674, 0.78045402105461437, 4009.9689602772414, 2345.1745530930843, 874.65343431285658, 514.81617413396043, 0.47484630160105284, 0.80696815112831144, 10236.799952878282, 6316.2741570905018, 486.26085932129808, 503.53786023705578, 0, 0, 21.865333396760409
4.6000000000000005, 4019.1136063920439, 2350.0881997669512, 874.85316484737518, 514.70950626117212, 0.55228601772703123, 0.83565354796415214, 4018.7155707472966, 2350.322844202879, 874.65850944129988, 514.82479869762778, 0.50751284432835908, 0.86245636673085457, 10241.662561471496, 6321.3095356928725, 486.26085932129808, 503.53786023705578, 0, 0, 21.855333396760408
4.6100000000000003, 4027.862215112702, 2355.2354105597769, 874.85830299300358, 514.71722160875731, 0.51381456284397398, 0.77153475851954845, 4027.4622262799176, 2355.4712118918396, 874.66320532183488, 514.83277882991922, 0.46958805350222138, 0.79801322914262096, 10246.52517006471, 6326.3449142952431, 486.26085932129808, 503.53786023705578, 0, 0, 21.84533339676041
4.6200000000000001, 4036.6108801819851, 2360.3827067765446, 874.86377228320396, 514.7254883207587, 0.54692902003452482, 0.82667120013555306, 4036.20893366583, 2360.6196676958784, 874.66822750145752, 514.84131321254597, 0.50221796226960591, 0.85343826267928202, 10251.387778657923, 6331.3802928976138, 486.26085932129808, 503.53786023705578, 0, 0, 21.835333396760408
4.6299999999999999, 4045.3595941824256, 2365.5300760580672, 874.86885745711197, 514.73311487507965, 0.50851739079770752, 0.76265543209014308, 4044.9556855937803, 2365.7681991927316, 874.67287103051126, 514.84920419438095, 0.46435290537007962, 0.78909818349518501, 10256.250387251137, 6336.4156714999845, 486.26085932129808, 503.53786023705578, 0, 0, 21.82533339676041
4.6399999999999997, 4054.1083639965591, 2370.677529866648, 874.87427342794604, 514.74129219709255, 0.54159708340088841, 0.81773220128869106, 4053.7024888463143, 2370.9168179041949, 874.67784051242097, 514.85764882900776, 0.49694819097066434, 0.84446346268675543, 10261.112995844351, 6341.4510501023551, 486.26085932129808, 503.53786023705578, 0, 0, 21.815333396760408
4.6500000000000004, 4062.8571822172062, 2375.8250558608233, 874.87930585245954, 514.74883034404343, 0.50324245135291923, 0.75381469508509114, 4062.449336122449, 2376.0655114257347, 874.68243191311478, 514.8654510456555, 0.45914006938006374, 0.78022166477481447, 10265.975604437564, 6346.4864287047258, 486.26085932129808, 503.53786023705578, 0, 0, 21.80533339676041
4.6600000000000001, 4071.6060557191395, 2380.972665489538, 874.8846687463614, 514.75691869566913, 0.53628939018813682, 0.80883516257317978, 4071.1962341969879, 2381.2142912657773, 874.68734894029308, 514.87380635140562, 0.49170271782950797, 0.83553057501345818, 10270.838213030778, 6351.5218073070964, 486.26085932129808, 503.53786023705578, 0, 0, 21.795333396760409
4.6699999999999999, 4080.354977104947, 2386.1203464281771, 874.88964863596823, 514.76436880782956, 0.49798896068104953, 0.74501121603840481, 4079.9431757787056, 2386.363145036642, 874.69188842795802, 514.88152017479331, 0.45394876649316951, 0.77138233876917484, 10275.700821623992, 6356.5571859094671, 486.26085932129808, 503.53786023705578, 0, 0, 21.785333396760407
4.6799999999999997, 4089.1039532420764, 2391.268110113062, 874.8949586872875, 514.77236859494008, 0.53100513192787058, 0.79997871104788787, 4088.6901676350963, 2391.5120842341234, 874.69675323535239, 514.88978655703147, 0.48648073943432496, 0.82663822381395202, 10280.563430217206, 6361.5925645118377, 486.26085932129808, 503.53786023705578, 0, 0, 21.775333396760409
4.6900000000000004, 4097.8529767423706, 2396.4159442355631, 874.89988624872308, 514.7797310317244, 0.49275614356285147, 0.73624367842657601, 4097.4372024841841, 2396.6610964865267, 874.70124101761542, 514.89741234589337, 0.44877822630081704, 0.76257888619333891, 10285.426038810419, 6366.6279431142084, 486.26085932129808, 503.53786023705578, 0, 0, 21.765333396760408
4.7000000000000002, 4106.6020544663843, 2401.5638602201038, 874.90514368381469, 514.78764264661834, 0.52574350916250467, 0.79116148939791819, 4106.1842870865794, 2401.8101932777431, 874.70605383222949, 514.90559019638192, 0.48128146140249095, 0.81778504885554182, 10290.288647403633, 6371.663321716579, 486.26085932129808, 503.53786023705578, 0, 0, 21.75533339676041
4.71, 4115.3511790347075, 2406.7118457731872, 874.91001911614705, 514.79491775442239, 0.48754323323928755, 0.72751078040242123, 4114.9314141690547, 2406.9593622512075, 874.71049010909826, 514.91312829640617, 0.44362768687352305, 0.75381000242499729, 10295.151255996847, 6376.6987003189497, 486.26085932129808, 503.53786023705578, 0, 0, 21.745333396760408
4.7199999999999998, 4124.1003573014286, 2411.8599123080548, 874.91522415345992, 514.80274157597898, 0.5205037312886367, 0.78238215565557956, 4123.6785904857607, 2412.1086148796276, 874.71525115008046, 514.92121799345853, 0.47610409822175259, 0.8089697052405892, 10300.013864590061, 6381.7340789213204, 486.26085932129808, 503.53786023705578, 0, 0, 21.73533339676041
4.7300000000000004, 4132.8495818953843, 2417.0080475454997, 874.9200476481725, 514.80992968832425, 0.48234947126080857, 0.71881123452664653, 4132.4258087717208, 2417.2579388207218, 874.71963611402657, 514.92866873743094, 0.43849639460807938, 0.74507439723731372, 10304.876473183274, 6386.769457523691, 486.26085932129808, 503.53786023705578, 0, 0, 21.725333396760409
4.7400000000000002, 4141.5988596646184, 2422.1562628882903, 874.92520049833649, 514.81766608215355, 0.51528501640307267, 0.77363938292620393, 4141.173075775042, 2422.4073455367256, 874.72434559275746, 514.93667064606223, 0.4709478730941315, 0.80019086313363574, 10309.739081776488, 6391.8048361260617, 486.26085932129808, 503.53786023705578, 0, 0, 21.715333396760407
4.75, 4150.3481832457182, 2427.3045460706771, 874.92997223940995, 514.82476751982858, 0.47717410734147875, 0.71014376750787267, 4149.9203842385105, 2427.5568226988053, 874.72867942879827, 514.94403435400761, 0.43338360407960003, 0.73637079454022913, 10314.601690369702, 6396.8402147284323, 486.26085932129808, 503.53786023705578, 0, 0, 21.705333396760409
4.7599999999999998, 4159.0975594811007, 2432.4529084856545, 874.93507310532141, 514.8324168384197, 0.51008659114950317, 0.76493185911545347, 4158.6677409046015, 2432.7063817594267, 874.73333754897612, 514.95194882608246, 0.46581201778056563, 0.791447207489962, 10319.464298962916, 6401.875593330803, 486.26085932129808, 503.53786023705578, 0, 0, 21.695333396760411
4.7700000000000005, 4167.8469810146134, 2437.6013378801067, 874.93979326931355, 514.83943190961907, 0.47201639921135596, 0.70150711994014736, 4167.4151385233781, 2437.8560104023773, 874.73762043475506, 514.95922580540366, 0.42828857789194369, 0.72769793211917844, 10324.326907556129, 6406.9109719331736, 486.26085932129808, 503.53786023705578, 0, 0, 21.685333396760409
4.7800000000000002, 4176.5964546834603, 2442.7498456379458, 874.94484234621927, 514.84699449248569, 0.50490769056769402, 0.75625828666120698, 4176.1625838320915, 2443.0057200710471, 874.74222739247955, 514.9670531797816, 0.46069577244812276, 0.78273743778869243, 10329.189516149343, 6411.9463505355443, 486.26085932129808, 503.53786023705578, 0, 0, 21.675333396760408
4.79, 4185.3459731382645, 2447.8984195178778, 874.9495111023441, 514.85392349294625, 0.46687561247737608, 0.69290004605498634, 4184.9100695876041, 2448.1554984610293, 874.74645949834496, 514.97424372539547, 0.42321058653660393, 0.71905456138835999, 10334.052124742557, 6416.981729137915, 486.26085932129808, 503.53786023705578, 0, 0, 21.66533339676041
4.7999999999999998, 4194.0955432114215, 2453.0470708954144, 874.95450857792355, 514.86139966676899, 0.49974755794582182, 0.747617382271067, 4193.6576025223458, 2453.3053570073234, 874.75101548220016, 514.98198432807317, 0.45559838552040488, 0.77406026777149395, 10338.914733335771, 6422.0171077402856, 486.26085932129808, 503.53786023705578, 0, 0, 21.655333396760408
4.8100000000000005, 4202.8451575598538, 2458.1957875402791, 874.9591260881283, 514.86824287990362, 0.46175102048034428, 0.68432131346729785, 4202.4051753995036, 2458.4552834165211, 874.75519697128266, 514.98908872254458, 0.41814890824785167, 0.71043944713779994, 10343.777341928984, 6427.0524863426563, 486.26085932129808, 503.53786023705578, 0, 0, 21.645333396760407
4.8200000000000003, 4211.5948230115519, 2463.3445808202596, 874.96407214257499, 514.87563295867017, 0.49460544467105105, 0.73900787665730749, 4211.1527949470837, 2463.6052891159102, 874.75970216241797, 514.99674286679635, 0.45051911352630702, 0.76541442517864566, 10348.639950522198, 6432.0878649450269, 486.26085932129808, 503.53786023705578, 0, 0, 21.635333396760409
4.8300000000000001, 4220.3445322292637, 2468.4934385153019, 874.96863856161656, 514.8823906556994, 0.45664190415112715, 0.67576970292032335, 4219.9004539341322, 2468.7553618222832, 874.76383319070658, 515.0037613804692, 0.4131028288571722, 0.70185136727937714, 10353.502559115412, 6437.1232435473976, 486.26085932129808, 503.53786023705578, 0, 0, 21.625333396760411
4.8399999999999999, 4229.0942920369716, 2473.6423719861359, 874.97353336771744, 514.88969494084222, 0.48948061008816179, 0.73042851428559086, 4228.6481590846224, 2473.9055129558856, 874.7682877629162, 515.01132936698423, 0.44545722095679752, 0.7567986514988958, 10358.365167708625, 6442.1586221497682, 486.26085932129808, 503.53786023705578, 0, 0, 21.615333396760409
4.8500000000000005, 4237.8440951027815, 2478.7913690221453, 874.97804884323625, 514.89636738092281, 0.45154755188066731, 0.66724400805393924, 4237.3959031729983, 2479.0557302429224, 874.77236847933284, 515.01826225811044, 0.40807164166140691, 0.69328911261627968, 10363.227776301839, 6447.1940007521389, 486.26085932129808, 503.53786023705578, 0, 0, 21.605333396760408
4.8600000000000003, 4246.5939482470621, 2483.9404409776625, 874.98289256644978, 514.90358616145397, 0.48437232135586344, 0.72187805312017295, 4246.1436929195888, 2484.2060250972586, 874.77677259913401, 515.0257443751276, 0.44041198011949823, 0.74821170171573981, 10368.090384895053, 6452.2293793545095, 486.26085932129808, 503.53786023705578, 0, 0, 21.59533339676041
4.8700000000000001, 4255.3438441428152, 2489.0895756507325, 874.9873572390436, 514.91017359180557, 0.44646725938047932, 0.65874303515743571, 4254.8915211037774, 2489.3563852537327, 874.7808031456068, 515.03259188999357, 0.40305464728159246, 0.6847514865968084, 10372.952993488267, 6457.2647579568802, 486.26085932129808, 503.53786023705578, 0, 0, 21.585333396760408
4.8799999999999999, 4264.0937896071837, 2494.2387843899401, 874.99215003757661, 514.9173071444493, 0.47927985330390344, 0.71335526437077523, 4263.6393944426345, 2494.5068221204842, 874.78515697231671, 515.03998841343412, 0.43538267099413125, 0.73965234405532143, 10377.81560208148, 6462.3001365592509, 486.26085932129808, 503.53786023705578, 0, 0, 21.57533339676041
4.8899999999999997, 4272.8437773176092, 2499.388055001225, 874.99656404087204, 514.92380980047858, 0.44140032954763275, 0.65026560293008706, 4272.3873057200308, 2499.6573234402144, 874.78913748385196, 515.04675078648484, 0.39805115352629883, 0.67623730507596558, 10382.678210674694, 6467.3355151616215, 486.26085932129808, 503.53786023705578, 0, 0, 21.565333396760408
4.9000000000000004, 4281.5938140883909, 2504.5373988280694, 875.00130606575499, 514.93085838980107, 0.47420248829714617, 0.70485893225138951, 4281.1352616501563, 2504.8079006159833, 874.79344116966286, 515.05406198008234, 0.430368581094911, 0.73111935974627995, 10387.540819267908, 6472.3708937639922, 486.26085932129808, 503.53786023705578, 0, 0, 21.55533339676041
4.9100000000000001, 4290.3438926009594, 2509.6868036835485, 875.0056695264783, 514.93727649522361, 0.43634607233522194, 0.64181054225116907, 4289.8832550209245, 2509.9585413975933, 874.79737177441541, 515.06073943404317, 0.39306047526044796, 0.66774539608649308, 10392.403427861122, 6477.4062723663628, 486.26085932129808, 503.53786023705578, 0, 0, 21.545333396760409
4.9199999999999999, 4299.0940196671518, 2514.8362809066789, 875.01036092163929, 514.94424037376098, 0.46913951609562671, 0.6963878537326943, 4298.6312925440197, 2515.1092571836652, 874.80162546446866, 515.06796554947096, 0.42536900532904537, 0.72261154277313178, 10397.266036454335, 6482.4416509687335, 486.26085932129808, 503.53786023705578, 0, 0, 21.535333396760407
4.9299999999999997, 4307.8441879719385, 2519.9858183169208, 875.01467395968552, 514.95057414072039, 0.43130380461889117, 0.63337669594370682, 4307.3793670109544, 2520.26003573035, 874.80550628381138, 515.074558295467, 0.38808193427031717, 0.65927459960356494, 10402.128645047549, 6487.4770295711041, 486.26085932129808, 503.53786023705578, 0, 0, 21.525333396760409
4.9400000000000004, 4316.5944043250702, 2525.1354272494536, 875.01931486202272, 514.95745354910343, 0.46409023372054448, 0.68794083830467212, 4316.1274851312792, 2525.4108884324596, 874.80971011627003, 515.08169957246344, 0.42038324586116382, 0.71412769963985712, 10406.991253640763, 6492.5124081734748, 486.26085932129808, 503.53786023705578, 0, 0, 21.515333396760408
4.9500000000000002, 4325.3446614146178, 2530.2850955293825, 875.02357759052347, 514.96370317828894, 0.42627285007043664, 0.62496291855029684, 4324.8756396996705, 2530.5618030517494, 874.81354126486133, 515.08820781013662, 0.38311485913558541, 0.6508237673215731, 10411.853862233977, 6497.5477867758455, 486.26085932129808, 503.53786023705578, 0, 0, 21.50533339676041
4.96, 4334.0949660486149, 2535.4348344886716, 875.02816812997662, 514.97049834536631, 0.45905394531956523, 0.67951670773837203, 4333.623837423911, 2535.7127909798483, 874.81769537098114, 515.0952644766279, 0.41541061197713441, 0.70566664913258537, 10416.71647082719, 6502.5831653782161, 486.26085932129808, 503.53786023705578, 0, 0, 21.495333396760408
4.9699999999999998, 4342.8453109177954, 2540.5846319573366, 875.03238065536686, 514.97666402612742, 0.42125253902939047, 0.61656807610585107, 4342.3720711014084, 2540.863839983379, 874.82147695683216, 515.10168839425216, 0.37815858509945832, 0.64239176242777762, 10421.579079420404, 6507.6185439805868, 486.26085932129808, 503.53786023705578, 0, 0, 21.48533339676041
4.9800000000000004, 4351.5957028288431, 2545.7344992647422, 875.03692095498718, 514.983375169086, 0.45402996203499935, 0.67111429585274862, 4351.1203474385402, 2546.0149614514048, 874.82558146103167, 515.10866066647304, 0.41045041995078413, 0.69722722208734067, 10426.441688013618, 6512.6539225829574, 486.26085932129808, 503.53786023705578, 0, 0, 21.475333396760409
4.9900000000000002, 4360.3461344747238, 2550.88442424509, 875.041083377071, 514.9894570795451, 0.41624220837674308, 0.60819104591417428, 4359.8686592350186, 2551.1661431546886, 874.82931358557107, 515.11500044106685, 0.37321245394096536, 0.63397745937976901, 10431.304296606831, 6517.6893011853281, 486.26085932129808, 503.53786023705578, 0, 0, 21.465333396760407
5, 4369.0966126611347, 2556.0344182257527, 875.04557355308975, 514.99608440402801, 0.44901760187433598, 0.66273244828570421, 4368.6170131961735, 2556.3173964803386, 874.83336860550025, 515.12188852367842, 0.40550199291300676, 0.68880826116197058, 10436.166905200045, 6522.7246797876987, 486.26085932129808, 503.53786023705578, 0, 0, 21.455333396760409
5.0099999999999998, 4377.847130082846, 2561.1844690444004, 875.04968596510389, 515.00208271119129, 0.41124120141168513, 0.59983071632983109, 4377.3654021236007, 2561.468709202537, 874.83705136363881, 515.12814432111531, 0.3682758138502954, 0.62557974368821068, 10441.029513793259, 6527.7600583900694, 486.26085932129808, 503.53786023705578, 0, 0, 21.445333396760411
5.0200000000000005, 4386.5976935449253, 2566.3345880270158, 875.05412612699968, 515.00862641141396, 0.44401618958149602, 0.65437002226659613, 4386.113832721936, 2566.6200927070413, 874.841057010246, 515.13494840732142, 0.40056466072164287, 0.68040862060950813, 10445.892122386473, 6532.79543699244, 486.26085932129808, 503.53786023705578, 0, 0, 21.435333396760409
5.0300000000000002, 4395.3482957435253, 2571.484763014028, 875.05818861567707, 515.01454127127943, 0.40624886773354901, 0.59148598654892548, 4394.8622977942414, 2571.7715347707413, 874.84469049043912, 515.14112038243854, 0.36334801930931598, 0.61719751170850023, 10450.754730979686, 6537.8308155948107, 486.26085932129808, 503.53786023705578, 0, 0, 21.425333396760408
5.04, 4404.098943483441, 2576.6350053306237, 875.06257886624212, 515.02100153014339, 0.43902505650990686, 0.6460258863920415, 4403.6108040448098, 2576.9230467786406, 874.84864686803746, 515.14784065409913, 0.39563775983321864, 0.67202716605481005, 10455.6173395729, 6542.8661941971814, 486.26085932129808, 503.53786023705578, 0, 0, 21.41533339676041
5.0499999999999998, 4412.849629461788, 2581.7853028192899, 875.0665915118733, 515.02683308780729, 0.40126456311563341, 0.5831557663866157, 4412.3593442777546, 2582.0746165096321, 874.85223115234714, 515.15392895080333, 0.35842843096415472, 0.60882967041906189, 10460.479948166114, 6547.901572799552, 486.26085932129808, 503.53786023705578, 0, 0, 21.405333396760408
5.0600000000000005, 4421.6003604834377, 2586.9356668050059, 875.07093194727827, 515.0332100770114, 0.43404354049995214, 0.63769892040925602, 4421.1079251973733, 2587.2262553485562, 874.85613835867889, 515.16056557854608, 0.39072063317905331, 0.66366277427872999, 10465.342556759328, 6552.9369514019227, 486.26085932129808, 503.53786023705578, 0, 0, 21.395333396760407
5.0700000000000003, 4430.351129246058, 2592.0860851316224, 875.07489482377218, 515.0389584667721, 0.39628764938917649, 0.57483897607176082, 4429.8565396084223, 2592.3779510756121, 874.85967352283399, 515.16657032991827, 0.35351641550783591, 0.60047513721682455, 10470.205165352541, 6557.9723300042933, 486.26085932129808, 503.53786023705578, 0, 0, 21.385333396760409
5.0800000000000001, 4439.1019425549439, 2597.2365691244922, 875.0791855336297, 515.04525234692198, 0.42907098574936392, 0.62938801498789154, 4438.6051942155455, 2597.5297150760612, 874.8635316491343, 515.17312347324821, 0.3858126300344733, 0.65531433299069608, 10475.067773945755, 6563.007708606664, 486.26085932129808, 503.53786023705578, 0, 0, 21.375333396760411
5.0899999999999999, 4447.8527931079043, 2602.3871066281436, 875.08309870857295, 515.05091769238231, 0.39131749432422647, 0.566534546036637, 4447.3538818237384, 2602.6815351307196, 874.86701776258985, 515.17904480164532, 0.34861134555991635, 0.59213283970770858, 10479.930382538969, 6568.0430872090346, 486.26085932129808, 503.53786023705578, 0, 0, 21.365333396760409
5.1000000000000005, 4456.6036877110018, 2607.5377089688782, 875.08733977599991, 515.05712861309746, 0.42410674269652698, 0.62109207151360424, 4456.1026091383301, 2607.8334226258471, 874.87082689364888, 515.18551460905155, 0.38091310590080285, 0.64698074062309552, 10484.792991132183, 6573.0784658114053, 486.26085932129808, 503.53786023705578, 0, 0, 21.355333396760408
5.1100000000000003, 4465.3546190617826, 2612.6883639912216, 875.09120331071506, 515.06271102726453, 0.38635347151325217, 0.55824141671143646, 4464.8513689641568, 2612.9853653421951, 874.87426401964433, 515.19135262620659, 0.34371259954887323, 0.5838017155018882, 10489.655599725396, 6578.113844413776, 486.26085932129808, 503.53786023705578, 0, 0, 21.34533339676041
5.1200000000000001, 4474.1055939674152, 2617.8390830229946, 875.09539481239403, 515.06883912728324, 0.41915016789786685, 0.61281000187200574, 4473.6001680075669, 2618.1373746675931, 874.87802423386813, 515.1977392352677, 0.37602142238158165, 0.63866090611595916, 10494.51820831861, 6583.1492230161466, 486.26085932129808, 503.53786023705578, 0, 0, 21.335333396760408
5.1299999999999999, 4482.8566051247835, 2622.9898539080482, 875.09920876199658, 515.07433871266653, 0.38139496025939268, 0.54995853832670516, 4482.3489990728394, 2623.2894383820526, 874.88141242948416, 515.20349404238789, 0.33881956159911464, 0.57548071201700235, 10499.380816911824, 6588.1846016185173, 486.26085932129808, 503.53786023705578, 0, 0, 21.32533339676041
5.1399999999999997, 4491.6076593424968, 2628.140687976284, 875.10335076823571, 515.08038411994892, 0.4142006239110716, 0.60454072824254346, 4491.097868867676, 2628.4415678755386, 874.88512379895485, 515.20979757987504, 0.37113694706458145, 0.630353748711596, 10504.243425505038, 6593.2199802208879, 486.26085932129808, 503.53786023705578, 0, 0, 21.315333396760408
5.1500000000000004, 4500.3587493163814, 2633.2915730702139, 875.10711518169035, 515.08580096865603, 0.37644134546079711, 0.54168487070948301, 4499.8467701954087, 2633.593750926655, 874.88846311516897, 515.21546926773783, 0.33393162141418725, 0.56716878627500267, 10509.106034098251, 6598.2553588232586, 486.26085932129808, 503.53786023705578, 0, 0, 21.30533339676041
5.1600000000000001, 4509.1098818568198, 2638.4425205223779, 875.11120775648214, 515.09176380048496, 0.4092574791758351, 0.59628318288847415, 4508.5957097654182, 2638.7459989280619, 874.89212570570294, 515.22168984971529, 0.36625905340143189, 0.62205819774526516, 10513.968642691465, 6603.2907374256292, 486.26085932129808, 503.53786023705578, 0, 0, 21.295333396760409
5.1699999999999999, 4517.8610496581869, 2643.5935181732902, 875.1149226766571, 515.09709799431585, 0.37149201750002148, 0.53341938308806147, 4517.3446803797015, 2643.898299656295, 874.89541618744454, 515.22727849876242, 0.32904817416501436, 0.55886490470763672, 10518.831251284679, 6608.3261160279999, 486.26085932129808, 503.53786023705578, 0, 0, 21.285333396760407
5.1799999999999997, 4526.6122595329698, 2648.7445773586796, 875.11896587773606, 515.10297835739539, 0.40432010789943712, 0.58803630795509287, 4526.0936887496437, 2649.0506645072614, 874.89903005865051, 515.23341623068688, 0.3613871205920613, 0.61377319244412032, 10523.693859877892, 6613.3614946303705, 486.26085932129808, 503.53786023705578, 0, 0, 21.275333396760409
5.1900000000000004, 4535.3635041737034, 2653.8956859164118, 875.12263134145746, 515.10822996793434, 0.36654637213511465, 0.52516105389974888, 4534.8427276755228, 2654.2030812547746, 874.90227174485426, 515.23892191111656, 0.32416862037984445, 0.55056804296492445, 10528.556468471106, 6618.3968732327412, 486.26085932129808, 503.53786023705578, 0, 0, 21.265333396760408
5.2000000000000002, 4544.1147903953015, 2659.0468551859494, 875.12662522035691, 515.11402795848699, 0.39938788994208113, 0.57979905526775966, 4543.5918038710515, 2659.3555612985379, 874.90583695018893, 515.24497688793383, 0.35652053346894458, 0.60549768172591856, 10533.41907706432, 6623.4322518351119, 486.26085932129808, 503.53786023705578, 0, 0, 21.25533339676041
5.21, 4552.8661108880769, 2664.1980730018649, 875.13024125846084, 515.11919704719298, 0.36160381038969597, 0.5169088705971453, 4552.3409101344087, 2664.5080924089953, 874.90902987384732, 515.25039965979101, 0.31929236583324994, 0.54227718572210848, 10538.281685657534, 6628.4676304374825, 486.26085932129808, 503.53786023705578, 0, 0, 21.245333396760408
5.2199999999999998, 4561.617472469693, 2669.3493507078947, 875.13418586056787, 515.12491275105435, 0.39446021070524062, 0.57157038613512789, 4561.0900531819498, 2669.6606859901867, 874.91254646067114, 515.256371966031, 0.35165868238436265, 0.59723062400293103, 10543.144294250747, 6633.5030090398532, 486.26085932129808, 503.53786023705578, 0, 0, 21.23533339676041
5.2300000000000004, 4570.3688678278595, 2674.5006761346795, 875.13775249795231, 515.12999936934887, 0.35666373844382482, 0.50866182945591887, 4569.83922580938, 2674.8133298085459, 874.91569064888552, 515.26171187929583, 0.31441882143595101, 0.53399132648808789, 10548.006902843961, 6638.5383876422238, 486.26085932129808, 503.53786023705578, 0, 0, 21.225333396760409
5.2400000000000002, 4579.1203037833084, 2679.6520606307636, 875.14164786256242, 515.13563286206033, 0.38953646101656825, 0.56334927114683842, 4578.5884347360134, 2679.966035272987, 874.91915865851649, 515.26760158916568, 0.34680096309431824, 0.58897098698026251, 10552.869511437175, 6643.5737662445945, 486.26085932129808, 503.53786023705578, 0, 0, 21.215333396760407
5.25, 4587.8717730207691, 2684.8034920222244, 875.14516511823774, 515.14063705141427, 0.3517255675330781, 0.50041893539641513, 4587.3376727547093, 2685.1187901452986, 874.92225413254778, 515.2728586838399, 0.30954740313276513, 0.52570946742773139, 10557.732120030389, 6648.6091448469651, 486.26085932129808, 503.53786023705578, 0, 0, 21.205333396760409
5.2599999999999998, 4596.6232823643568, 2689.9549816629419, 875.14901127860799, 515.14618839831417, 0.38461603702479041, 0.55513468998801152, 4596.0869465880514, 2690.2716058397991, 874.92567360031433, 515.27866586131461, 0.34194677665233153, 0.58071774747103078, 10562.594728623602, 6653.6445234493358, 486.26085932129808, 503.53786023705578, 0, 0, 21.195333396760411
5.2700000000000005, 4605.3748244954495, 2695.1065173738052, 875.1524791657464, 515.15111019033202, 0.34678871383766768, 0.49217920178886249, 4604.8362490256841, 2695.4244701130051, 874.92872037563222, 515.28384016750624, 0.30467753179078549, 0.51743061916767585, 10567.457337216816, 6658.6799020517064, 486.26085932129808, 503.53786023705578, 0, 0, 21.185333396760409
5.2800000000000002, 4614.1264062418577, 2700.2581105145532, 875.15627614914729, 515.1565794466444, 0.3796983400880154, 0.54692563124295435, 4613.5855867937698, 2700.5773943851636, 874.93209133092523, 515.28956486641823, 0.3370955292967891, 0.57246989120067926, 10572.31994581003, 6663.7152806540771, 486.26085932129808, 503.53786023705578, 0, 0, 21.175333396760408
5.29, 4622.8780202812386, 2705.409748900267, 875.15969467513116, 515.16141886314722, 0.3418525983825243, 0.48394165027698954, 4622.3349526783741, 2705.7303664068977, 874.93508941725622, 515.29465640442447, 0.29980863309840072, 0.50915380062060944, 10577.182554403244, 6668.7506592564478, 486.26085932129808, 503.53786023705578, 0, 0, 21.16533339676041
5.2999999999999998, 4631.6296734454063, 2710.5614438970624, 875.16344250289785, 515.16680607406931, 0.37478277666787846, 0.53872109220874553, 4631.0843534095411, 2710.8833976049036, 874.93841188357965, 515.30029866855068, 0.33224663234408103, 0.56422641262119555, 10582.045162996457, 6673.7860378588184, 486.26085932129808, 503.53786023705578, 0, 0, 21.155333396760408
5.3100000000000005, 4640.3813584079326, 2715.7131833135995, 875.16681166936723, 515.17156312717532, 0.33691664693546841, 0.47570531059861537, 4639.8337817693973, 2716.0364757232951, 874.94136128495427, 515.30530744893872, 0.29494013746246706, 0.50087803880648918, 10586.907771589671, 6678.8214164611891, 486.26085932129808, 503.53786023705578, 0, 0, 21.145333396760407
5.3200000000000003, 4649.1330820049398, 2720.8649785228831, 875.17051035694942, 515.17686832796244, 0.36986875822380938, 0.53052007870918871, 4648.5832444921725, 2721.1896121957316, 874.94463527997505, 515.31086731208597, 0.32739950208189711, 0.55598631472567506, 10591.770380182885, 6683.8567950635597, 486.26085932129808, 503.53786023705578, 0, 0, 21.135333396760409
5.3300000000000001, 4657.8848369055531, 2726.0168173265456, 875.17383015984842, 515.18154302016649, 0.33198028990538281, 0.46746922040639516, 4657.3327343556939, 2726.3427947592077, 874.94753599477406, 515.3157933357727, 0.29007147990551818, 0.49260236867389273, 10596.632988776099, 6688.8921736659304, 486.26085932129808, 503.53786023705578, 0, 0, 21.125333396760411
5.3399999999999999, 4666.6366299505071, 2731.1687111049882, 875.17747971685947, 515.18676623621559, 0.36495570110842834, 0.52232160491079827, 4666.082258098676, 2731.4960348548566, 874.95076153037064, 515.32127082186139, 0.32255355966367127, 0.54774860886490628, 10601.495597369312, 6693.927552268301, 486.26085932129808, 503.53786023705578, 0, 0, 21.115333396760409
5.3500000000000005, 4675.3884538041202, 2736.3206476522141, 875.18075014648196, 515.1913585604666, 0.32704296224650387, 0.45923242509889095, 4674.8318084942948, 2736.64932021195, 874.95361355137038, 515.32611408019068, 0.28520209996903578, 0.4843258329317276, 10606.358205962526, 6698.9629308706717, 486.26085932129808, 503.53786023705578, 0, 0, 21.105333396760408
5.3600000000000003, 4684.1403153120391, 2741.4726383565226, 875.18435057674662, 515.19649980739803, 0.36004302646748221, 0.5141246931464879, 4683.5813922860434, 2741.8026622795992, 874.9567906336805, 515.3315092033364, 0.31770823100753309, 0.53951231457167881, 10611.22081455574, 6703.9983094730424, 486.26085932129808, 503.53786023705578, 0, 0, 21.09533339676041
5.3700000000000001, 4692.8922071334218, 2746.624671003693, 875.18757161778012, 515.20100974717445, 0.32210410335502054, 0.45099397763898463, 4692.3310022420965, 2746.9560487787548, 874.95959394809654, 515.33626967815508, 0.2803314416091755, 0.4760474818681969, 10616.083423148953, 6709.033688075413, 486.26085932129808, 503.53786023705578, 0, 0, 21.085333396760408
5.3799999999999999, 4701.6441361191237, 2751.7767569904208, 875.19112291938143, 515.20606903091175, 0.35513016013266335, 0.5059283737275635, 4701.0806451110193, 2752.1094911670052, 874.96272257756345, 515.34158244274886, 0.31286294668828168, 0.53127645937331081, 10620.946031742167, 6714.0690666777837, 486.26085932129808, 503.53786023705578, 0, 0, 21.07533339676041
5.3899999999999997, 4710.3960949227912, 2756.9288840936706, 875.19429455095121, 515.21049656029561, 0.31716315697330899, 0.44275293838513008, 4709.8303136556378, 2757.2629771563888, 874.96547716709449, 515.34626010648071, 0.27545895310004648, 0.46776637318265096, 10625.808640335381, 6719.1044452801543, 486.26085932129808, 503.53786023705578, 0, 0, 21.065333396760408
5.4000000000000004, 4719.1480904007803, 2762.0810637190261, 875.19779671627646, 515.21547387714327, 0.35021653252314161, 0.49773168477035085, 4718.5800146298798, 2762.4165182134652, 874.96855733851282, 515.35149050726693, 0.30801714183797479, 0.52304007861886925, 10630.671248928595, 6724.139823882525, 486.26085932129808, 503.53786023705578, 0, 0, 21.05533339676041
5.4100000000000001, 4727.9001152008786, 2767.2332836340538, 875.2009189119874, 515.21981896089255, 0.31221957109703868, 0.4345083749275106, 4727.3297407908776, 2767.5701020407737, 874.97126317938228, 515.35608532298511, 0.27058408693984892, 0.45948157182235261, 10635.533857521808, 6729.1752024848956, 486.26085932129808, 503.53786023705578, 0, 0, 21.045333396760409
5.4199999999999999, 4736.6521761852355, 2772.3855552537134, 875.20437192777285, 515.22471429761276, 0.34530157854883875, 0.4895336720258569, 4736.0794988982097, 2772.7237401143357, 874.9742948819428, 515.3612333451382, 0.30317025604826686, 0.51480221530942227, 10640.396466115022, 6734.2105810872663, 486.26085932129808, 503.53786023705578, 0, 0, 21.035333396760407
5.4299999999999997, 4745.404265995433, 2777.5378663355937, 875.2074446557516, 515.22897689123192, 0.30727279787680711, 0.42625936191521907, 4744.8292817029742, 2777.8774201266096, 874.97695194494031, 515.36574526663628, 0.26570629975165122, 0.45119214981019984, 10645.259074708236, 6739.2459596896369, 486.26085932129808, 503.53786023705578, 0, 0, 21.025333396760409
5.4400000000000004, 4754.1563914997014, 2782.6902283045142, 875.21084850312673, 515.23379022511892, 0.34038473751056031, 0.48133338870432685, 4753.5790959706837, 2783.0311535635642, 874.97993516227302, 515.37081088583557, 0.29832173326967759, 0.50656191992313904, 10650.12168330145, 6744.2813382920076, 486.26085932129808, 503.53786023705578, 0, 0, 21.015333396760408
5.4500000000000002, 4762.9085453330763, 2787.8426289075123, 875.21387172606205, 515.23797027492787, 0.30232229352916418, 0.41800498089917709, 4762.3289344460645, 2788.1849281070004, 874.98254341279494, 515.37523985769644, 0.26082505219344349, 0.44289718608825235, 10654.984291894663, 6749.3167168943783, 486.26085932129808, 503.53786023705578, 0, 0, 21.00533339676041
5.46, 4771.6607343701553, 2792.9950795797458, 875.21722638059214, 515.24270157388094, 0.33546545300376546, 0.47312989530598093, 4771.0788039008457, 2793.338755253315, 874.98547812301206, 515.38022304019887, 0.2934710217144762, 0.49831825024658749, 10659.846900487877, 6754.3520954967489, 486.26085932129808, 503.53786023705578, 0, 0, 20.995333396760408
5.4699999999999998, 4780.4129512390891, 2798.1475680571325, 875.22020005577451, 515.24679901708259, 0.29736751824182905, 0.40974432016550649, 4779.8286970730469, 2798.4926226730818, 874.98803752110064, 515.3845689978624, 0.25593980886249701, 0.43459576635164548, 10664.709509081091, 6759.3874740991196, 486.26085932129808, 503.53786023705578, 0, 0, 20.98533339676041
5.4800000000000004, 4789.1652028211229, 2803.3001057856422, 875.22350548750273, 515.25144823967719, 0.3305431728239494, 0.46492225945454801, 4788.5786207408937, 2803.6465418736011, 874.99092369683819, 515.38946970057452, 0.28861757376117814, 0.49007027120882402, 10669.572117674305, 6764.4228527014902, 486.26085932129808, 503.53786023705578, 0, 0, 20.975333396760409
5.4900000000000002, 4797.9174817371886, 2808.4526804895104, 875.22642956686354, 515.25546300442295, 0.29240793608264565, 0.40147647457522928, 4797.328567635368, 2808.8005005136542, 874.99343419722027, 515.39373257040336, 0.25105003820343064, 0.42628698288884836, 10674.434726267518, 6769.4582313038609, 486.26085932129808, 503.53786023705578, 0, 0, 20.965333396760407
5.5, 4806.66979487546, 2813.6053036259882, 875.22968574035224, 515.26003009998021, 0.32561734886779459, 0.45670955572387462, 4806.0785445414667, 2813.9545101119165, 874.99627180567882, 515.39855074095044, 0.28376084585490097, 0.4818170547085075, 10679.297334860732, 6774.4936099062315, 486.26085932129808, 503.53786023705578, 0, 0, 20.955333396760409
5.5099999999999998, 4815.4221348493156, 2818.7579629070697, 875.2325601705013, 515.26396210543419, 0.28744301490777036, 0.39320054540279636, 4814.8285441828057, 2819.108558314816, 874.99873335780296, 515.4027304402947, 0.24615521241554633, 0.41796993442073138, 10684.159943453946, 6779.5289885086022, 486.26085932129808, 503.53786023705578, 0, 0, 20.945333396760411
5.5200000000000005, 4824.1745085541361, 2823.910669801754, 875.23576704487175, 515.26844701408902, 0.32068743704647212, 0.44849086548485462, 4823.5785733514285, 2824.2626566528711, 875.00152236078713, 515.40746601708929, 0.27890029841971409, 0.4735576794614263, 10689.022552047159, 6784.5643671109729, 486.26085932129808, 503.53786023705578, 0, 0, 20.935333396760409
5.5300000000000002, 4832.9269085954184, 2829.0634120092409, 875.23859176713449, 515.2722961704909, 0.28247222627861041, 0.38491564018926888, 4832.3286247632577, 2829.4167927596009, 875.00393490886086, 515.41156245434888, 0.24125480736880517, 0.4096437259543495, 10693.885160640373, 6789.5997457133435, 486.26085932129808, 503.53786023705578, 0, 0, 20.925333396760408
5.54, 4841.6793418760244, 2834.2162010107372, 875.24174929610638, 515.27669882325824, 0.31575289718924482, 0.44026527673632671, 4841.0787052176556, 2834.5709781778291, 875.00667526281848, 515.41621536665718, 0.27403539576145658, 0.46529123083189239, 10698.747769233587, 6794.6351243157142, 486.26085932129808, 503.53786023705578, 0, 0, 20.91533339676041
5.5499999999999998, 4850.4318009932422, 2839.3690244921008, 875.2445242465601, 515.28046503198402, 0.27749504536721881, 0.37662087257639565, 4849.8288074225293, 2839.7252005276159, 875.00903874584355, 515.4202284413434, 0.23634830250845557, 0.40130746861750566, 10703.610377826801, 6799.6705029180848, 486.26085932129808, 503.53786023705578, 0, 0, 20.905333396760408
5.5600000000000005, 4859.1842928576871, 2844.5218939472034, 875.2476323784897, 515.28478535082354, 0.31081319295428006, 0.43203188394806408, 4858.578938184829, 2844.8794713645493, 875.01173040190338, 515.4247986093502, 0.26916560597768041, 0.4570168006762792, 10708.472986420014, 6804.7058815204555, 486.26085932129808, 503.53786023705578, 0, 0, 20.895333396760407
5.5700000000000003, 4867.936810058115, 2849.674797048016, 875.25035748799849, 515.28846850444518, 0.27251095087380028, 0.36831536216092375, 4867.3290902041254, 2850.0337782946849, 875.01404475371112, 515.4287282121453, 0.23143518077161088, 0.39296027951364426, 10713.335595013228, 6809.7412601228261, 486.26085932129808, 503.53786023705578, 0, 0, 20.885333396760409
5.5800000000000001, 4876.6893595131642, 2854.8277453015285, 875.25341616591584, 515.29270640232426, 0.30586779173853906, 0.42378978790232225, 4876.0792702952222, 2855.1881328868294, 875.01668765771979, 515.4332155470172, 0.26429040086670524, 0.44873348718509615, 10718.198203606442, 6814.7766387251968, 486.26085932129808, 503.53786023705578, 0, 0, 20.875333396760411
5.5899999999999999, 4885.4419338027374, 2859.980726365287, 875.25609136016521, 515.29630638466767, 0.26751942494061909, 0.35999823434301292, 4884.8294711490389, 2860.3425227324919, 875.01895280700478, 515.43706155983296, 0.22651492850030264, 0.38460128157080253, 10723.060812199656, 6819.8120173275674, 486.26085932129808, 503.53786023705578, 0, 0, 20.865333396760409
5.6000000000000005, 4894.1945398537637, 2865.1337517598481, 875.25910052181109, 515.30046176562303, 0.30091616458833514, 0.41553809553658805, 4893.5796995884975, 2865.4969594141494, 875.02154689956319, 515.44146596378027, 0.25940925583735125, 0.44044039472625807, 10727.923420792869, 6824.8473959299381, 486.26085932129808, 503.53786023705578, 0, 0, 20.855333396760408
5.6100000000000003, 4902.9471702369747, 2870.2868091277974, 875.2617257213418, 515.30397845182472, 0.26251995306573861, 0.35166862017444778, 4902.3299482955481, 2870.6514305082278, 875.02376276991674, 515.44522825981414, 0.22158703535438537, 0.37622960339034928, 10732.786029386083, 6829.8827745323088, 486.26085932129808, 503.53786023705578, 0, 0, 20.84533339676041
5.6200000000000001, 4911.6998318878559, 2875.4399100037035, 875.26468529920294, 515.30805121102264, 0.29595778611324552, 0.40727591979199101, 4911.0802241014944, 2875.8059476113208, 875.02630798641496, 515.44954962615111, 0.25452164982199432, 0.43213663369403521, 10737.648637979297, 6834.9181531346794, 486.26085932129808, 503.53786023705578, 0, 0, 20.835333396760408
5.6299999999999999, 4920.4525173676511, 2880.5930420146624, 875.26726041944312, 515.31148446758482, 0.25751202401998607, 0.34332565621229566, 4919.8305196790079, 2880.9604982842393, 875.02847449635726, 515.45322806994216, 0.21665099422763656, 0.367844379101186, 10742.511246572511, 6839.9535317370501, 486.26085932129808, 503.53786023705578, 0, 0, 20.82533339676041
5.6399999999999997, 4929.2052336206661, 2885.7462167096951, 875.2701703407871, 515.3154744913794, 0.29099213439882732, 0.39900237945980671, 4928.5808418680317, 2886.1150941381366, 875.03097076700919, 515.45746628314566, 0.24962706518846198, 0.42382132035607545, 10747.373855165724, 6844.9889103394207, 486.26085932129808, 503.53786023705578, 0, 0, 20.815333396760408
5.6500000000000004, 4937.9579731983431, 2890.8994216998817, 875.27269529208479, 515.31882417622319, 0.25249512976574734, 0.334968484375678, 4937.3311833316466, 2891.2697227176805, 875.0330878300208, 515.46106073062788, 0.21170630116567415, 0.35944474821706918, 10752.236463758938, 6850.0242889417914, 486.26085932129808, 503.53786023705578, 0, 0, 20.80533339676041
5.6600000000000001, 4946.7107430540673, 2896.0526685491336, 875.27555547899397, 515.3227313422135, 0.28601869092077337, 0.39071659903043077, 4946.081550918695, 2896.4243956490232, 875.03553507989739, 515.4652156663949, 0.24472498765336276, 0.4154935767028971, 10757.099072352152, 6855.059667544162, 486.26085932129808, 503.53786023705578, 0, 0, 20.795333396760409
5.6699999999999999, 4955.4635357291718, 2901.2059448519935, 875.27803016664768, 515.32599730473146, 0.24746876537489157, 0.32659625180116508, 4954.8319372823626, 2901.5791004601656, 875.03760260445017, 515.46872596494984, 0.20675245528303282, 0.3510298554925384, 10761.961680945366, 6860.0950461465327, 486.26085932129808, 503.53786023705578, 0, 0, 20.785333396760407
5.6799999999999997, 4964.2163581863797, 2906.3592621876969, 875.28084053605232, 515.32982148181691, 0.28103694046075767, 0.38241770854523516, 4963.582349280643, 2906.7338487926945, 875.04000075351212, 515.47279749025279, 0.23981490619709711, 0.40715253030027188, 10766.824289538579, 6865.1304247489034, 486.26085932129808, 503.53786023705578, 0, 0, 20.775333396760409
5.6900000000000004, 4972.9692029566049, 2911.5126081337316, 875.28326486034177, 515.33300356292386, 0.24243242894681366, 0.31820811069843058, 4972.3327795565219, 2911.8886281574246, 875.04201864309891, 515.47622347876063, 0.20178895868036989, 0.34259885077909696, 10771.686898131793, 6870.165803351274, 486.26085932129808, 503.53786023705578, 0, 0, 20.765333396760408
5.7000000000000002, 4981.7220770121639, 2916.6659942850874, 875.28602532405205, 515.33674461135843, 0.27604637102520591, 0.37410484345335587, 4981.0832349774, 2917.0434502118092, 875.04436760622878, 515.48021145190205, 0.23489631298176264, 0.39879731414655534, 10776.549506725007, 6875.2011819536447, 486.26085932129808, 503.53786023705578, 0, 0, 20.75533339676041
5.71, 4990.4749728732477, 2921.8194082016839, 875.28839918026733, 515.33984264354058, 0.237385621529317, 0.30980321821069162, 4989.83370817576, 2922.1983024489614, 875.04633575939238, 515.48355296079092, 0.19681531636448224, 0.33415088888619526, 10781.41211531822, 6880.2365605560153, 486.26085932129808, 503.53786023705578, 0, 0, 20.745333396760408
5.7199999999999998, 4999.2278975220215, 2926.9728614946912, 875.29110964500489, 515.34350041498521, 0.27104647375899588, 0.36577714446011383, 4998.5842060286595, 2927.3531965426291, 875.04863544642501, 515.48745723145612, 0.22996870326408031, 0.39042706652159737, 10786.274723911434, 6885.271939158386, 486.26085932129808, 503.53786023705578, 0, 0, 20.73533339676041
5.7300000000000004, 5007.9808434676488, 2932.1263417059513, 875.29343292347528, 515.34651422234799, 0.23232784704131731, 0.30138073627823386, 5007.3347211577793, 2932.5081199677129, 875.05055375678671, 515.49071408275063, 0.19183103617012884, 0.32568512944530803, 10791.137332504648, 6890.3073177607566, 486.26085932129808, 503.53786023705578, 0, 0, 20.725333396760409
5.7400000000000002, 5016.7338177023948, 2937.2798604632385, 875.29609329090397, 515.35008855992191, 0.26603674286681811, 0.35743375738823463, 5016.0852604500833, 2937.6630844146798, 875.05280407253986, 515.49453449205907, 0.22503157531587767, 0.38204093084851132, 10795.999941097862, 6895.3426963631273, 486.26085932129808, 503.53786023705578, 0, 0, 20.715333396760407
5.75, 5025.4868127240961, 2942.4334052898125, 875.29836587702596, 515.35301795823693, 0.22725861219416299, 0.29293983149968883, 5024.8358165161526, 2942.8180773397107, 875.05467242882662, 515.49770649942684, 0.18683562868050216, 0.31720073677174515, 10800.862549691075, 6900.3780749654979, 486.26085932129808, 503.53786023705578, 0, 0, 20.705333396760409
5.7599999999999998, 5034.239835535368, 2947.5869878304698, 875.30097604378125, 515.35650869656729, 0.26101667553085095, 0.34907383303299422, 5033.5863962531057, 2947.9731104504135, 875.05687327313001, 515.50144287998228, 0.22008443034095398, 0.37363805554933055, 10805.725158284289, 6905.4134535678686, 486.26085932129808, 503.53786023705578, 0, 0, 20.695333396760411
5.7700000000000005, 5042.99287862242, 2952.7405955893869, 875.30319781804542, 515.35935349331726, 0.22217742641339233, 0.28447967499408688, 5042.3369922601278, 2953.1281711837455, 875.05869155920152, 515.5045298487795, 0.1818286071481392, 0.30869687972723514, 10810.587766877503, 6910.4488321702393, 486.26085932129808, 503.53786023705578, 0, 0, 20.685333396760409
5.7800000000000002, 5051.7459489984658, 2957.8942402287989, 875.30575767576374, 515.36276045858756, 0.25598577183429522, 0.3406965270271613, 5051.0876114447356, 2958.2832712648724, 875.06084282692552, 515.50818202471862, 0.21512677239772687, 0.36521759391050596, 10815.450375470717, 6915.4842107726099, 486.26085932129808, 503.53786023705578, 0, 0, 20.675333396760408
5.79, 5060.4990391377933, 2963.0479092333012, 875.30792851378135, 515.36552045301028, 0.21708380176586872, 0.27599944227189943, 5059.8382463944281, 2963.4383981110295, 875.06261092179977, 515.51118375203453, 0.17680948742113967, 0.30017273159154045, 10820.31298406393, 6920.5195893749806, 486.26085932129808, 503.53786023705578, 0, 0, 20.66533339676041
5.7999999999999998, 5069.2521560644609, 2968.2016142829812, 875.31043794912819, 515.36884346300724, 0.25094353467849384, 0.33230099969532062, 5068.5889040273623, 2968.5935634653556, 875.06471250288291, 515.51475153907393, 0.21015810831557141, 0.3567787039377221, 10825.175592657144, 6925.5549679773512, 486.26085932129808, 503.53786023705578, 0, 0, 20.655333396760408
5.8100000000000005, 5078.0052922405403, 2973.3553428423584, 875.31255772165696, 515.37151844613823, 0.21197725288042557, 0.26749831309533073, 5077.3395769190593, 2973.748754724867, 875.06643028076155, 515.51766781377319, 0.17177778786299977, 0.29162746992325927, 10830.038201250358, 6930.5903465797219, 486.26085932129808, 503.53786023705578, 0, 0, 20.645333396760407
5.8200000000000003, 5086.7584547011775, 2978.5091066097821, 875.315016616354, 515.37475731029747, 0.24588946970915854, 0.32388641592338507, 5086.0902719985588, 2978.9039836510869, 875.06848206023778, 515.5211510192554, 0.20517794762013716, 0.34832054822597724, 10834.900809843572, 6935.6257251820925, 486.26085932129808, 503.53786023705578, 0, 0, 20.635333396760409
5.8300000000000001, 5095.5116358959358, 2983.6628930292059, 875.31708518932282, 515.37734706501101, 0.20685729687745291, 0.25897547135351584, 5094.8409818291157, 2984.0592376203208, 875.07014939053056, 515.52398162201973, 0.16673302928125999, 0.28306027643560883, 10839.763418436785, 6940.6611037844632, 486.26085932129808, 503.53786023705578, 0, 0, 20.625333396760411
5.8399999999999999, 5104.2648428712919, 2988.8167138176477, 875.31949342017515, 515.38050158446117, 0.24082308523751167, 0.31545194501969198, 5103.591713350891, 2989.2145284128851, 875.07215124855509, 515.52738004495791, 0.20018580245366485, 0.33984229382119807, 10844.626027029999, 6945.6964823868338, 486.26085932129808, 503.53786023705578, 0, 0, 20.615333396760409
5.8500000000000005, 5113.0180680640115, 2993.9705563980083, 875.32151065470805, 515.38300588551044, 0.2017234532935149, 0.25043010492949108, 5112.3424591145867, 2994.3698433838854, 875.07376799590361, 515.53012474832656, 0.1616747348512656, 0.2744703368639328, 10849.488635623213, 6950.7318609892045, 486.26085932129808, 503.53786023705578, 0, 0, 20.605333396760408
5.8600000000000003, 5121.7713185321427, 2999.1244325063776, 875.3238680936297, 515.38607585311627, 0.2357438921651587, 0.30699676058234143, 5121.0932260717236, 2999.5251943328353, 875.07571980777857, 515.53343817944744, 0.19518118749898519, 0.33134311208812495, 10854.351244216426, 6955.7672395915752, 486.26085932129808, 503.53786023705578, 0, 0, 20.59533339676041
5.8700000000000001, 5130.5245866993655, 3004.2783295441195, 875.32583384606983, 515.38849446717199, 0.1965752440087252, 0.24186140557178204, 5129.8440067601659, 3004.6805685931558, 875.07728583207904, 515.53609674785582, 0.15660243004264948, 0.265856840837847, 10859.21385280964, 6960.8026181939458, 486.26085932129808, 503.53786023705578, 0, 0, 20.585333396760408
5.8799999999999999, 5139.2778796355369, 3009.4322592667972, 875.32814036010893, 515.3914796675756, 0.230651403907568, 0.29852004036425206, 5138.5948081430297, 3009.8359779839611, 875.07918746827806, 515.5393249696416, 0.19016361990215144, 0.32282217857589784, 10864.076461402854, 6965.8379967963165, 486.26085932129808, 503.53786023705578, 0, 0, 20.57533339676041
5.8899999999999997, 5148.0311897509673, 3014.5862090537585, 875.33005448204074, 515.39381235326323, 0.19141219317487601, 0.23326856876727148, 5147.3456227450588, 3014.991409816505, 875.08070262470358, 515.54189715945915, 0.15151564254656091, 0.25721898175466906, 10868.939069996068, 6970.8733753986871, 486.26085932129808, 503.53786023705578, 0, 0, 20.565333396760408
5.9000000000000004, 5156.7845241275581, 3019.7401906804362, 875.33230993340396, 515.39671256292468, 0.22554513632150452, 0.29002096614482159, 5156.096457541199, 3020.1468759299005, 875.08255395089554, 515.54503994618801, 0.18513261919897217, 0.31427867289028039, 10873.801678589281, 6975.9087540010578, 486.26085932129808, 503.53786023705578, 0, 0, 20.55533339676041
5.9100000000000001, 5165.5378751619664, 3024.8941915036844, 875.33417227167547, 515.39895907086088, 0.1862338271476297, 0.22465079362084811, 5164.8473050427929, 3025.3023636127559, 875.08401808991766, 515.54752550575461, 0.1464139022069009, 0.24855595665966257, 10878.664287182495, 6980.9441326034284, 486.26085932129808, 503.53786023705578, 0, 0, 20.545333396760409
5.9199999999999999, 5174.2912499483746, 3030.0482233192015, 875.33637651775177, 515.40177405809686, 0.22042460763262844, 0.28149872360188788, 5173.5981722368479, 3030.4578847245803, 875.08581896699013, 515.55058262354032, 0.18008770724171005, 0.30571177856618198, 10883.526895775709, 6985.9795112057991, 486.26085932129808, 503.53786023705578, 0, 0, 20.535333396760407
5.9299999999999997, 5183.0446408695034, 3035.2022734608749, 875.33818691449585, 515.40393413092409, 0.1810396744106523, 0.21600728272167585, 5182.3490516210286, 3035.6134265308606, 875.0872319343996, 515.55298129320147, 0.14129674094362318, 0.23986696611282809, 10888.389504368923, 6991.0148898081698, 486.26085932129808, 503.53786023705578, 0, 0, 20.525333396760409
5.9400000000000004, 5191.798055032049, 3040.3563537450596, 875.34033980787945, 515.40666365594586, 0.21528933836140057, 0.27295250218089878, 5191.0999501946335, 3040.7690009118951, 875.08898221848085, 515.5559525000308, 0.17502840812411757, 0.29712068293737187, 10893.252112962136, 6996.0502684105404, 486.26085932129808, 503.53786023705578, 0, 0, 20.515333396760408
5.9500000000000002, 5200.5514848045177, 3045.5104514822051, 875.3420981005346, 515.4087370283662, 0.17582926551118958, 0.20733724202850834, 5199.8508604413719, 3045.9245951095777, 875.0903438554077, 515.55826401217155, 0.13616369268730771, 0.23115121407483982, 10898.11472155535, 7001.0856470129111, 486.26085932129808, 503.53786023705578, 0, 0, 20.50533339676041
5.96, 5209.3049373063504, 3050.664578509713, 875.34419948904713, 515.4113808433159, 0.2101388512510502, 0.26438149496752972, 5208.6017893730632, 3051.080221025386, 875.0920433978888, 515.56114905794163, 0.16995424810850568, 0.28850457700965737, 10902.977330148564, 7006.1210256152817, 486.26085932129808, 503.53786023705578, 0, 0, 20.495333396760408
5.9699999999999998, 5218.0584048915607, 3055.8187221141284, 875.34590551037707, 515.4133672421234, 0.17060213298942276, 0.19863988074467437, 5217.3527294591859, 3056.2358658771514, 875.09335354082191, 515.56337313701943, 0.13101429330760894, 0.22240790778259639, 10907.839938741778, 7011.1564042176524, 486.26085932129808, 503.53786023705578, 0, 0, 20.48533339676041
5.9800000000000004, 5226.8118946925651, 3060.9728941542844, 875.34795523708908, 515.4159250911091, 0.20497267119879689, 0.25578489856573028, 5226.1036877243077, 3061.3915415879201, 875.09500218837752, 515.56617176357281, 0.16486475555602004, 0.27986265533951893, 10912.702547334991, 7016.191782820023, 486.26085932129808, 503.53786023705578, 0, 0, 20.475333396760409
5.9900000000000002, 5235.565399048608, 3066.1270818923572, 875.34960881520226, 515.41782423522113, 0.16535781131214478, 0.18991441120025804, 5234.8546566234036, 3066.5472353509945, 875.09626066918293, 515.56830812614908, 0.12584808054596033, 0.21363625763200525, 10917.565155928205, 7021.2271614223937, 486.26085932129808, 503.53786023705578, 0, 0, 20.465333396760407
6, 5244.3189251053091, 3071.2812972089964, 875.35160671845415, 515.4202958543508, 0.19979032518372328, 0.24716191297021348, 5243.6056431940142, 3071.7029591113733, 875.09785826379141, 515.57102006730815, 0.15975946085361914, 0.27119411590715753, 10922.427764521419, 7026.2625400247643, 486.26085932129808, 503.53786023705578, 0, 0, 20.455333396760409
6.0099999999999998, 5253.0724651868695, 3076.4355273415472, 875.35320767682219, 515.42210745483806, 0.16009583680226697, 0.18116004872735431, 5252.3566398763414, 3076.8587000373677, 875.09906490973083, 515.57306842207868, 0.12066459394417153, 0.20483547705380453, 10927.290373114633, 7031.297918627135, 486.26085932129808, 503.53786023705578, 0, 0, 20.445333396760411
6.0200000000000005, 5261.8260264523387, 3081.5897841928568, 875.35515359024419, 515.42449257225257, 0.19459134219963142, 0.2385117414472428, 5261.1076537211229, 3082.0144700963124, 875.10061128869427, 515.57569340367866, 0.15463789634596137, 0.26249815999788373, 10932.152981707846, 7036.3332972295057, 486.26085932129808, 503.53786023705578, 0, 0, 20.435333396760409
6.0300000000000002, 5270.579601210603, 3086.7440549749808, 875.35670174771997, 515.42621633236809, 0.15481574757703959, 0.17237601154981763, 5269.8586771535165, 3087.1702564310667, 875.10176592244204, 515.57765345150267, 0.11546337478160726, 0.19600478240395658, 10937.01559030106, 7041.3686758318763, 486.26085932129808, 503.53786023705578, 0, 0, 20.425333396760408
6.04, 5279.3331966343685, 3091.898351613343, 875.35859550025179, 515.42851466827221, 0.18937525318477905, 0.22983359041023715, 5278.6097172376803, 3092.3260710316804, 875.10326091840466, 515.58019119142341, 0.14949959626421822, 0.25377399207829721, 10941.878198894274, 7046.404054434247, 486.26085932129808, 503.53786023705578, 0, 0, 20.41533339676041
6.0499999999999998, 5288.0868050169338, 3097.052661294254, 875.3600906710866, 515.43015028347884, 0.14951708347883264, 0.16356152066064189, 5287.3607663834591, 3097.4819010151036, 875.10436335806469, 515.5820626253518, 0.11024396600503661, 0.18714339284160708, 10946.740807487487, 7051.4394330366176, 486.26085932129808, 503.53786023705578, 0, 0, 20.405333396760408
6.0600000000000005, 5296.8404335448831, 3102.2069959660894, 875.36193208699615, 515.43236155017189, 0.18414159095464905, 0.22112666930042341, 5296.1118316686543, 3102.63775839448, 875.10580679903126, 515.58451283354862, 0.14434409665787368, 0.24502081967754147, 10951.603416080701, 7056.4748116389883, 486.26085932129808, 503.53786023705578, 0, 0, 20.395333396760407
6.0700000000000003, 5305.5940744956606, 3107.3613427889609, 875.36337408085626, 515.43390870816893, 0.14419938601197246, 0.15471579970940805, 5304.8629054875319, 3107.7936302603948, 875.10685685815292, 515.58629533885073, 0.10500591216444449, 0.17825053021716775, 10956.466024673915, 7061.5101902413589, 486.26085932129808, 503.53786023705578, 0, 0, 20.385333396760409
6.0800000000000001, 5314.3477350699523, 3112.5157137345714, 875.36516297975766, 515.43603261007365, 0.17888989013542073, 0.21239019046865604, 5313.613994931754, 3112.9495286494612, 875.10824856750617, 515.5886577173834, 0.13917093532721256, 0.23623785326973332, 10961.328633267129, 7066.5455688437296, 486.26085932129808, 503.53786023705578, 0, 0, 20.375333396760411
6.0899999999999999, 5323.1014075290796, 3117.6700959363834, 875.36655160174041, 515.43749099082254, 0.13886219827715143, 0.14583807488569125, 5322.3650923797431, 3118.105440625448, 875.10924605509967, 515.590350971573, 0.09974875934644889, 0.16932541895633829, 10966.191241860342, 7071.5809474461003, 486.26085932129808, 503.53786023705578, 0, 0, 20.365333396760409
6.1000000000000005, 5331.8550990880503, 3122.8245013897972, 875.36828779861139, 515.43952722451309, 0.17361968709779818, 0.20362336905782713, 5331.1162049372415, 3123.2613782488097, 875.1105858516172, 515.59262521463461, 0.13397965175615728, 0.22742430615698772, 10971.053850453556, 7076.6163260484709, 486.26085932129808, 503.53786023705578, 0, 0, 20.355333396760408
6.1100000000000003, 5340.6088019917961, 3127.9789172011788, 875.36962284926051, 515.44089650026115, 0.13350506491092379, 0.13692757481091722, 5339.8673249665662, 3128.4173285560491, 875.11153057216836, 515.59422888749418, 0.094472055112723816, 0.16036728595262609, 10975.91645904677, 7081.6517046508416, 486.26085932129808, 503.53786023705578, 0, 0, 20.34533339676041
6.1200000000000001, 5349.3625234698666, 3133.1333553899949, 875.37130615445938, 515.44284475449001, 0.16833051989206338, 0.1948254228873075, 5348.6184595877558, 3133.5733036318334, 875.11281827003882, 515.59641468143775, 0.12876978704630723, 0.21857939435448637, 10980.779067639984, 7086.6870832532122, 486.26085932129808, 503.53786023705578, 0, 0, 20.335333396760408
6.1299999999999999, 5358.1162557505413, 3138.2878030350694, 875.37258742977963, 515.44412458979423, 0.12812753202067395, 0.12798353042267979, 5357.3696011467582, 3138.7292904849519, 875.11371002352314, 515.59792843504226, 0.089175348433957663, 0.15137536045228844, 10985.641676233197, 7091.7224618555829, 486.26085932129808, 503.53786023705578, 0, 0, 20.32533339676041
6.1400000000000006, 5366.8700060781284, 3143.442272180303, 875.37421764906139, 515.4459845455176, 0.16302192818087832, 0.18599557233363651, 5366.1207567781257, 3143.8853012246527, 875.11494543236165, 515.600025458407, 0.12354088384875689, 0.20970233647177761, 10990.504284826411, 7096.7578404579535, 486.26085932129808, 503.53786023705578, 0, 0, 20.315333396760408
6.1500000000000004, 5375.6237666639909, 3148.5967498765344, 875.37544494053259, 515.44717459726621, 0.12272914712151184, 0.11900517486224879, 5374.8719188111781, 3149.0413228315679, 875.11578401425788, 515.60144894714642, 0.083858189625704113, 0.14234887394248641, 10995.366893419625, 7101.7932190603242, 486.26085932129808, 503.53786023705578, 0, 0, 20.30533339676041
6.1600000000000001, 5384.3775447674143, 3153.7512481924632, 875.37702187506432, 515.44894592766843, 0.15769345317627509, 0.17713304021816237, 5383.6230943951932, 3154.1973674398923, 875.11696693912086, 515.60345687068241, 0.11829248630003261, 0.20079235360106742, 11000.229502012839, 7106.8285976626948, 486.26085932129808, 503.53786023705578, 0, 0, 20.295333396760409
6.1699999999999999, 5393.131332582584, 3158.9057541505013, 875.37819496965506, 515.45004584510207, 0.1173094590735172, 0.1099917433626415, 5392.3742758426042, 3159.3534220016581, 875.1177521404237, 515.60478974128284, 0.078520130284570194, 0.13328706004000837, 11005.092110606052, 7111.8639762650655, 486.26085932129808, 503.53786023705578, 0, 0, 20.285333396760407
6.1799999999999997, 5401.8851373839761, 3164.0602798445102, 875.37971841603076, 515.45172821561903, 0.15234463757559705, 0.16823705169292424, 5401.1254703176292, 3164.5094986763715, 875.11888238182325, 515.60670822797488, 0.11302413995699084, 0.1918486692037461, 11009.954719199266, 7116.8993548674362, 486.26085932129808, 503.53786023705578, 0, 0, 20.275333396760409
6.1900000000000004, 5410.6389513483391, 3169.2148122680373, 875.38083709621105, 515.45273764035051, 0.11186801802667642, 0.10094247314946328, 5409.8766701155555, 3169.6655843870244, 875.11961398905555, 515.60795011951882, 0.073160723231973146, 0.12418915439283681, 11014.81732779248, 7121.9347334698068, 486.26085932129808, 503.53786023705578, 0, 0, 20.265333396760408
6.2000000000000002, 5419.3927817655549, 3174.3693635404661, 875.38230684646601, 515.45433070869183, 0.14697502550067398, 0.15930683413189223, 5418.6278824157553, 3174.8216913187957, 875.12069134297292, 515.60977882460884, 0.10773539173489416, 0.18287050900230628, 11019.679936385694, 7126.9701120721775, 486.26085932129808, 503.53786023705578, 0, 0, 20.25533339676041
6.21, 5428.146620794676, 3179.5239206260435, 875.38337089021957, 515.45524927472502, 0.10640437535513275, 0.091856603323958536, 5427.3790994961137, 3179.9778063652011, 875.12136913819734, 515.61092936855448, 0.067779522447364432, 0.11505439456383329, 11024.542544978907, 7132.0054906745481, 486.26085932129808, 503.53786023705578, 0, 0, 20.245333396760408
6.2199999999999998, 5436.9004757412022, 3184.6784956700335, 875.38478673184397, 515.4567526908952, 0.14158416243551475, 0.15034161701972243, 5436.1303285513641, 3185.133941737452, 875.12239339609573, 515.61266793956315, 0.10242578984401954, 0.17385710086976658, 11029.405153572121, 7137.0408692769188, 486.26085932129808, 503.53786023705578, 0, 0, 20.23533339676041
6.2300000000000004, 5445.6543387462334, 3189.8330756069486, 875.38579591268001, 515.45758002464277, 0.10091808359960802, 0.082733374759621697, 5444.8815618417375, 3190.2900842991507, 875.12301715692581, 515.61372675976247, 0.062376083009492891, 0.10588201992806213, 11034.267762165335, 7142.0762478792894, 486.26085932129808, 503.53786023705578, 0, 0, 20.225333396760409
6.2400000000000002, 5454.4082171310993, 3194.9876726082898, 875.3871576286316, 515.45899343096119, 0.13617159516400129, 0.14134063184049012, 5453.6328065775397, 3195.4462462878996, 875.12398810576303, 515.61537483650966, 0.097094883726259851, 0.1648076747190784, 11039.130370758548, 7147.1116264816601, 486.26085932129808, 503.53786023705578, 0, 0, 20.215333396760407
6.25, 5463.1621030186898, 3200.142273578404, 875.38811171559564, 515.45972915126117, 0.095408696408491533, 0.073572029996563579, 5462.3840550010918, 3200.6024145369556, 875.12455760537341, 515.61634154922535, 0.056949961036345684, 0.096671271567863343, 11043.992979351762, 7152.1470050840308, 486.26085932129808, 503.53786023705578, 0, 0, 20.205333396760409
6.2599999999999998, 5471.9160037463762, 3205.2968907153836, 875.38941908431275, 515.46105218238085, 0.13073687170569309, 0.13230311196325448, 5471.1353143384795, 3205.758601310667, 875.12547502761333, 515.61789876384921, 0.091742223989854974, 0.15572146238935247, 11048.855587944976, 7157.1823836864014, 486.26085932129808, 503.53786023705578, 0, 0, 20.195333396760411
6.2700000000000005, 5480.6699114185849, 3210.4515108929795, 875.39031784199756, 515.46169590051215, 0.089875768477522766, 0.064371813133508621, 5479.886576813863, 3210.9147934115144, 875.12599003474952, 515.61877297777085, 0.051500713623694239, 0.087421392165548895, 11053.71819653819, 7162.2177622887721, 486.26085932129808, 503.53786023705578, 0, 0, 20.185333396760409
6.2800000000000002, 5489.4238333889361, 3215.6061463362284, 875.39157063741015, 515.46292818343761, 0.1252795412622226, 0.12322829254520175, 5488.6378496693151, 3216.0710031309468, 875.12685370837312, 515.62023895474636, 0.086367362354543772, 0.14659769754976504, 11058.580805131403, 7167.2531408911427, 486.26085932129808, 503.53786023705578, 0, 0, 20.175333396760408
6.29, 5498.1777617431389, 3220.7607838878585, 875.39241382596515, 515.46347950313486, 0.084318855494843192, 0.055131969728683838, 5497.3891251105833, 3221.2272172402381, 875.12731398736105, 515.62102027100536, 0.046027898788916846, 0.078131625905046118, 11063.443413724617, 7172.2885194935134, 486.26085932129808, 503.53786023705578, 0, 0, 20.16533339676041
6.2999999999999998, 5506.9317038512718, 3225.9154358002015, 875.39361181750667, 515.46462065723904, 0.11979915415311702, 0.1141154104171766, 5506.1404103959349, 3226.3834480582905, 875.12812368587686, 515.62239462716127, 0.080969851586291913, 0.13743561558576292, 11068.306022317831, 7177.323898095884, 486.26085932129808, 503.53786023705578, 0, 0, 20.155333396760408
6.3100000000000005, 5515.6856517800743, 3231.0700888845358, 875.39439919264748, 515.46507917470592, 0.078737514081270832, 0.045851746692728651, 5514.8916977124545, 3231.5396823247447, 875.12852899663096, 515.62308263934494, 0.040531075410104901, 0.068801218365525399, 11073.168630911045, 7182.3592766982547, 486.26085932129808, 503.53786023705578, 0, 0, 20.145333396760407
6.3200000000000003, 5524.4396129162897, 3236.2247554208384, 875.39554214526504, 515.46612881174576, 0.11429526175756868, 0.10496370397906746, 5523.6429943348076, 3236.6959323863061, 875.12928448908531, 515.6243649838799, 0.07554924543786655, 0.12823445349518298, 11078.031239504258, 7187.3946553006253, 486.26085932129808, 503.53786023705578, 0, 0, 20.135333396760409
6.3300000000000001, 5533.1935793074372, 3241.3794221885146, 875.39627345828239, 515.46649411566762, 0.073131301735186713, 0.036530392189231452, 5532.3942924311687, 3241.8521849505573, 875.12963458711704, 515.62495927804412, 0.0350098031696984, 0.059429416422703413, 11082.893848097472, 7192.430033902996, 486.26085932129808, 503.53786023705578, 0, 0, 20.125333396760411
6.3399999999999999, 5541.947558357132, 3246.5341014955334, 875.39736113244692, 515.46745183979863, 0.1087674164571787, 0.095772413096771744, 5541.1455992928049, 3247.0084523923551, 875.13033563810291, 515.62614921254203, 0.070105098590357795, 0.11899344978596724, 11087.756456690686, 7197.4654125053667, 486.26085932129808, 503.53786023705578, 0, 0, 20.115333396760409
6.3500000000000005, 5550.7015420934231, 3251.6887800890045, 875.39803613021468, 515.46772351135394, 0.067499776775412829, 0.027167155531884684, 5549.8969070687326, 3252.1647213868009, 875.1306302745279, 515.62664936722354, 0.029463642496130565, 0.050015468146754408, 11092.6190652839, 7202.5007911077373, 486.26085932129808, 503.53786023705578, 0, 0, 20.105333396760408
6.3600000000000003, 5559.4555379370013, 3256.8434703052349, 875.39906828193045, 515.46858891914383, 0.10321517157574456, 0.086540778994205217, 5558.6482230670226, 3257.3210043372496, 875.1312766441938, 515.62774648566722, 0.064636966591775563, 0.10971184436890255, 11097.481673877113, 7207.536169710108, 486.26085932129808, 503.53786023705578, 0, 0, 20.09533339676041
6.3700000000000001, 5568.2095378961949, 3261.9981588586193, 875.39968670691326, 515.46876653201468, 0.061842498284526572, 0.017761287082319666, 5567.399539417288, 3262.4772878858998, 875.13151556573882, 515.62815207189419, 0.023892154505888184, 0.040558622700913205, 11102.344282470327, 7212.5715483124786, 486.26085932129808, 503.53786023705578, 0, 0, 20.085333396760408
6.3799999999999999, 5576.9635494089762, 3267.1528581141461, 875.40066308772646, 515.4695392124562, 0.097638081324764384, 0.077268044154771107, 5576.1508634446063, 3267.6335844649507, 875.13210700979687, 515.62915596067876, 0.059144405801263407, 0.1003888784598802, 11107.206891063541, 7217.6069269148493, 486.26085932129808, 503.53786023705578, 0, 0, 20.07533339676041
6.3900000000000006, 5585.7175644637073, 3272.3075547530761, 875.40122467798699, 515.46962233283773, 0.056159026055425582, 0.0083120381532962584, 5584.9021872589392, 3272.7898806832768, 875.13228995880638, 515.62946654198117, 0.018294900948758595, 0.03105813024547098, 11112.069499656754, 7222.6423055172199, 486.26085932129808, 503.53786023705578, 0, 0, 20.065333396760408
6.4000000000000004, 5594.4715905158419, 3277.4622611694222, 875.40214503499442, 515.47030186735992, 0.092035700743979459, 0.067953452214533291, 5593.6535182025737, 3277.9461890022658, 875.13282622853967, 515.63037677992588, 0.053626973328410842, 0.091023794473822389, 11116.932108249968, 7227.6776841195906, 486.26085932129808, 503.53786023705578, 0, 0, 20.05533339676041
6.4100000000000001, 5603.2256195335294, 3282.6169640108951, 875.40264952419977, 515.47029005396905, 0.050448920536313578, -0.0011813390907835543, 5602.4048483655761, 3283.1024959970514, 875.13295294298121, 515.63059191234424, 0.012671444151506069, 0.02151324183908955, 11121.794716843182, 7232.7130627219613, 486.26085932129808, 503.53786023705578, 0, 0, 20.045333396760409
6.4199999999999999, 5611.9796589899097, 3287.771675700872, 875.40351360005627, 515.47087601644773, 0.086407585648867941, 0.058596247866895851, 5611.1561851076403, 3288.2588141585502, 875.13343378525099, 515.63140807070351, 0.048084226979396898, 0.08161583593018723, 11126.657325436396, 7237.7484413243319, 486.26085932129808, 503.53786023705578, 0, 0, 20.035333396760407
6.4299999999999997, 5620.7337008326713, 3292.9263828530979, 875.4039607174841, 515.47076882053045, 0.044711742778520289, -0.010719591728705033, 5619.9075204986948, 3293.4151300277385, 875.13350399872058, 515.63152730279694, 0.0070213469643233689, 0.011923209344807742, 11131.519934029609, 7242.7838199267026, 486.26085932129808, 503.53786023705578, 0, 0, 20.025333396760409
6.4400000000000004, 5629.48775255284, 3298.0810979206549, 875.4047682504098, 515.47126077729808, 0.0807532925733081, 0.049195676759199392, 5628.6588619160411, 3298.5714561254035, 875.13392915597262, 515.63224894527048, 0.042515725198360298, 0.07216424735035562, 11136.382542622823, 7247.8191985290732, 486.26085932129808, 503.53786023705578, 0, 0, 20.015333396760408
6.4500000000000002, 5638.2418060774025, 3303.2358074829081, 875.40515772095364, 515.47105774263628, 0.038947054380304123, -0.020303466184005418, 5637.4102014092268, 3303.7277789579489, 875.13394259769962, 515.63227181812374, 0.0013441727033100537, 0.002287285329285807, 11141.245151216037, 7252.8545771314439, 486.26085932129808, 503.53786023705578, 0, 0, 20.00533339676041
6.46, 5646.9958689154691, 3308.3905240229824, 875.4059084447407, 515.47145525249016, 0.07507237871098757, 0.039750985387177265, 5646.1615463733579, 3308.884111076371, 875.13431180796965, 515.63289850086528, 0.036921027007518308, 0.062668274152876652, 11146.107759809251, 7257.8899557338145, 486.26085932129808, 503.53786023705578, 0, 0, 19.995333396760408
6.4699999999999998, 5655.749932973079, 3313.5452340854508, 875.40623998891499, 515.47115591540694, 0.03315441743243204, -0.029933708323643914, 5654.9128888373607, 3314.0404389520882, 875.13426820282064, 515.63282454809496, -0.0043605149053164843, -0.0073952770350290686, 11150.970368402464, 7262.9253343361852, 486.26085932129808, 503.53786023705578, 0, 0, 19.98533339676041
6.4800000000000004, 5664.5040057776287, 3318.6999501838181, 875.4069336329336, 515.47145852961694, 0.069364401866613995, 0.030261421005647497, 5663.664236214343, 3319.1967751666434, 875.13458119974018, 515.63335581972058, 0.031299691956920866, 0.053127162565046987, 11155.832976995678, 7267.9607129385558, 486.26085932129808, 503.53786023705578, 0, 0, 19.975333396760409
6.4900000000000002, 5673.258079213967, 3323.8546588274548, 875.40720696687833, 515.47106241898143, 0.027333394468354408, -0.039611063549095687, 5672.4155805123673, 3324.353106156057, 875.13448026822243, 515.63318456747993, -0.010093151776503009, -0.017125224060109134, 11160.695585588892, 7272.9960915409265, 486.26085932129808, 503.53786023705578, 0, 0, 19.965333396760407
6.5, 5682.0121608279742, 3329.0093725605793, 875.40784325608229, 515.47126968129669, 0.063628920396919655, 0.020726231522176817, 5681.1669291627413, 3329.5094445327559, 875.13473678102309, 515.63361996907508, 0.025651280064135626, 0.043540159517380987, 11165.558194182106, 7278.0314701432972, 486.26085932129808, 503.53786023705578, 0, 0, 19.955333396760409
6.5099999999999998, 5690.7662424830669, 3334.1640778569508, 875.40805809156643, 515.47077631852778, 0.021483548411666237, -0.049336276892022503, 5689.9182741524255, 3334.6657766969515, 875.13457823928786, 515.63335093605872, -0.015854173520333907, -0.026903301637142517, 11170.420802775319, 7283.0668487456678, 486.26085932129808, 503.53786023705578, 0, 0, 19.945333396760411
6.5200000000000005, 5699.5203317438063, 3339.3187872918361, 875.40863674649802, 515.47088776518183, 0.057865493161937273, 0.011144665407755425, 5698.669622931121, 3339.8221152922888, 875.13477799280554, 515.63369000118428, 0.019975351764029377, 0.033906512555195022, 11175.283411368533, 7288.1022273480385, 486.26085932129808, 503.53786023705578, 0, 0, 19.935333396760409
6.5300000000000002, 5708.2744204519377, 3344.4734873029738, 875.40879279092326, 515.47029666425078, 0.015604442526410803, -0.059110093105286379, 5707.4209674644471, 3344.9784466827623, 875.13456155265055, 515.63332269863099, -0.021644015493225172, -0.036730255326635437, 11180.146019961747, 7293.1376059504091, 486.26085932129808, 503.53786023705578, 0, 0, 19.925333396760408
6.54, 5717.0285161908987, 3349.6281904970119, 875.40931352771793, 515.47031182396677, 0.052073679467605223, 0.0015159715929910882, 5716.1723152206941, 3350.134783543569, 875.13470426732908, 515.63356495332835, 0.014271467849991205, 0.024225469735644364, 11185.008628554961, 7298.1729845527798, 486.26085932129808, 503.53786023705578, 0, 0, 19.91533339676041
6.5499999999999998, 5725.7826107805222, 3354.782883275263, 875.40941048412151, 515.46962249139915, 0.0096956403621893568, -0.068933256762668857, 5724.9236581439009, 3355.2911122020778, 875.13442963620059, 515.63309888502374, -0.027463112854253936, -0.046606830457255069, 11189.871237148174, 7303.2083631551504, 486.26085932129808, 503.53786023705578, 0, 0, 19.905333396760408
6.5600000000000005, 5734.5367118233189, 3359.9375782760867, 875.40987301451162, 515.46954088539292, 0.046253039016164836, -0.0081606006228130655, 5733.6750037211414, 3360.4474453653697, 875.13451502809482, 515.63324384781913, 0.0085391894228089849, 0.01449627953772574, 11194.733845741388, 7308.2437417575211, 486.26085932129808, 503.53786023705578, 0, 0, 19.895333396760407
6.5700000000000003, 5743.29081111697, 3365.0922618639638, 875.40991058156862, 515.4687528202694, 0.0037567057046993882, -0.078806512349639646, 5742.4263438746375, 3365.6037693237822, 875.13418190908862, 515.63267851009698, -0.03331190061616314, -0.056533772215660347, 11199.596454334602, 7313.2791203598917, 486.26085932129808, 503.53786023705578, 0, 0, 19.885333396760409
6.5800000000000001, 5752.0449162832556, 3370.2469467092965, 875.41031461288719, 515.46857396225266, 0.040403131852709814, -0.017885801669050017, 5751.1776861104399, 3370.7600968166116, 875.13420968986702, 515.63272569200467, 0.0027780778357354777, 0.0047181907657882771, 11204.459062927815, 7318.3144989622624, 486.26085932129808, 503.53786023705578, 0, 0, 19.875333396760411
6.5899999999999999, 5760.7990190974651, 3375.4016191393284, 875.41029248491247, 515.46768665620914, -0.002212797475192152, -0.088730604356637474, 5759.9290223287162, 3375.9164140967578, 875.13381778173004, 515.63206057374725, -0.039190813697830895, -0.066511825738845523, 11209.321671521029, 7323.3498775646331, 486.26085932129808, 503.53786023705578, 0, 0, 19.865333396760409
6.6000000000000005, 5769.553127200842, 3380.5562918568335, 875.41063772009556, 515.46741005239119, 0.034523518312328666, -0.027660381800289794, 5768.6803600546873, 3381.0727339360633, 875.1337876586764, 515.63200947827181, -0.0030123053598832203, -0.0051095475460271739, 11214.184280114243, 7328.3852561670037, 486.26085932129808, 503.53786023705578, 0, 0, 19.855333396760408
6.6100000000000003, 5778.3072323460474, 3385.7109511514159, 875.41055558704488, 515.46642298961751, -0.0082133050696597612, -0.098706277367915943, 5777.4316911662308, 3386.2290425495858, 875.1333366558066, 515.63124406090981, -0.045100286974087973, -0.076541736202010616, 11219.046888707457, 7333.4206347693744, 486.26085932129808, 503.53786023705578, 0, 0, 19.84533339676041
6.6200000000000001, 5787.0613421939815, 3390.8656097585485, 875.41084172463457, 515.46604813870567, 0.028613758969511037, -0.03748509118907533, 5786.1830232079292, 3391.385352742042, 875.13324833182196, 515.63109418404758, -0.0088323984667722163, -0.014987686225629807, 11223.90949730067, 7338.456013371745, 486.26085932129808, 503.53786023705578, 0, 0, 19.835333396760408
6.6299999999999999, 5795.81544847444, 3396.0202539297943, 875.41069927210572, 515.46496079594419, -0.014245252883476174, -0.10873427615270903, 5794.9343480351345, 3396.5416506902452, 875.13273792426867, 515.63022794155847, -0.05104075532688418, -0.08662424890875027, 11228.772105893884, 7343.4913919741157, 486.26085932129808, 503.53786023705578, 0, 0, 19.82533339676041
6.6400000000000006, 5804.5695588681729, 3401.1748964336516, 875.41092600625166, 515.46448718914405, 0.022673414590224664, -0.047360680014359655, 5803.6856732119813, 3401.6979492321143, 875.1325910978718, 515.62997877179794, -0.014682639691285526, -0.024916976050424547, 11233.634714487098, 7348.5267705764863, 486.26085932129808, 503.53786023705578, 0, 0, 19.815333396760408
6.6500000000000004, 5813.3236650818735, 3406.3295234832412, 875.41072291548483, 515.46329903568653, -0.020309076683031523, -0.11881534575558797, 5812.4369905710619, 3406.8542345058158, 875.13202097133478, 515.62901117070419, -0.057012653695949433, -0.096760109380415016, 11238.497323080312, 7353.562149178857, 486.26085932129808, 503.53786023705578, 0, 0, 19.80533339676041
6.6600000000000001, 5822.0777748163355, 3411.4841478804133, 875.41088993594565, 515.46272615670091, 0.016702046079406153, -0.057287898557651193, 5821.1883076962549, 3412.0105193827976, 875.13181533666284, 515.62866218902582, -0.020563467197504411, -0.034898167842493333, 11243.359931673525, 7358.5975277812277, 486.26085932129808, 503.53786023705578, 0, 0, 19.795333396760409
6.6699999999999999, 5830.8318797549127, 3416.6387557994453, 875.41062588382317, 515.46143665438501, -0.02640521224768879, -0.12895023159079069, 5829.9396163971587, 3417.1667899621784, 875.13118517249154, 515.62759268839136, -0.063016417131780772, -0.10695006344945156, 11248.222540266739, 7363.6329063835983, 486.26085932129808, 503.53786023705578, 0, 0, 19.785333396760407
6.6799999999999997, 5839.5859876186332, 3421.7933600758647, 875.41073287596748, 515.46076397941204, 0.010699214429667606, -0.067267497297224726, 5838.6909242775855, 3422.3230591492606, 875.13092041929997, 515.62714336826571, -0.026475319160162825, -0.044932012561816288, 11253.085148859953, 7368.668284985969, 486.26085932129808, 503.53786023705578, 0, 0, 19.775333396760409
6.6900000000000004, 5848.3400900672787, 3426.9479468447071, 875.41040753501329, 515.45937258261677, -0.03253409541406304, -0.13913967952487818, 5847.4422231239059, 3427.4793130037147, 875.13022989449155, 515.62597141969229, -0.069052480841686137, -0.117194857340991, 11257.947757453167, 7373.7036635883396, 486.26085932129808, 503.53786023705578, 0, 0, 19.765333396760408
6.7000000000000002, 5857.0941948423006, 3432.1025289754994, 875.41045417982002, 515.4585995803468, 0.0046644806750409246, -0.077300226994047358, 5856.1935205600557, 3432.6355644650225, 875.12990570815339, 515.62542122707839, -0.032418633812637397, -0.05501926139114801, 11262.81036604638, 7378.7390421907103, 486.26085932129808, 503.53786023705578, 0, 0, 19.75533339676041
6.71, 5865.8482935796746, 3437.2570925636373, 875.41006721819872, 515.45710573598706, -0.03869616212617618, -0.14938443596925263, 5864.9448083489451, 3437.7917995530074, 875.12915449535092, 515.62414627470071, -0.075121280241640942, -0.12749523776433652, 11267.672974639594, 7383.7744207930809, 486.26085932129808, 503.53786023705578, 0, 0, 19.745333396760408
6.7199999999999998, 5874.602394041468, 3442.4116505129714, 875.41005319225712, 515.45623186759917, -0.0014025941600703459, -0.08738683878576424, 5873.6960941348216, 3442.9480312416545, 875.1287705568559, 515.62349466804244, -0.038393849499683275, -0.065160665828981168, 11272.535583232808, 7388.8097993954516, 486.26085932129808, 503.53786023705578, 0, 0, 19.73533339676041
6.7300000000000004, 5883.3564878396137, 3447.56618887886, 875.40960427377229, 515.45463501511949, -0.044891848482066565, -0.15968524796687877, 5882.4473696569021, 3448.1042455105421, 875.12795832434585, 515.62211614852242, -0.081223251004680669, -0.13785195199860656, 11277.398191826022, 7393.8451779978222, 486.26085932129808, 503.53786023705578, 0, 0, 19.725333396760409
6.7400000000000002, 5892.1105827569836, 3452.7207205997984, 875.40952924928115, 515.4536597342767, -0.0075024491104856081, -0.097528084278363444, 5891.198642579935, 3453.2604553684805, 875.12751431029858, 515.62136257874465, -0.044401404728765463, -0.07535697778016065, 11282.260800419235, 7398.8805566001929, 486.26085932129808, 503.53786023705578, 0, 0, 19.715333396760407
6.75, 5900.8646703812374, 3457.8752316907116, 875.40901803337329, 515.45195930564387, -0.051121590781227938, -0.17004286328048385, 5899.9499046192141, 3458.416646754406, 875.12664072200744, 515.6198799212649, -0.087358829110138203, -0.14826574797984751, 11287.123409012449, 7403.9159352025636, 486.26085932129808, 503.53786023705578, 0, 0, 19.705333396760409
6.7599999999999998, 5909.6187585162425, 3463.0297351250606, 875.40888167814012, 515.45088205848754, -0.013635523313971852, -0.10772471562818084, 5908.7011634601731, 3463.5728327122761, 875.12613630462533, 515.61902383176857, -0.050441738215637209, -0.085608949636768517, 11291.986017605663, 7408.9513138049342, 486.26085932129808, 503.53786023705578, 0, 0, 19.695333396760411
6.7700000000000005, 5918.3728387251504, 3468.1842168769408, 875.40830781988439, 515.44907747818274, -0.057385825570664913, -0.18045803047855993, 5917.4524107939515, 3468.7289991399875, 875.12520102011638, 515.61743645802471, -0.09352845089154728, -0.15873737438591962, 11296.848626198876, 7413.9866924073049, 486.26085932129808, 503.53786023705578, 0, 0, 19.685333396760409
6.7800000000000002, 5927.1269188330107, 3473.3386899550997, 875.40810979732373, 515.44789770332636, -0.019802256065697375, -0.11797748564184293, 5926.2036543268596, 3473.8851591169678, 875.12463586722697, 515.61647728468097, -0.056515288940513143, -0.095917334377026861, 11301.71123479209, 7419.0220710096755, 486.26085932129808, 503.53786023705578, 0, 0, 19.675333396760408
6.79, 5935.8809903782358, 3478.493140292408, 875.40747294742687, 515.4459883883361, -0.063684989691142724, -0.19093149902179529, 5934.9548857256486, 3479.0412984996774, 875.1236385416961, 515.61478460887372, -0.099732553084767139, -0.16926758072179646, 11306.573843385304, 7424.0574496120462, 486.26085932129808, 503.53786023705578, 0, 0, 19.66533339676041
6.7999999999999998, 5944.6350612072474, 3483.6475809332192, 875.40721291655825, 515.44470551685754, -0.026003086859370771, -0.12828714785417905, 5943.7061127176912, 3484.1974304033333, 875.12301231673416, 515.61372178001727, -0.062622496191159088, -0.10628288564203296, 11311.436451978518, 7429.0928282144168, 486.26085932129808, 503.53786023705578, 0, 0, 19.655333396760408
6.8100000000000005, 5953.3891228334851, 3488.801997768785, 875.40651272135506, 515.44269087666407, -0.070019520323615997, -0.2014640193499117, 5952.457326945123, 3489.3535406425658, 875.12195260100543, 515.61192320884322, -0.10597157287631348, -0.17985711740525415, 11316.299060571731, 7434.1282068167875, 486.26085932129808, 503.53786023705578, 0, 0, 19.645333396760407
6.8200000000000003, 5962.1431831249301, 3493.9564038793833, 875.40619033680071, 515.44130433209784, -0.032238455437678747, -0.13865445662169976, 5961.2085361565632, 3494.5096423687005, 875.12126496300925, 515.61075614526499, -0.068763799615169818, -0.11670635782812695, 11321.161669164945, 7439.1635854191582, 486.26085932129808, 503.53786023705578, 0, 0, 19.635333396760409
6.8300000000000001, 5970.8972335698199, 3499.1107851142528, 875.4054264382504, 515.43918376866816, -0.076389855034079135, -0.21205634296598916, 5969.9597319693012, 3499.665721354143, 875.12014250352979, 515.60885107790648, -0.11224594795016644, -0.19050673585001604, 11326.024277758159, 7444.1989640215288, 486.26085932129808, 503.53786023705578, 0, 0, 19.625333396760411
6.8399999999999999, 5979.6512820578819, 3504.2651545899143, 875.40504135023195, 515.437692966996, -0.038508801839358217, -0.14908016721059014, 5978.7109221533901, 3504.821790786646, 875.11939310713706, 515.6075791928447, -0.074939639268962979, -0.12718850617372601, 11330.886886351373, 7449.2343426238995, 486.26085932129808, 503.53786023705578, 0, 0, 19.615333396760409
6.8500000000000005, 5988.4053200519193, 3509.4194981132009, 875.40421338591375, 515.43546587477078, -0.082796431821642605, -0.22270922252626874, 5987.4620983010436, 3509.9778363959963, 875.1182075459717, 515.60556702095914, -0.11855611653778729, -0.20121718855438547, 11335.749494944586, 7454.2697212262701, 486.26085932129808, 503.53786023705578, 0, 0, 19.605333396760408
6.8600000000000003, 5997.1593554635938, 3514.5738288371931, 875.4037652402493, 515.43387022441198, -0.044814566442385517, -0.15956503587836152, 5996.2132682039346, 3515.1338714066928, 875.11739604141508, 515.60418972009074, -0.081150455662981014, -0.13773008683976359, 11340.6121035378, 7459.3050998286408, 486.26085932129808, 503.53786023705578, 0, 0, 19.59533339676041
6.8700000000000001, 6005.9133797300428, 3519.7281325259255, 875.40287284335773, 515.43153599029279, -0.089239689156779628, -0.23342341191373059, 6004.9644234289708, 3520.2898815055096, 875.11614701624046, 515.60206982779903, -0.1249025174584871, -0.21198922917354621, 11345.474712131014, 7464.3404784310114, 486.26085932129808, 503.53786023705578, 0, 0, 19.585333396760408
6.8799999999999999, 6014.6674007850479, 3524.8824223693555, 875.40236128145762, 515.42983489209314, -0.05115619001404708, -0.17010981996705954, 6013.7155717896294, 3525.4458799540089, 875.11527304934236, 515.60058650922906, -0.087396689813702175, -0.14833185700172755, 11350.337320724228, 7469.3758570333821, 486.26085932129808, 503.53786023705578, 0, 0, 19.57533339676041
6.8900000000000006, 6023.4214100398522, 3530.0366840883266, 875.40140408079731, 515.42739289542976, -0.09572006603450986, -0.24419966633662601, 6022.466704827284, 3530.6018523955595, 875.11396019344056, 515.59835827310292, -0.13128559017454, -0.22282361261693229, 11355.199929317441, 7474.4112356357527, 486.26085932129808, 503.53786023705578, 0, 0, 19.565333396760408
6.9000000000000004, 6032.1754154505434, 3535.1909309099892, 875.4008287396598, 515.4255857426499, -0.057534113753305402, -0.18071527798378292, 6031.2178303774008, 3535.7578121291044, 875.11302340560769, 515.59676832735363, -0.093678783288097783, -0.15899457492892094, 11360.062537910655, 7479.4466142381234, 486.26085932129808, 503.53786023705578, 0, 0, 19.55533339676041
6.9100000000000001, 6040.9294084022395, 3540.3451485116043, 875.39980635963968, 515.42303535522592, -0.10223800201103228, -0.25503874239961716, 6039.9689399555909, 3540.9137447542139, 875.11164634785939, 515.59443111640246, -0.13770577483003044, -0.23372109511803588, 11364.925146503869, 7484.4819928404941, 486.26085932129808, 503.53786023705578, 0, 0, 19.545333396760409
6.9199999999999999, 6049.6833968735191, 3545.499350157831, 875.39916687184632, 515.421121533529, -0.063948779337189801, -0.19138216968801608, 6048.7200414194931, 3546.0696636075281, 875.11064637607683, 515.59273392640171, -0.099997178252086802, -0.16971900007055235, 11369.787755097082, 7489.5173714428647, 486.26085932129808, 503.53786023705578, 0, 0, 19.535333396760407
6.9299999999999997, 6058.4373722231467, 3550.6535214819564, 875.39807893247382, 515.41846211954703, -0.10879393725261172, -0.26594139819541512, 6057.4711262587271, 3551.2255542444268, 875.10920474095383, 515.59028710205848, -0.14416351230180363, -0.24468243432480408, 11374.650363690296, 7494.5527500452354, 486.26085932129808, 503.53786023705578, 0, 0, 19.525333396760409
6.9400000000000004, 6067.1913424523773, 3555.8076757864633, 875.39737492618417, 515.41644100698522, -0.070400628965988143, -0.20211125617709336, 6066.2222023532886, 3556.3814300395634, 875.10814121777867, 515.5884820431271, -0.10635231751784471, -0.18050589313992724, 11379.51297228351, 7499.588128647606, 486.26085932129808, 503.53786023705578, 0, 0, 19.515333396760408
6.9500000000000002, 6075.9452988933926, 3560.9617986602743, 875.3962210430584, 515.41367192305142, -0.11538831257736101, -0.27690839338473733, 6074.9732611665795, 3561.5372765037364, 875.10663462533626, 515.58592495923335, -0.15065924424345539, -0.25570838937826945, 11384.375580876724, 7504.6235072499767, 486.26085932129808, 503.53786023705578, 0, 0, 19.50533339676041
6.96, 6084.6992495703071, 3566.1159034440097, 875.39545214200427, 515.41154289005169, -0.076890105408582987, -0.21290329997203311, 6083.7243106011365, 3566.6931070499263, 875.10550717889032, 515.58401139907141, -0.11274464459129073, -0.19135601619898912, 11389.238189469937, 7509.6588858523473, 486.26085932129808, 503.53786023705578, 0, 0, 19.495333396760408
6.9699999999999998, 6093.4531857884913, 3571.269975681837, 875.39423192630932, 515.40866348515885, -0.12202156949848937, -0.28794048927883481, 6092.4753420939132, 3571.848907143959, 875.10393524475899, 515.58134340186143, -0.15719341313080282, -0.26679972099374283, 11394.100798063151, 7514.694264454718, 486.26085932129808, 503.53786023705578, 0, 0, 19.48533339676041
6.9800000000000004, 6102.2071155951062, 3576.4240287528287, 875.39339774978885, 515.40642589450783, -0.083417652044164153, -0.22375906509747798, 6101.2263635701702, 3577.0046902374575, 875.10274349872179, 515.57932070053403, -0.11917460371604241, -0.20227013273691316, 11398.963406656365, 7519.7296430570887, 486.26085932129808, 503.53786023705578, 0, 0, 19.475333396760409
6.9900000000000002, 6110.9610302684814, 3581.5780481560064, 875.39211080828613, 515.40343551001865, -0.12869415026761807, -0.29903844892226866, 6109.9773664401882, 3582.1604417508843, 875.10110583409869, 515.5765411286186, -0.16376646230745878, -0.2779571915422332, 11403.826015249579, 7524.7650216594593, 486.26085932129808, 503.53786023705578, 0, 0, 19.465333396760407
7, 6119.7149378790073, 3586.7320473092091, 875.39121097115708, 515.40108871684697, -0.089983712908711003, -0.23467931716970181, 6118.7283586521335, 3587.3161751748194, 875.09984940769948, 515.57440863854106, -0.125642639922106, -0.21324900775678768, 11408.688623842792, 7529.80040026183, 486.26085932129808, 503.53786023705578, 0, 0, 19.455333396760409
7.0099999999999998, 6128.468829677744, 3591.8860116659221, 875.3898569061779, 515.39798668647529, -0.13540649791635234, -0.31020303717292547, 6127.4793315893849, 3592.4718758839699, 875.09814561933922, 515.57151682288975, -0.17037883602872761, -0.28918156512906945, 11413.551232436006, 7534.8357788642006, 486.26085932129808, 503.53786023705578, 0, 0, 19.445333396760411
7.0200000000000005, 6137.222713758496, 3597.0399546830631, 875.38889101885047, 515.39553003824051, -0.096588732738570104, -0.24566482347992399, 6136.2302932231987, 3597.6275574081878, 875.09682412734855, 515.56927388881115, -0.13214919907174372, -0.22429340785755464, 11418.41384102922, 7539.8711574665713, 486.26085932129808, 503.53786023705578, 0, 0, 19.435333396760409
7.0300000000000002, 6145.9765813448257, 3602.1938617681926, 875.38746942828743, 515.39231568803257, -0.1421590563017773, -0.3214350207887004, 6144.9812349098256, 3602.7832050760348, 875.09505381755343, 515.56626915273432, -0.17703097950940488, -0.30047360767920145, 11423.276449622434, 7544.9065360689419, 486.26085932129808, 503.53786023705578, 0, 0, 19.425333396760408
7.04, 6154.7304405541354, 3607.3477464176199, 875.38643709671737, 515.3897485245019, -0.10323315701080492, -0.25671635307239982, 6153.7321646437922, 3607.9388324569468, 875.09366687027443, 515.56391511172126, -0.13869472790220178, -0.23540410131067407, 11428.139058215647, 7549.9419146713126, 486.26085932129808, 503.53786023705578, 0, 0, 19.41533339676041
7.0499999999999998, 6163.4842825822616, 3612.5015939925897, 875.38494757401588, 515.38642117281688, -0.14895227014356055, -0.33273516850037094, 6162.4830737539942, 3613.0944248329511, 875.09182963688477, 515.5607967708512, -0.18372333896335119, -0.31183408700859322, 11433.001666808861, 7554.9772932736832, 486.26085932129808, 503.53786023705578, 0, 0, 19.405333396760408
7.0600000000000005, 6172.238115570387, 3617.6554180291164, 875.38384839969603, 515.38374282604855, -0.1099174319881993, -0.26783467683039219, 6171.2339702584122, 3618.2499958133808, 875.09037684014402, 515.55833095226978, -0.14527967407306147, -0.24658185814468858, 11437.864275402075, 7560.0126718760539, 486.26085932129808, 503.53786023705578, 0, 0, 19.395333396760407
7.0700000000000003, 6180.9919306863958, 3622.8092038417394, 875.38229053384532, 515.38030178353756, -0.15578658506897067, -0.34410425109778103, 6179.9848454583598, 3623.4055306333375, 875.08847227652745, 515.55509831454071, -0.19045636165090299, -0.32326377290897379, 11442.726883995289, 7565.0480504784246, 486.26085932129808, 503.53786023705578, 0, 0, 19.385333396760409
7.0800000000000001, 6189.7457360954331, 3627.9629650064899, 875.38112411379768, 515.37751157786192, -0.11664200476263099, -0.27902056755958166, 6188.7357073954518, 3628.5610429423655, 875.08695323166535, 515.55252004003842, -0.15190448621202607, -0.25782745022718806, 11447.589492588502, 7570.0834290807952, 486.26085932129808, 503.53786023705578, 0, 0, 19.375333396760411
7.0899999999999999, 6198.4995229372043, 3633.1166867908123, 875.37949748932112, 515.37395614744685, -0.1626624476557961, -0.35554304151268634, 6197.4865473431937, 3633.7165179282501, 875.08498092670607, 515.54917240566613, -0.19723049592425748, -0.33476343722920576, 11452.452101181716, 7575.1188076831659, 486.26085932129808, 503.53786023705578, 0, 0, 19.365333396760409
7.1000000000000005, 6207.2532994009989, 3638.2703828110666, 875.37826341608809, 515.37105339944617, -0.12340732329812586, -0.29027480007109718, 6206.2373733670183, 3638.8719692810591, 875.08339523056645, 515.54648098915266, -0.15856961396043517, -0.26914165134636725, 11457.31470977493, 7580.1541862855365, 486.26085932129808, 503.53786023705578, 0, 0, 19.355333396760408
7.1100000000000003, 6216.0070565981141, 3643.424038287214, 875.37656761303333, 515.36738287629726, -0.16958030547086711, -0.36705231489444601, 6214.9881767123952, 3644.0273821408728, 875.0813547686538, 515.54301765061314, -0.20404619126857074, -0.34633385394943622, 11462.177318368143, 7585.1895648879072, 486.26085932129808, 503.53786023705578, 0, 0, 19.34533339676041
7.1200000000000001, 6224.7608027421693, 3648.5776668762542, 875.37526547466859, 515.36436689478467, -0.13021383647129595, -0.30159815126035155, 6223.7389654687559, 3649.1827702385931, 875.07970201357364, 515.54021239824021, -0.16527550801624522, -0.28052523728834033, 11467.039926961357, 7590.2249434902778, 486.26085932129808, 503.53786023705578, 0, 0, 19.335333396760408
7.1299999999999999, 6233.5145289158245, 3653.7312537502748, 875.37350006859742, 515.36058056629781, -0.1765406071115404, -0.37863284869079827, 6232.4897308533073, 3654.3381186662054, 875.07759297459017, 515.5366326402476, -0.21090389834601661, -0.35797579926033246, 11471.902535554571, 7595.2603220926485, 486.26085932129808, 503.53786023705578, 0, 0, 19.32533339676041
7.1400000000000006, 6242.2682433572118, 3658.884812607228, 875.37212944865632, 515.35745065229594, -0.13706199411335962, -0.31299140018866561, 6241.2404809796599, 3659.4934411957602, 875.07587274838841, 515.53371285038838, -0.1720226201786117, -0.29197898591723304, 11476.765144147785, 7600.2957006950191, 486.26085932129808, 503.53786023705578, 0, 0, 19.315333396760408
7.1500000000000004, 6251.0219371201283, 3664.0383285709377, 875.37029401063387, 515.35354779806858, -0.18354380224847178, -0.39028542273094108, 6249.9912070365335, 3664.6487228707565, 875.073694707698, 515.53001594987188, -0.21780406904115945, -0.36969005164460839, 11481.627752740998, 7605.3310792973898, 486.26085932129808, 503.53786023705578, 0, 0, 19.30533339676041
7.1600000000000001, 6259.7756184673972, 3669.1918153806191, 875.36885448816338, 515.35030324478691, -0.1439522470522572, -0.32445532816521239, 6258.7419171619003, 3669.8039775047037, 875.07190659366404, 515.52698091309935, -0.17881140339260995, -0.30350367725556887, 11486.490361334212, 7610.3664578997605, 486.26085932129808, 503.53786023705578, 0, 0, 19.295333396760409
7.1699999999999999, 6268.5292784237272, 3674.3452581114443, 875.36694858474675, 515.34628313659391, -0.19059034166221489, -0.40201081929851262, 6267.4926025157638, 3674.959190092226, 875.06965912209898, 515.52316613917992, -0.22474715650029159, -0.38147739194836899, 11491.352969927426, 7615.4018365021311, 486.26085932129808, 503.53786023705578, 0, 0, 19.285333396760407
7.1799999999999997, 6277.2829252768179, 3679.4986705442025, 875.36543973427524, 515.34292322940564, -0.15088504715380591, -0.33599071882752929, 6276.2432712606378, 3680.114374488604, 875.06780269898104, 515.52001513824428, -0.18564231179305565, -0.31510009356319024, 11496.21557852064, 7620.4372151045018, 486.26085932129808, 503.53786023705578, 0, 0, 19.275333396760409
7.1900000000000004, 6286.0365500220587, 3684.6520377050228, 875.36346292750238, 515.33878513117338, -0.19768067728989602, -0.41380982322149662, 6284.9939145275857, 3685.269515639196, 875.06548536282924, 515.51608175220963, -0.23173361518074168, -0.39333860346944322, 11501.078187113853, 7625.4725937068724, 486.26085932129808, 503.53786023705578, 0, 0, 19.265333396760408
7.2000000000000002, 6294.7901609722066, 3689.805373416581, 875.36188431902872, 515.33530914759115, -0.15786084736419292, -0.34759835822442392, 6293.7445405038443, 3690.4246274413654, 875.06356020482178, 515.51281406201542, -0.19251580074968946, -0.32676901941855629, 11505.940795707067, 7630.5079723092431, 486.26085932129808, 503.53786023705578, 0, 0, 19.25533339676041
7.21, 6303.5437490931072, 3694.9586626555738, 875.35983616640613, 515.33105231537172, -0.20481526225852281, -0.42568322194007474, 6302.4951402913075, 3695.5796947908148, 875.06117256581297, 515.50876131729524, -0.23876390088706595, -0.40527447202351607, 11510.803404300281, 7635.5433509116137, 486.26085932129808, 503.53786023705578, 0, 0, 19.245333396760408
7.2199999999999998, 6312.2973227227558, 3700.1119192868723, 875.35818736538863, 515.32745952502273, -0.16488010174912412, -0.3592790348934905, 6311.2457221021168, 3700.7347316273012, 875.05917824254391, 515.50537620487728, -0.19943232690911505, -0.33851124179459535, 11515.666012893495, 7640.5787295139844, 486.26085932129808, 503.53786023705578, 0, 0, 19.23533339676041
7.2300000000000004, 6321.0508727972274, 3705.2651282373517, 875.35606741987931, 515.32308320696677, -0.21199455093041955, -0.43763180559482062, 6319.9962770087714, 3705.8897227964821, 875.05671985783567, 515.50120334701694, -0.24583847081923171, -0.41728578603068356, 11520.528621486708, 7645.6141081163551, 486.26085932129808, 503.53786023705578, 0, 0, 19.225333396760409
7.2400000000000002, 6329.804407679936, 3710.4183034143903, 875.35434798722395, 515.31937287156734, -0.17194326553561434, -0.37103353994319499, 6328.7468132484973, 3711.0446822808199, 875.05465593435326, 515.49770007151551, -0.20639234823938735, -0.35032755013912065, 11525.391230079922, 7650.6494867187257, 486.26085932129808, 503.53786023705578, 0, 0, 19.215333396760407
7.25, 6338.5579182769588, 3715.5714296946508, 875.35215579723456, 515.31487630789638, -0.21921899893795288, -0.44965636709726542, 6337.4973218641735, 3716.1995948755343, 875.05212635651719, 515.49340633814961, -0.25295778361030202, -0.42937333658425386, 11530.253838673136, 7655.6848653210964, 486.26085932129808, 503.53786023705578, 0, 0, 19.205333396760409
7.2599999999999998, 6347.3114129773121, 3720.7245210283295, 875.3503652892831, 515.31104768122509, -0.17905079514885408, -0.38286266712695127, 6346.24781111829, 3721.3544746061052, 875.04999239327651, 515.48978415078511, -0.213396324069801, -0.36221873644716573, 11535.116447266349, 7660.720243923467, 486.26085932129808, 503.53786023705578, 0, 0, 19.195333396760411
7.2700000000000005, 6356.0648826568458, 3725.8775622414864, 875.3481003986509, 515.30643010420295, -0.2264890632257531, -0.46175770221311169, 6354.9982720238777, 3726.5093062169253, 875.04739117028282, 515.48536877160984, -0.26012229937155373, -0.44153791753223542, 11539.979055859563, 7665.7556225258377, 486.26085932129808, 503.53786023705578, 0, 0, 19.185333396760409
7.2800000000000002, 6364.8183357303606, 3731.0305673274465, 875.34623836716833, 515.30248243207359, -0.18620314825857007, -0.39476721293316869, 6363.7487128688736, 3731.6641037768022, 875.04518672313145, 515.48162691565631, -0.22044471514007941, -0.37418559534934576, 11544.841664452777, 7670.7910011282083, 486.26085932129808, 503.53786023705578, 0, 0, 19.175333396760408
7.29, 6373.5717630432518, 3736.1835210612758, 875.34390031514738, 515.29774306597722, -0.23380520208948929, -0.47393660963990486, 6372.4991246362333, 3736.8188519789101, 875.04251339833411, 515.47708911240079, -0.26733247973425284, -0.4537803255532219, 11549.704273045991, 7675.826379730579, 486.26085932129808, 503.53786023705578, 0, 0, 19.16533339676041
7.2999999999999998, 6382.3251730362854, 3741.3364374797388, 875.34196630730924, 515.29367558621061, -0.19340078381401687, -0.40674797665657925, 6381.2495156395189, 3741.9735649356953, 875.04023801849769, 515.47322682315894, -0.2275379836384179, -0.38622892418136873, 11554.566881639204, 7680.8617583329496, 486.26085932129808, 503.53786023705578, 0, 0, 19.155333396760408
7.3100000000000005, 6391.0785565241767, 3746.4893013065171, 875.33955462855704, 515.28881364729978, -0.24116787521401836, -0.48619389108385397, 6389.9998768313853, 3747.1282272887229, 875.03749213061883, 515.46856580955659, -0.27458878789086505, -0.4661013602313902, 11559.429490232418, 7685.8971369353203, 486.26085932129808, 503.53786023705578, 0, 0, 19.145333396760407
7.3200000000000003, 6399.8319219738378, 3751.6421266221259, 875.33754818693615, 515.284625589695, -0.20064416208566713, -0.41880576048089668, 6398.7502165512024, 3752.2828531943901, 875.0351453646864, 515.46458231432598, -0.23467659324617701, -0.39834952306490617, 11564.292098825632, 7690.932515537691, 486.26085932129808, 503.53786023705578, 0, 0, 19.135333396760409
7.3300000000000001, 6408.5852601690758, 3756.7948980984702, 875.33506241149905, 515.27964028618157, -0.24857754371412544, -0.49853035134115803, 6407.500525721096, 3757.4374272422597, 875.03232644779996, 515.45979729608462, -0.28189168863887293, -0.47850182413599673, 11569.154707418846, 7695.9678941400616, 486.26085932129808, 503.53786023705578, 0, 0, 19.125333396760411
7.3399999999999999, 6417.3385796031289, 3761.9476298601267, 875.33298307405198, 515.27533087248605, -0.20793374470324383, -0.43094136955558371, 6416.2508127064229, 3762.5919636329913, 875.02990783770815, 515.45569181413475, -0.24186100917902548, -0.41054819498251022, 11574.017316012059, 7701.0032727424323, 486.26085932129808, 503.53786023705578, 0, 0, 19.115333396760409
7.3500000000000005, 6426.0918710286687, 3767.1003065268319, 875.33042272735031, 515.27022140450242, -0.2560346701686711, -0.51094679836856582, 6425.0010683985529, 3767.7464469037541, 875.02701542122395, 515.45078198890587, -0.28924164841815275, -0.49098252289001665, 11578.879924605273, 7706.0386513448029, 486.26085932129808, 503.53786023705578, 0, 0, 19.105333396760408
7.3600000000000003, 6434.8451429654433, 3772.2529422675352, 875.32827002740339, 515.2657898483817, -0.21526999469506336, -0.44315561207499954, 6433.7513011890105, 3772.9008912997811, 875.02452450424164, 515.44655373144735, -0.24909169822942975, -0.42282574585489108, 11583.742533198487, 7711.0740299471736, 486.26085932129808, 503.53786023705578, 0, 0, 19.09533339676041
7.3700000000000001, 6443.5983861347595, 3777.4055216494125, 875.32563463021677, 515.260555407948, -0.26353971866416565, -0.52344404336981776, 6442.5015019381826, 3778.0552813054555, 875.0215581128881, 515.44151828879478, -0.29663913535769315, -0.50354426525471718, 11588.605141791701, 7716.1094085495442, 486.26085932129808, 503.53786023705578, 0, 0, 19.085333396760408
7.3799999999999999, 6452.3516090830553, 3782.5580588860971, 875.32340809645143, 515.25600091495437, -0.2226533765302153, -0.45544929936246592, 6451.251679063942, 3783.2096312108956, 875.01899442159993, 515.43716645894858, -0.25636912881199203, -0.43518298462310545, 11593.467750384914, 7721.1447871519149, 486.26085932129808, 503.53786023705578, 0, 0, 19.07533339676041
7.3900000000000006, 6461.1048025000464, 3787.7105384918113, 875.32069716490309, 515.25064068594565, -0.27109315483054547, -0.5360229008693238, 6460.0018233954652, 3788.3639254473055, 875.0159535754068, 515.43200458031652, -0.30408461931468844, -0.51618786320136534, 11598.330358978128, 7726.1801657542856, 486.26085932129808, 503.53786023705578, 0, 0, 19.065333396760408
7.4000000000000004, 6469.8579749590417, 3792.8629747251839, 875.31839632134154, 515.24596245348619, -0.23008435615382983, -0.46782324594304259, 6468.751943377154, 3793.5181783500002, 875.01331663769679, 515.42752837308331, -0.26369377100203673, -0.44762072331936109, 11603.192967571342, 7731.2155443566562, 486.26085932129808, 503.53786023705578, 0, 0, 19.05533339676041
7.4100000000000001, 6478.6111171179382, 3798.0153520470903, 875.31560936688277, 515.2404756115983, -0.27869544587839928, -0.54868418878846748, 6477.5020298067448, 3798.6723742966115, 875.01020085197763, 515.42223923176346, -0.31157857191511978, -0.52891413198554005, 11608.055576164556, 7736.2509229590269, 486.26085932129808, 503.53786023705578, 0, 0, 19.045333396760409
7.4199999999999999, 6487.3642375770969, 3803.1676847614658, 875.3132337328725, 515.23567282890201, -0.23756340102690471, -0.48027826962409836, 6486.2520911553502, 3803.8265276679626, 875.00749019101181, 515.41763783399199, -0.27106609657874653, -0.46013977714562371, 11612.918184757769, 7741.2863015613975, 486.26085932129808, 503.53786023705578, 0, 0, 19.035333396760407
7.4299999999999997, 6496.1173269623669, 3808.3199572754456, 875.31037026226613, 515.23005854161681, -0.286347060637683, -0.56142872852459536, 6495.0021181890406, 3808.9806227877189, 875.00429897634581, 515.41222059508971, -0.31912146659585844, -0.54172389022411094, 11617.780793350983, 7746.3216801637682, 486.26085932129808, 503.53786023705578, 0, 0, 19.025333396760409
7.4400000000000004, 6504.8703939013421, 3813.4721839385829, 875.30791935246452, 515.22513038970112, -0.24509098016499059, -0.49281519157419257, 6503.7521194058172, 3814.1346740825252, 875.00151411055515, 515.4074931854442, -0.27848657906723023, -0.47274096455049147, 11622.643401944197, 7751.3570587661388, 486.26085932129808, 503.53786023705578, 0, 0, 19.015333396760408
7.4500000000000002, 6513.6234289875965, 3818.6243491038781, 875.30497886776857, 515.21938781625079, -0.29404846959644398, -0.57425734503024617, 6512.5020855398561, 3819.2886658216858, 874.9982469727687, 515.40194700584448, -0.32671377864684115, -0.55461795997242136, 11627.50601053741, 7756.3924373685095, 486.26085932129808, 503.53786023705578, 0, 0, 19.00533339676041
7.46, 6522.3764408761399, 3823.7764671668151, 875.30245219212679, 515.21433346788683, -0.25266756417545511, -0.50543483639981501, 6521.2520251162296, 3824.4426124779779, 874.99538741583092, 515.39709275477139, -0.28595569377925278, -0.48542510730387955, 11632.368619130624, 7761.4278159708801, 486.26085932129808, 503.53786023705578, 0, 0, 18.995333396760408
7.4699999999999998, 6531.1294201280398, 3828.9285224258638, 875.2994341906774, 515.20846175921804, -0.3018001449341996, -0.58717086688370834, 6530.0019288369904, 3829.5964982659507, 874.99204385597841, 515.39141678310341, -0.33435598524803894, -0.56759716679271699, 11637.231227723838, 7766.4631945732508, 486.26085932129808, 503.53786023705578, 0, 0, 18.98533339676041
7.4800000000000004, 6539.8823754259029, 3834.0805293227513, 875.29683125442443, 515.20328037889578, -0.26029362529548594, -0.51813803222357446, 6538.7518052544629, 3834.750337704827, 874.98910911679991, 515.38643485279772, -0.29347391785475269, -0.49819303057312553, 11642.093836317052, 7771.4985731756215, 486.26085932129808, 503.53786023705578, 0, 0, 18.975333396760409
7.4900000000000002, 6548.6352972980631, 3839.2324721010214, 875.29373522881883, 515.19727867763208, -0.30960256056342472, -0.60017012637329392, 6547.5016450383464, 3839.9041149540039, 874.98568863114474, 515.38062822939935, -0.34204856551447621, -0.58066233983632787, 11646.956444910265, 7776.5339517779921, 486.26085932129808, 503.53786023705578, 0, 0, 18.965333396760407
7.5, 6557.3881944549057, 3844.3843652489559, 875.29105553244449, 515.1919694215245, -0.26796963743071267, -0.53092561076364464, 6556.2514567683984, 3845.0578445794636, 874.98267821384172, 515.37551777376939, -0.30104173030403197, -0.51104556300032211, 11651.819053503479, 7781.5693303803628, 486.26085932129808, 503.53786023705578, 0, 0, 18.955333396760409
7.5099999999999998, 6566.141057391801, 3849.5361929547771, 875.28788097052291, 515.18583686192881, -0.31745619216290316, -0.61325595956831092, 6565.0012310817365, 3850.2115106850547, 874.97918029383641, 515.36957963065026, -0.3497920005332989, -0.59381431191243983, 11656.681662096693, 7786.6047089827334, 486.26085932129808, 503.53786023705578, 0, 0, 18.945333396760411
7.5200000000000005, 6574.893894847095, 3854.6879697536351, 875.28512400976103, 515.18039887785471, -0.27569607619077457, -0.54379840740835772, 6573.750976585733, 3855.3651278838306, 874.9760936977159, 515.36433979528249, -0.30865961204699954, -0.5239835367747343, 11661.544270689907, 7791.6400875851041, 486.26085932129808, 503.53786023705578, 0, 0, 18.935333396760409
7.5300000000000002, 6583.6466972829649, 3859.8396797780329, 875.28187039458885, 515.17413458579074, -0.32536151721741369, -0.62642920640080768, 6582.5006838846939, 3860.5186802236954, 874.97251782998183, 515.35826925608683, -0.35758677340714673, -0.60705391956765764, 11666.40687928312, 7796.6754661874747, 486.26085932129808, 503.53786023705578, 0, 0, 18.925333396760408
7.54, 6592.3994734658982, 3864.9913376103018, 875.27903566039959, 515.16856701317772, -0.28347341893152839, -0.55675726130208092, 6591.2503616137865, 3865.6721823650882, 874.96935454952222, 515.35289917820967, -0.31632804595902109, -0.53700778771652113, 11671.269487876334, 7801.7108447898454, 486.26085932129808, 503.53786023705578, 0, 0, 18.91533339676041
7.5499999999999998, 6601.1522138246501, 3870.1429273268268, 875.27570247024903, 515.16217010607033, -0.33331901505333672, -0.63969071074077288, 6600.0000003442765, 3870.8256182995697, 874.96570021582932, 515.34669535817807, -0.36543336929357273, -0.62038200315894931, 11676.132096469548, 7806.7462233922161, 486.26085932129808, 503.53786023705578, 0, 0, 18.905333396760408
7.5600000000000005, 6609.9049271540307, 3875.2944635574354, 875.27278944880118, 515.15647207591621, -0.2913021447851098, -0.56980301541112544, 6608.7496087393074, 3875.9790027352783, 874.96245974066028, 515.34119416662463, -0.3240475169048686, -0.55011915534034439, 11680.994705062762, 7811.7816019945867, 486.26085932129808, 503.53786023705578, 0, 0, 18.895333396760407
7.5700000000000003, 6618.6576038491439, 3880.4459303219965, 875.26937615713246, 515.14994166271151, -0.34132916687536574, -0.65304132047341734, 6617.4991773368729, 3881.1323196070334, 874.95872641790584, 515.33485617255531, -0.37333227544561792, -0.63379940692864389, 11685.857313655975, 7816.8169805969574, 486.26085932129808, 503.53786023705578, 0, 0, 18.885333396760409
7.5800000000000001, 6627.4102527333052, 3885.597342298146, 875.26638432978541, 515.14411229754535, -0.29918273470557832, -0.58293651661582313, 6626.2487148282753, 3886.2855836709864, 874.95540823278793, 515.32922298772587, -0.33181851178808797, -0.56331848294524545, 11690.719922249189, 7821.852359199328, 486.26085932129808, 503.53786023705578, 0, 0, 18.875333396760411
7.5899999999999999, 6636.1628641677344, 3890.7486834488382, 875.26289040522738, 515.13744747866951, -0.34939245580451456, -0.66648188757886073, 6634.9982117180061, 3891.4387788048166, 874.95159539297538, 515.32274991793508, -0.38128398125373042, -0.64730697908180723, 11695.582530842403, 7826.8877378016987, 486.26085932129808, 503.53786023705578, 0, 0, 18.865333396760409
7.6000000000000005, 6644.9154470044359, 3895.8999684998325, 875.25981924851237, 515.13148589251171, -0.30711567149845698, -0.59615861577605933, 6643.7476767257076, 3896.5919198130032, 874.9481989777795, 515.31698385175832, -0.33964151958456928, -0.57660661767779586, 11700.445139435617, 7831.9231164040693, 486.26085932129808, 503.53786023705578, 0, 0, 18.855333396760408
7.6100000000000003, 6653.6679915705163, 3901.0511813567673, 875.25624415484333, 515.12468575982973, -0.35750936690938828, -0.68001326820086627, 6652.497100322139, 3901.744990515685, 874.94430608799667, 515.31037479603981, -0.38928897828111808, -0.66090557185256515, 11705.30774802883, 7836.95849500644, 486.26085932129808, 503.53786023705578, 0, 0, 18.84533339676041
7.6200000000000001, 6662.4205067468483, 3906.2023367938405, 875.25309314044466, 515.11859105815154, -0.31510143986269123, -0.60947016781771757, 6661.2464912554642, 3906.8980057659837, 874.94083091768277, 515.30447495193368, -0.34751703138842011, -0.58998441061623152, 11710.170356622044, 7841.9938736088106, 486.26085932129808, 503.53786023705578, 0, 0, 18.835333396760408
7.6299999999999999, 6671.172982826195, 3911.3534186589736, 875.24943633657222, 515.11165469492414, -0.36568038724878005, -0.69363632273467368, 6669.9958399624766, 3912.050949326097, 874.93685744007962, 515.29772899151783, -0.39734776031032842, -0.67459604158958686, 11715.032965215258, 7847.0292522111813, 486.26085932129808, 503.53786023705578, 0, 0, 18.82533339676041
7.6400000000000006, 6679.9254287184822, 3916.5044417751183, 875.24620493130806, 515.10542597460619, -0.32314052642121305, -0.62287203180042594, 6678.7451552200464, 3917.2038360981046, 874.93330298467515, 515.29169446434946, -0.35544554044668486, -0.60345271683574664, 11719.895573808471, 7852.064630813552, 486.26085932129808, 503.53786023705578, 0, 0, 18.815333396760408
7.6500000000000004, 6688.6778346818946, 3921.655389932077, 875.24246587124901, 515.0983524554473, -0.37390600590120648, -0.70735191589336832, 6687.49442743077, 3922.3566497858606, 874.92924837644136, 515.28481067186124, -0.40546082337703371, -0.68837924881994494, 11724.758182401685, 7857.1000094159226, 486.26085932129808, 503.53786023705578, 0, 0, 18.80533339676041
7.6600000000000001, 6697.4302096555939, 3926.8062780018709, 875.23915353705138, 515.0919888047373, -0.33123341976301285, -0.63636507100471129, 6696.2436654004032, 3927.5094053407197, 874.92561410101928, 515.27864054790632, -0.36342754220547158, -0.61701239549325482, 11729.620790994899, 7862.1353880182933, 486.26085932129808, 503.53786023705578, 0, 0, 18.795333396760409
7.6699999999999999, 6706.1825438629576, 3931.9570897157805, 875.23533166991137, 515.08477719556936, -0.38218671400433668, -0.72116091679097527, 6704.9928594971134, 3932.66208640779, 874.9214778143612, 515.271617987323, -0.41362866581363517, -0.70225605832974913, 11734.483399588113, 7867.1707666206639, 486.26085932129808, 503.53786023705578, 0, 0, 18.785333396760407
7.6799999999999997, 6714.9348462725648, 3937.1078399952135, 875.23193786380659, 515.07827769403923, -0.33938061047883955, -0.64995015300881731, 6713.7420185557266, 3937.8147079880168, 874.9177631790177, 515.26531134422396, -0.37146353434987461, -0.63066430990171951, 11739.346008181326, 7872.2061452230346, 486.26085932129808, 503.53786023705578, 0, 0, 18.775333396760409
7.6900000000000004, 6723.687107072752, 3942.2585125125238, 875.22803263375863, 515.070927052049, -0.3905230047920244, -0.73506419902183995, 6722.4911329097486, 3942.9672536673584, 874.91354466113478, 515.25814907083156, -0.42185178829058068, -0.71622733924100146, 11744.20861677454, 7877.2415238254052, 486.26085932129808, 503.53786023705578, 0, 0, 18.765333396760408
7.7000000000000002, 6732.4393352617008, 3947.409122238822, 875.22455680784674, 515.06429077055134, -0.34758259119436369, -0.66362814976157491, 6731.2402114232573, 3948.1197384966677, 874.90974912096635, 515.25170497755551, -0.37955401684147316, -0.64440932760046843, 11749.071225367754, 7882.2769024277759, 486.26085932129808, 503.53786023705578, 0, 0, 18.75533339676041
7.71, 6741.1915209924728, 3952.5596527871312, 875.22056765411048, 515.05680014414406, -0.39891537362597834, -0.74906264073136564, 6739.9892443948629, 3953.2721460023486, 874.90544781402787, 515.24440203790471, -0.43013069385247593, -0.73029396507971667, 11753.933833960968, 7887.3122810301466, 486.26085932129808, 503.53786023705578, 0, 0, 18.745333396760408
7.7199999999999998, 6749.9436732930353, 3957.7101191785819, 875.21700925554444, 515.05002614476746, -0.35583985660717488, -0.67739993766192663, 6748.7382407180794, 3958.4244912854797, 874.90157081910831, 515.23781955470042, -0.38769949195968179, -0.65824832043215531, 11758.796442554181, 7892.3476596325172, 486.26085932129808, 503.53786023705578, 0, 0, 18.73533339676041
7.7300000000000004, 6758.6957822809427, 3962.8605049664607, 875.21293561236416, 515.04239457352048, -0.40736431803284651, -0.76315712469603891, 6757.4871906563876, 3963.5767578125046, 874.89718616022867, 515.23037498656186, -0.43846588795960573, -0.7444568138533374, 11763.659051147395, 7897.3830382348879, 486.26085932129808, 503.53786023705578, 0, 0, 18.725333396760409
7.7400000000000002, 6767.4478570141309, 3968.0108252222362, 875.20929408332893, 515.03548190954405, -0.36415290352489355, -0.69126639764058939, 6766.2361031329201, 3968.7289607350453, 874.89322715558524, 515.22365316491562, -0.395900464344276, -0.67218216462182401, 11768.521659740609, 7902.4184168372585, 486.26085932129808, 503.53786023705578, 0, 0, 18.715333396760407
7.75, 6776.1998875744139, 3973.1610634390508, 875.20513537995146, 515.02770842415998, -0.41587033774147669, -0.77734853840403906, 6774.9849683757939, 3973.8810834591791, 874.88875857679989, 515.2160659972343, -0.44685787852970793, -0.75871676812868705, 11773.384268333823, 7907.4537954396292, 486.26085932129808, 503.53786023705578, 0, 0, 18.705333396760409
7.7599999999999998, 6784.9518830498791, 3978.3112347390302, 875.2014101576425, 515.02065614000765, -0.37252223089696784, -0.70522841523149282, 6783.7337953379456, 3979.0331411873904, 874.88471700238961, 515.20920387982585, -0.40415744103177503, -0.68621174084564895, 11778.246876927036, 7912.4891740419998, 486.26085932129808, 503.53786023705578, 0, 0, 18.695333396760411
7.7700000000000005, 6793.7038334863655, 3983.4613225547641, 875.19716581829539, 515.01273976226639, -0.42443393471105917, -0.79163777412096403, 6792.4825742118928, 3984.1851172649813, 874.88016393062992, 515.20147313267489, -0.4553071759708433, -0.77307471509491543, 11783.10948552025, 7917.5245526443705, 486.26085932129808, 503.53786023705578, 0, 0, 18.685333396760409
7.7800000000000002, 6802.4557480022977, 3988.6113420593547, 875.19335633489686, 515.00554689345984, -0.3809483398539753, -0.719286880655998, 6801.2313139805592, 3989.3370269456177, 874.87603922131495, 515.19446975333176, -0.41247093149929714, -0.70033793431247726, 11787.972094113464, 7922.5599312467411, 486.26085932129808, 503.53786023705578, 0, 0, 18.675333396760408
7.79, 6811.2076166073048, 3993.7612766244301, 875.18902577876509, 514.99748663617004, -0.43305561317563135, -0.80602572898308578, 6809.9800048006282, 3994.4888535134191, 874.87140107838263, 515.18659443786521, -0.4638142932304683, -0.7875315466540711, 11792.834702706677, 7927.5953098491118, 486.26085932129808, 503.53786023705578, 0, 0, 18.66533339676041
7.7999999999999998, 6819.9594484503323, 3998.9111414743884, 875.18513146142777, 514.99015220928118, -0.38943173373627898, -0.73344268888969832, 6818.728655685195, 3999.6406122735525, 874.8671926639056, 515.17944882151698, -0.42084144769800924, -0.71456163482781232, 11797.697311299891, 7932.6306884514825, 486.26085932129808, 503.53786023705578, 0, 0, 18.655333396760408
7.8100000000000005, 6828.7112335045649, 4004.0609199194855, 875.1807141026311, 514.98194707623065, -0.44173587966875788, -0.82051330505791287, 6827.4772567548725, 4004.7922864485436, 874.86246886644733, 515.17142793992218, -0.47237974582505604, -0.80208815947875967, 11802.559919893105, 7937.6660670538531, 486.26085932129808, 503.53786023705578, 0, 0, 18.645333396760407
7.8200000000000003, 6837.4629809496537, 4009.2106272357369, 875.17673437344968, 514.97447010883309, -0.39797291813875851, -0.74769673975627282, 6836.2258170531113, 4009.9438913953823, 874.85817617140628, 515.16413910255335, -0.42926950410249476, -0.72888373688494379, 11807.422528486319, 7942.7014456562238, 486.26085932129808, 503.53786023705578, 0, 0, 18.635333396760409
7.8300000000000001, 6846.2146807221015, 4014.3602466716138, 875.17222962101903, 514.9661190947387, -0.45047524306800729, -0.8351014094380117, 6844.9743266642172, 4015.0954102745895, 874.85336613088737, 515.15597164800226, -0.48100405188930839, -0.81674545510318652, 11812.285137079532, 7947.7368242585944, 486.26085932129808, 503.53786023705578, 0, 0, 18.625333396760411
7.8399999999999999, 6854.9663420324514, 4019.5097935550707, 875.16816389700966, 514.95849859535872, -0.40657240094021951, -0.76204993799614795, 6853.7227946621833, 4020.2468584952985, 874.84898857470989, 515.14853859660491, -0.43775561774511096, -0.743305139730705, 11817.147745672746, 7952.7722028609651, 486.26085932129808, 503.53786023705578, 0, 0, 18.615333396760409
7.8500000000000005, 6863.7179547802889, 4024.6592510723813, 875.16357115486346, 514.95000068581567, -0.45927421462449813, -0.84979095431028939, 6862.4712110947703, 4025.3982191556138, 874.84409169738774, 515.14022355320503, -0.48968773221074113, -0.83150433998948226, 11822.01035426596, 7957.8075814633357, 486.26085932129808, 503.53786023705578, 0, 0, 18.605333396760408
7.8600000000000003, 6872.4695282072335, 4029.8086346037603, 875.15941884794006, 514.94223565388222, -0.41523069234000315, -0.7765031933474561, 6871.2195850666976, 4030.5495077171336, 874.83962869430513, 515.13264528573063, -0.44630030825752615, -0.75782674744354139, 11826.872962859174, 7962.8429600657064, 486.26085932129808, 503.53786023705578, 0, 0, 18.59533339676041
7.8700000000000001, 6881.221052175717, 4034.9579272728706, 875.15473751486013, 514.93358982531186, -0.46813330799755543, -0.86458285703410409, 6879.9679065889441, 4035.7007072151318, 874.83464438120245, 515.12418162847462, -0.4984313102693928, -0.84636572560285039, 11831.735571452387, 7967.878338668077, 486.26085932129808, 503.53786023705578, 0, 0, 18.585333396760408
7.8799999999999999, 6889.97253595862, 4040.1071445125108, 875.15049803181125, 514.92567925110563, -0.42394830489180585, -0.79105742062266737, 6888.7161847971411, 4040.8518331639962, 874.83009534022335, 515.11645713378459, -0.45490409790959363, -0.77244946900717759, 11836.598180045601, 7972.9137172704477, 486.26085932129808, 503.53786023705578, 0, 0, 18.57533339676041
7.8900000000000006, 6898.7239693809825, 4045.2562693833156, 875.14572750141838, 514.91688447070351, -0.47705303928818837, -0.87947804021773512, 6897.4644096652464, 4046.0028685357547, 874.82502298710062, 515.10784382849977, -0.50723531227645935, -0.86133052848501512, 11841.460788638815, 7977.9490958728184, 486.26085932129808, 503.53786023705578, 0, 0, 18.565333396760408
7.9000000000000004, 6907.4753617471333, 4050.4053173709917, 875.14140024388303, 514.90882733530566, -0.43272575353848136, -0.80571353978717997, 6906.2125903599908, 4051.1538288979068, 874.82038731198418, 515.09997208631592, -0.46356751164928256, -0.78717421838620316, 11846.323397232029, 7982.984474475189, 486.26085932129808, 503.53786023705578, 0, 0, 18.55533339676041
7.9100000000000001, 6916.226702844483, 4055.5542714727299, 875.13653990461228, 514.89988256098763, -0.48603392707447446, -0.8944774317983577, 6914.960716818071, 4056.3046971588196, 874.81522630931204, 515.09120808961256, -0.51610026721489699, -0.87639967033113808, 11851.186005825242, 7988.0198530775597, 486.26085932129808, 503.53786023705578, 0, 0, 18.545333396760409
7.9199999999999999, 6924.9780020089956, 4060.7031472274684, 875.13212426905579, 514.89167783622725, -0.4415635556456784, -0.82047247603630191, 6923.7087982375024, 4061.4554889394285, 874.81050339854062, 515.08318807046658, -0.47229107714155161, -0.80200191459998749, 11856.048614418456, 7993.0552316799303, 486.26085932129808, 503.53786023705578, 0, 0, 18.535333396760407
7.9300000000000006, 6933.729248990212, 4065.8519275685358, 875.12717350413129, 514.88258201657607, -0.49507649244521224, -0.90958196511947131, 6932.4568245174814, 4066.6061870840213, 874.80525313147189, 515.07427232968598, -0.52502670687841169, -0.89157407806412381, 11860.91122301167, 7998.090610282301, 486.26085932129808, 503.53786023705578, 0, 0, 18.525333396760409
7.9400000000000004, 6942.4804531559184, 4071.0006280884277, 875.12266888182091, 514.8742286649773, -0.4504622310392486, -0.83533515987884421, 6941.2048048874976, 4071.7568072672957, 874.80044237822381, 515.06610299486795, -0.48107532481102872, -0.81693348180318692, 11865.773831604884, 8003.1259888846716, 486.26085932129808, 503.53786023705578, 0, 0, 18.515333396760408
7.9500000000000002, 6951.231604217548, 4076.1492316561908, 875.11762706923059, 514.86498073918722, -0.50418125903430722, -0.92479257900989109, 6949.9527292090052, 4076.9073322690419, 874.79510222656472, 515.05703444802884, -0.53401516591126341, -0.90685468391044033, 11870.636440198097, 8008.1613674870423, 486.26085932129808, 503.53786023705578, 0, 0, 18.50533339676041
7.96, 6959.9827115748949, 4081.2977539182034, 875.11303284621022, 514.85647771391507, -0.45942230203620071, -0.8503025272103093, 6958.700606743153, 4082.057777818045, 874.79020301868593, 515.04871474953529, -0.48992078787842436, -0.8319698493557397, 11875.499048791311, 8013.196746089413, 486.26085932129808, 503.53786023705578, 0, 0, 18.495333396760408
7.9699999999999998, 6968.7337649010442, 4086.4461776788098, 875.10789935867967, 514.8470766117365, -0.51334875305437044, -0.94011021786177618, 6967.4484273134121, 4087.2081266291766, 874.78477235686751, 515.03949232528055, -0.54306618184738953, -0.92224242547491631, 11880.361657384525, 8018.2321246917836, 486.26085932129808, 503.53786023705578, 0, 0, 18.48533339676041
7.9800000000000004, 6977.4847736279871, 4091.5945186385993, 875.10321491574484, 514.83842285654259, -0.46844429348119798, -0.86537551939565671, 6976.1962002127802, 4092.3583944856368, 874.7797840768435, 515.03102120576148, -0.49882800240250263, -0.84711195190243183, 11885.224265977738, 8023.2675032941543, 486.26085932129808, 503.53786023705578, 0, 0, 18.475333396760409
7.9900000000000002, 6986.2357273902189, 4096.7427595367899, 875.09798912071153, 514.82886749822546, -0.52257950333037229, -0.95553583170910283, 6984.943915226504, 4097.508564036958, 874.77426227389196, 515.02164382330329, -0.55218029514967892, -0.93773824581593024, 11890.086874570952, 8028.3028818965249, 486.26085932129808, 503.53786023705578, 0, 0, 18.465333396760407
8, 6994.9866356521161, 4101.8909161285101, 875.09321383338374, 514.82006194739199, -0.47752873277866215, -0.88055508334510524, 6993.6915816796172, 4102.6586511210817, 874.7691842988188, 515.01302021600884, -0.50779750731781836, -0.86236072944540687, 11894.949483164166, 8033.3382604988956, 486.26085932129808, 503.53786023705578, 0, 0, 18.455333396760409
8.0099999999999998, 7003.7374880093439, 4107.0389710874279, 875.08789509297037, 514.81035124362893, -0.53187404133339, -0.97107037630665449, 7002.4391893188977, 4107.8086383217778, 874.76357071832626, 515.00348678507362, -0.56135804924943644, -0.9533430935210605, 11899.81209175738, 8038.3736391012662, 486.26085932129808, 503.53786023705578, 0, 0, 18.445333396760411
8.0199999999999996, 7012.4882939588515, 4112.1869402235388, 875.08302833147104, 514.80139282191294, -0.48667614993059338, -0.89584217159981094, 7011.1867475016043, 4112.9585415320598, 874.75840241988146, 514.99470961379939, -0.51682984447818492, -0.87771712742654595, 11904.674700350593, 8043.4090177036369, 486.26085932129808, 503.53786023705578, 0, 0, 18.435333396760409
8.0299999999999994, 7021.2390430572314, 4117.3348061445358, 875.07761600245885, 514.79152567378082, -0.54123290121614065, -0.98671481321234988, 7019.9342459358049, 4118.1083432695095, 874.75269641997556, 514.98501903457156, -0.5705999905877065, -0.96905792278603398, 11909.537308943807, 8048.4443963060075, 486.26085932129808, 503.53786023705578, 0, 0, 18.425333396760408
8.0400000000000009, 7029.9897448341944, 4122.4825847156126, 875.07265713168317, 514.78241329635682, -0.49588707756445466, -0.91123774240136679, 7028.6816940111712, 4123.2580594825404, 874.74743716438866, 514.97608721360359, -0.52592555869045121, -0.89318209679352822, 11914.399917537021, 8053.4797749083782, 486.26085932129808, 503.53786023705578, 0, 0, 18.41533339676041
8.0500000000000007, 7038.7403888070185, 4127.6302584780597, 875.06715056548478, 514.77238859525824, -0.55065661984042513, -1.002470109856475, 7037.4290813968146, 4128.4076726221219, 874.74163809770221, 514.9662383766688, -0.57990666864872686, -0.98488369348045091, 11919.262526130235, 8058.5151535107489, 486.26085932129808, 503.53786023705578, 0, 0, 18.405333396760408
8.0600000000000005, 7047.4909845383654, 4132.7778433525982, 875.06209894497511, 514.76312116766042, -0.50516205097190914, -0.92674275977974563, 7046.176417515012, 4133.5571986923997, 874.73628724572461, 514.95715081072797, -0.53508519775907459, -0.9087565940843696, 11924.125134723448, 8063.5505321131195, 486.26085932129808, 503.53786023705578, 0, 0, 18.395333396760407
8.0700000000000003, 7056.2415215059546, 4137.9253218136892, 875.05649748760698, 514.75293779526407, -0.56014573681494095, -1.018337239628557, 7054.9236919956738, 4138.7066200773015, 874.73039445936456, 514.94714259701561, -0.58927863600370267, -1.0008213712311835, 11928.987743316662, 8068.5859107154902, 486.26085932129808, 503.53786023705578, 0, 0, 18.385333396760409
8.0800000000000001, 7064.9920093055898, 4143.072709837913, 875.05135247152555, 514.74351421332779, -0.5145016081409246, -0.94235819363057316, 7063.6709142938707, 4143.8559528370342, 874.72495136623934, 514.93789818120058, -0.54430931252426018, -0.92444158150117806, 11933.850351909876, 8073.6212893178608, 486.26085932129808, 503.53786023705578, 0, 0, 18.375333396760411
8.0899999999999999, 7073.7424373751855, 4148.2199898324689, 875.04565546358026, 514.73317104150817, -0.56970079452997446, -1.0343171819594312, 7072.4180740000656, 4149.0051792880568, 874.71896420175585, 514.92772946192554, -0.59871644835161186, -1.0168719275008811, 11938.71296050309, 8078.6566679202315, 486.26085932129808, 503.53786023705578, 0, 0, 18.365333396760409
8.0999999999999996, 7082.4928153438777, 4153.3671778301314, 875.04041640068237, 514.72359019131022, -0.52390628978739395, -0.9580850197919808, 7081.1651806023146, 4154.1543155469717, 874.7134282171869, 514.91832708165566, -0.5535984568997282, -0.94023802698342474, 11943.575569096303, 8083.6920465226021, 486.26085932129808, 503.53786023705578, 0, 0, 18.355333396760408
8.1099999999999994, 7091.2431326095339, 4158.514256170406, 875.03462317730055, 514.71308608208631, -0.57932233818724788, -1.0504109223956264, 7089.9122236513867, 4159.303343862337, 874.7073460105413, 514.90799671825903, -0.6082206645553403, -1.0330363396586926, 11948.438177689517, 8088.7274251249728, 486.26085932129808, 503.53786023705578, 0, 0, 18.34533339676041
8.120000000000001, 7099.9933988348112, 4163.6612409425943, 875.02928941090659, 514.70334683988506, -0.533376639391834, -0.97392422013030666, 7098.6592126685136, 4164.4522804074841, 874.70171647866209, 514.89843524921616, -0.56295318791559334, -0.95614690429004667, 11953.300786282731, 8093.7628037273435, 486.26085932129808, 503.53786023705578, 0, 0, 18.335333396760408
8.1300000000000008, 7108.7436033772829, 4168.8081144180751, 875.02339930174821, 514.69268064535822, -0.58901091583423359, -1.0666194526815906, 7107.406137164523, 4169.6011073626378, 874.69553856019525, 514.88794209330558, -0.61779184668232923, -1.0493155910588066, 11958.163394875945, 8098.7981823297141, 486.26085932129808, 503.53786023705578, 0, 0, 18.325333396760406
8.1400000000000006, 7117.4937559333202, 4173.9548927430114, 875.01797016971591, 514.68278187753208, -0.54291320323166969, -0.98987678261884027, 7116.1530066940149, 4174.7498409581922, 874.68981481953767, 514.87822040137485, -0.57237406575700045, -0.97216919307449512, 11963.026003469158, 8103.8335609320848, 486.26085932129808, 503.53786023705578, 0, 0, 18.315333396760408
8.1500000000000004, 7126.2438458199558, 4179.1015581202209, 875.01198249893196, 514.67195243982371, -0.59876707839658661, -1.0829437708391889, 7124.8998107276266, 4179.8984633056052, 874.68354051393726, 514.86756329466368, -0.62743056004347852, -1.0657106711161854, 11967.888612062372, 8108.8689395344554, 486.26085932129808, 503.53786023705578, 0, 0, 18.30533339676041
8.1600000000000001, 7134.9938827674659, 4184.2481267530638, 875.00645733362785, 514.66189300280962, -0.55251653040992432, -1.0059437014109833, 7133.6465588535175, 4185.0469906926701, 874.67772189739924, 514.85768023587411, -0.58186165379932897, -0.98830587895410738, 11972.751220655586, 8113.9043181368261, 486.26085932129808, 503.53786023705578, 0, 0, 18.295333396760409
8.1699999999999999, 7143.743856052095, 4189.3945807753598, 875.0003714198308, 514.6508991539971, -0.60859137971031008, -1.0993848812471625, 7142.3932405018859, 4190.1954051616422, 874.67135052366689, 514.84685801012029, -0.63713737323189701, -1.0822225753821959, 11977.613829248799, 8118.9396967391967, 486.26085932129808, 503.53786023705578, 0, 0, 18.285333396760407
8.1799999999999997, 7152.4937754382172, 4194.5409364480029, 874.99474954810182, 514.64067789422779, -0.56218717289376396, -1.0221259769302364, 7151.1398652946446, 4195.3437230580503, 874.66543635848041, 514.83681243058436, -0.5914165186532212, -1.0045579535963256, 11982.476437842013, 8123.9750753415674, 486.26085932129808, 503.53786023705578, 0, 0, 18.275333396760409
8.1899999999999995, 7161.2436301610414, 4199.6871758353764, 874.98856470433623, 514.62951845628061, -0.61848437655500788, -1.1159437947228252, 7159.8864226213009, 4200.4919263545107, 874.65896722989874, 514.82582390752816, -0.64691285816284094, -1.0988523056224215, 11987.339046435227, 8129.010453943938, 486.26085932129808, 503.53786023705578, 0, 0, 18.265333396760411
8.1999999999999993, 7169.9934300192317, 4204.8333152562464, 874.98284544748071, 514.61913421012105, -0.57192568554831225, -1.0384246159527255, 7168.6329221377155, 4205.6400314546236, 874.65295683759666, 514.81561464338017, -0.60103923020506322, -1.020926414797352, 11992.201655028441, 8134.0458325463087, 486.26085932129808, 503.53786023705578, 0, 0, 18.25533339676041
8.2100000000000009, 7178.7431642067122, 4209.9793367051179, 874.97656098119387, 514.60780799483496, -0.62844662868805012, -1.1326215286056989, 7177.379353192453, 4210.7880202609267, 874.6463892616955, 514.80445863468117, -0.65675759011466539, -1.1156008698963598, 11997.064263621654, 8139.0812111486794, 486.26085932129808, 503.53786023705578, 0, 0, 18.245333396760408
8.2200000000000006, 7187.4928425566304, 4215.1252565589712, 874.97074365493222, 514.59725958851823, -0.58173262616291099, -1.0548406316775694, 7186.1257254755155, 4215.9359092354334, 874.64028195807896, 514.79408451201573, -0.61073036165013717, -1.0374122665485137, 12001.926872214868, 8144.11658975105, 486.26085932129808, 503.53786023705578, 0, 0, 18.23533339676041
8.2300000000000004, 7196.2424542213748, 4220.2710567419899, 874.96435886794347, 514.5857653974499, -0.63847869887488451, -1.1494191068351698, 7194.8720282942741, 4221.0836802101612, 874.63361523660126, 514.78275981918944, -0.66667214776609751, -1.1324692826310352, 12006.789480808082, 8149.1519683534207, 486.26085932129808, 503.53786023705578, 0, 0, 18.225333396760409
8.2400000000000002, 7204.992009068771, 4225.4167536897075, 874.9584427823886, 514.57505164701172, -0.59160855548895452, -1.0713750438169574, 7203.6182713730668, 4226.2313497058749, 874.62741033170585, 514.77221965399826, -0.6204904895372968, -1.0540165191223729, 12011.652089401296, 8154.1873469557913, 486.26085932129808, 503.53786023705578, 0, 0, 18.215333396760407
8.25, 7213.7414962094217, 4230.5623292555438, 874.95195697085944, 514.56338827141144, -0.64858115292142304, -1.166337560032034, 7212.3644439778172, 4231.3788994836304, 874.62064376057344, 514.76072506835123, -0.67665711323567268, -1.1494585646984601, 12016.514697994509, 8159.222725558162, 486.26085932129808, 503.53786023705578, 0, 0, 18.205333396760409
8.2599999999999998, 7222.4909255460243, 4235.7077999339263, 874.94594143048676, 514.55250798262466, -0.60155403727114154, -1.0880288786757009, 7221.1105558673935, 4236.5263461232853, 874.61434055863538, 514.75001766645971, -0.63032019380727566, -1.0707401891481871, 12021.377306587723, 8164.2581041605326, 486.26085932129808, 503.53786023705578, 0, 0, 18.195333396760411
8.2699999999999996, 7231.2402861471455, 4240.853147507064, 874.93935388488967, 514.54067420336878, -0.65875455970867614, -1.1833779255842416, 7229.8565962660186, 4241.6736713144883, 874.6074734279141, 514.73835196902473, -0.68671307212351052, -1.16656974349724, 12026.239915180937, 8169.2934827629033, 486.26085932129808, 503.53786023705578, 0, 0, 18.185333396760409
8.2799999999999994, 7239.9895879505484, 4245.9983885286219, 874.93323818850683, 514.52962617167645, -0.61156963828193933, -1.1048031692365836, 7238.602574967289, 4246.8208916965332, 874.60107122733575, 514.7274761260278, -0.64022005783428459, -1.0875842996931275, 12031.102523774151, 8174.328861365274, 486.26085932129808, 503.53786023705578, 0, 0, 18.175333396760408
8.2900000000000009, 7248.73881998251, 4251.1435047091518, 874.92654819359461, 514.51762075919919, -0.66899949122208135, -1.2005412477242519, 7247.3484811534699, 4251.9679888872151, 874.59410282120029, 514.7156380874975, -0.69684061354798199, -1.1838038530256767, 12035.965132367364, 8179.3642399676446, 486.26085932129808, 503.53786023705578, 0, 0, 18.16533339676041
8.3000000000000007, 7257.4879922160571, 4256.2885126619003, 874.92033163431108, 514.50640376964691, -0.62165592834819494, -1.1216989552330832, 7256.0943246530815, 4257.1149795856081, 874.58760091451575, 514.70459258869414, -0.65019066845999085, -1.104549880330731, 12040.827740960578, 8184.3996185700153, 486.26085932129808, 503.53786023705578, 0, 0, 18.155333396760408
8.3100000000000005, 7266.2370936349216, 4261.43339402531, 874.91353846908521, 514.49422548387076, -0.67931652258358111, -1.2178285776114373, 7264.8400946061774, 4262.2618453372052, 874.58053051121385, 514.69258096935459, -0.70704033018521562, -1.2011619339598731, 12045.690349553792, 8189.4349971723859, 486.26085932129808, 503.53786023705578, 0, 0, 18.145333396760407
8.3200000000000003, 7274.9861342475906, 4266.5781654725561, 874.90722033428131, 514.48283831103834, -0.63181348039014806, -1.138717283243214, 7273.5858008763971, 4267.4086029012033, 874.57392818505343, 514.68136458968229, -0.66023261603984829, -1.1216379672305121, 12050.552958147005, 8194.4703757747557, 486.26085932129808, 503.53786023705578, 0, 0, 18.135333396760409
8.3300000000000001, 7283.7351029949987, 4271.7228085695206, 874.90032327196047, 514.47048590130407, -0.68970623208707627, -1.2352409734205745, 7282.3314325613246, 4272.555233750345, 874.56675505687031, 514.66917813934492, -0.71731281831205629, -1.2186450337378854, 12055.415566740219, 8199.5057543771254, 486.26085932129808, 503.53786023705578, 0, 0, 18.125333396760411
8.3399999999999999, 7292.4840099212879, 4276.8673400496527, 874.893902843256, 514.4589273092364, -0.64204287045184638, -1.1558592067695175, 7291.0769995599194, 4277.7017547042979, 874.56005159192546, 514.65778964331264, -0.67034649448108041, -1.1388496032335758, 12060.278175333433, 8204.5411329794952, 486.26085932129808, 503.53786023705578, 0, 0, 18.115333396760409
8.3499999999999996, 7301.2328439243402, 4282.0117414058204, 874.88690115124371, 514.44639951423221, -0.70016920122846826, -1.2527795004218079, 7299.8224909270366, 4282.8481471626001, 874.55277500514705, 514.64542710124624, -0.72765867784382277, -1.236254206635224, 12065.140783926647, 8209.5765115818649, 486.26085932129808, 503.53786023705578, 0, 0, 18.105333396760408
8.3599999999999994, 7309.9816150841507, 4287.1560294320952, 874.88037770446635, 514.43466825636904, -0.65234467773133253, -1.1731257863191489, 7308.5679165971533, 4287.9944280057371, 874.54596967613429, 514.63386524286693, -0.68053290128056976, -1.1561858379282512, 12070.00339251986, 8214.6118901842347, 486.26085932129808, 503.53786023705578, 0, 0, 18.09533339676041
8.370000000000001, 7318.730312255293, 4292.3001855478742, 874.87327064431895, 514.42196380405846, -0.71070601473608574, -1.2704452310617314, 7317.3132655821373, 4293.1405785595889, 874.53858889101059, 514.62132533772854, -0.73807851237257627, -1.2539905138414087, 12074.866001113074, 8219.6472687866044, 486.26085932129808, 503.53786023705578, 0, 0, 18.085333396760408
8.3800000000000008, 7327.4789455538139, 4297.4442266082015, 874.8666434494728, 514.41005862316365, -0.66271948461153363, -1.1905180894856155, 7326.0585478521816, 4298.2866157658073, 874.53168096663501, 514.60958886045125, -0.69079243756357145, -1.1736477277273154, 12079.728609706288, 8224.6826473889741, 486.26085932129808, 503.53786023705578, 0, 0, 18.075333396760406
8.3900000000000006, 7336.2275037907193, 4302.5881339585467, 874.85943027686676, 514.39717623071317, -0.72131726060204726, -1.2882392450465274, 7334.8037523759085, 4303.4325208761584, 874.52419523734295, 514.59687031021588, -0.74857292920644336, -1.2718550235385082, 12084.591218299502, 8229.7180259913439, 486.26085932129808, 503.53786023705578, 0, 0, 18.065333396760408
8.4000000000000004, 7344.9759971183066, 4307.7319245152748, 874.85269859809978, 514.38509585880274, -0.67316787669594058, -1.2080371910389962, 7343.5488891594259, 4308.5783108938103, 874.51718398026173, 514.58495794685632, -0.70112570812728114, -1.1912363359536535, 12089.453826892715, 8234.7534045937136, 486.26085932129808, 503.53786023705578, 0, 0, 18.05533339676041
8.4100000000000001, 7353.7244143037578, 4312.8755795494681, 874.8453785627986, 514.37203423250844, -0.73200353011607378, -1.3061626294296931, 7352.2939471278478, 4313.7239669959572, 874.5095925548676, 514.57205945874648, -0.75914253941149523, -1.2898488109842163, 12094.316435485929, 8239.7887831960834, 486.26085932129808, 503.53786023705578, 0, 0, 18.045333396760409
8.4199999999999999, 7362.4727655358192, 4318.0191160391669, 874.83854165837022, 514.35977739077839, -0.68369044283723068, -1.2256841730048973, 7361.038936323398, 4318.8695062476345, 874.50247722165284, 514.5599699314173, -0.71153332147758719, -1.208952732914532, 12099.179044079143, 8244.8241617984531, 486.26085932129808, 503.53786023705578, 0, 0, 18.035333396760407
8.4299999999999997, 7371.2210395375905, 4323.1625151806029, 874.83111400419125, 514.34653522599149, -0.74276541789570294, -1.3242164786942792, 7369.7838456274212, 4324.0149097510048, 874.49477934207437, 514.54689020183139, -0.76978795785021537, -1.3079729585893309, 12104.041652672357, 8249.8595404008229, 486.26085932129808, 503.53786023705578, 0, 0, 18.025333396760409
8.4399999999999995, 7379.969246534466, 4328.3057940138442, 874.82417112643952, 514.334100624744, -0.6942877751712736, -1.2434601247528929, 7378.5286851184583, 4329.160194633324, 874.48755918317568, 514.53462222187159, -0.72201588987126519, -1.2267979959853159, 12108.90426126557, 8254.8949190031926, 486.26085932129808, 503.53786023705578, 0, 0, 18.015333396760411
8.4499999999999993, 7388.7173752052022, 4333.4489336598072, 874.81663509122029, 514.3206766057956, -0.75360352191856306, -1.3424018948390817, 7387.2734436338196, 4334.3053419212592, 874.47975408514344, 514.52135993631157, -0.7805098032221417, -1.3262285559991258, 12113.766869858784, 8259.9302976055624, 486.26085932129808, 503.53786023705578, 0, 0, 18.00533339676041
8.4600000000000009, 7397.4654358120442, 4338.5919512209439, 874.80958548652882, 514.30806294436479, -0.70496046914987875, -1.261366143083388, 7396.018131288567, 4339.4503688046407, 874.47242834484985, 514.50891220421465, -0.73257402935707594, -1.2447732096915223, 12118.629478451998, 8264.9656762079321, 486.26085932129808, 503.53786023705578, 0, 0, 17.995333396760408
8.4700000000000006, 7406.2134169891433, 4343.7348277423898, 874.80194030209327, 514.29445574449016, -0.76451844355432197, -1.3607199874648224, 7404.7627368757112, 4344.5952562341781, 874.46451525786881, 514.49546603721285, -0.79130869810433024, -1.3446167001746268, 12123.492087045212, 8270.0010548103019, 486.26085932129808, 503.53786023705578, 0, 0, 17.98533339676041
8.4800000000000004, 7414.9613290357956, 4348.877580389335, 874.79478321085764, 514.28166171116709, -0.7157091235660783, -1.2794033323025618, 7413.5072705470357, 4349.7400214626305, 874.45708317427068, 514.48283724255509, -0.74320835980964739, -1.2628794657788138, 12128.354695638425, 8275.0364334126716, 486.26085932129808, 503.53786023705578, 0, 0, 17.975333396760409
8.4900000000000002, 7423.7091605412861, 4354.0201901306655, 874.78702810298171, 514.26786999242859, -0.77551078759297287, -1.3791718738547576, 7422.2517210509877, 4354.8846453642818, 874.44906132158076, 514.4692058576004, -0.80218526898835552, -1.3631384954682098, 12133.217304231639, 8280.0718120150414, 486.26085932129808, 503.53786023705578, 0, 0, 17.965333396760407
8.5, 7432.4569218421648, 4359.1626741946693, 874.77976275957576, 514.25489426438537, -0.72653434059162092, -1.2975728043182042, 7430.9960985762782, 4360.0291452551783, 874.44152212653103, 514.4563946789674, -0.75391950497554072, -1.281117863303906, 12138.079912824853, 8285.1071906174111, 486.26085932129808, 503.53786023705578, 0, 0, 17.955333396760409
8.5099999999999998, 7441.2046014825864, 4364.3050134735113, 874.771896947953, 514.24091667759478, -0.78658116227820984, -1.3977586790643193, 7439.7403918265218, 4365.1735019327098, 874.43339072506785, 514.44257672843037, -0.81314014632247544, -1.3817950537081847, 12142.942521418066, 8290.1425692197809, 486.26085932129808, 503.53786023705578, 0, 0, 17.945333396760411
8.5199999999999996, 7449.9522098365569, 4369.4472252589358, 874.76452258069492, 514.22775792080756, -0.73743672580486974, -1.3158756787201014, 7448.4846110275585, 4370.3177327765679, 874.4257436441427, 514.42958183334326, -0.76470809251000482, -1.2994895087098584, 12147.80513001128, 8295.1779478221506, 486.26085932129808, 503.53786023705578, 0, 0, 17.935333396760409
8.5299999999999994, 7458.6997354028372, 4374.5892903659133, 874.75654527890151, 514.21359310544756, -0.79773017933660129, -1.4164815360043037, 7457.2287448379057, 4375.4618185067775, 874.41750190449716, 514.4155759584005, -0.82417396454980607, -1.4005874942768157, 12152.667738604494, 8300.2133264245203, 486.26085932129808, 503.53786023705578, 0, 0, 17.925333396760408
8.5400000000000009, 7467.4471885930925, 4379.7312261500056, 874.74906111001928, 514.20024997461894, -0.74841688822209307, -1.3343130828666265, 7465.9728035207372, 4380.6057765670339, 874.409746156957, 514.40239600324139, -0.77557475401722675, -1.3179955159075223, 12157.530347197708, 8305.2487050268901, 486.26085932129808, 503.53786023705578, 0, 0, 17.91533339676041
8.5500000000000007, 7476.1945578604245, 4384.8730133485142, 874.74097152547915, 514.1858965587636, -0.80895845401108923, -1.435341585531841, 7474.7167756892022, 4385.7495875995246, 874.40139328333544, 514.38820083379949, -0.83528736215091426, -1.4195169441960684, 12162.392955790921, 8310.2840836292598, 486.26085932129808, 503.53786023705578, 0, 0, 17.905333396760408
8.5600000000000005, 7484.9418536543635, 4390.0146693811794, 874.73337677107577, 514.17236769724377, -0.75947544033337955, -1.3528861519796127, 7483.4606716440167, 4390.8932691123118, 874.39352808208446, 514.37483446373585, -0.78652012509529601, -1.3366370063652171, 12167.255564384135, 8315.3194622316296, 486.26085932129808, 503.53786023705578, 0, 0, 17.895333396760407
8.5700000000000003, 7493.6890643820834, 4395.1561749071552, 874.72517410502485, 514.15782429747844, -0.82026660509168059, -1.4543399765372533, 7492.2044799526902, 4396.0368016692682, 874.38506327226764, 514.36044861835376, -0.84648098168379848, -1.4385845382091396, 12172.118172977349, 8320.3548408339993, 486.26085932129808, 503.53786023705578, 0, 0, 17.885333396760409
8.5800000000000001, 7502.4362005311841, 4400.2975474107252, 874.71746797504363, 514.14410833718625, -0.77061299812483863, -1.3715960292169207, 7500.9482109536857, 4401.1802028431857, 874.37708782381401, 514.34689446726202, -0.79754484536780224, -1.3554151091759088, 12176.980781570563, 8325.3902194363691, 486.26085932129808, 503.53786023705578, 0, 0, 17.875333396760411
8.5899999999999999, 7511.1832504626464, 4405.4387674724176, 874.70915142249419, 514.12937355852603, -0.83165525494143411, -1.4734778660236518, 7509.6918531686033, 4406.3234531191456, 874.36851026911586, 514.3323165530735, -0.85775546981938922, -1.4577914188545973, 12181.843390163776, 8330.4255980387388, 486.26085932129808, 503.53786023705578, 0, 0, 17.865333396760409
8.5999999999999996, 7519.9302247023443, 4410.5798526414228, 874.70133312068299, 514.11546911986829, -0.78183018111631253, -1.3904438657714595, 7518.4354169738608, 4411.4665701350323, 874.36042377353056, 514.31857324346197, -0.80864955853088516, -1.3743309611508769, 12186.70599875699, 8335.4609766411086, 486.26085932129808, 503.53786023705578, 0, 0, 17.855333396760408
8.6099999999999994, 7528.6771115647971, 4415.7207834191586, 874.69290187038769, 514.10054155567627, -0.84312502953246504, -1.4927564192038349, 7527.1788908448743, 4416.6095342966564, 874.35173265875665, 514.30380185609636, -0.86911147738708983, -1.4771387365578186, 12191.568607350204, 8340.4963552434783, 486.26085932129808, 503.53786023705578, 0, 0, 17.84533339676041
8.620000000000001, 7537.4239216143587, 4420.8615774200925, 874.68497059426375, 514.08644724746671, -0.79312761238962415, -1.4094308209550157, 7535.9222851962249, 4421.7523633073615, 874.34353430963279, 514.28986799902736, -0.81983491239111617, -1.3933857068980278, 12196.431215943418, 8345.5317338458481, 486.26085932129808, 503.53786023705578, 0, 0, 17.835333396760408
8.6300000000000008, 7546.1706431188177, 4426.0022150660461, 874.67642382867905, 514.0713254793709, -0.85467655847388269, -1.5121768095843311, 7544.6655884568727, 4426.8950374932047, 874.33472881303862, 514.27490172253022, -0.88054965941252439, -1.496627649709414, 12201.293824536631, 8350.5671124482178, 486.26085932129808, 503.53786023705578, 0, 0, 17.825333396760406
8.6400000000000006, 7554.9172866812169, 4431.1427140371306, 874.66837876949285, 514.05703989874803, -0.80450591861903831, -1.4285580622863721, 7553.4088110797693, 4432.0375746233549, 874.32641779744961, 514.2607759175412, -0.83110155890572279, -1.4125804989044215, 12206.156433129845, 8355.6024910505876, 486.26085932129808, 503.53786023705578, 0, 0, 17.815333396760408
8.6500000000000004, 7563.6638405223403, 4436.2830546750856, 874.65971566474241, 514.04172249655755, -0.86631047504057734, -1.5317402190514742, 7562.1519414471422, 4437.1799549436319, 874.317497090698, 514.24561332429369, -0.89207067515629224, -1.5162593247455998, 12211.019041723059, 8360.6378696529573, 486.26085932129808, 503.53786023705578, 0, 0, 17.80533339676041
8.6600000000000001, 7572.410315284128, 4441.4232547260362, 874.6515560074414, 514.02724422890174, -0.81596573010100215, -1.4478267655788393, 7570.8949900505258, 4442.3221962894004, 874.30907258915579, 514.23129415931749, -0.84245015422227398, -1.4319164976181185, 12215.881650316272, 8365.6732482553271, 486.26085932129808, 503.53786023705578, 0, 0, 17.795333396760409
8.6699999999999999, 7581.1566991400896, 4446.5632944511499, 874.64277573327934, 514.01172975052202, -0.87802741620886171, -1.5514478379695333, 7579.6379452251394, 4447.4642788257534, 874.30003583727421, 514.21593380995512, -0.90367518815964998, -1.536034936240591, 12220.744258909486, 8370.7086268576968, 486.26085932129808, 503.53786023705578, 0, 0, 17.785333396760407
8.6799999999999997, 7589.9030027712706, 4451.7031916629376, 874.63450065647146, 513.99705736937176, -0.82750768078495707, -1.4672381150301927, 7588.3808175013082, 4452.6062204546224, 874.29149702368704, 514.20141986123974, -0.85388135871958726, -1.4513948715323444, 12225.6068675027, 8375.7440054600665, 486.26085932129808, 503.53786023705578, 0, 0, 17.775333396760409
8.6899999999999995, 7598.6492143036321, 4456.8429265415016, 874.62560237624461, 513.98134436071916, -0.88982802267896244, -1.5713008652575429, 7597.1235951669651, 4457.7480012598844, 874.28234338502432, 514.18586030456993, -0.91536386627740018, -1.5559556669774885, 12230.469476095914, 8380.7793840624363, 486.26085932129808, 503.53786023705578, 0, 0, 17.765333396760411
8.7000000000000011, 7607.3953444575336, 4461.9825169661135, 874.61721105216157, 513.96647642768596, -0.83913240830551983, -1.4867933033155254, 7605.8662887914397, 4462.8896392104107, 874.27368942665385, 514.17115013659725, -0.86539583705016099, -1.4710167972724908, 12235.332084689127, 8385.814762664806, 486.26085932129808, 503.53786023705578, 0, 0, 17.755333396760406
8.7100000000000009, 7616.1413813111139, 4467.121943035314, 874.60819392277244, 513.95056342260102, -0.90171293891284632, -1.5913005084923546, 7614.6088866150994, 4468.0311143083709, 874.26441805283662, 514.15538990951677, -0.92713738172607518, -1.5760227080454223, 12240.194693282341, 8390.8501412671758, 486.26085932129808, 503.53786023705578, 0, 0, 17.745333396760408
8.7200000000000006, 7624.8873356242584, 4472.2612226955098, 874.59968551723227, 513.93549848728424, -0.85084055401160019, -1.5064935316756354, 7623.3513992464887, 4473.1724445899472, 874.25564811025481, 514.14048207491999, -0.87699425817975973, -1.4907834596785277, 12245.057301875555, 8395.8855198695455, 486.26085932129808, 503.53786023705578, 0, 0, 17.73533339676041
8.7300000000000004, 7633.633195427009, 4477.4003359631852, 874.59054868910073, 513.91938400744436, -0.91368281316016309, -1.6114479839925191, 7632.0938148781297, 4478.3136099751073, 874.24625814614365, 514.12451970233076, -0.93899641112058063, -1.5962372589173262, 12249.919910468769, 8400.9208984719153, 486.26085932129808, 503.53786023705578, 0, 0, 17.725333396760409
8.7400000000000002, 7642.378971518986, 4482.5393008522578, 874.58192236147079, 513.90412060734434, -0.86263276299434299, -1.5263400100041018, 7640.8361441579964, 4483.4546285677225, 874.23737137318938, 514.10941274181187, -0.88867729542601892, -1.5106960518859971, 12254.782519061982, 8405.956277074285, 486.26085932129808, 503.53786023705578, 0, 0, 17.715333396760407
8.75, 7651.1246518818562, 4487.6780972966535, 874.57266497849594, 513.88780316217526, -0.92573829748654657, -1.6317445169067704, 7649.5783752304833, 4488.5954802050619, 874.2278619568342, 514.09324673653657, -0.95094163551334843, -1.616600527532239, 12259.645127655196, 8410.9916556766548, 486.26085932129808, 503.53786023705578, 0, 0, 17.705333396760409
8.7599999999999998, 7659.8702473551884, 4492.8167433781819, 874.56391988165478, 513.8723398226058, -0.87450968412012686, -1.5463339569434602, 7658.3205187832073, 4493.7361830590607, 874.21885750056913, 514.07793917878246, -0.90044562650221693, -1.5307557754160526, 12264.50773624841, 8416.0270342790245, 486.26085932129808, 503.53786023705578, 0, 0, 17.695333396760411
8.7699999999999996, 7668.6157458719981, 4497.9552189477063, 874.55454108117669, 513.85581790919264, -0.93788004780742884, -1.6521913413123785, 7667.0625629121523, 4498.8767168837894, 874.20922776316479, 514.06156804147861, -0.96297374043910566, -1.6371137303874177, 12269.370344841624, 8421.0624128813943, 486.26085932129808, 503.53786023705578, 0, 0, 17.685333396760409
8.7799999999999994, 7677.3611583120146, 4503.0935421553086, 874.54567636147613, 513.84015314319288, -0.88647197005707912, -1.5664765999712382, 7675.8045183447939, 4504.017099919628, 874.20010476382924, 514.04605840307602, -0.91229993355483796, -1.5509638402552017, 12274.232953434837, 8426.097791483764, 486.26085932129808, 503.53786023705578, 0, 0, 17.675333396760408
8.7900000000000009, 7686.1064725593205, 4508.231692768285, 874.53617527423694, 513.82342524618991, -0.95010872391440238, -1.6727897003017622, 7684.5463731284199, 4509.1573118369452, 874.19035382966968, 514.02948062214978, -0.97509341595248678, -1.6577780926185481, 12279.095562028051, 8431.1331700861338, 486.26085932129808, 503.53786023705578, 0, 0, 17.66533339676041
8.8000000000000007, 7694.8516995340215, 4513.3696890053707, 874.52719007146391, 513.80755755443499, -0.89852027730554296, -1.586769175493262, 7693.2881380305807, 4514.297370944947, 874.18111142063765, 514.01376740750038, -0.92424090320521712, -1.5713214649422547, 12283.958170621265, 8436.1685486885035, 486.26085932129808, 503.53786023705578, 0, 0, 17.655333396760408
8.8100000000000005, 7703.5968270709873, 4518.5075105497881, 874.51756582156884, 513.79062214597423, -0.96242498950465916, -1.6935408460749262, 7702.0298010495835, 4519.4372568297949, 874.17123840707097, 513.99698145901948, -0.9873013566688662, -1.6785948480857036, 12288.820779214479, 8441.2039272908733, 486.26085932129808, 503.53786023705578, 0, 0, 17.645333396760407
8.8200000000000003, 7712.3418661309133, 4523.6451756893084, 874.50845926890656, 513.77455001668477, -0.91065526623061521, -1.6072129289411252, 7710.7713729932702, 4524.5769878699039, 874.16187571480509, 513.98106316025292, -0.93626922659342016, -1.5918298766593439, 12293.683387807692, 8446.239305893243, 486.26085932129808, 503.53786023705578, 0, 0, 17.635333396760409
8.8300000000000001, 7721.0868044991757, 4528.7826640225694, 874.49871097378445, 513.75740555628443, -0.97482951221177694, -1.7144460400348629, 7719.5128418106788, 4529.7165435667202, 874.15187973218701, 513.96406750785832, -0.99959826180671441, -1.6995652394621701, 12298.545996400906, 8451.2746844956127, 486.26085932129808, 503.53786023705578, 0, 0, 17.625333396760411
8.8399999999999999, 7729.8316531772734, 4533.9199939067648, 874.48948219777355, 513.74112746513583, -0.92287760108682104, -1.6278091148572396, 7728.254218350161, 4534.8559423682518, 874.14239587619284, 513.94794260474521, -0.94838559941456213, -1.6124903113103608, 12303.40860499412, 8456.3100630979825, 486.26085932129808, 503.53786023705578, 0, 0, 17.615333396760409
8.8499999999999996, 7738.5763999008068, 4539.0571448554329, 874.4796089681372, 513.72377239960701, -0.98732296363437266, -1.7355065528801132, 7736.9954905111972, 4539.9951636907217, 874.13227602784059, 513.93073569956198, -1.0119848352280483, -1.7206905183203132, 12308.271213587333, 8461.3454417003522, 486.26085932129808, 503.53786023705578, 0, 0, 17.605333396760408
8.8599999999999994, 7747.3210557122957, 4544.1941352955791, 874.47025708863669, 513.70728680963714, -0.93518795004845412, -1.6485589969900549, 7745.7366691828674, 4545.1342260521151, 874.12267012062102, 513.91440265942583, -0.96059072196090578, -1.6333040136094998, 12313.133822180547, 8466.380820302722, 486.26085932129808, 503.53786023705578, 0, 0, 17.59533339676041
8.870000000000001, 7756.0656082972791, 4549.3309446551257, 874.46025802844304, 513.68971957299016, -0.99990601936239876, -1.7567236646941231, 7754.4777422148054, 4550.2731087829179, 874.1124255027662, 513.89698293997367, -1.0244617854767524, -1.7419719452141091, 12317.996430773761, 8471.4161989050917, 486.26085932129808, 503.53786023705578, 0, 0, 17.585333396760408
8.8800000000000008, 7764.8100687395154, 4554.4675914312784, 874.45078215859064, 513.6730249345062, -0.94758698524124829, -1.6694638483922422, 7763.2187205370383, 4555.4118304714821, 874.10269664977454, 513.88044021760197, -0.97288529916547839, -1.6542722371726706, 12322.859039366975, 8476.4515775074615, 486.26085932129808, 503.53786023705578, 0, 0, 17.575333396760406
8.8900000000000006, 7773.5544246741974, 4559.6040549658237, 874.44065636500056, 513.65524394785575, -1.0125793590107339, -1.7780986650475277, 7771.9595919490621, 4560.5503703620398, 874.09232635151625, 513.86280610970425, -1.0370298258243027, -1.763410789774555, 12327.721647960188, 8481.4869561098312, 486.26085932129808, 503.53786023705578, 0, 0, 17.565333396760408
8.9000000000000004, 7782.2986872265401, 4564.7403538265598, 874.43105561117295, 513.6383386983407, -0.96007538276556403, -1.6905249515054497, 7780.7003674220714, 4565.6887471136997, 874.08247365110992, 513.84605214725832, -0.98527004063751866, -1.675396244595301, 12332.584256553402, 8486.522334712201, 486.26085932129808, 503.53786023705578, 0, 0, 17.55533339676041
8.9100000000000001, 7791.0428439811021, 4569.8764672686157, 874.42080217451053, 513.62034236980992, -1.0253436662418765, -1.7996328530829977, 7789.4410347051316, 4570.8269398839229, 874.07197675436691, 513.82820206395047, -1.0496896743049444, -1.7850083307874387, 12337.446865146616, 8491.5577133145707, 486.26085932129808, 503.53786023705578, 0, 0, 17.545333396760409
8.9199999999999999, 7799.7869061047741, 4575.0124139307736, 874.41107563628316, 513.60322493382728, -0.97265382273219125, -1.7117435982668807, 7798.1816048108258, 4575.9649674029661, 874.06199929775983, 513.81123529087495, -0.99774566071057524, -1.6966773075519557, 12342.30947373983, 8496.5930919169405, 486.26085932129808, 503.53786023705578, 0, 0, 17.535333396760407
8.9299999999999997, 7808.530861131193, 4580.1481729809811, 874.4006936399951, 513.58501165845098, -1.0381996288035538, -1.8213275376257565, 7806.9220654374949, 4581.1028087409968, 874.0513748772222, 513.79316763231202, -1.0624420537657939, -1.8067658562967934, 12347.172082333043, 8501.6284705193102, 486.26085932129808, 503.53786023705578, 0, 0, 17.525333396760409
8.9399999999999995, 7817.2747202691444, 4585.2837631294024, 874.39084041010221, 513.56768044754892, -0.98532298928924977, -1.7331210902017751, 7815.662427639335, 4586.2404826998136, 874.04127174843734, 513.77598646524325, -1.0103128784820343, -1.7181167068816732, 12352.034690926257, 8506.66384912168, 486.26085932129808, 503.53786023705578, 0, 0, 17.515333396760411
8.9500000000000011, 7826.0184710010544, 4590.4191634562721, 874.3803289307167, 513.54924860717631, -1.0511479385492966, -1.8431840372664436, 7824.4026790636653, 4591.3779682617669, 874.03051887151832, 513.75769961860647, -1.07528769190035, -1.8286846636804399, 12356.897299519471, 8511.6992277240497, 486.26085932129808, 503.53786023705578, 0, 0, 17.505333396760406
8.9600000000000009, 7834.7621245778264, 4595.5543927435328, 874.37034809501029, 513.53170201979117, -0.99808357064551023, -1.7546587385106953, 7833.1428308065178, 4596.5152843005935, 874.02028914733978, 513.74030246127984, -1.0229724178493298, -1.739715732667964, 12361.759908112685, 8516.7346063264195, 486.26085932129808, 503.53786023705578, 0, 0, 17.495333396760408
8.9700000000000006, 7843.5056684303827, 4600.6894299831783, 874.35970620209559, 513.51304998298656, -1.0641892914680851, -1.8652036804599137, 7841.8828704638927, 4601.6524097102974, 874.00940687412685, 513.72179480068246, -1.0882273212911717, -1.8507660597414251, 12366.622516705898, 8521.7699849287892, 486.26085932129808, 503.53786023705578, 0, 0, 17.48533339676041
8.9800000000000004, 7852.2491138519645, 4605.8242940293285, 874.34959683950456, 513.49528640434494, -1.010936259099575, -1.7763578641673832, 7850.6228091738831, 4606.789363436952, 873.99904962405128, 513.70418004383919, -1.0357250075521478, -1.7614756843293113, 12371.485125299112, 8526.8053635311589, 486.26085932129808, 503.53786023705578, 0, 0, 17.475333396760409
8.9900000000000002, 7860.9924482217011, 4610.9589637852014, 874.33882359562745, 513.47641252628875, -1.0773243877092462, -1.88738780561691, 7859.3626344808717, 4611.9261242856865, 873.98803700725682, 513.68544993023124, -1.1012616794480861, -1.8730113607921781, 12376.347733892326, 8531.8407421335287, 486.26085932129808, 503.53786023705578, 0, 0, 17.465333396760407
9, 7869.7356828753946, 4616.0934581774945, 874.32858477811669, 513.45843032830851, -1.0238817510719755, -1.7982197980223045, 7868.1023575652371, 4617.0627112753082, 873.97755129344466, 513.66761595152411, -1.0485713812177306, -1.7833978707152625, 12381.21034248554, 8536.8761207358984, 486.26085932129808, 503.53786023705578, 0, 0, 17.455333396760409
9.0099999999999998, 7878.4788051400856, 4621.2277560201137, 874.31767923880045, 513.43933295069633, -1.0905539316195336, -1.9097377612169213, 7876.8419659194451, 4622.1991031215393, 873.96640737835605, 513.64866173259657, -1.1143915088586465, -1.8954218927598272, 12386.072951078753, 8541.9114993382682, 486.26085932129808, 503.53786023705578, 0, 0, 17.445333396760411
9.0199999999999996, 7887.2218263943614, 4626.3618763127388, 874.30731003132917, 513.42113049188731, -1.0369207471333766, -1.8202458809005106, 7885.5814707663867, 4627.3353189163236, 873.95579225558208, 513.63060689649456, -1.0615122774025652, -1.8054836101966876, 12390.935559671967, 8546.9468779406379, 486.26085932129808, 503.53786023705578, 0, 0, 17.435333396760409
9.0299999999999994, 7895.9647339128796, 4631.495797779422, 874.29627124501155, 513.40180794282833, -1.1038786317666534, -1.9322549058992236, 7894.3208595463093, 4632.4713372854394, 873.94451608001179, 513.61142690658187, -1.1276175570254405, -1.9179989912694699, 12395.798168265181, 8551.9822565430077, 486.26085932129808, 503.53786023705578, 0, 0, 17.425333396760408
9.0400000000000009, 7904.7075391172366, 4636.6295394932304, 874.28577070549125, 513.38338356819133, -1.0500539520334253, -1.8424374637014058, 7903.0601435248436, 4637.6071773943704, 873.93377059561544, 513.59314956427431, -1.0745484396349327, -1.8277342307578275, 12400.660776858394, 8557.0176351453774, 486.26085932129808, 503.53786023705578, 0, 0, 17.41533339676041
9.0500000000000007, 7913.450229229411, 4641.7630800878214, 874.27459771348163, 513.36383416210572, -1.1172992009662974, -1.9549406085606309, 7911.7993100897129, 4642.7428177784132, 873.92236118985033, 513.57374212425702, -1.140940576507093, -1.9407440017340603, 12405.523385451608, 8562.0530137477472, 486.26085932129808, 503.53786023705578, 0, 0, 17.405333396760408
9.0600000000000005, 7922.1928157142347, 4646.8964387100559, 874.26396489273441, 513.34518620303095, -1.063282074719367, -1.8647959074822664, 7920.5383705495187, 4647.8782776769949, 873.91148438368589, 513.55524061355629, -1.0876806164475954, -1.8501510700718904, 12410.385994044822, 8567.0883923501169, 486.26085932129808, 503.53786023705578, 0, 0, 17.395333396760407
9.0700000000000003, 7930.9352857407084, 4652.0295939026491, 874.25265672917135, 513.32540824054649, -1.1308163563069711, -1.9777962484504261, 7929.2773122391573, 4653.0135355343882, 873.89994077043627, 513.53560403076187, -1.1543613249573252, -1.9636582794413293, 12415.248602638036, 8572.1237709524867, 486.26085932129808, 503.53786023705578, 0, 0, 17.385333396760409
9.0800000000000001, 7939.6776508171261, 4657.1625648866675, 874.24189067088764, 513.30653501471079, -1.0766058283727413, -1.88732258357283, 7938.0161465104275, 4658.1486106643742, 873.88893167482195, 513.51687667600584, -1.1009095614285551, -1.8727354756077328, 12420.111211231249, 8577.1591495548564, 486.26085932129808, 503.53786023705578, 0, 0, 17.375333396760411
9.0899999999999999, 7948.4198980592118, 4662.2953301133321, 874.23044636269583, 513.28652678255798, -1.1444308191819796, -2.0008232152781269, 7946.754860645091, 4663.2834814196558, 873.87725286917021, 513.49700924410934, -1.167880565171318, -1.9867431896534735, 12424.973819824463, 8582.1945281572262, 486.26085932129808, 503.53786023705578, 0, 0, 17.365333396760409
9.0999999999999996, 7957.1620390189491, 4667.4279088783269, 874.21954610339151, 513.26742659382126, -1.0900259304325342, -1.9100188736681252, 7955.4934660383778, 4668.4181671887764, 873.86611050883766, 513.47805435606222, -1.1142360332586876, -1.8954888047145508, 12429.836428417677, 8587.2299067595959, 486.26085932129808, 503.53786023705578, 0, 0, 17.355333396760408
9.1099999999999994, 7965.9040607584857, 4672.5602795408286, 874.20796467023843, 513.24718636472812, -1.1581433153129908, -2.0240229093080653, 7964.231949918606, 4673.5526462323205, 873.8542955181864, 513.4579543549853, -1.1814990651240043, -2.0100001076934602, 12434.699037010891, 8592.2652853619657, 486.26085932129808, 503.53786023705578, 0, 0, 17.34533339676041
9.120000000000001, 7974.6459748737225, 4677.6924614715499, 874.19692923921218, 513.22785750302887, -1.1035431026190223, -1.9328861699233495, 7972.9703237246686, 4678.686938014007, 873.84301891022892, 513.43877023073821, -1.1276607957503038, -1.9184124247084935, 12439.561645604104, 8597.3006639643354, 486.26085932129808, 503.53786023705578, 0, 0, 17.335333396760408
9.1300000000000008, 7983.3877683729288, 4682.8244329370691, 874.18520969346446, 513.20738353561433, -1.1719545747752262, -2.0473967414575953, 7981.7085746311313, 4683.8210207017519, 873.83106673424879, 513.41843592654789, -1.1952175980102162, -2.0334304190348416, 12444.424254197318, 8602.3360425667051, 486.26085932129808, 503.53786023705578, 0, 0, 17.325333396760406
9.1400000000000006, 7992.1294528961525, 4687.9562133835443, 874.17403811275483, 513.18782427686369, -1.1171580709670237, -1.9559258750653674, 7990.4467141207815, 4688.9549138348602, 873.81965488806986, 513.39902084941809, -1.1411846178952372, -1.9415077129758407, 12449.286862790532, 8607.3714211690749, 486.26085932129808, 503.53786023705578, 0, 0, 17.315333396760408
9.1500000000000004, 8000.8710153974807, 4693.0877809843932, 874.16217945943458, 513.16711481552966, -1.1858653320298069, -2.0709461334081789, 7999.1847293141209, 4694.0885954880268, 873.80756451864693, 513.37845049422401, -1.2090369422921421, -2.0570355194043732, 12454.149471383746, 8612.4067997714446, 486.26085932129808, 503.53786023705578, 0, 0, 17.30533339676041
9.1600000000000001, 8009.6124675613401, 4698.2191552616378, 874.15087074377607, 513.14732342150478, -1.1308715658503541, -1.9791394024904352, 8007.9226317380662, 4699.2220852765604, 873.79601643590786, 513.35880273365342, -1.1548082739045069, -1.9647760570622053, 12459.012079976959, 8617.4421783738144, 486.26085932129808, 503.53786023705578, 0, 0, 17.295333396760409
9.1699999999999999, 8018.3537962873288, 4703.3503142949749, 874.13887198051657, 513.12637669632772, -1.1998763259474965, -2.0946725177030316, 8016.6604084587434, 4704.355361181375, 873.78378685709049, 513.33799456550469, -1.2229578817385509, -2.0808168148709836, 12463.874688570173, 8622.4775569761841, 486.26085932129808, 503.53786023705578, 0, 0, 17.285333396760407
9.1799999999999997, 8027.0950133044853, 4708.4812776827121, 874.12742513729654, 513.10635141456407, -1.1446843220067968, -2.0025281763637106, 8025.3980710474325, 4709.4884428942014, 873.772101531658, 513.31811237695706, -1.1685325432487399, -1.9882188547633863, 12468.737297163387, 8627.5129355785539, 486.26085932129808, 503.53786023705578, 0, 0, 17.275333396760409
9.1899999999999995, 8035.8361054576135, 4713.6120234102573, 874.11528525429821, 513.08516564118554, -1.2139882998361022, -2.1185773378518244, 8034.1356065155678, 4714.6213083016128, 873.75973171960334, 513.29706461973763, -1.2369812054678837, -2.1047757219417011, 12473.5999057566, 8632.5483141809236, 486.26085932129808, 503.53786023705578, 0, 0, 17.265333396760411
9.2000000000000011, 8044.5770845205943, 4718.7425711526248, 874.10369928351258, 513.06490470486824, -1.1585970785666704, -2.026093631725729, 8042.873026479032, 4719.7539771721831, 873.74790813749632, 513.27694624459536, -1.1823582107024051, -2.0118375142230858, 12478.462514349814, 8637.5836927832934, 486.26085932129808, 503.53786023705578, 0, 0, 17.255333396760406
9.2100000000000009, 8053.3179372831291, 4723.8728988003659, 874.09141726349799, 513.04347808438399, -1.2282020014634885, -2.1426620484290275, 8051.6103178942503, 4724.8864272975788, 873.7353970604164, 513.25565710791886, -1.2511077079872803, -2.1289136676510414, 12483.325122943028, 8642.6190713856631, 486.26085932129808, 503.53786023705578, 0, 0, 17.245333396760408
9.2200000000000006, 8062.0586755641771, 4729.0030261056272, 874.0796911577072, 513.02297971223811, -1.1726105790764361, -2.0498372145915482, 8060.3474924219445, 4730.0186785236401, 873.72343419975255, 513.23530077337864, -1.1962860663834138, -2.035633454023114, 12488.187731536242, 8647.6544499880329, 486.26085932129808, 503.53786023705578, 0, 0, 17.23533339676041
9.2300000000000004, 8070.7992860980266, 4734.1329308635322, 874.06726597587635, 513.00131043108627, -1.2425181830861307, -2.1669281151824871, 8069.0845369632134, 4735.1507085465601, 873.71078081786015, 513.21376845248199, -1.2653381892373377, -2.1532320896605328, 12493.050340129455, 8652.6898285904026, 486.26085932129808, 503.53786023705578, 0, 0, 17.225333396760409
9.2400000000000002, 8079.5397807489499, 4739.2626329037857, 874.05539872016107, 512.98057282726575, -1.1867255715237632, -2.0737603820533117, 8077.821463223856, 4740.2825372898697, 873.69867764880223, 513.19317237144924, -1.2103169057944265, -2.059608103276878, 12497.912948722669, 8657.7252071927724, 486.26085932129808, 503.53786023705578, 0, 0, 17.215333396760407
9.25, 8088.2801461955114, 4744.3921099255058, 874.0428293441463, 512.95865905711435, -1.2569376014735993, -2.1913770151362044, 8086.5582580493256, 4745.4141423537185, 873.6858809142559, 513.17139504708575, -1.2796734546331283, -2.177732436352271, 12502.775557315883, 8662.7605857951421, 486.26085932129808, 503.53786023705578, 0, 0, 17.205333396760409
9.2599999999999998, 8097.0203943475317, 4749.5213818363864, 874.03081991606268, 512.93768041109047, -1.2009428083639515, -2.0978646023860734, 8095.2949331907384, 4750.5455437397541, 873.67363639895723, 513.1505574180685, -1.2244515298657712, -2.0837629017260091, 12507.638165909097, 8667.7959643975119, 486.26085932129808, 503.53786023705578, 0, 0, 17.195333396760411
9.2699999999999996, 8105.7605118275396, 4754.6504262389617, 874.01810530588341, 512.91552030872356, -1.2714610179329604, -2.2160102366939789, 8104.0314754375804, 4755.6767189515094, 873.66069525580622, 513.12853325639924, -1.2941143151054064, -2.2024161669231885, 12512.50077450231, 8672.8313429998816, 486.26085932129808, 503.53786023705578, 0, 0, 17.185333396760409
9.2799999999999994, 8114.5005105911414, 4759.7792631193461, 874.00595267541792, 512.89429879517195, -1.2152630465474634, -2.1221513551564928, 8112.7678965865271, 4760.8076880691788, 873.64830834835618, 513.10745226340089, -1.2386907449997338, -2.1080992998397177, 12517.363383095524, 8677.8667216022513, 486.26085932129808, 503.53786023705578, 0, 0, 17.175333396760408
9.2900000000000009, 8123.2403772045154, 4764.907869982906, 873.99309178343458, 512.87189050237453, -1.2860891983353084, -2.2408292797476586, 8121.5041833707728, 4765.9384284991002, 873.63522173248475, 513.08517941588605, -1.3086615871442073, -2.2272847514838046, 12522.225991688738, 8682.9021002046211, 486.26085932129808, 503.53786023705578, 0, 0, 17.16533339676041
9.3000000000000007, 8131.9801236692929, 4770.03626689461, 873.98079491295914, 512.85042428106135, -1.2296870475412298, -2.1466221313221467, 8130.2403476327936, 4771.0689604004456, 873.62269137885369, 513.06385322829703, -1.2530353631089846, -2.1326187589045675, 12527.088600281952, 8687.9374788069908, 486.26085932129808, 503.53786023705578, 0, 0, 17.155333396760408
9.3100000000000005, 8140.7197364949852, 4775.164431262072, 873.96778668382774, 512.82776592450352, -1.3008229131419466, -2.265835655785839, 8138.9763760491678, 4776.1992610817779, 873.60945821792529, 513.04132983158547, -1.3233160928423764, -2.2523396711572659, 12531.951208875165, 8692.9728574093606, 486.26085932129808, 503.53786023705578, 0, 0, 17.145333396760407
9.3200000000000003, 8149.4592277294869, 4780.2923832295519, 873.95534452805418, 512.80605314017009, -1.2442155773592942, -2.1712784333475019, 8147.7122805084164, 4781.3293507816807, 873.59678335590866, 513.01975660407413, -1.2674862016645061, -2.1573227511308413, 12536.813817468379, 8698.0082360117303, 486.26085932129808, 503.53786023705578, 0, 0, 17.135333396760409
9.3300000000000001, 8158.1985838253268, 4785.4201001063202, 873.94218789867989, 512.78314283128998, -1.315662937432623, -2.2910308880070778, 8156.4480476301769, 4786.4592067103586, 873.58340256930921, 512.99698077989228, -1.3380786599414265, -2.2775824181827731, 12541.676426061593, 8703.0436146141001, 486.26085932129808, 503.53786023705578, 0, 0, 17.125333396760411
9.3399999999999999, 8166.9378168769026, 4790.5476021163668, 873.92959940461401, 512.76118161353691, -1.2588494065834346, -2.1961217753041891, 8165.1836893492573, 4791.5888491862434, 873.57058212847187, 512.97515865229491, -1.2820440837339215, -2.1822127597429701, 12546.539034654807, 8708.0789932164698, 486.26085932129808, 503.53786023705578, 0, 0, 17.115333396760409
9.3499999999999996, 8175.6769132794407, 4795.6748664700253, 873.91629330410478, 512.73801744842285, -1.3306100509192453, -2.3164165114098783, 8173.9191922280233, 4796.7182553205921, 873.55705262725326, 512.95212850733492, -1.3529501218633444, -2.3030144959955048, 12551.40164324802, 8713.1143718188396, 486.26085932129808, 503.53786023705578, 0, 0, 17.105333396760408
9.3599999999999994, 8184.4158851740849, 4800.8019134714568, 873.90355741100086, 512.71580591159307, -1.2735893103867511, -2.2211536829773135, 8182.65456824782, 4801.8474455121232, 873.54408552887298, 512.93005560454412, -1.29670983802304, -2.2072902790758691, 12556.264251841234, 8718.1497504212093, 486.26085932129808, 503.53786023705578, 0, 0, 17.09533339676041
9.370000000000001, 8193.1547188984387, 4805.9287202314617, 873.89010076062107, 512.69238597086394, -1.3456650379793378, -2.3419940729168229, 8191.389803913411, 4806.9763967725557, 873.53040621569539, 512.90676923035073, -1.3679313177621975, -2.3286374193406902, 12561.126860434448, 8723.1851290235791, 486.26085932129808, 503.53786023705578, 0, 0, 17.085333396760408
9.3800000000000008, 8201.8934266406341, 4811.0553071348158, 873.87721639993549, 512.66992221392422, -1.2884360685574348, -2.2463756939731621, 8200.124911252924, 4812.1051295813368, 873.51729137270627, 512.88444366220403, -1.3114842989178863, -2.2325568146725256, 12565.989469027661, 8728.2205076259488, 486.26085932129808, 503.53786023705578, 0, 0, 17.075333396760406
9.3900000000000006, 8210.6319946803305, 4816.1816511921852, 873.86360811305872, 512.64624456260947, -1.3608286876740141, -2.3677651314738903, 8208.859876713188, 4817.2336208500519, 873.50346114178069, 512.86089913506044, -1.3830230925607474, -2.3544527143625902, 12570.852077620875, 8733.2558862283186, 486.26085932129808, 503.53786023705578, 0, 0, 17.065333396760408
9.4000000000000004, 8219.3704352528912, 4821.3077728694079, 873.85057420840349, 512.62352666903121, -1.3033904655215953, -2.2717893578264521, 8217.5947123693604, 4822.3618911393196, 873.49019745871544, 512.83831899622658, -1.3263683065261003, -2.2580138833809489, 12575.714686214089, 8738.2912648306883, 486.26085932129808, 503.53786023705578, 0, 0, 17.05533339676041
9.4100000000000001, 8228.1087345797059, 4826.4336490764099, 873.8368131904657, 512.59958935644954, -1.3761017937728151, -2.3937312581624175, 8226.3294046100036, 4827.4899172599944, 873.47621519574545, 512.81451437703947, -1.3982262969941601, -2.3804619187060099, 12580.577294807303, 8743.3266434330581, 486.26085932129808, 503.53786023705578, 0, 0, 17.045333396760409
9.4199999999999999, 8236.8469049436171, 4831.5593003605391, 873.82362865756204, 512.57661539408832, -1.3184532903720818, -2.2973962361187468, 8235.0639655575542, 4832.6177198543128, 873.46280156867817, 512.79167774690484, -1.3413627067245666, -2.2836630134621796, 12585.439903400516, 8748.3620220354278, 486.26085932129808, 503.53786023705578, 0, 0, 17.035333396760407
9.4299999999999997, 8245.5849325074196, 4836.6847035303745, 873.8097138060142, 512.55241645372507, -1.391485154783376, -2.4198940363202888, 8243.798381541972, 4837.7452756317944, 873.44866615080161, 512.7676110810886, -1.4135417876587928, -2.4066665816269146, 12590.30251199373, 8753.3974006377975, 486.26085932129808, 503.53786023705578, 0, 0, 17.025333396760409
9.4399999999999995, 8254.3228296016787, 4841.8098792152259, 873.79637755264537, 512.52918447469926, -1.3336253368867275, -2.3231979025803171, 8252.5326647332276, 4842.8726053167438, 873.43510146728966, 512.74451602364184, -1.3564683511969178, -2.3095057446815015, 12595.165120586944, 8758.4327792401673, 486.26085932129808, 503.53786023705578, 0, 0, 17.015333396760411
9.4500000000000011, 8263.0605823302685, 4846.9348041217136, 873.78230775690577, 512.5047219240829, -1.4069795739644169, -2.4462550616363767, 8261.2668014023366, 4847.999685516741, 873.42081176301917, 512.72018534100107, -1.4289704270448369, -2.4330682640760077, 12600.027729180158, 8763.468157842537, 486.26085932129808, 503.53786023705578, 0, 0, 17.005333396760406
9.4600000000000009, 8271.7982030717267, 4852.0594989615629, 873.76881868287023, 512.48122996465088, -1.3489074035525441, -2.3491959432031289, 8270.0008037670523, 4853.1265370386063, 873.40709490204438, 512.69682990471699, -1.371686097477228, -2.3355436284106554, 12604.890337773371, 8768.5035364449068, 486.26085932129808, 503.53786023705578, 0, 0, 16.995333396760408
9.4700000000000006, 8280.5356778706773, 4857.1839403388185, 873.75459282427664, 512.45650180522807, -1.4225858593571357, -2.4728159422769913, 8278.7346580391095, 4858.2531363873723, 873.39264977120854, 512.67223321932886, -1.4445130835874551, -2.4596685388142805, 12609.752946366585, 8773.5389150472765, 486.26085932129808, 503.53786023705578, 0, 0, 16.98533339676041
9.4800000000000004, 8289.2730191538758, 4862.3081490480772, 873.74094982134068, 512.43274788566453, -1.3643002935925432, -2.3753919563594228, 8287.4683764842994, 4863.3795044528315, 873.37877960311857, 512.64861543705149, -1.3870168089966286, -2.3617782277354995, 12614.615554959799, 8778.5742936496463, 486.26085932129808, 503.53786023705578, 0, 0, 16.975333396760409
9.4900000000000002, 8298.0102129063653, 4867.4321015901887, 873.7265667731026, 512.40775210267452, -1.4383048238081109, -2.4995782989993272, 8296.2019452547356, 4868.5056176368535, 873.36417789680149, 512.62375074714635, -1.460170631709871, -2.486468990515335, 12619.478163553013, 8783.609672252016, 486.26085932129808, 503.53786023705578, 0, 0, 16.965333396760407
9.5, 8306.7472716033735, 4872.5558188430823, 873.71276872495275, 512.38373422714551, -1.3798048149811342, -2.401787552902376, 8304.9353766644999, 4873.631496912657, 873.35015328325028, 512.59986863597089, -1.4024613551189735, -2.3882111175454921, 12624.340772146226, 8788.6450508543858, 486.26085932129808, 503.53786023705578, 0, 0, 16.955333396760409
9.5099999999999998, 8315.4841811700298, 4877.6792772037888, 873.69822735210289, 512.35846878949303, -1.4541372849826162, -2.5265437652500693, 8313.6686568057394, 4878.7571185783345, 873.33539384373171, 512.57473392381235, -1.4759439518573152, -2.5134712158526114, 12629.20338073944, 8793.6804294567555, 486.26085932129808, 503.53786023705578, 0, 0, 16.945333396760411
9.5199999999999996, 8324.2209541302836, 4882.8024976340303, 873.68427313429822, 512.33418494593013, -1.3954217804693572, -2.4283843562844498, 8322.4017980410845, 4883.8825036909902, 873.32121363761985, 512.55058548496595, -1.418020611186551, -2.414843884640768, 12634.065989332654, 8798.7158080591253, 486.26085932129808, 503.53786023705578, 0, 0, 16.935333396760409
9.5299999999999994, 8332.9575763490175, 4887.9254564263911, 873.66957229364425, 512.30864780605725, -1.4700840653931642, -2.553713987290763, 8331.1347864023719, 4889.0076284443167, 873.30629529831435, 512.52517871672978, -1.4918339305463597, -2.5406768236133268, 12638.928597925868, 8803.751186661495, 486.26085932129808, 503.53786023705578, 0, 0, 16.925333396760408
9.5400000000000009, 8341.6940603991534, 4893.0481746268515, 873.65546077356817, 512.28409596603058, -1.411152007606276, -2.4551840026705607, 8339.8676343010357, 4894.1325139797646, 873.29195834372877, 512.50076193545146, -1.4336954585623423, -2.4416781278338267, 12643.791206519081, 8808.7865652638648, 486.26085932129808, 503.53786023705578, 0, 0, 16.91533339676041
9.5500000000000007, 8350.4303920849907, 4898.1706284229185, 873.64059931364397, 512.25828505978745, -1.4861459924200235, -2.5810906243110092, 8348.6003277082546, 4899.2571363860043, 873.27687992912468, 512.47508106110342, -1.5078414604066694, -2.5680874347999971, 12648.653815112295, 8813.8219438662345, 486.26085932129808, 503.53786023705578, 0, 0, 16.905333396760408
9.5600000000000005, 8359.1665840286787, 4903.2928389452954, 873.62632935045633, 512.23346317837695, -1.4269963187603845, -2.4821881410525433, 8357.332879084528, 4904.381516889297, 873.262385061278, 512.45039390652289, -1.4494867846726476, -2.4687154580523409, 12653.516423705509, 8818.8573224686043, 486.26085932129808, 503.53786023705578, 0, 0, 16.895333396760407
9.5700000000000003, 8367.9026219735988, 4908.4147822757768, 873.61130611147303, 512.20737642489155, -1.5023238983300096, -2.6086753485400567, 8366.0652743400242, 4909.5056314726598, 873.24714538687579, 512.42443685969556, -1.5239674402213998, -2.5957046827301582, 12658.379032298722, 8823.892701070974, 486.26085932129808, 503.53786023705578, 0, 0, 16.885333396760409
9.5800000000000001, 8376.6385185913823, 4913.5364796302611, 873.5968765560616, 512.18228244055786, -1.4429555411407535, -2.5093984333644621, 8374.7975259845698, 4914.6295014476318, 873.23249143204532, 512.39947728471111, -1.4653954830497984, -2.4959574984426238, 12663.241640891936, 8828.9280796733437, 486.26085932129808, 503.53786023705578, 0, 0, 16.875333396760411
9.5899999999999999, 8385.3742595641506, 4918.65790698419, 873.58169036985862, 512.15591774210418, -1.5186186203008609, -2.6364698453690636, 8383.5296198669748, 4919.7531026909473, 873.21708930429554, 512.37324198257966, -1.5402127749734724, -2.6235302131466272, 12668.10424948515, 8833.9634582757135, 486.26085932129808, 503.53786023705578, 0, 0, 16.865333396760409
9.5999999999999996, 8394.1098576132736, 4923.7790856391275, 873.56710006479045, 512.13054957655822, -1.4590305068173059, -2.5368165545977726, 8392.2615685466499, 4924.8764565998908, 873.20227507976176, 512.34800792373494, -1.4814224533743734, -2.5234058844727638, 12672.966858078364, 8838.9988368780832, 486.26085932129808, 503.53786023705578, 0, 0, 16.855333396760408
9.6099999999999994, 8402.8452983592706, 4928.8999914635215, 873.5517497547861, 512.10390481842364, -1.5350310004390506, -2.6644758134636932, 8400.9933578106902, 4929.9995389442756, 873.18670929600296, 512.32149226689171, -1.5565783758857248, -2.651565684317847, 12677.829466671577, 8844.034215480453, 486.26085932129808, 503.53786023705578, 0, 0, 16.84533339676041
9.620000000000001, 8411.5805945735101, 4934.0206458450766, 873.53699753425872, 512.07826037649454, -1.4752220527383053, -2.5644441929131405, 8409.7250002683595, 4935.1223712076053, 873.17173360998777, 512.29598164425136, -1.4975686015150251, -2.5510622640322103, 12682.692075264791, 8849.0695940828227, 486.26085932129808, 503.53786023705578, 0, 0, 16.835333396760408
9.6300000000000008, 8420.3157318145695, 4939.1410245445968, 873.52148191540073, 512.05133342684564, -1.5515618858034907, -2.6926949648879357, 8418.4564816446855, 4940.2449290521326, 873.15600295838306, 512.26918351657991, -1.5730651604672541, -2.6798127671493264, 12687.554683858005, 8854.1049726851925, 486.26085932129808, 503.53786023705578, 0, 0, 16.825333396760406
9.6400000000000006, 8429.0507229040704, 4944.2611490364079, 873.50656660519314, 512.02541059634791, -1.4915310207609387, -2.592283049775566, 8427.1878145990431, 4945.3672340480534, 873.14086460998726, 512.24339423360436, -1.5138348395816057, -2.5789282975545627, 12692.417292451219, 8859.1403512875622, 486.26085932129808, 503.53786023705578, 0, 0, 16.815333396760408
9.6500000000000004, 8437.7855533383026, 4949.3809949730176, 873.49088448390887, 511.99819930609573, -1.5682121284232906, -2.7211290252193518, 8435.9189847940343, 4950.4892617494179, 873.12496786946167, 512.21631150215148, -1.5896740525542647, -2.7082731452862578, 12697.279901044432, 8864.175729889932, 486.26085932129808, 503.53786023705578, 0, 0, 16.80533339676041
9.6600000000000001, 8446.5202359894029, 4954.5005839158521, 873.47580490133225, 511.97199595769524, -1.5079582576576755, -2.6203348400502717, 8444.6500049394162, 4955.6110338135904, 873.10966564860212, 512.19024144557045, -1.5302220859547473, -2.6070056581007681, 12702.142509637646, 8869.2111084923017, 486.26085932129808, 503.53786023705578, 0, 0, 16.795333396760409
9.6699999999999999, 8455.2547562910277, 4959.6198914084689, 873.45995507547912, 511.94449816035859, -1.584982585313528, -2.7497797336623617, 8453.3808606350049, 4960.7325256857685, 873.0936015887786, 512.16287196041833, -1.6064059823493289, -2.7369485152139794, 12707.00511823086, 8874.2464870946715, 486.26085932129808, 503.53786023705578, 0, 0, 16.785333396760407
9.6799999999999997, 8463.9891271660908, 4964.7389390998787, 873.44471002932778, 511.91801214743737, -1.5245046151364863, -2.6486012921232138, 8462.1115646412036, 4965.853759110968, 873.0781342761253, 512.1365190001037, -1.5467312653295084, -2.635296031466841, 12711.867726824074, 8879.2818656970412, 486.26085932129808, 503.53786023705578, 0, 0, 16.775333396760409
9.6899999999999995, 8472.7233339852664, 4969.8577024240267, 873.42869128814277, 511.89022565900564, -1.6018741184963676, -2.7786488431719398, 8470.842102494682, 4970.9747094248814, 873.06190165726059, 512.10886059424001, -1.6232618864663211, -2.7658405863686757, 12716.730335417287, 8884.317244299411, 486.26085932129808, 503.53786023705578, 0, 0, 16.765333396760411
9.7000000000000011, 8481.4573897225055, 4974.9762031179944, 873.41327957864405, 511.86345481752522, -1.5411709498707351, -2.6770841480392384, 8479.5724870067588, 4976.0953984606567, 873.04626802417295, 512.08222258307694, -1.5633633087689667, -2.6638011163091049, 12721.592944010501, 8889.3526229017807, 486.26085932129808, 503.53786023705578, 0, 0, 16.755333396760406
9.7100000000000009, 8490.191279685152, 4980.0944165054516, 873.39709070269384, 511.83537743631939, -1.6188875950252313, -2.807738120583855, 8488.3027036505937, 4981.2158014438255, 873.02986559709313, 512.05427307226444, -1.64024270797876, -2.7949510812544571, 12726.455552603715, 8894.3880015041505, 486.26085932129808, 503.53786023705578, 0, 0, 16.745333396760408
9.7200000000000006, 8498.9250168984599, 4985.2123644120402, 873.38151112145874, 511.80831958468332, -1.5579581235092539, -2.705785163608454, 8497.0327652886917, 4986.3359402961541, 873.0140644055557, 512.02734784602205, -1.5801191537386325, -2.692522624237303, 12731.318161196928, 8899.4233801065202, 486.26085932129808, 503.53786023705578, 0, 0, 16.73533339676041
9.7300000000000004, 8507.6585866060923, 4990.3300220504852, 873.36515088258875, 511.779949091216, -1.6360238869989938, -2.8370493467296716, 8505.7626573303387, 4991.4557901323542, 872.99749091159106, 511.99910502866658, -1.6573493964587018, -2.8242817355449157, 12736.180769790142, 8904.4587587088899, 486.26085932129808, 503.53786023705578, 0, 0, 16.725333396760409
9.7400000000000002, 8516.3920018848676, 4995.4474113354809, 873.34940221256181, 511.75260203013073, -1.5748670026945515, -2.7347061085276958, 8514.4923926894935, 4996.5753729632988, 872.98152091414954, 511.97189040586733, -1.5969997441492936, -2.7214622799226649, 12741.043378383356, 8909.4941373112597, 486.26085932129808, 503.53786023705578, 0, 0, 16.715333396760407
9.75, 8525.1252479144132, 5000.5645073681344, 873.33286937384605, 511.72393618696526, -1.6532838715740894, -2.8665843165497114, 8523.2219567111988, 5001.6946637922129, 872.96477508506939, 511.94335206288548, -1.6745829080139671, -2.8538342981824316, 12745.90598697657, 8914.5295159136294, 486.26085932129808, 503.53786023705578, 0, 0, 16.705333396760409
9.7599999999999998, 8533.8583378233834, 5005.6813321526888, 873.31695038925523, 511.69629769930026, -1.5918984590786911, -2.763848766499569, 8531.9513623611456, 5006.8136847195683, 872.94863502476539, 511.91584584467347, -1.614006030397962, -2.7506218212033224, 12750.768595569783, 8919.5648945159992, 486.26085932129808, 503.53786023705578, 0, 0, 16.695333396760411
9.7699999999999996, 8542.5912567270116, 5010.7978606779561, 873.30024370494527, 511.66733425090797, -1.6706684309910067, -2.8963448392316811, 8540.6805949197624, 5011.9324106364356, 872.93171558271194, 511.88700973935846, -1.6919442053400036, -2.8836105315030318, 12755.631204162997, 8924.6002731183689, 486.26085932129808, 503.53786023705578, 0, 0, 16.685333396760409
9.7799999999999994, 8551.3240178060551, 5015.9141150382247, 873.28415317125177, 511.63940210155431, -1.6090533693469733, -2.7932149353661102, 8549.4096674047432, 5017.0508637333796, 872.91540419301782, 511.85920970936644, -1.6311389694169558, -2.7800029992041964, 12760.493812756211, 8929.6356517207387, 486.26085932129808, 503.53786023705578, 0, 0, 16.675333396760408
9.7900000000000009, 8560.0566061110003, 5021.0300701093292, 873.26727138672595, 511.61013877417105, -1.6881784525852221, -2.926332738324732, 8558.1385650315351, 5022.1690187886416, 872.89830985044023, 511.83007358725308, -1.709434257756794, -2.9136122113363632, 12765.356421349425, 8934.6710303231084, 486.26085932129808, 503.53786023705578, 0, 0, 16.66533339676041
9.8000000000000007, 8568.7890348749752, 5026.1457480761064, 873.25100806057367, 511.58191070989892, -1.6263326152245723, -2.8228064272153683, 8566.8673008701116, 5027.2868980833773, 872.88182585519314, 511.80197751146881, -1.6483995247065477, -2.8096075784294676, 12770.219029942638, 8939.7064089254782, 486.26085932129808, 503.53786023705578, 0, 0, 16.655333396760408
9.8100000000000005, 8577.5212890833573, 5031.2611237007277, 873.23394991228565, 511.55234521138027, -1.705814828803548, -2.9565498518641609, 8575.595860070558, 5032.4044762823232, 872.86455531478066, 511.77253910019766, -1.7270540412515354, -2.9438411271161264, 12775.081638535852, 8944.7417875278479, 486.26085932129808, 503.53786023705578, 0, 0, 16.645333396760407
9.8200000000000003, 8586.2533820219178, 5036.3762192590812, 873.21751254145067, 511.52381896069511, -1.6437370834997866, -2.8526250685174297, 8584.3242557554058, 5037.5217757577248, 872.84789742811677, 511.74414472682884, -1.6657886663844625, -2.8394373368844001, 12779.944247129066, 8949.7771661302177, 486.26085932129808, 503.53786023705578, 0, 0, 16.635333396760409
9.8300000000000001, 8594.9852986105634, 5041.4910093989829, 873.20027675687845, 511.49394898037008, -1.7235784572224901, -2.986998032501071, 8593.0524730090056, 5042.6387710601311, 872.83044938273156, 511.71440173600888, -1.7448045385237434, -2.9742990819952806, 12784.80685572228, 8954.8125447325874, 486.26085932129808, 503.53786023705578, 0, 0, 16.625333396760411
9.8399999999999999, 8603.7170521879816, 5046.6055164878817, 873.18366408021802, 511.46512225336761, -1.6612676660396037, -2.8826727002491421, 8601.7805250067267, 5047.7554846533812, 872.81361630901927, 511.68570679534702, -1.6833073712282156, -2.8694940661855841, 12789.669464315493, 8959.8479233349572, 486.26085932129808, 503.53786023705578, 0, 0, 16.615333396760409
9.8499999999999996, 8612.448627608248, 5051.7197150585434, 873.16624937781239, 511.43494546189135, -1.7414702405636697, -3.0176791476287366, 8610.508396766807, 5052.8718909731506, 872.79598944162899, 511.65565691641746, -1.7626867390278957, -3.0049878929576903, 12794.532072908707, 8964.8833019373269, 486.26085932129808, 503.53786023705578, 0, 0, 16.605333396760408
9.8599999999999994, 8621.1800382632373, 5056.833627570486, 873.14946012521432, 511.40581595011116, -1.678925259802809, -2.9129511780163106, 8619.2361015177303, 5057.9880125753789, 872.77897987540189, 511.62665912070077, -1.7009566227154613, -2.8997795716684225, 12799.394681501921, 8969.9186805396967, 486.26085932129808, 503.53786023705578, 0, 0, 16.59533339676041
9.870000000000001, 8629.9112689408266, 5061.9472284407248, 873.13186521434716, 511.37532999931602, -1.7594910867105786, -3.0485950795128285, 8627.9636242112392, 5063.1038237801777, 872.76117285901171, 511.59630002679143, -1.7807016390178396, -3.0359093909334343, 12804.257290095135, 8974.9540591420664, 486.26085932129808, 503.53786023705578, 0, 0, 16.585333396760408
9.8800000000000008, 8638.6423330863545, 5067.0605402213623, 873.11489810667854, 511.34589537559413, -1.6967107668589978, -2.9434623721874589, 8636.6909781292179, 5068.219347236095, 872.74398548490103, 511.56699707006635, -1.7187374110706277, -2.930295672505991, 12809.119898688348, 8979.9894377444361, 486.26085932129808, 503.53786023705578, 0, 0, 16.575333396760406
9.8900000000000006, 8647.3732154211357, 5072.1735372129597, 873.09712168759131, 511.3150978983399, -1.7776419087236455, -3.0797477254204897, 8645.4181481565302, 5073.3345571469827, 872.72599698248519, 511.53632641585722, -1.798850241589989, -3.0670654209127206, 12813.982507281562, 8985.0248163468059, 486.26085932129808, 503.53786023705578, 0, 0, 16.565333396760408
9.9000000000000004, 8656.1039294442471, 5077.286242060718, 873.07997543664737, 511.28535581665983, -1.7146250943939194, -2.9742081680062937, 8654.1451476287457, 5078.449476254511, 872.70863047515218, 511.50671597383916, -1.7366507332984984, -2.9610442018062915, 12818.845115874776, 8990.0601949491756, 486.26085932129808, 503.53786023705578, 0, 0, 16.55533339676041
9.9100000000000001, 8664.8344598100703, 5082.3986289480354, 873.06201620039894, 511.25424442668253, -1.7959236248427728, -3.1111389977300421, 8662.8719613634639, 5083.5640786455733, 872.69045913958507, 511.47573139541879, -1.817133556714595, -3.0984578420401214, 12823.707724467989, 8995.0955735515454, 486.26085932129808, 503.53786023705578, 0, 0, 16.545333396760409
9.9199999999999999, 8673.5648200717005, 5087.5107206137327, 873.04468950885166, 511.22419252202531, -1.732669154725174, -3.0051904657232331, 8671.5986027502204, 5088.6783871554762, 872.67291216365277, 511.4458111253515, -1.7546975932284803, -2.9920270067284038, 12828.570333061203, 9000.1309521539151, 486.26085932129808, 503.53786023705578, 0, 0, 16.535333396760407
9.9299999999999997, 8682.294994816215, 5092.6224911233294, 873.02654613726656, 511.19276481378449, -1.8143371585121195, -3.1427708240797871, 8680.3250565389662, 5093.7923757534509, 872.65455663763987, 511.41451024007404, -1.8355526012894767, -3.130088527747815, 12833.432941654417, 9005.1663307562849, 486.26085932129808, 503.53786023705578, 0, 0, 16.525333396760409
9.9399999999999995, 8691.0249976510077, 5097.7339633097899, 873.00903769861338, 511.16240070197716, -1.750843865320389, -3.0364111807328431, 8689.051336173492, 5098.9060673689592, 872.6368278476242, 511.38427778058798, -1.7728790015618063, -3.023245948604329, 12838.295550247631, 9010.2017093586546, 486.26085932129808, 503.53786023705578, 0, 0, 16.515333396760411
9.9500000000000011, 8699.7548130954783, 5102.8451111200375, 872.99070886422953, 511.13065425050223, -1.8328834383889283, -3.174645147491753, 8697.7774263357078, 5104.0194358528597, 872.61828676363245, 511.35265818692932, -1.8541083991784608, -3.1619593658634346, 12843.158158840844, 9015.2370879610244, 486.26085932129808, 503.53786023705578, 0, 0, 16.505333396760406
9.9600000000000009, 8708.484454811598, 5107.9559574817058, 872.97301736274142, 511.09997552806527, -1.7691501488069123, -3.0678722436987464, 8706.5033405239483, 5109.1325042292938, 872.60037480387336, 511.32211115789886, -1.7911959759108207, -3.0547029030480184, 12848.020767434058, 9020.2724665633941, 486.26085932129808, 503.53786023705578, 0, 0, 16.495333396760408
9.9700000000000006, 8717.2139072507161, 5113.0664762223978, 872.9545017287578, 511.06790788880022, -1.8515633983570192, -3.2067639265050563, 8715.2290633516895, 5114.2452462300344, 872.58164678406081, 511.29017043531161, -1.8728019812549159, -3.1940722587273234, 12852.883376027272, 9025.3078451657639, 486.26085932129808, 503.53786023705578, 0, 0, 16.48533339676041
9.9800000000000004, 8725.9431841296646, 5118.1766903649459, 872.93662583942796, 511.03691213279342, -1.7875889329827592, -3.0995756006824249, 8723.9546083720998, 5119.3576849744231, 872.56355028865244, 511.2593064377109, -1.809649540839994, -3.0863997600680566, 12857.745984620486, 9030.3432237681336, 486.26085932129808, 503.53786023705578, 0, 0, 16.475333396760409
9.9900000000000002, 8734.6722698313624, 5123.2865736169033, 872.9179220596526, 511.0045208414403, -1.8703779775415104, -3.2391291353131413, 8732.679960129828, 5124.4697940744318, 872.54463394479797, 511.22704214647774, -1.8916343854469979, -3.2264291233134261, 12862.608593213699, 9035.3786023705034, 486.26085932129808, 503.53786023705578, 0, 0, 16.465333396760407
10, 8743.4011781277859, 5128.3961490968359, 872.8998604481443, 510.97320560930751, -1.8061611508314053, -3.1315232132802824, 8741.405132233167, 5129.5815967451326, 872.52635153751885, 511.19585876223584, -1.8282407279112329, -3.1183384241883947, 12867.471201806913, 9040.4139809728731, 486.26085932129808, 503.53786023705578, 0, 0, 16.455333396760409
10.01, 8752.129893333049, 5133.5053903915141, 872.8809671669411, 510.94048818166863, -1.8893281203158867, -3.2717427638899808, 8750.1301091575442, 5134.6930664779711, 872.50724547095103, 511.16326844332247, -1.9106066567758284, -3.2590318913388581, 12872.333810400127, 9045.4493595752429, 486.26085932129808, 503.53786023705578, 0, 0, 16.445333396760411
10.02, 8760.8584292745581, 5138.614320715772, 872.86271848953584, 510.90885101108114, -1.8248677405274589, -3.1637170587472108, 8758.8549045666678, 5139.8042265842823, 872.48877576519385, 511.13176323517689, -1.8469705757206756, -3.150520814555275, 12877.196418993341, 9050.4847381776126, 486.26085932129808, 503.53786023705578, 0, 0, 16.435333396760409
10.029999999999999, 8769.5867701972365, 5143.7229135348598, 872.84363434177271, 510.87580494289995, -1.9084147763089185, -3.3046068181178918, 8767.5795028663433, 5144.9150504342579, 872.46947856671989, 511.09884441008313, -1.9297198473940302, -3.291882509374823, 12882.059027586554, 9055.5201167799823, 486.26085932129808, 503.53786023705578, 0, 0, 16.425333396760408
10.040000000000001, 8778.314929984208, 5148.8311921604191, 872.82519724531824, 510.84384335159865, -1.8437096454476201, -3.1961591301308894, 8776.3039177759911, 5150.0255614360285, 872.45082016542051, 511.06701492143259, -1.8658401299412162, -3.1829488650546813, 12886.921636179768, 9060.5554953823521, 486.26085932129808, 503.53786023705578, 0, 0, 16.41533339676041
10.050000000000001, 8787.0428928108267, 5153.9391299354374, 872.80592085631406, 510.81046611839935, -1.9276389004189005, -3.3377233199295482, 8785.0281336313928, 5155.1357328378017, 872.43133041525414, 511.03376509204287, -1.9489750166320272, -3.3249829389715377, 12891.784244772982, 9065.5908739847218, 486.26085932129808, 503.53786023705578, 0, 0, 16.405333396760408
10.06, 8795.7706726162178, 5159.0467502689062, 872.78729397817222, 510.77817760403525, -1.8626878141840311, -3.2288514364120133, 8793.7521642079791, 5160.2455881450433, 872.41248191082047, 511.00160884679849, -1.8848504433679225, -3.2156245244354733, 12896.646853366196, 9070.6262525870916, 486.26085932129808, 503.53786023705578, 0, 0, 16.395333396760407
10.07, 8804.4982535057825, 5164.1540263808001, 872.76782396364399, 510.74446666096077, -1.947001452825798, -3.3710943074483986, 8802.4759937711024, 5165.3551004832379, 872.39279817851002, 510.96802549523068, -1.9683732310427886, -3.3583351567812816, 12901.509461959409, 9075.6616311894613, 486.26085932129808, 503.53786023705578, 0, 0, 16.385333396760409
10.08, 8813.2256494749381, 5169.2609817780094, 872.74900593163852, 510.71184870093447, -1.8818032005477141, -3.2617960026297612, 8811.1996361525016, 5170.4642934557269, 872.3737581527505, 510.93553999766652, -1.9040025759541703, -3.2485497564174448, 12906.372070552623, 9080.6970097918311, 486.26085932129808, 503.53786023705578, 0, 0, 16.375333396760411
10.09, 8821.9528445587439, 5174.367589556743, 872.72934089764863, 510.67780148258333, -1.9665033989933729, -3.4047218351141995, 8819.9230755466942, 5175.57314006453, 872.35387899710611, 510.90162058611986, -1.9879155644372146, -3.3919411546662421, 12911.234679145837, 9085.7323883942008, 486.26085932129808, 503.53786023705578, 0, 0, 16.365333396760409
10.1, 8830.6798528092058, 5179.4738733223385, 872.71033033001288, 510.64485153388313, -1.9010567635794207, -3.2949948700216778, 8828.6463258420263, 5180.6816640114102, 872.3346460211576, 510.86880332072172, -1.9232975948556423, -3.281726539813584, 12916.09728773905, 9090.7677669965706, 486.26085932129808, 503.53786023705578, 0, 0, 16.355333396760408
10.109999999999999, 8839.40665819065, 5184.5798060464813, 872.69046887291609, 510.61046545414479, -1.986145709684104, -3.4386079738320348, 8837.3693711617725, 5185.7898381741761, 872.31456999017826, 510.83454529132342, -2.0076030979327015, -3.4258029398296626, 12920.959896332264, 9095.8031455989403, 486.26085932129808, 503.53786023705578, 0, 0, 16.34533339676041
10.120000000000001, 8848.1332748119585, 5189.6854114335083, 872.67126437824049, 510.57718095318313, -1.9204494675615058, -3.3284500961672765, 8846.0922254511879, 5190.897686353559, 872.29514262443354, 510.80139372263687, -1.94273657447589, -3.3151568686557931, 12925.822504925478, 9100.8385242013101, 486.26085932129808, 503.53786023705578, 0, 0, 16.335333396760408
10.130000000000001, 8856.8596865663367, 5194.7906623298186, 872.65120508463087, 510.54245340507208, -2.0059293609618671, -3.4727548111027855, 8854.8148727618936, 5196.0051813024056, 872.27486825523363, 510.76679449728761, -2.0274369199901665, -3.4599225349280931, 12930.685113518692, 9105.8739028036798, 486.26085932129808, 503.53786023705578, 0, 0, 16.325333396760406
10.140000000000001, 8865.5859076198412, 5199.8955825393059, 872.63180526181077, 510.50883176752097, -1.9399822820151786, -3.3621637551090324, 8863.5373270963573, 5201.112346920966, 872.25524504926864, 510.73330606976464, -1.962320596497974, -3.3488427522976441, 12935.547722111905, 9110.9092814060496, 486.26085932129808, 503.53786023705578, 0, 0, 16.315333396760408
10.15, 8874.3119217941585, 5205.0001447823133, 872.61154670846884, 510.47376012300936, -2.0258553341970256, -3.5071644511596767, 8872.2595724341318, 5206.2191558363666, 872.23477086800415, 510.69836304998273, -2.0474181264540072, -3.4943019781894717, 12940.410330705119, 9115.9446600084193, 486.26085932129808, 503.53786023705578, 0, 0, 16.30533339676041
10.16, 8883.037743312816, 5210.1043729628527, 872.5919501466517, 510.43979874363436, -1.9596561817118709, -3.3961379374991911, 8880.9816228351992, 5211.3256320489345, 872.21495036050487, 510.66453518782731, -1.9820507499306381, -3.3827862155427644, 12945.272939298333, 9120.9800386107891, 486.26085932129808, 503.53786023705578, 0, 0, 16.295333396760409
10.17, 8891.7633559255901, 5215.2082396744372, 872.57149090049097, 510.40438035348325, -2.0459246160751445, -3.5418390151130219, 8889.7034622066312, 5216.4317480593145, 872.19427488229894, 510.62924575459192, -2.0675478205962152, -3.5289433235391403, 12950.135547891547, 9126.0154172131588, 486.26085932129808, 503.53786023705578, 0, 0, 16.285333396760407
10.18, 8900.4887739137721, 5220.3117689217597, 872.55169617902413, 510.37007660597578, -1.979472146681841, -3.4303747507439968, 8898.4251046662339, 5221.5375279684658, 872.17425560098741, 510.59507586160424, -2.0019281311523125, -3.4169892987703521, 12954.99815648476, 9131.0507958155285, 486.26085932129808, 503.53786023705578, 0, 0, 16.275333396760409
10.19, 8909.2139809548316, 5225.4149331707231, 872.53103479703805, 510.33430879956484, -2.0661381986046652, -3.5767806410953424, 8907.1465340481773, 5226.6429441497858, 872.15337732985586, 510.55943737519698, -2.0878271131600536, -3.5638486407259573, 12959.860765077974, 9136.0861744178983, 486.26085932129808, 503.53786023705578, 0, 0, 16.265333396760411
10.200000000000001, 8917.9389913881278, 5230.5177565272706, 872.51104048541595, 510.2996600363735, -1.9994311622127061, -3.4648763191330874, 8915.8677645283988, 5231.7480208054294, 872.13315779141635, 510.52492283461652, -2.0219538439457385, -3.4514540580455138, 12964.723373671188, 9141.121553020268, 486.26085932129808, 503.53786023705578, 0, 0, 16.255333396760406
10.210000000000001, 8926.6637888184196, 5235.6202113289119, 872.49017551462475, 510.26354012152956, -2.0864970791150568, -3.6119914843925796, 8924.588779867745, 5236.8527301807735, 872.11207522019242, 510.48893263446217, -2.1082571223948814, -3.5990200154341614, 12969.585982264402, 9146.1569316226378, 486.26085932129808, 503.53786023705578, 0, 0, 16.245333396760408
10.220000000000001, 8935.3883876434338, 5240.7223217834098, 872.46998017243618, 510.22854367368973, -2.0195342188560605, -3.4996447839846323, 8933.3095943005974, 5241.9570965797329, 872.09165393019703, 510.45407080880972, -2.0421289995411751, -3.4861825652451222, 12974.448590857615, 9151.1923102250075, 486.26085932129808, 503.53786023705578, 0, 0, 16.23533339676041
10.23, 8944.112771394819, 5245.8240600990894, 872.44891014983352, 510.19206893651381, -2.1070022602644083, -3.6474737175934062, 8942.0301915140535, 5247.0610921188891, 872.07036554045601, 510.41772621331558, -2.1288389741009293, -3.6344595494131058, 12979.311199450829, 9156.2276888273773, 486.26085932129808, 503.53786023705578, 0, 0, 16.225333396760409
10.24, 8952.8369545289697, 5250.925450586109, 872.42851232670921, 510.15672211347595, -2.0397823124292889, -3.5346823037845745, 8950.7505858012501, 5252.1647412044858, 872.04974099328945, 510.38251444423378, -2.0624547166554521, -3.5211769081774502, 12984.173808044043, 9161.263067429747, 486.26085932129808, 503.53786023705578, 0, 0, 16.215333396760407
10.25, 8961.5609205040237, 5256.0264653228141, 872.4072357792088, 510.1198898181687, -2.1276547500381007, -3.683229530725725, 8959.4707607751134, 5257.2680158235244, 872.02824525527274, 510.34581275062783, -2.1495738016658508, -3.6701693605938339, 12989.036416637256, 9166.2984460321168, 486.26085932129808, 503.53786023705578, 0, 0, 16.205333396760409
10.26, 8970.2846838353489, 5261.1271287223381, 872.38663401476867, 510.08418990762544, -2.0601764440163275, -3.5699910543262954, 8968.1907307878482, 5262.3709404851525, 872.00741593405746, 510.3102483587208, -2.0829321215305883, -3.5564391907019441, 12993.89902523047, 9171.3338246344865, 486.26085932129808, 503.53786023705578, 0, 0, 16.195333396760411
10.27, 8979.008227907163, 5266.2274127322444, 872.3651494591511, 510.04699729631136, -2.1484555617547785, -3.7192611314077157, 8976.9104793777769, 5267.4734870460024, 871.98571130659639, 510.27318684288861, -2.1704627461091159, -3.7061515832199614, 12998.761633823684, 9176.3692032368563, 486.26085932129808, 503.53786023705578, 0, 0, 16.185333396760409
10.279999999999999, 8987.7315672941113, 5271.3273418692233, 872.3443422829514, 510.01094156402274, -2.0807176199734703, -3.6055732288610538, 8985.6300209564906, 5272.5756801187017, 871.96467568311664, 510.23726712756002, -2.1035623479780221, -3.5919715328594992, 13003.624242416898, 9181.404581839226, 486.26085932129808, 503.53786023705578, 0, 0, 16.175333396760408
10.290000000000001, 8996.4546853060838, 5276.426887949252, 872.32264822581078, 509.9733858565728, -2.1694057140677945, -3.7555707449935531, 8994.3493389872783, 5277.6774914287225, 871.94276061355538, 510.19984304388026, -2.1915069561225482, -3.7424083679728946, 13008.486851010111, 9186.4399604415958, 486.26085932129808, 503.53786023705578, 0, 0, 16.16533339676041
10.300000000000001, 9005.177596577314, 5281.5260755931622, 872.30163415729146, 509.93697154619042, -2.1014068519288087, -3.6414310382399591, 9003.068447941434, 5282.7789456927503, 871.92151714818124, 510.16356528317033, -2.1243465374171642, -3.6277760709939368, 13013.349459603325, 9191.4753390439655, 486.26085932129808, 503.53786023705578, 0, 0, 16.155333396760408
10.31, 9013.9002843429516, 5286.6248764845323, 872.2797290949818, 509.8990499400432, -2.1905062309654753, -3.7921606147194664, 9011.7873312067768, 5287.8800145042997, 871.89939007230009, 510.12577586434935, -2.2127075881103395, -3.7789418820970875, 13018.212068196539, 9196.5107176463353, 486.26085932129808, 503.53786023705578, 0, 0, 16.145333396760407
10.32, 9022.6227632971277, 5291.723315348926, 872.25850664341408, 509.86227427293272, -2.1222451567768728, -3.6775667110501939, 9020.5060033146237, 5292.9807226846997, 871.87793721391097, 510.08913731477065, -2.1452858389098424, -3.663854957867406, 13023.074676789753, 9201.546096248705, 486.26085932129808, 503.53786023705578, 0, 0, 16.135333396760409
10.33, 9031.3450165998402, 5296.8213637367053, 872.23638906199642, 509.82398394291431, -2.2117581417651153, -3.8290330018415748, 9029.2244475768912, 5298.0810416947006, 871.85559655584871, 510.05097977167549, -2.2340658062234913, -3.8157543095167319, 13027.937285382966, 9206.5814748510747, 486.26085932129808, 503.53786023705578, 0, 0, 16.125333396760411
10.34, 9040.0670590054269, 5301.9190464787607, 872.21495672642959, 509.78684411797661, -2.1432335566832608, -3.7139824937704318, 9037.9426785852374, 5303.1809964608628, 871.8339327417566, 510.01397766804752, -2.1663814092052776, -3.7002103627947203, 13032.79989397618, 9211.6168534534445, 486.26085932129808, 503.53786023705578, 0, 0, 16.115333396760409
10.35, 9048.7888735983197, 5307.0163349914128, 872.19262510161843, 509.74818221611866, -2.2331624811181072, -3.8661901857949212, 9046.6606795752377, 5308.2805583103654, 871.81137691393258, 509.97544918953776, -2.2555827824059498, -3.8528478509733985, 13037.662502569394, 9216.6522320558142, 486.26085932129808, 503.53786023705578, 0, 0, 16.105333396760408
10.359999999999999, 9057.5104751933741, 5312.1132542114765, 872.17098137082769, 509.71067540960956, -2.1643730790787523, -3.750680650910903, 9055.3784651992155, 5313.3797522755904, 871.78950056980477, 509.93808074482013, -2.1876344127753047, -3.7368444717619882, 13042.525111162608, 9221.687610658184, 486.26085932129808, 503.53786023705578, 0, 0, 16.09533339676041
10.370000000000001, 9066.231846799039, 5317.2097754204033, 872.14843416793769, 509.67163906496626, -2.2547202890022162, -3.9036344643332419, 9064.0960186159591, 5318.4785495493297, 871.7667279728405, 509.8991784975787, -2.2772596964286715, -3.8902247241440309, 13047.387719755821, 9226.7229892605537, 486.26085932129808, 503.53786023705578, 0, 0, 16.085333396760408
10.380000000000001, 9074.9530032910043, 5322.3059236615336, 872.12657752037114, 509.63376243031456, -2.1856647566607212, -3.7876634651682273, 9072.8133545387846, 5323.5769752703827, 871.74463751262192, 509.86144090270312, -2.2090460218574948, -3.7737594875597309, 13052.250328349035, 9231.7583678629235, 486.26085932129808, 503.53786023705578, 0, 0, 16.075333396760406
10.390000000000001, 9083.6739276013159, 5327.4016700806133, 872.10381319426392, 509.59434874877769, -2.2764326107235444, -3.941368153687582, 9081.5304560492496, 5328.6750004963351, 871.72164653526261, 509.82216203106537, -2.2990977359339699, -3.9278871637775183, 13057.112936942249, 9236.7937464652932, 486.26085932129808, 503.53786023705578, 0, 0, 16.065333396760408
10.4, 9092.3946346668145, 5332.4970398281157, 872.08174209799006, 509.55609941640211, -2.2071096273818855, -3.8249332375613574, 9090.24733792199, 5333.7726504730017, 871.69934036109771, 509.78405245476642, -2.2306174164864165, -3.810957629896714, 13061.975545535463, 9241.829125067663, 486.26085932129808, 503.53786023705578, 0, 0, 16.05533339676041
10.41, 9101.1151073427191, 5337.5920039132416, 872.05875909302097, 509.51630548051503, -2.2983004969063754, -3.9793935887069649, 9098.9639831608874, 5338.8698961219361, 871.67612938013303, 509.74439408054832, -2.3210980964685421, -3.9658374218129309, 13066.838154128676, 9246.8645036700327, 486.26085932129808, 503.53786023705578, 0, 0, 16.045333396760409
10.42, 9109.8353606273395, 5342.686587594204, 872.0364720056765, 509.47768055763913, -2.2287087344510801, -3.8624922875902956, 9107.6804066022214, 5343.9667627965709, 871.65360588228771, 509.70590966919298, -2.2523497845374858, -3.848441135536314, 13071.70076272189, 9251.8998822724025, 486.26085932129808, 503.53786023705578, 0, 0, 16.035333396760407
10.43, 9118.5553772986459, 5347.7807617428116, 872.01326875564155, 509.43750342640897, -2.320325003493374, -4.0177131230190977, 9116.3965911717478, 5349.0632212815981, 871.63017326247245, 509.66586889151779, -2.3432619815274576, -4.004077767517531, 13076.563371315104, 9256.9352608747722, 486.26085932129808, 503.53786023705578, 0, 0, 16.025333396760409
10.44, 9127.2751724167338, 5352.874551725633, 871.9907641243783, 509.39849999687505, -2.2504631263301502, -3.9003429533908411, 9125.1125517677247, 5354.1592970386746, 871.60743081925477, 509.62700676893348, -2.2742443217676827, -3.8862122584285581, 13081.425979908317, 9261.970639477142, 486.26085932129808, 503.53786023705578, 0, 0, 16.015333396760411
10.450000000000001, 9135.9947286818988, 5357.9679282762327, 871.96733905246094, 509.35793670558326, -2.3425071917383913, -4.0563291291812025, 9133.8282712373275, 5359.2549607147912, 871.58377491322881, 509.58658066405735, -2.3655906025915323, -4.0426104876145272, 13086.288588501531, 9267.0060180795117, 486.26085932129808, 503.53786023705578, 0, 0, 16.005333396760406
10.460000000000001, 9144.7140612163457, 5363.0609168701494, 871.94461531389379, 509.3185518296645, -2.2723738567196463, -3.9384875918730313, 9142.5437645411257, 5364.3502378804415, 871.56081189091037, 509.5473379313591, -2.2963022318458886, -3.9242732698254583, 13091.151197094745, 9272.0413966818815, 486.26085932129808, 503.53786023705578, 0, 0, 15.995333396760408
10.470000000000001, 9153.4331526422648, 5368.1534881018461, 871.92096683261184, 509.27759938967625, -2.3648481281954714, -4.0952439988270708, 9151.2590144472579, 5369.4450990440719, 871.53693103911871, 509.50652355249503, -2.3880851791616657, -4.0814378864067011, 13096.013805687959, 9277.0767752842512, 486.26085932129808, 503.53786023705578, 0, 0, 15.985333396760408
10.48, 9162.1520181442938, 5373.2456675564563, 871.8980224127663, 509.23783010388746, -2.2944419845537993, -3.9769285788778626, 9159.9740359789394, 5374.5395698856282, 871.51374579185483, 509.46689728791085, -2.3185247263931359, -3.9626264584143605, 13100.876414281172, 9282.1121538866209, 486.26085932129808, 503.53786023705578, 0, 0, 15.975333396760409
10.49, 9170.8706402660882, 5378.3374256884736, 871.87414892391917, 509.19648550245921, -2.3873488847131838, -4.1344601428257786, 9168.6888118248171, 5379.6336207741642, 871.48963832246682, 509.42569166505172, -2.4107469387991829, -4.1205622859113884, 13105.739022874386, 9287.1475324889907, 486.26085932129808, 503.53786023705578, 0, 0, 15.965333396760409
10.5, 9179.589034255041, 5383.4287881932514, 871.8509822381792, 509.15632881936591, -2.3166685739913011, -4.0156683093296142, 9177.4033570710872, 5384.7272774996954, 871.46622919221659, 509.38567892374726, -2.3409130250194354, -4.0012741304465163, 13110.6016314676, 9292.1829110913604, 486.26085932129808, 503.53786023705578, 0, 0, 15.955333396760409
10.51, 9188.3071825758416, 5388.5197253844462, 871.82688213279494, 509.1145890194515, -2.4100105384264752, -4.1739799914389559, 9186.117654326441, 5389.8205102910288, 871.44189342104494, 509.3440790634873, -2.4335771171644702, -4.1599860259936472, 13115.464240060814, 9297.2182896937302, 486.26085932129808, 503.53786023705578, 0, 0, 15.945333396760409
10.52, 9197.0251005389655, 5393.6102630682608, 871.80349158585091, 509.07404192747759, -2.3390546944067534, -4.0547091973920235, 9194.8317187403973, 5394.9133450488725, 871.41825873749133, 509.30367687738863, -2.3634683553620186, -4.040218609869175, 13120.326848654027, 9302.2536682960999, 486.26085932129808, 503.53786023705578, 0, 0, 15.935333396760409
10.529999999999999, 9205.7427705296977, 5398.7003714166367, 871.77916324413343, 509.03190386753283, -2.4328341717445361, -4.2138059944740771, 9203.5455328412281, 5400.0057518609265, 871.39369296791085, 509.26167976274365, -2.4565769580524184, -4.1997114644950901, 13125.189457247241, 9307.2890468984697, 486.26085932129808, 503.53786023705578, 0, 0, 15.92533339676041
10.540000000000001, 9214.4602079219258, 5403.7900763472608, 871.75554722992968, 508.99096333076659, -2.3616014203802158, -4.0940536766240037, 9212.2591118421151, 5405.0977567392183, 871.36983104837964, 509.22088514035909, -2.3861919531224505, -4.0794622384568626, 13130.052065840455, 9312.3244255008394, 486.26085932129808, 503.53786023705578, 0, 0, 15.915333396760408
10.550000000000001, 9223.1773950210936, 5408.879347889475, 871.73098902120626, 508.94842392455217, -2.4558208723383457, -4.2539406214400328, 9220.9724381904416, 5410.1893296294757, 871.34503357124538, 509.17848773058546, -2.4797477134283228, -4.2397409773646295, 13134.914674433669, 9317.3598041032092, 486.26085932129808, 503.53786023705578, 0, 0, 15.905333396760408
10.56, 9231.8943472648316, 5413.9682120730904, 871.70714592288948, 508.90708688255091, -2.3843098316811209, -4.1337042001286646, 9229.685527163394, 5415.2804966556751, 871.32094272062443, 509.13729765682609, -2.4090850620989381, -4.1190073759355679, 13139.777283026882, 9322.3951827055789, 486.26085932129808, 503.53786023705578, 0, 0, 15.895333396760408
10.57, 9240.6110468783008, 5419.0566387839617, 871.68235620555822, 508.86414301893382, -2.4789717331298213, -4.2943863617082458, 9238.3983611270032, 5420.3712276206998, 871.29591181418982, 509.09449688723817, -2.503090643466146, -4.2800769587944325, 13144.639891620096, 9327.4305613079487, 486.26085932129808, 503.53786023705578, 0, 0, 15.885333396760409
10.58, 9249.3275093632037, 5424.1446541646646, 871.65828439542565, 508.82240638652672, -2.4071810132555598, -4.17366324071084, 9247.1109554228042, 5425.4615487611118, 871.27159032484758, 509.05290832323703, -2.4321489342227482, -4.158856400115118, 13149.50250021331, 9332.4659399103184, 486.26085932129808, 503.53786023705578, 0, 0, 15.875333396760409
10.59, 9258.0437168639801, 5429.2322279566715, 871.63326151690285, 508.77905492927999, -2.5022878522771506, -4.3351457246702569, 9255.8232923350006, 5430.5514297360705, 871.24632425468178, 509.00970110502351, -2.5266070165838013, -4.3207218213519534, 13154.365108806523, 9337.5013185126882, 486.26085932129808, 503.53786023705578, 0, 0, 15.865333396760409
10.6, 9266.7596849467409, 5434.3193864159703, 871.60895935635074, 508.73691559636961, -2.4302160552135725, -4.2139332910375673, 9264.5353872698233, 5435.6408968953647, 871.22177040638587, 508.9677109879533, -2.4553848295954444, -4.1990117070241242, 13159.227717399737, 9342.5366971150579, 486.26085932129808, 503.53786023705578, 0, 0, 15.855333396760409
10.609999999999999, 9275.4753956747536, 5439.4060991387478, 871.58370165301915, 508.69315338397064, -2.525770333159548, -4.3762212398972755, 9273.2472224291705, 5440.7299197535449, 871.19626742529113, 508.92409420799214, -2.5502981094786712, -4.3616779961135661, 13164.090325992951, 9347.5720757174277, 486.26085932129808, 503.53786023705578, 0, 0, 15.84533339676041
10.620000000000001, 9284.1908646788761, 5444.4923924950581, 871.55916749249104, 508.65060821533262, -2.4534160528160505, -4.2545168638008137, 9281.9588132843201, 5445.8185247742686, 871.17147948512581, 508.88169945088168, -2.4787940165265319, -4.2394757110468149, 13168.952934586165, 9352.6074543197974, 486.26085932129808, 503.53786023705578, 0, 0, 15.835333396760408
10.630000000000001, 9292.9060739407578, 5449.5782359348932, 871.53367328964737, 508.60643206075957, -2.5494202843637508, -4.4176154573056623, 9290.6701419543897, 5450.9066813265872, 871.14573783305411, 508.83766997155362, -2.5741652071656689, -4.402947932803766, 13173.815543179378, 9357.6428329221671, 486.26085932129808, 503.53786023705578, 0, 0, 15.825333396760408
10.640000000000001, 9301.6210391563382, 5454.6636559430272, 871.50890546858284, 508.56347789584095, -2.4767821064497073, -4.2954164918630307, 9299.3812239760537, 5455.9944159886763, 871.12071405533857, 508.79486746310317, -2.5023777715601043, -4.2802508450422625, 13178.678151772592, 9362.6782115245369, 486.26085932129808, 503.53786023705578, 0, 0, 15.815333396760408
10.65, 9310.3357422252011, 5459.748621822343, 871.48317308038622, 508.51888458636785, -2.5732388196610883, -4.4593309473095122, 9308.0920413851672, 5461.0816979831925, 871.09473195930855, 508.75042212210394, -2.59820960300679, -4.444534099921043, 13183.540760365806, 9367.7135901269066, 486.26085932129808, 503.53786023705578, 0, 0, 15.805333396760409
10.66, 9319.0501989087061, 5464.8331601729979, 871.45816992717005, 508.47551823908361, -2.5003153216135376, -4.3366347284251532, 9316.8026097841539, 5466.1685540034796, 871.06947058551339, 508.70720872649906, -2.526137379513711, -4.3213395604857485, 13188.40336895902, 9372.7489687292764, 486.26085932129808, 503.53786023705578, 0, 0, 15.795333396760409
10.67, 9327.7643910239185, 5469.9172401498436, 871.43219765659012, 508.43050453607373, -2.5972270579918098, -4.5013703009885973, 9325.512911125119, 5471.2549531248969, 871.04324625952586, 508.66234433665028, -2.6224325987487092, -4.4864389848787871, 13193.265977552233, 9377.7843473316461, 486.26085932129808, 503.53786023705578, 0, 0, 15.785333396760409
10.68, 9336.4783343979634, 5475.0008884690824, 871.40695748850112, 508.38672279460184, -2.524016808901373, -4.378174147191106, 9334.2229610765935, 5476.3409221566144, 871.01774551819074, 508.6187168933742, -2.5500741335142019, -4.3627443276062143, 13198.128586145447, 9382.8197259340159, 486.26085932129808, 503.53786023705578, 0, 0, 15.775333396760409
10.69, 9345.1920107649294, 5480.0840741366092, 871.38074362726661, 508.34128543329933, -2.6213861234456943, -4.5437361302531647, 9342.932741506449, 5481.4264300257837, 870.99127716314513, 508.57343024243278, -2.646835504557548, -4.528665094142621, 13202.991194738661, 9387.8551045363856, 486.26085932129808, 503.53786023705578, 0, 0, 15.765333396760409
10.700000000000001, 9353.9054360180489, 5485.1668239853407, 871.35526475042684, 508.29708505987412, -2.5478876839751328, -4.4200373425196631, 9351.6422681496806, 5486.5115036580628, 870.96553526979483, 508.52938556607768, -2.5741893350252112, -4.4044676355106578, 13207.853803331875, 9392.8904831387554, 486.26085932129808, 503.53786023705578, 0, 0, 15.755333396760408
10.710000000000001, 9362.6185918079809, 5490.2491068712789, 871.32880757897442, 508.25122074919409, -2.6457171452374504, -4.586431068003086, 9360.3515227894331, 5491.5961118314808, 870.93882107340437, 508.48367341654404, -2.6714196390493479, -4.5712149533616877, 13212.716411925088, 9397.9258617411251, 486.26085932129808, 503.53786023705578, 0, 0, 15.745333396760408
10.720000000000001, 9371.331494094411, 5495.3309497447317, 871.30308828829891, 508.2065984798981, -2.5719290675478819, -4.4622269295960955, 9369.0605212275223, 5496.6802815888477, 870.91283623046547, 508.43920829662073, -2.5984842938852273, -4.4465119923279586, 13217.579020518302, 9402.9612403434949, 486.26085932129808, 503.53786023705578, 0, 0, 15.735333396760408
10.73, 9380.0441244441063, 5500.4123213108651, 871.27638607572203, 508.16030390221499, -2.6702212576933633, -4.6294577683093054, 9377.7692451618768, 5501.7639815581479, 870.88587436717216, 508.39306738554552, -2.6961863293325941, -4.614091107521892, 13222.441629111516, 9407.9966189458646, 486.26085932129808, 503.53786023705578, 0, 0, 15.725333396760409
10.74, 9388.7564988835511, 5505.4932486380558, 871.25042465486843, 508.11525644676902, -2.5961420853602752, -4.5047455445958722, 9386.4777104614986, 5506.8472389000144, 870.85964476388881, 508.34817858629208, -2.6229603283400129, -4.4888799253443379, 13227.30423770473, 9413.0319975482344, 486.26085932129808, 503.53786023705578, 0, 0, 15.715333396760409
10.75, 9397.4685988951605, 5510.5737002796877, 871.22347565886628, 508.06852825770346, -2.6948996002125747, -4.6728189065556123, 9395.1858987386004, 5511.9300220914593, 870.83243339477849, 508.30160562508149, -2.7211369110264783, -4.657296121058935, 13232.166846297943, 9418.0673761506041, 486.26085932129808, 503.53786023705578, 0, 0, 15.705333396760409
10.76, 9406.1804405725688, 5515.6537034228877, 871.19727038018482, 508.02305229925508, -2.6205278681496789, -4.5475958448392033, 9403.8938259297338, 5517.0123584116127, 870.80595720712779, 508.25628988527018, -2.647618765068648, -4.5315739811292257, 13237.029454891157, 9423.1027547529739, 486.26085932129808, 503.53786023705578, 0, 0, 15.695333396760409
10.77, 9414.8920053133734, 5520.7332264683037, 871.17007284701231, 507.9758871274588, -2.7197533172539408, -4.7165171796270613, 9412.6014735608951, 5522.0942161855783, 870.77849447984477, 508.20928155949002, -2.7462727283054429, -4.7008325780177245, 13241.892063484371, 9428.1381333553436, 486.26085932129808, 503.53786023705578, 0, 0, 15.685333396760409
10.779999999999999, 9423.6033092787111, 5525.8122967225017, 871.14362197149603, 507.92997932236915, -2.6450875516291337, -4.590780508965608, 9421.3088576365535, 5527.1756228116647, 870.75176987045256, 508.16353559223319, -2.6724609392202567, -4.5745967256807925, 13246.754672077584, 9433.1735119577133, 486.26085932129808, 503.53786023705578, 0, 0, 15.67533339676041
10.790000000000001, 9432.3143337808924, 5530.8908824324299, 871.11617413591307, 507.88237376930851, -2.7447835582993854, -4.7605553060619714, 9430.0159595959885, 5532.2565464621248, 870.72405391911332, 508.11608856141146, -2.771595133921346, -4.7447030821748415, 13251.617280670798, 9438.2088905600831, 486.26085932129808, 503.53786023705578, 0, 0, 15.665333396760408
10.800000000000001, 9441.0250950489099, 5535.9690110247875, 871.08947591314859, 507.83603074693764, -2.669822276452674, -4.6343022370887441, 9438.7227955119506, 5537.3370146551269, 870.69707903716892, 508.06990905396594, -2.697488194438137, -4.6179507445512726, 13256.479889264012, 9443.2442691624528, 486.26085932129808, 503.53786023705578, 0, 0, 15.655333396760408
10.81, 9449.7355743093194, 5541.046650591853, 871.06177599837031, 507.78798138667531, -2.7699914778317742, -4.8049360262319798, 9447.4293467364987, 5542.4169954091276, 870.6691079822765, 508.02201995139404, -2.7971054892409772, -4.7889102571887108, 13261.342497857226, 9448.2796477648226, 486.26085932129808, 503.53786023705578, 0, 0, 15.645333396760408
10.82, 9458.4457878593257, 5546.1238286811567, 871.03482866648835, 507.74119974916556, -2.694733188193597, -4.6781637509765934, 9456.1356294110392, 5547.4965163628449, 870.64188096344753, 507.9754035649641, -2.722701882897665, -4.6616386429972891, 13266.205106450439, 9453.3150263671923, 486.26085932129808, 503.53786023705578, 0, 0, 15.635333396760409
10.83, 9467.1557168392555, 5551.2005132293334, 871.0068748841353, 507.69270312814041, -2.7953782353053791, -4.8496621025130233, 9464.8416247998994, 5552.5755453799829, 870.61365291180471, 507.92706899749669, -2.8228051642771765, -4.8334567467402492, 13271.067715043653, 9458.3504049695621, 486.26085932129808, 503.53786023705578, 0, 0, 15.625333396760409
10.84, 9475.8653776148822, 5556.2767319054456, 870.97967666976217, 507.6454794501982, -2.7198214373149008, -4.7223677942219231, 9473.5473491135126, 5557.654110220501, 870.58617187815128, 507.88001236703548, -2.7481033653374149, -4.7056630461199864, 13275.930323636867, 9463.3857835719318, 486.26085932129808, 503.53786023705578, 0, 0, 15.615333396760409
10.85, 9484.5747512398302, 5561.3524524894992, 870.95146721981098, 507.5965320870036, -2.8209449951147678, -4.8947363194572331, 9482.2527835279634, 5562.7321785923896, 870.55768492277411, 507.83122891488875, -2.8486955377193808, -4.8783452146739847, 13280.792932230081, 9468.4211621743016, 486.26085932129808, 503.53786023705578, 0, 0, 15.605333396760409
10.859999999999999, 9493.2838541488018, 5566.4277027727994, 870.92401633801967, 507.54886291567954, -2.7450881791325696, -4.766917132404112, 9490.9579443230887, 5567.8097783775484, 870.52994798266332, 507.78372864889877, -2.7736940110841446, -4.7500265989960955, 13285.655540823294, 9473.4565407766713, 486.26085932129808, 503.53786023705578, 0, 0, 15.59533339676041
10.870000000000001, 9501.9926673082427, 5571.502450377734, 870.89554940875405, 507.49946130083998, -2.846692926557294, -4.9401614839575458, 9499.6628125862153, 5572.8868771272855, 870.50120020269378, 507.73449286544746, -2.8747779969587919, -4.9235783451314514, 13290.518149416508, 9478.4919193790411, 486.26085932129808, 503.53786023705578, 0, 0, 15.585333396760408
10.880000000000001, 9510.7012072221441, 5576.576723218559, 870.86784406301626, 507.45134315530743, -2.7705345737780891, -4.811814553253301, 9508.3674046669621, 5577.9635028461453, 870.47320545071295, 507.68654554577938, -2.7994751980780115, -4.7947319668108612, 13295.380758009722, 9483.5272979814108, 486.26085932129808, 503.53786023705578, 0, 0, 15.575333396760408
10.890000000000001, 9519.409454769293, 5581.6504887590481, 870.83911783097824, 507.40148375105321, -2.8726232037988852, -4.9859404254216066, 9517.0717015633782, 5583.0396229277767, 870.44419491133181, 507.63685395735246, -2.9010539381178444, -4.9691588426934343, 13300.243366602936, 9488.5626765837806, 486.26085932129808, 503.53786023705578, 0, 0, 15.565333396760408
10.9, 9528.1174265233349, 5586.7237750371287, 870.81115621311653, 507.3529131223849, -2.7961617861675085, -4.8570628668292688, 9525.7757196952443, 5588.1152655000751, 870.4159404282027, 507.5884561390024, -2.8254483129052885, -4.8397818350053194, 13305.105975196149, 9493.5980551861503, 486.26085932129808, 503.53786023705578, 0, 0, 15.555333396760409
10.91, 9536.8251032749158, 5591.7965493569527, 870.78216884305812, 507.3025923624254, -2.8987370058420079, -5.0320759959530612, 9534.4794399708117, 5593.1903977980501, 870.38666518054185, 507.53830524467713, -2.9275247660828376, -5.015089432529189, 13309.968583789363, 9498.6334337885201, 486.26085932129808, 503.53786023705578, 0, 0, 15.545333396760409
10.92, 9545.5325016676979, 5596.8688398808408, 870.75394913319849, 507.25356571336846, -2.8219709859633144, -4.9026649056918714, 9543.182878880405, 5598.2650480736602, 870.35814903303356, 507.48945345558298, -2.8516147508249752, -4.8851789094146367, 13314.831192382577, 9503.6688123908898, 486.26085932129808, 503.53786023705578, 0, 0, 15.535333396760409
10.93, 9554.2396024037025, 5601.9406137523138, 870.7246987780336, 507.20278000266325, -2.925035516485063, -5.078571070522103, 9551.8860172419518, 5603.3391834022868, 870.3286071140883, 507.43883972697762, -2.9541918945291141, -5.061372860534429, 13319.693800975791, 9508.7041909932595, 486.26085932129808, 503.53786023705578, 0, 0, 15.525333396760409
10.94, 9562.9464221969811, 5607.0118992588114, 870.69621914455831, 507.15329376741255, -2.8479633475330859, -4.9486235250697455, 9560.5888716167046, 5608.4128321606695, 870.29982735493036, 507.38953046781359, -2.8779759157932459, -4.9309259164042762, 13324.556409569004, 9513.7395695956293, 486.26085932129808, 503.53786023705578, 0, 0, 15.515333396760409
10.950000000000001, 9571.6529416604371, 5612.0826633822035, 870.66670394531548, 507.10203948194118, -2.9515199242812247, -5.1254285471389105, 9569.2914227317415, 5613.4859612635637, 870.27001678747092, 507.33845034887889, -2.981056745946733, -5.1080118934717404, 13329.419018162218, 9518.774948197999, 486.26085932129808, 503.53786023705578, 0, 0, 15.505333396760408
10.960000000000001, 9580.3591775788827, 5617.1529345357822, 870.63796254481633, 507.05209006591082, -2.8741400499115128, -4.994941603038586, 9577.993687219634, 5618.5585992132119, 870.24097145526605, 507.28868009284872, -2.9045332204923002, -4.9770256030152913, 13334.281626755432, 9523.8103268003688, 486.26085932129808, 503.53786023705578, 0, 0, 15.495333396760408
10.970000000000001, 9589.065110475618, 5622.2226795387396, 870.60818063059128, 507.00036355244043, -2.9781914225004016, -5.172651347036278, 9586.6956457160741, 5623.6307127627424, 870.21089024774938, 507.2371299996575, -3.0081207516703188, -5.1550093191197659, 13339.144235348645, 9528.8457054027385, 486.26085932129808, 503.53786023705578, 0, 0, 15.485333396760408
10.98, 9597.7707572065829, 5627.2919269309577, 870.57917560782369, 506.94994733203345, -2.9005022767587318, -5.0416220406970353, 9595.3973149253379, 5628.7023305406283, 870.18157736688579, 507.18689519228644, -2.93128808635662, -5.0234807371067633, 13344.006843941859, 9533.8810840051083, 486.26085932129808, 503.53786023705578, 0, 0, 15.475333396760409
10.99, 9606.4760982049793, 5632.3606433679161, 870.54912509573285, 506.897744907885, -3.0050512090853121, -5.2202424148462354, 9604.0986753912039, 5633.7734191373593, 870.15122351336674, 507.13487151282226, -3.0353853519041545, -5.2023679464158628, 13348.869452535073, 9538.916462607478, 486.26085932129808, 503.53786023705578, 0, 0, 15.465333396760409
11, 9615.1811503982535, 5637.4288575168302, 870.51985458356967, 506.84685823026166, -2.9270512163123508, -5.0886677623358265, 9612.7997438900456, 5638.8440073083711, 870.12164109393075, 507.08416857174734, -2.9582419435940621, -5.0702941074910068, 13353.732061128287, 9543.9518412098478, 486.26085932129808, 503.53786023705578, 0, 0, 15.455333396760409
11.01, 9623.8858941290164, 5642.4965358684249, 870.48953357870369, 506.79417618307394, -3.0321004866036274, -5.2682047187739727, 9621.500500873186, 5643.9140614804974, 870.09101257397333, 507.03166766569137, -3.0628519957444742, -5.2500906055956174, 13358.5946697215, 9548.9872198122175, 486.26085932129808, 503.53786023705578, 0, 0, 15.445333396760409
11.02, 9632.5903463965933, 5647.5637072179979, 870.45999569809021, 506.74281536591775, -2.9537880613440439, -5.1360817156186833, 9630.2009631894907, 5648.9836105368759, 870.0611586116612, 506.98049298045055, -2.9853962312125799, -5.117468524080075, 13363.457278314714, 9554.0225984145873, 486.26085932129808, 503.53786023705578, 0, 0, 15.435333396760409
11.029999999999999, 9641.2944874525056, 5652.6303378904695, 870.42940229346823, 506.68964995340991, -3.0593404622035649, -5.3165412507817473, 9638.9011111972868, 5654.0526207396579, 870.03025339024919, 506.92751117896711, -3.0905221412063093, -5.2981801483418529, 13368.319886907928, 9559.057977016957, 486.26085932129808, 503.53786023705578, 0, 0, 15.42533339676041
11.040000000000001, 9649.9983343683398, 5657.6964568099729, 870.39959515337716, 506.63781128469236, -2.9807140091077438, -5.1838668717530272, 9647.6009618183289, 5659.1211211004247, 870.00012586627884, 506.8758611107869, -3.0127523970397379, -5.1650068180215776, 13373.182495501142, 9564.0933556193268, 486.26085932129808, 503.53786023705578, 0, 0, 15.415333396760408
11.050000000000001, 9658.701867304022, 5662.762030134566, 870.36872742990158, 506.5841587344247, -3.0867723475633939, -5.3652550267665564, 9656.3004953174041, 5664.189077715615, 869.96894189372642, 506.82239471630766, -3.118397255245418, -5.346639447926921, 13378.045104094355, 9569.1287342216965, 486.26085932129808, 503.53786023705578, 0, 0, 15.405333396760408
11.06, 9667.4051034037821, 5667.827086917976, 870.33864912728859, 506.53183847216792, -3.0078302612943424, -5.2320262256758641, 9664.9997286895559, 5669.2565197260019, 869.93853877474896, 506.77026559788914, -3.0403118977498185, -5.2129118418492286, 13382.907712687569, 9574.1641128240663, 486.26085932129808, 503.53786023705578, 0, 0, 15.395333396760408
11.07, 9676.1080227354505, 5672.8915931503343, 870.30750515370016, 506.47769498130043, -3.1143973588447498, -5.4143490867485324, 9673.6986421054808, 5674.3234130612709, 869.90707398661107, 506.71631088389546, -3.1464788137851696, -5.3954713993652321, 13387.770321280783, 9579.199491426436, 486.26085932129808, 503.53786023705578, 0, 0, 15.385333396760409
11.08, 9684.8106425162841, 5677.955578015728, 870.27715377346033, 506.42488935333807, -3.0351380239825603, -5.2805627962374011, 9682.3972526339167, 5679.3897869921393, 869.87639322462223, 506.66369901919916, -3.0680761988882939, -5.261186469630605, 13392.632929873997, 9584.2348700288057, 486.26085932129808, 503.53786023705578, 0, 0, 15.375333396760409
11.09, 9693.5129427215106, 5683.0190073352869, 870.24573160629393, 506.37025108838753, -3.1422167166401507, -5.4638264950537483, 9691.0955403509179, 5684.4556072804935, 869.84464554160479, 506.60925223000356, -3.1747683017388457, -5.4446789195596974, 13397.49553846721, 9589.2702486311755, 486.26085932129808, 503.53786023705578, 0, 0, 15.365333396760409
11.1, 9702.2149406417975, 5688.0819104242264, 870.21510522121821, 506.31695629212385, -3.062638507577728, -5.3294796263683404, 9699.7935223993172, 5689.5209033277542, 869.81368507385594, 506.5561538940326, -3.0960467748854619, -5.3098335970980717, 13402.358147060424, 9594.3056272335452, 486.26085932129808, 503.53786023705578, 0, 0, 15.355333396760409
11.109999999999999, 9710.916616159262, 5693.1442529335964, 870.18340290475908, 506.261819388719, -3.1702316459115729, -5.5136903404861402, 9708.491178759974, 5694.5856407269521, 869.78165240172564, 506.50121124455825, -3.2032672130242426, -5.494264947436748, 13407.220755653638, 9599.341005835915, 486.26085932129808, 503.53786023705578, 0, 0, 15.34533339676041
11.120000000000001, 9719.61798663837, 5698.206064310516, 870.15249957549156, 506.20803159088643, -3.0903329267551176, -5.3787797832592421, 9717.188526650225, 5699.6498490109761, 869.75041015063493, 506.44762268314031, -3.1242251090757973, -5.3588561417912857, 13412.083364246851, 9604.3763844382847, 486.26085932129808, 503.53786023705578, 0, 0, 15.335333396760408
11.130000000000001, 9728.3190318676188, 5703.2673100348647, 870.1205151417322, 506.15239215352125, -3.1984433759379827, -5.5639437365190965, 9725.8855459551742, 5704.7134936029406, 869.71809038012907, 506.39218035869931, -3.2319770505883962, -5.5442324441005626, 13416.945972840065, 9609.4117630406545, 486.26085932129808, 503.53786023705578, 0, 0, 15.325333396760408
11.140000000000001, 9737.0197692856618, 5708.3280196864462, 870.08933291672804, 506.09810748993567, -3.1182225004116382, -5.4284663585585315, 9734.5822539670717, 5709.7766041679715, 869.68656425319182, 506.33809778826713, -3.1526126937268244, -5.408257043217886, 13421.808581433279, 9614.4471416430242, 486.26085932129808, 503.53786023705578, 0, 0, 15.315333396760408
11.15, 9745.7201785868583, 5713.3881585728723, 870.05706438532548, 506.04196159172085, -3.2268531402581693, -5.6145898214835288, 9743.2786304747042, 5714.8391459581953, 869.65395525992756, 506.28215194433733, -3.2608993264288664, -5.5945843929832444, 13426.671190026493, 9619.482520245394, 486.26085932129808, 503.53786023705578, 0, 0, 15.305333396760409
11.16, 9754.4202772844437, 5718.4477564074195, 870.02560130080951, 505.9871761670355, -3.1463084515942379, -5.4785424685353332, 9751.9746928456498, 5719.9011487717489, 869.62214314962705, 506.22757155170757, -3.181211030046085, -5.4580392629784047, 13431.533798619706, 9624.5178988477637, 486.26085932129808, 503.53786023705578, 0, 0, 15.295333396760409
11.17, 9763.1200449781245, 5723.5067783243258, 869.99304667904346, 505.93051984944799, -3.2554621766069793, -5.6656317587492442, 9760.6704207718121, 5724.962577688696, 869.58924279401094, 506.17111831370767, -3.2900355616097174, -5.645323799987783, 13436.39640721292, 9629.5532774501335, 486.26085932129808, 503.53786023705578, 0, 0, 15.285333396760409
11.18, 9771.819499256113, 5728.5652541711324, 869.96130075896895, 505.87522973690523, -3.1745920074472829, -5.5290112542791352, 9769.3658316965084, 5730.0234626409656, 869.55714257772888, 506.11603625585838, -3.2100216282082092, -5.5082057849275818, 13441.259015806134, 9634.5886560525032, 486.26085932129808, 503.53786023705578, 0, 0, 15.275333396760409
11.19, 9780.5186196229442, 5733.6231489075908, 869.92845804170042, 505.81805900953606, -3.2842717268562276, -5.7170727369189294, 9778.0609052141936, 5735.08376853547, 869.52394870486603, 506.05907171892193, -3.3193872862834168, -5.6964536936430976, 13446.121624399348, 9639.624034654873, 486.26085932129808, 503.53786023705578, 0, 0, 15.265333396760409
11.200000000000001, 9789.2174237422005, 5738.6804925163042, 869.89642729770901, 505.7622602507173, -3.2030743991436106, -5.5798758818762666, 9786.7556588443404, 5740.143525438717, 869.49155824479237, 506.00348412276878, -3.2390460073670369, -5.558759615311911, 13450.984232992561, 9644.6594132572427, 486.26085932129808, 503.53786023705578, 0, 0, 15.255333396760408
11.210000000000001, 9797.9158910227216, 5743.7372497814158, 869.86329446733953, 505.70457109101716, -3.3132830369484085, -5.7689159700145396, 9795.4500720833821, 5745.2026980833762, 869.45806868439536, 505.94600435151625, -3.3489560397068741, -5.7479771252509648, 13455.846841585775, 9649.6947918596125, 486.26085932129808, 503.53786023705578, 0, 0, 15.245333396760408
11.220000000000001, 9806.6140392038651, 5748.7934508213948, 869.83097689872136, 505.64825969559115, -3.2317568618212671, -5.6311395426007511, 9804.144162527371, 5750.2613166713236, 869.42538582743862, 505.88990731368705, -3.2682856956746851, -5.6097037829210556, 13460.709450178989, 9654.7301704619822, 486.26085932129808, 503.53786023705578, 0, 0, 15.235333396760408
11.23, 9815.3118475982483, 5753.8490602436459, 869.79755192515313, 505.59004804861456, -3.342497356824309, -5.821164697658074, 9812.8379095741402, 5755.3193457598854, 869.3915983937361, 505.83190834199678, -3.3787433702527236, -5.7998971690267647, 13465.572058772203, 9659.7655490643519, 486.26085932129808, 503.53786023705578, 0, 0, 15.225333396760409
11.24, 9824.0093340214044, 5758.9041083033144, 869.76494551880808, 505.53321999408371, -3.2606406345071468, -5.6828054530875587, 9821.5313308967434, 5760.3768156871047, 869.3586209714332, 505.77529792860457, -3.2977422302888955, -5.6610413392211036, 13470.434667365416, 9664.8009276667217, 486.26085932129808, 503.53786023705578, 0, 0, 15.215333396760409
11.25, 9832.7064776892021, 5763.9585594299278, 869.73122635940445, 505.474481772231, -3.3719159403590009, -5.8738221852714503, 9830.2244057938333, 5765.4336908338528, 869.32453346307886, 505.71677575938196, -3.4087508354302707, -5.8522169222588358, 13475.29727595863, 9669.8363062690914, 486.26085932129808, 503.53786023705578, 0, 0, 15.205333396760409
11.26, 9841.4032964937524, 5769.0124440161217, 869.69832908980391, 505.4171330036757, -3.2897269600526844, -5.7348768555312493, 9838.9171520158907, 5770.4900016751426, 869.29125929150496, 505.65964800579684, -3.3274171573937048, -5.7127753585127037, 13480.159884551844, 9674.8716848714612, 486.26085932129808, 503.53786023705578, 0, 0, 15.195333396760409
11.27, 9850.0997695536444, 5774.0657263123994, 869.66431368935105, 505.3578640864331, -3.401540045286465, -5.9268917242619343, 9847.6095487618059, 5775.5457124142749, 869.25686949148599, 505.60059861074234, -3.4389800018964887, -5.9049395054527896, 13485.022493145058, 9679.9070634738309, 486.26085932129808, 503.53786023705578, 0, 0, 15.185333396760409
11.279999999999999, 9858.7959148379759, 5779.1184368497106, 869.63112351850043, 505.29999051625435, -3.3190170850602714, -5.7873570178736982, 9856.301613859916, 5780.600853664042, 869.22329637116388, 505.54294952136155, -3.3573120322122478, -5.764908938077733, 13489.885101738271, 9684.9424420762007, 486.26085932129808, 503.53786023705578, 0, 0, 15.17533339676041
11.290000000000001, 9867.4917113675201, 5784.170539698378, 869.59680980916914, 505.24018674993215, -3.4313709331295121, -5.9803766322215761, 9864.9933264087613, 5785.6553894490462, 869.18860204670909, 505.48336884073666, -3.46943244547366, -5.9580680624893185, 13494.747710331485, 9689.9778206785704, 486.26085932129808, 503.53786023705578, 0, 0, 15.165333396760408
11.300000000000001, 9876.1871771887727, 5789.2220655284918, 869.56332468657115, 505.18178425759231, -3.3485122598018804, -5.8402492339834851, 9873.6847043149646, 5790.709350520674, 869.15472776251897, 505.42519438875348, -3.3874284190131743, -5.8174451983170403, 13499.610318924699, 9695.0131992809402, 486.26085932129808, 503.53786023705578, 0, 0, 15.155333396760408
11.31, 9884.8822912241576, 5794.2729782290298, 869.52871058788003, 505.12144145506124, -3.46140986911578, -6.0342802531079602, 9882.3757265761269, 5795.762700723697, 869.11972666500742, 505.36507833114587, -3.5001097511545582, -6.0116057607627091, 13504.472927517912, 9700.0485778833099, 486.26085932129808, 503.53786023705578, 0, 0, 15.145333396760408
11.32, 9893.5770715979761, 5799.3233086100572, 869.49492845049861, 505.06250588682269, -3.378213738144864, -5.8935568238526033, 9891.0664111775932, 5800.8154709489163, 869.08554898609611, 505.30637445831684, -3.4177678911256111, -5.8703872829049901, 13509.335536111126, 9705.0839564856797, 486.26085932129808, 503.53786023705578, 0, 0, 15.135333396760409
11.33, 9902.2714971337628, 5804.3730203780315, 869.46001186927754, 505.00161982724825, -3.4916581221022369, -6.0886059574446065, 9899.7567370154266, 5805.8676248601305, 869.05023885096489, 505.24571890040346, -3.5310135131175118, -6.0655557913384897, 13514.19814470434, 9710.1193350880494, 486.26085932129808, 503.53786023705578, 0, 0, 15.125333396760409
11.34, 9910.965586034039, 5809.422144483834, 869.42593064150287, 504.94214699591038, -3.4081227774707767, -5.947283133786355, 9908.4467221541308, 5810.9191934883811, 869.01575553065538, 505.18648151681407, -3.4483320309485879, -5.9237383589366237, 13519.060753297554, 9715.1547136904192, 486.26085932129808, 503.53786023705578, 0, 0, 15.115333396760409
11.35, 9919.6593170229098, 5814.4706444502217, 869.39070947185792, 504.88071342448512, -3.5221169644975894, -6.1433571425230218, 9917.1363453876365, 5815.970140315344, 868.98013407730798, 505.12528230312296, -3.5621453347408174, -6.1199213691121468, 13523.923361890767, 9720.1900922927889, 486.26085932129808, 503.53786023705578, 0, 0, 15.105333396760409
11.359999999999999, 9928.3527083815334, 5819.5185513697361, 869.35632706547199, 504.82069910911912, -3.4382406385939346, -6.0014315365980409, 9925.8256248600446, 5821.0204965131325, 868.94534285300836, 505.06550728695214, -3.4791224299616537, -5.9775016170790334, 13528.785970483981, 9725.2254708951587, 486.26085932129808, 503.53786023705578, 0, 0, 15.09533339676041
11.370000000000001, 9937.0457387340375, 5824.5658285802419, 869.32079918875024, 504.75871373679325, -3.5527876721722835, -6.198537232588893, 9934.5145392625509, 5826.0702253801419, 868.90940778472225, 505.00376022962263, -3.5935068286062863, -6.1747057329513764, 13533.648579077195, 9730.2608494975284, 486.26085932129808, 503.53786023705578, 0, 0, 15.085333396760408
11.380000000000001, 9945.7384264406373, 5829.612507316795, 869.2861135028935, 504.69815368247532, -3.4685685856710005, -6.0560054317935936, 9943.2031068192955, 5831.1193582303977, 868.87430637783496, 504.9434434269055, -3.5101406887280198, -6.0316802717120943, 13538.511187670409, 9735.2962280998981, 486.26085932129808, 503.53786023705578, 0, 0, 15.075333396760408
11.390000000000001, 9954.4307500249379, 5834.6585507311684, 869.2502767876498, 504.63561218568492, -3.5836715243730848, -6.2541496790414417, 9951.891306118132, 5836.1678581778451, 868.83805538166985, 504.88114430544698, -3.6250996165088143, -6.2299121458509452, 13543.373796263622, 9740.3316067022679, 486.26085932129808, 503.53786023705578, 0, 0, 15.065333396760408
11.4, 9963.1227279266313, 5839.7039902017887, 869.21528570878866, 504.57450210322725, -3.4991078861142468, -6.1110082457678567, 9960.5791554636853, 5841.2157566792657, 868.80264149750087, 504.82028152983617, -3.5413884169028478, -6.0862775610802826, 13548.236404856836, 9745.3669853046376, 486.26085932129808, 503.53786023705578, 0, 0, 15.055333396760409
11.41, 9971.8143385682488, 5844.7487886931267, 869.17913801075235, 504.51140012362094, -3.6147698036316078, -6.3101979606279359, 9969.2666333398611, 5846.2630166629797, 868.76607224420627, 504.75742609088536, -3.6569253294614432, -6.2855438950820988, 13553.09901345005, 9750.4023639070074, 486.26085932129808, 503.53786023705578, 0, 0, 15.045333396760409
11.42, 9980.5056004693852, 5849.7929777278478, 869.14383941264737, 504.44973568930101, -3.5298598104981398, -6.1664434319948942, 9977.9537581322184, 5851.3096697293768, 868.73034357187396, 504.69601312341098, -3.5728672332363929, -6.1412967474379219, 13557.961622043264, 9755.4377425093771, 486.26085932129808, 503.53786023705578, 0, 0, 15.035333396760409
11.43, 9989.1964919509428, 5854.8365200819035, 869.10737857469064, 504.38606883346455, -3.6460837956748211, -6.3666855836471017, 9986.6405082200963, 5856.355678619967, 868.69345371579686, 504.63259708048747, -3.6889856077039176, -6.3416042923503024, 13562.824230636477, 9760.4731211117469, 486.26085932129808, 503.53786023705578, 0, 0, 15.025333396760409
11.44, 9997.887031612845, 5859.8794474230672, 869.07177031836602, 504.32384568875227, -3.5608256324671985, -6.2223144712260252, 9995.3269020704392, 5861.4010750796042, 868.65740792814108, 504.57062966931545, -3.6045787655799528, -6.1967411172015714, 13567.686839229691, 9765.5084997141166, 486.26085932129808, 503.53786023705578, 0, 0, 15.015333396760409
11.450000000000001, 10006.577197673811, 5864.9217223375426, 869.03499417047283, 504.25960952793088, -3.6776147893235129, -6.4236160821376123, 10004.012917957405, 5866.4458216617959, 868.62019510713412, 504.50664870257606, -3.7212821007008152, -6.3980966739374177, 13572.549447822905, 9770.5438783164864, 486.26085932129808, 503.53786023705578, 0, 0, 15.005333396760408
11.460000000000001, 10015.267008814521, 5869.9633766390916, 868.99907410418643, 504.19682327921407, -3.5920066286374142, -6.2786248716824495, 10012.698574429778, 5871.4899502567241, 868.5838298606252, 504.44412256276507, -3.6365246508869573, -6.2526139810964034, 13577.412056416119, 9775.5792569188561, 486.26085932129808, 503.53786023705578, 0, 0, 14.995333396760408
11.470000000000001, 10023.956443150952, 5875.0043727229313, 868.96198046342238, 504.13201334903317, -3.7093640764024092, -6.4809930180921986, 10021.383849655915, 5876.5334232286914, 868.54629169595364, 504.3795723187564, -3.7538164671528471, -6.4550244008689477, 13582.274665009332, 9780.6146355212259, 486.26085932129808, 503.53786023705578, 0, 0, 14.985333396760408
11.48, 10032.645519444974, 5880.0447425496959, 868.92574642263742, 504.0686595673406, -3.6234040784985999, -6.3353781692551818, 10030.068762266894, 5881.5762726140774, 868.50960463060153, 504.31648313201333, -3.6687065352165629, -6.3089186743092869, 13587.137273602546, 9785.6500141235956, 486.26085932129808, 503.53786023705578, 0, 0, 14.975333396760409
11.49, 10041.334215709257, 5885.0844483223718, 868.8883330931211, 504.00327136752406, -3.7413329516351101, -6.5388199816516179, 10038.753290324643, 5886.6184605867684, 868.47173872685153, 504.25135922342275, -3.7865903749946557, -6.5123908590604902, 13591.99988219576, 9790.6853927259654, 486.26085932129808, 503.53786023705578, 0, 0, 14.965333396760409
11.5, 10050.022550787298, 5890.123522149358, 868.85178290047804, 503.93934558824708, -3.6550192643101487, -6.3925779276994854, 10047.437452543001, 5891.6600193302193, 868.43472746611417, 504.18770263785638, -3.7011260737322864, -6.3656585566357542, 13596.862490788973, 9795.7207713283351, 486.26085932129808, 503.53786023705578, 0, 0, 14.955333396760409
11.51, 10058.710502587895, 5895.1619260401521, 868.81404767335266, 503.87337458233401, -3.7735227125405997, -6.5971005913072007, 10056.121226876838, 5896.7009108266793, 868.39653141110023, 504.12200064326163, -3.8196055013957992, -6.5701994594721613, 13601.725099382187, 9800.7561499307049, 486.26085932129808, 503.53786023705578, 0, 0, 14.945333396760409
11.52, 10067.398090036608, 5900.1996922518147, 868.77717913864274, 503.80887230494568, -3.6868534709949858, -6.4502277388320914, 10064.804632123209, 5901.7411674075602, 868.35919356179318, 504.05777227313536, -3.7337849307004634, -6.4228370126291416, 13606.587707975401, 9805.7915285330746, 486.26085932129808, 503.53786023705578, 0, 0, 14.935333396760409
11.529999999999999, 10076.085290937795, 5905.2367825990896, 868.73911979204945, 503.74231392000462, -3.8059346593277885, -6.655838494106022, 10073.487646129297, 5906.7807508622454, 868.32066492646561, 503.99148773675273, -3.8528635327614298, -6.6284536382650208, 13611.450316568615, 9810.8269071354443, 486.26085932129808, 503.53786023705578, 0, 0, 14.92533339676041
11.540000000000001, 10084.772124299518, 5910.2732294886064, 868.7019307121891, 503.67723060777723, -3.7189079860357923, -6.5083312227383034, 10082.170287775845, 5911.8196936709955, 868.28299807867063, 503.92668316223512, -3.7666847794926355, -6.4804574517589995, 13616.312925161828, 9815.8622857378141, 486.26085932129808, 503.53786023705578, 0, 0, 14.915333396760408
11.550000000000001, 10093.458567821126, 5915.3089945390793, 868.66354501124124, 503.6100802341187, -3.8385700947855663, -6.7150373658544638, 10090.852534801706, 5916.8579574290898, 868.24413441702336, 503.8598115936656, -3.8863661647301875, -6.6871568569552675, 13621.175533755042, 9820.8976643401838, 486.26085932129808, 503.53786023705578, 0, 0, 14.905333396760408
11.56, 10102.144640593624, 5920.3441103076166, 868.62603317024764, 503.54441131383908, -3.7511840993561671, -6.5668920279593257, 10099.534406171781, 5921.8955747665304, 868.20613614399758, 503.79442636058013, -3.7998273025745983, -6.5385233085490819, 13626.038142348256, 9825.9330429425536, 486.26085932129808, 503.53786023705578, 0, 0, 14.895333396760408
11.57, 10110.830320210778, 5925.3785382156184, 868.58731886700593, 503.47666430472589, -3.8714303241662549, -6.774700911316625, 10108.215879515956, 5926.9325070832456, 868.16693499297594, 503.72696323455449, -3.9201151021672058, -6.7463126025626217, 13630.90075094147, 9830.9684215449233, 486.26085932129808, 503.53786023705578, 0, 0, 14.885333396760409
11.58, 10119.515625846983, 5930.4123109715911, 868.54948203597394, 503.41040516640896, -3.7836831032048219, -6.6259138316909443, 10116.896973883757, 5931.9687871598844, 868.12860285106092, 503.66099285412724, -3.8332141915001765, -6.5970380427260586, 13635.763359534683, 9836.0038001472931, 486.26085932129808, 503.53786023705578, 0, 0, 14.875333396760409
11.59, 10128.200534989845, 5935.4453897983258, 868.5104368694233, 503.3420568377648, -3.9045166550684081, -6.8348328644178755, 10125.577666795458, 5937.0043761997676, 868.08906173046933, 503.59293361024959, -3.9541120591582049, -6.8059243877632332, 13640.625968127897, 9841.0391787496628, 486.26085932129808, 503.53786023705578, 0, 0, 14.865333396760409
11.6, 10136.885066897596, 5940.4778075566528, 868.47227280650293, 503.27520283436485, -3.8164062920429029, -6.6854003399938051, 10134.257977385691, 5942.0393071350991, 868.0503932590002, 503.52637355885582, -3.8668471469098389, -6.656005139379209, 13645.488576721111, 9846.0745573520326, 486.26085932129808, 503.53786023705578, 0, 0, 14.855333396760409
11.609999999999999, 10145.569198951101, 5945.5095252694482, 868.43289450252973, 503.20624846448021, -3.9378303973246083, -6.8954369884633504, 10142.937883064467, 5947.0735409713252, 868.01050967141009, 503.45771360134523, -3.9883587590103207, -6.8659957510568903, 13650.351185314325, 9851.1099359544023, 486.26085932129808, 503.53786023705578, 0, 0, 14.84533339676041
11.620000000000001, 10154.252950492883, 5950.5405759507994, 868.39440095290558, 503.13879491160031, -3.8493549624201622, -6.7453552879909351, 10151.617403052, 5952.107110793122, 867.97150239262487, 503.39055932025417, -3.9007278785199735, -6.7154281091066901, 13655.213793907538, 9856.1453145567721, 486.26085932129808, 503.53786023705578, 0, 0, 14.835333396760408
11.630000000000001, 10162.936298796481, 5955.570920422354, 868.35468722427686, 503.06922974083699, -3.9713728628719052, -6.956517076333121, 10160.296514647385, 5957.1399774067859, 867.93127382328248, 503.32129401768509, -4.0228569342374163, -6.9265302569102278, 13660.076402500752, 9861.1806931591418, 486.26085932129808, 503.53786023705578, 0, 0, 14.825333396760408
11.640000000000001, 10171.619263289162, 5960.6005918523961, 868.31586192014834, 503.00117191643625, -3.8825304128519678, -6.8057824400731182, 10168.975237156903, 5962.1721740503899, 867.89192524223131, 503.25354091280337, -3.9348581051147691, -6.7753104881690209, 13664.939011093966, 9866.2160717615116, 486.26085932129808, 503.53786023705578, 0, 0, 14.815333396760408
11.65, 10180.301821136558, 5965.6295508600178, 868.27581046649198, 502.93099114692922, -4.0051453656339531, -7.0180769507039917, 10177.653547768075, 5967.2036613297932, 867.85134915896572, 503.18366559784414, -4.0576083265588645, -6.9875314959259365, 13669.801619687179, 9871.2514503638813, 486.26085932129808, 503.53786023705578, 0, 0, 14.805333396760409
11.66, 10188.983991851132, 5970.6578307686486, 868.2366511270551, 502.86232429102819, -3.9159339436926612, -6.8666855901045345, 10186.331465873733, 5972.2344726373958, 867.81165676342039, 503.11530903945771, -3.9692395545362662, -6.8356558386421726, 13674.664228280393, 9876.2868289662511, 486.26085932129808, 503.53786023705578, 0, 0, 14.795333396760409
11.67, 10197.665752490018, 5975.6853919934892, 868.19625963484123, 502.79152308638578, -4.0391492213827851, -7.0801204642430182, 10195.008968549164, 5977.264568377328, 867.77073061655153, 503.04481900860787, -4.0926146868798758, -7.049003084982985, 13679.526836873607, 9881.3222075686208, 486.26085932129808, 503.53786023705578, 0, 0, 14.785333396760409
11.68, 10206.347122651337, 5980.7122680140692, 868.15676396627123, 502.72224240076963, -3.949566856995999, -6.928068561612875, 10203.686075274234, 5982.2939820972515, 867.73069187691488, 502.97585433112232, -4.0038739636633842, -6.8964677485544561, 13684.389445466821, 9886.3575861709905, 486.26085932129808, 503.53786023705578, 0, 0, 14.775333396760409
11.69, 10215.028079283138, 5985.7384190403518, 868.11603010879514, 502.65081588577141, -4.0733857476104385, -7.1426514998246624, 10212.362763011337, 5987.3226739982629, 867.68941309916204, 502.90474484444832, -4.1278777752835065, -7.1109486673998488, 13689.252054060034, 9891.3929647733603, 486.26085932129808, 503.53786023705578, 0, 0, 14.765333396760409
11.700000000000001, 10223.708642069658, 5990.7638787089281, 868.07619580423125, 502.58091653369132, -3.9834304563872407, -6.9899352080061581, 10221.039051327867, 5992.3506777842322, 867.649025468378, 502.83516734612783, -4.038763078404406, -6.9577498320494664, 13694.114662653248, 9896.42834337573, 486.26085932129808, 503.53786023705578, 0, 0, 14.755333396760408
11.710000000000001, 10232.388787849261, 5995.7886070231698, 868.03511724159739, 502.50885979398396, -4.107856263389106, -7.2056739707351074, 10229.714917072646, 5997.3779534519063, 867.60739147476784, 502.76343362699697, -4.1633993610131164, -7.1733719130842006, 13698.977271246462, 9901.4637219780998, 486.26085932129808, 503.53786023705578, 0, 0, 14.745333396760408
11.720000000000001, 10241.06853639277, 6000.812637777698, 867.99494198112825, 502.43833689985627, -4.0175260469184391, -7.0522894127675206, 10238.390379901095, 6002.4045348623167, 867.56665238823109, 502.69323856970169, -4.0739086536746187, -7.0195057295263235, 13703.839879839676, 9906.4991005804695, 486.26085932129808, 503.53786023705578, 0, 0, 14.735333396760408
11.73, 10249.747864428267, 6005.8359307679239, 867.95351636023588, 502.36564498164739, -4.142562089232614, -7.2691918208858004, 10247.065416547794, 6007.4303818065364, 867.52466057600645, 502.62087580451475, -4.1991812224580842, -7.2362765186911684, 13708.702488432889, 9911.5344791828393, 486.26085932129808, 503.53786023705578, 0, 0, 14.725333396760409
11.74, 10258.42679181363, 6010.8585199474765, 867.91299781088651, 502.29449363075065, -4.0518549349329547, -7.1151350896728074, 10255.740046756686, 6012.4555283037153, 867.4835674514726, 502.55005841343672, -4.1093124533850682, -7.081739107802032, 13713.565097026103, 9916.569857785209, 486.26085932129808, 503.53786023705578, 0, 0, 14.715333396760409
11.75, 10267.105295166057, 6015.8803649024303, 867.87122276541697, 502.22116154050036, -4.1775045469559888, -7.3332090250307864, 10264.414247147428, 6017.4799339379188, 867.44121520000124, 502.47706175135886, -4.235225147139559, -7.2996662077846874, 13718.427705619317, 9921.6052363875788, 486.26085932129808, 503.53786023705578, 0, 0, 14.705333396760409
11.76, 10275.783394430946, 6020.9014997464083, 867.83035858113783, 502.14937677867044, -4.0864184279178035, -7.1784761829942951, 10273.08803755299, 6022.503632887383, 867.39976543749708, 502.40561721475626, -4.144976250421144, -7.1444536602592921, 13723.290314212531, 9926.6406149899485, 486.26085932129808, 503.53786023705578, 0, 0, 14.695333396760409
11.77, 10284.461066114014, 6025.9218838547567, 867.78823173154262, 502.07539948278071, -4.2126849595242808, -7.3977295889727532, 10281.761394477426, 6027.5265845278209, 867.35705010818026, 502.33198176744639, -4.2715329316874886, -7.3635447309868685, 13728.152922805744, 9931.6759935923183, 486.26085932129808, 503.53786023705578, 0, 0, 14.685333396760409
11.779999999999999, 10293.138330248654, 6030.9415515020846, 867.74701955319915, 502.00297631610368, -4.1212178343500714, -7.2423166677013242, 10290.434337843233, 6032.5488231975296, 867.31524108991414, 502.25990523637648, -4.1809018266172151, -7.2076531069905299, 13733.015531398958, 9936.711372194688, 486.26085932129808, 503.53786023705578, 0, 0, 14.67533339676041
11.790000000000001, 10301.815163228488, 6035.9604618516132, 867.70453850669014, 501.92834874060588, -4.2481046509021594, -7.4627575497776384, 10299.106844038175, 6037.5703080625135, 867.27216002609589, 502.18562607771514, -4.3081063818204202, -7.4279158661352378, 13737.878139992172, 9941.7467507970578, 486.26085932129808, 503.53786023705578, 0, 0, 14.665333396760408
11.800000000000001, 10310.491585175385, 6040.978649339937, 867.6629759620547, 501.85528213510918, -4.1562544635449976, -7.3066605496710766, 10307.778933074791, 6042.5910736221113, 867.22998911636853, 502.11291266576563, -4.2170909727349519, -7.2713411949513755, 13742.740748585386, 9946.7821293994275, 486.26085932129808, 503.53786023705578, 0, 0, 14.655333396760408
11.81, 10319.167572370263, 6045.9960729167415, 867.62013831259571, 501.7799991653493, -4.2837649458990716, -7.5282969759890275, 10316.450581223859, 6047.6110788312562, 867.18653964324528, 502.03798483158124, -4.3449473123229252, -7.4927834184390694, 13747.603357178599, 9951.8175080017973, 486.26085932129808, 503.53786023705578, 0, 0, 14.645333396760408
11.82, 10327.843145023944, 6051.0127671816153, 867.57822301634064, 501.70628404669026, -4.1915296255019303, -7.3715118659030292, 10325.121808588468, 6052.6303583513172, 867.1440041883609, 501.96462961460009, -4.2535454884415582, -7.3355216981171321, 13752.465965771813, 9956.852886604167, 486.26085932129808, 503.53786023705578, 0, 0, 14.635333396760409
11.83, 10336.518279304031, 6056.0286908692869, 867.53502634464053, 501.63034052701175, -4.3196671700137967, -7.5943519678490015, 10333.79259132172, 6057.6488709247806, 867.10018361289065, 501.88904810239364, -4.3820575470244938, -7.5581512206414505, 13757.328574365027, 9961.8882652065367, 486.26085932129808, 503.53786023705578, 0, 0, 14.625333396760409
11.84, 10345.192995510783, 6061.0438787433541, 867.49275589833314, 501.55597178016444, -4.2270446307440253, -7.4368746847301423, 10342.462949617771, 6062.666651376042, 867.0572809410678, 501.81504611821731, -4.2902671822838423, -7.4001984176352558, 13762.19118295824, 9966.9236438089065, 486.26085932129808, 503.53786023705578, 0, 0, 14.615333396760409
11.85, 10353.867269697868, 6066.0582893221572, 867.44919777184043, 501.47936251358931, -4.3558126492703382, -7.6609266575116699, 10351.132859511345, 6067.6836582337537, 867.01308655188006, 501.73880588688559, -4.4194389187718839, -7.6240231331733348, 13767.053791551454, 9971.9590224112762, 486.26085932129808, 503.53786023705578, 0, 0, 14.605333396760409
11.859999999999999, 10362.541122255469, 6071.0719575343273, 867.40656976393893, 501.40433498252918, -4.2628007901444107, -7.5027531060142838, 10359.802341288183, 6072.6999264863452, 866.96981397316358, 501.66415213506599, -4.3272578716508789, -7.4653751819613721, 13771.916400144668, 9976.994401013646, 486.26085932129808, 503.53786023705578, 0, 0, 14.59533339676041
11.870000000000001, 10371.214529122701, 6076.084841680371, 867.36264773683854, 501.32705473043671, -4.392202710042941, -7.7280252092457173, 10368.471370863925, 6077.7154144472397, 866.9252430404697, 501.58724810462303, -4.4570932693927698, -7.6904030442958575, 13776.779008737882, 9982.0297796160157, 486.26085932129808, 503.53786023705578, 0, 0, 14.585333396760408
11.880000000000001, 10379.887510780158, 6081.0969768549858, 867.31965974269087, 501.25136321782304, -4.2987994147640549, -7.5691512613695178, 10377.139968616422, 6082.7301572699089, 866.88159784664219, 501.51193754615281, -4.3645193827504967, -7.5310558470224436, 13781.641617331095, 9987.0651582183855, 486.26085932129808, 503.53786023705578, 0, 0, 14.575333396760408
11.890000000000001, 10388.560043051782, 6086.1083211393907, 867.27537135590194, 501.17340669962636, -4.4288386788941594, -7.7956518196672206, 10385.808110341521, 6087.7441130511397, 866.83664762214539, 501.4343645974501, -4.4950224496745603, -7.7572948702722435, 13786.504225924309, 9992.1005368207552, 486.26085932129808, 503.53786023705578, 0, 0, 14.565333396760408
11.9, 10397.23214650907, 6091.1189097953902, 867.23202093774523, 501.09704596648271, -4.3350418156739066, -7.6360733143660893, 10394.47581650971, 6092.7573171104696, 866.79262708663964, 501.35839215448652, -4.402053550572222, -7.5972442963599187, 13791.366834517523, 9997.135915423125, 486.26085932129808, 503.53786023705578, 0, 0, 14.555333396760409
11.91, 10405.903796860164, 6096.1287006834473, 867.18736371892123, 501.01840785930318, -4.4657218823972693, -7.8638107179535037, 10403.143062796329, 6097.7697273266313, 866.74729480344638, 501.28014512893134, -4.5332283193298215, -7.8247025555200045, 13796.229443110737, 10002.171294025495, 486.26085932129808, 503.53786023705578, 0, 0, 14.545333396760409
11.92, 10414.575014767957, 6101.137729233521, 867.14364842588338, 500.9413726246957, -4.3715293037804956, -7.703523460748313, 10411.809869765031, 6102.7813791862545, 866.70289618125787, 501.20350568451846, -4.4398622188558807, -7.6639444412860387, 13801.09205170395, 10007.206672627864, 486.26085932129808, 503.53786023705578, 0, 0, 14.535333396760409
11.93, 10423.245775824169, 6106.1459530838429, 867.09861988941384, 500.86204756303516, -4.5028536469522065, -7.9325061660538454, 10420.476212969932, 6107.7922303485884, 866.65717905378824, 501.12457938379089, -4.5717127469574361, -7.8926300727592418, 13805.954660297164, 10012.242051230234, 486.26085932129808, 503.53786023705578, 0, 0, 14.525333396760409
11.94, 10431.916100783585, 6111.1534078335835, 867.05453725751738, 500.78433250374877, -4.4082631896405688, -7.7715059286415853, 10429.142113068385, 6112.8023164683927, 866.61239958138776, 501.04726778158062, -4.4779472400515044, -7.7311602210285724, 13810.817268890378, 10017.277429832604, 486.26085932129808, 503.53786023705578, 0, 0, 14.515333396760409
11.950000000000001, 10440.585965120865, 6116.1600508972524, 867.00913490453127, 500.70431507915953, -4.5402352986102095, -8.0017424589234345, 10437.807545492557, 6117.8115949839948, 866.56629480528761, 500.96765696734877, -4.6104776100147538, -7.961081423183491, 13815.679877483592, 10022.312808434974, 486.26085932129808, 503.53786023705578, 0, 0, 14.505333396760408
11.960000000000001, 10449.255389683192, 6121.1659180442975, 866.96468245669848, 500.62591482937182, -4.4452447832772606, -7.8400249787701881, 10446.472530994039, 6122.8201017193278, 866.52113170053474, 500.88966801131994, -4.516310475283003, -7.7988956028855769, 13820.542486076805, 10027.348187037343, 486.26085932129808, 503.53786023705578, 0, 0, 14.495333396760408
11.970000000000001, 10457.924349827535, 6126.170966464003, 866.91890377506968, 500.54519959012453, -4.577868162878957, -8.071523924731979, 10455.137044882325, 6127.8277938903457, 866.47463645258699, 500.80936740495389, -4.6495247947725575, -8.0300606366044534, 13825.405094670019, 10032.383565639713, 486.26085932129808, 503.53786023705578, 0, 0, 14.485333396760408
11.98, 10466.592866493977, 6131.1752320971682, 866.87407902112977, 500.4661087410779, -4.4824753939849948, -7.9090849046639571, 10463.801108003781, 6132.8347074912081, 866.42908691464402, 500.73069585913021, -4.5549537943029224, -7.8671545823683067, 13830.267703263233, 10037.418944242083, 486.26085932129808, 503.53786023705578, 0, 0, 14.475333396760409
11.99, 10475.260914921153, 6136.1786719063402, 866.82792148548447, 500.38469019182708, -4.6157535645273127, -8.1418549250800343, 10472.464695544499, 6137.8407995140333, 866.38219835268126, 500.64970014141414, -4.6888561962719546, -8.0995717716037099, 13835.130311856446, 10042.454322844453, 486.26085932129808, 503.53786023705578, 0, 0, 14.465333396760409
12, 10483.928516142558, 6141.1813220047534, 866.7827219221831, 500.30490329149831, -4.5199563301360426, -7.9786900328761652, 10481.127828446164, 6142.8461061242697, 866.33625956192679, 500.57034072958061, -4.5938790754511576, -7.9359411833545872, 13839.99292044966, 10047.489701446822, 486.26085932129808, 503.53786023705578, 0, 0, 14.455333396760409
12.01, 10492.595645277856, 6146.1831391266896, 866.7361829939091, 500.22277589294595, -4.6538928273964677, -8.2127398552349948, 10489.790481770726, 6147.8505840887283, 866.28897482474395, 500.48864454042359, -4.7284737182900578, -8.1696189157033459, 13844.855529042874, 10052.525080049192, 486.26085932129808, 503.53786023705578, 0, 0, 14.445333396760409
12.02, 10501.262323454459, 6151.1841595589103, 866.6906061049192, 500.14228744571386, -4.5576888989857354, -8.0488447232076741, 10498.452676555742, 6152.854269745214, 866.24264394268778, 500.40859194584112, -4.6330882056147216, -8.0052594582477017, 13849.718137636088, 10057.560458651562, 486.26085932129808, 503.53786023705578, 0, 0, 14.435333396760409
12.030000000000001, 10509.928525672418, 6156.1843398058954, 866.64368323217718, 500.05944561427032, -4.6922872741971968, -8.2841831443517808, 10507.114387738278, 6157.8571196337443, 866.1949601499548, 500.32618988398593, -4.7683792732941921, -8.2402061855205151, 13854.580746229301, 10062.595837253932, 486.26085932129808, 503.53786023705578, 0, 0, 14.425333396760408
12.040000000000001, 10518.594273153578, 6161.1837163290329, 866.59772648811258, 499.97825008058118, -4.5956744064630426, -8.1195533689143975, 10515.775636452316, 6162.8591702655613, 866.14823431915306, 500.24543874910478, -4.6725830801752801, -8.0751134881178572, 13859.443354822515, 10067.631215856301, 486.26085932129808, 503.53786023705578, 0, 0, 14.415333396760408
12.050000000000001, 10527.259540777724, 6166.18224540145, 866.55041710584965, 499.8946881880243, -4.7309382262982176, -8.3561892556869566, 10524.436397509289, 6167.8603779523937, 866.10014857132921, 500.16232537183561, -4.8085747823896563, -8.3113377269146778, 13864.305963415729, 10072.666594458671, 486.26085932129808, 503.53786023705578, 0, 0, 14.405333396760408
12.06, 10535.92434986166, 6171.1799636602709, 866.5040779642801, 499.81277998405517, -4.6339141569566422, -8.1908203969157967, 10533.096692140161, 6172.8607793800047, 866.05302491529972, 500.08087029800714, -4.7123656029546392, -8.1455073828438991, 13869.168572008943, 10077.701973061041, 486.26085932129808, 503.53786023705578, 0, 0, 14.395333396760408
12.07, 10544.588675164252, 6176.1768271457086, 866.45637949424497, 499.72849235718701, -4.769847003511078, -8.428762686815773, 10541.756495029987, 6177.8603306303276, 866.00453429354707, 499.99704012085579, -4.8490621752664822, -8.383017715136992, 13874.031180602156, 10082.737351663411, 486.26085932129808, 503.53786023705578, 0, 0, 14.385333396760409
12.08, 10553.252538097777, 6181.1728726717402, 866.40965539971398, 499.64586585450684, -4.6724094531030369, -8.2626502680157632, 10550.41582750727, 6182.8590685647441, 865.95700991668537, 499.91487566804312, -4.7524376861647362, -8.2164452812666813, 13878.89378919537, 10087.77273026578, 486.26085932129808, 503.53786023705578, 0, 0, 14.375333396760409
12.09, 10561.915913299536, 6186.16805604409, 866.36156525047522, 499.56084677480817, -4.8090149238795465, -8.5019079698661191, 10559.074664129928, 6187.8569490338714, 865.90811148278385, 499.83032316449317, -4.8898433901532385, -8.4552503549958544, 13883.756397788584, 10092.80810886815, 486.26085932129808, 503.53786023705578, 0, 0, 14.365333396760409
12.1, 10570.578822277801, 6191.1624142547162, 866.31445363451951, 499.47749630003693, -4.711161595568135, -8.335047477121277, 10567.733026324569, 6192.8540090758133, 865.86018347028028, 499.74744385097978, -4.792801250353631, -8.2879313513394397, 13888.619006381798, 10097.84348747052, 486.26085932129808, 503.53786023705578, 0, 0, 14.355333396760409
12.109999999999999, 10579.241239547651, 6196.1559028732654, 866.26596920148495, 499.39174000331946, -4.8484433034594208, -8.5756296717450713, 10576.390888521217, 6197.8502043083408, 865.81087426654267, 499.66216345216964, -4.9309203737637795, -8.5280398810142621, 13893.481614975011, 10102.87886607289, 486.26085932129808, 503.53786023705578, 0, 0, 14.34533339676041
12.120000000000001, 10587.903186713884, 6201.1485590708153, 866.21846748265671, 499.3076598377848, -4.7501718828260042, -8.4080165534653606, 10585.048272245149, 6202.8455719473941, 865.76253968429921, 499.57856375426684, -4.8334582243512223, -8.3599697902816832, 13898.344223568225, 10107.914244675259, 486.26085932129808, 503.53786023705578, 0, 0, 14.335333396760408
12.130000000000001, 10596.564638168691, 6206.1403381793343, 866.16958614809585, 499.2211605138412, -4.8881334560895748, -8.6499323943596682, 10593.705151797729, 6207.8400673763535, 865.71281673348687, 499.49254984869106, -4.9722950812378546, -8.6013905575806291, 13903.206832161439, 10112.949623277629, 486.26085932129808, 503.53786023705578, 0, 0, 14.325333396760408
12.140000000000001, 10605.22561561393, 6211.1312775501638, 866.12169173198663, 499.13634489323306, -4.789441610923495, -8.4815620608148397, 10602.361548803481, 6212.833727990117, 865.66407262803489, 499.4082242004439, -4.874410545203415, -8.4325648247171276, 13908.069440754653, 10117.985001879999, 486.26085932129808, 503.53786023705578, 0, 0, 14.315333396760408
12.15, 10613.886093318246, 6216.1213322759795, 866.07241086505508, 499.0490966854847, -4.9280866931581162, -8.724820774838685, 10611.017437434341, 6217.8265089361194, 865.6139329332741, 499.32147113365289, -5.0139694760794509, -8.6753066790998155, 13912.932049347866, 10123.020380482369, 486.26085932129808, 503.53786023705578, 0, 0, 14.305333396760409
12.16, 10622.546093081086, 6221.1105398895443, 866.02412114432263, 498.96353979950783, -4.828972073245593, -8.5556885976888157, 10619.67283941465, 6222.8184477893492, 865.564776331693, 499.23641392654469, -4.9156601581096586, -8.5057207108215849, 13917.79465794108, 10128.055759084738, 486.26085932129808, 503.53786023705578, 0, 0, 14.295333396760409
12.17, 10631.20558904688, 6226.0988552426161, 865.97443810108894, 498.87553680465015, -4.9683043233692077, -8.8002994857651693, 10628.327728786138, 6227.8094994597295, 865.51421687639197, 499.14891600084314, -5.0559455300984615, -8.7497925701541455, 13922.657266534294, 10133.091137687108, 486.26085932129808, 503.53786023705578, 0, 0, 14.285333396760409
12.18, 10639.864603113207, 6231.0863160505432, 865.9257504554862, 498.78923279667436, -4.8687645602764551, -8.6304007975792665, 10636.982127373551, 6232.7997017034777, 865.4646447862284, 499.0631215834984, -4.9572090163588358, -8.5794417344721641, 13927.519875127507, 10138.126516289478, 486.26085932129808, 503.53786023705578, 0, 0, 14.275333396760409
12.19, 10648.523109299613, 6236.0728769225243, 865.87566257896117, 498.70046906432032, -5.0087876524998425, -8.8763732354013847, 10645.63600908763, 6237.7890091914251, 865.41366253399497, 498.97487305764184, -5.098225223345036, -8.8248525856560285, 13932.382483720721, 10143.161894891848, 486.26085932129808, 503.53786023705578, 0, 0, 14.265333396760409
12.200000000000001, 10657.181129602348, 6241.0585757576682, 865.82657437536761, 498.61341203102853, -4.9088203593594315, -8.7057033291795882, 10654.289395854108, 6242.77745986217, 865.36367194318234, 498.88833573552779, -4.9990590812668412, -8.653732211403673, 13937.245092313935, 10148.197273494217, 486.26085932129808, 503.53786023705578, 0, 0, 14.255333396760408
12.210000000000001, 10665.838637915404, 6246.0433669209633, 865.77607899553607, 498.52388156334939, -5.049537983151418, -8.9530467679145929, 10662.942261451959, 6247.7650081458587, 865.31226383774197, 498.79933082441778, -5.1408105440414609, -8.9004911110006617, 13942.107700907149, 10153.232652096587, 486.26085932129808, 503.53786023705578, 0, 0, 14.245333396760408
12.220000000000001, 10674.495656334246, 6251.0272884964625, 865.72658758799173, 498.4360655543835, -4.9491407544373196, -8.7816008965887384, 10671.594627908487, 6252.7516921646302, 865.26185171452096, 498.71204485954439, -5.0412123220971328, -8.7285964873398054, 13946.970309500362, 10158.268030698957, 486.26085932129808, 503.53786023705578, 0, 0, 14.235333396760408
12.23, 10683.152158626634, 6256.0102946032766, 865.6756820218468, 498.34576230574743, -5.0905566144976815, -9.0303248636066478, 10680.246468870109, 6257.7374661063413, 865.21001467963583, 498.62227773392215, -5.1837034885132107, -8.9767125622217137, 13951.832918093576, 10163.303409301327, 486.26085932129808, 503.53786023705578, 0, 0, 14.225333396760409
12.24, 10691.808166987797, 6260.9924235115977, 865.62578475158875, 498.25718132335203, -4.9897270258002155, -8.8580982395385313, 10688.897806466299, 6262.7223682778395, 865.15917797247596, 498.53423734454066, -5.0836707159916665, -8.8040389381467161, 13956.69552668679, 10168.338787903696, 486.26085932129808, 503.53786023705578, 0, 0, 14.215333396760409
12.25, 10700.463655058587, 6265.9736290929804, 865.57446630316849, 498.16609919996068, -5.131844842023173, -9.1082123391372569, 10697.548614210114, 6267.7063526230768, 865.10690891186482, 498.44370213067924, -5.2269060611133158, -9.0535213861399129, 13961.558135280004, 10173.374166506066, 486.26085932129808, 503.53786023705578, 0, 0, 14.205333396760409
12.26, 10709.118645134551, 6270.9539498049598, 865.52416049867031, 498.07674719862456, -5.030580449823133, -8.9352001336133799, 10706.198914333796, 6272.6894576347877, 865.05564454938587, 498.35490149097944, -5.1264362478944463, -8.8800639699782487, 13966.420743873217, 10178.409545108436, 486.26085932129808, 503.53786023705578, 0, 0, 14.195333396760409
12.27, 10717.773110728944, 6275.9333392698391, 865.47242645909762, 497.98488005814693, -5.173403957264167, -9.1867140477619742, 10714.848680216248, 6277.6716370113882, 865.00294034664432, 498.2635922703742, -5.2704202741521184, -9.1309220605255543, 13971.283352466431, 10183.444923710806, 486.26085932129808, 503.53786023705578, 0, 0, 14.185333396760409
12.280000000000001, 10726.42707423819, 6280.9118361337123, 865.42170943611063, 497.89475094424228, -5.0717022986958193, -9.0129113904667282, 10723.497934193078, 6282.6529294326892, 864.95124523753964, 498.17402551018006, -5.1695109104701036, -8.956676019417058, 13976.145961059645, 10188.480302313175, 486.26085932129808, 503.53786023705578, 0, 0, 14.175333396760408
12.290000000000001, 10735.080509047264, 6285.8893937679231, 865.3695570836353, 497.80209259544671, -5.215235247536202, -9.2658348795573868, 10732.146649508231, 6287.6332883499272, 864.89810275606146, 498.08193631923757, -5.314248147816504, -9.2089190942474026, 13981.008569652859, 10193.515680915545, 486.26085932129808, 503.53786023705578, 0, 0, 14.165333396760408
12.300000000000001, 10743.733437654024, 6290.8660510083491, 865.31842614523373, 497.71118022686619, -5.1130938401554813, -9.0912368580530476, 10740.794848601287, 6292.6127526311866, 864.84597378902117, 497.99159752370127, -5.2128967040283198, -9.0338795536304879, 13985.871178246072, 10198.551059517915, 486.26085932129808, 503.53786023705578, 0, 0, 14.155333396760408
12.31, 10752.385833314476, 6295.8417609736534, 865.26585274527713, 497.61772442924973, -5.2573399956556948, -9.3455797616466985, 10749.44250458042, 6297.5912754788696, 864.79238987192036, 497.89872235342705, -5.3583917100861935, -9.2875170274211811, 13990.733786839286, 10203.586438120285, 486.26085932129808, 503.53786023705578, 0, 0, 14.145333396760408
12.32, 10761.037718628479, 6300.816562690733, 865.21430518190516, 497.52602261504137, -5.1547563371991956, -9.170181420835096, 10758.089639989794, 6302.5688959505433, 864.73982391555603, 497.80760556272202, -5.2565956364308795, -9.1116790705009603, 13995.5963954325, 10208.621816722654, 486.26085932129808, 503.53786023705578, 0, 0, 14.135333396760409
12.33, 10769.689066722376, 6305.7904090238344, 865.16130798710856, 497.43176307845704, -5.2997194796600597, -9.4259536584334764, 10766.736227801, 6307.5455669981056, 864.68579538558947, 497.71393835840638, -5.4028529966515153, -9.3667204315654544, 14000.459004025714, 10213.657195325024, 486.26085932129808, 503.53786023705578, 0, 0, 14.125333396760409
12.34, 10778.33990029859, 6310.763339192119, 865.10934107663059, 497.33926557845689, -5.1966910478028003, -9.2497500000131847, 10775.382290663398, 6312.5213278698247, 864.63278928835939, 497.6220375674186, -5.3006097230081783, -9.1900790987775309, 14005.321612618927, 10218.692573927394, 486.26085932129808, 503.53786023705578, 0, 0, 14.115333396760409
12.35, 10786.990192353111, 6315.7353058036679, 865.05591732690539, 497.24419596273856, -5.3423749725204619, -9.5069615718336191, 10784.027801411174, 6317.4961312654123, 864.57831294785115, 497.52757222832105, -5.4476340508268697, -9.4465339097548764, 14010.184221212141, 10223.727952529764, 486.26085932129808, 503.53786023705578, 0, 0, 14.105333396760409
12.359999999999999, 10795.639965691496, 6320.7063482711619, 865.00352833465911, 497.15089648720112, -5.2388992246258761, -9.3299475537412029, 10792.672782799504, 6322.4700166250659, 864.52486353798645, 497.43488138633893, -5.3449409864648798, -9.2690841982134184, 14015.046829805355, 10228.763331132133, 486.26085932129808, 503.53786023705578, 0, 0, 14.09533339676041
12.370000000000001, 10804.289193178682, 6325.6764189447531, 864.94967525724064, 497.05501040178609, -5.3853077418451951, -9.5886085415020972, 10801.317207524346, 6327.4429363946147, 864.46993616875181, 497.33961176537127, -5.4927369234578833, -9.5269620967674395, 14019.909438398568, 10233.798709734503, 486.26085932129808, 503.53786023705578, 0, 0, 14.085333396760408
12.380000000000001, 10812.937897723938, 6330.6455574319098, 864.89686143609356, 496.96090261101261, -5.2813821147132156, -9.4107790773475255, 10809.961098447315, 6332.4149302074247, 864.41604025418394, 497.24612477577421, -5.3895914567851122, -9.3486989597076366, 14024.772046991782, 10238.834088336873, 486.26085932129808, 503.53786023705578, 0, 0, 14.075333396760408
12.390000000000001, 10821.586052060442, 6335.6137158230731, 864.8425762455978, 496.86419361456194, -5.4285190495814497, -9.6708996450681894, 10818.604428125305, 6337.3859502537334, 864.36065861745567, 497.1500446791818, -5.5381636728300947, -9.6080096592394106, 14029.634655584996, 10243.869466939243, 486.26085932129808, 503.53786023705578, 0, 0, 14.065333396760408
12.4, 10830.233679201754, 6340.5809339217785, 864.78933483600576, 496.76927111852621, -5.3241409592010616, -9.4922496035755479, 10827.247219527004, 6342.3560363613242, 864.30631298574417, 497.05575539912712, -5.4345631711456095, -9.4289280054654085, 14034.49726417821, 10248.904845541612, 486.26085932129808, 503.53786023705578, 0, 0, 14.055333396760409
12.41, 10838.880751748591, 6345.5471635569638, 864.73461473448867, 496.67173271854244, -5.4720101517133504, -9.7538399983757209, 10835.889445069406, 6347.325140463121, 864.25047382209846, 496.9588585861689, -5.5839163645770968, -9.6896812958244301, 14039.359872771423, 10253.940224143982, 486.26085932129808, 503.53786023705578, 0, 0, 14.045333396760409
12.42, 10847.527292819386, 6350.5124447295184, 864.68094296455877, 496.57598907651459, -5.3671769929951587, -9.5743642027864553, 10844.531127828901, 6352.2933025825841, 864.1956752403604, 496.86376082627771, -5.4798581738037662, -9.5097759891200617, 14044.222481364637, 10258.975602746352, 486.26085932129808, 503.53786023705578, 0, 0, 14.035333396760409
12.43, 10856.173274881687, 6355.4767290050704, 864.6257851415794, 496.47761472895758, -5.5157822979393094, -9.8374347556988262, 10853.172240081743, 6357.2604743935863, 864.13937526964469, 496.76604100890444, -5.6299970715711618, -9.7719817373273603, 14049.085089957851, 10264.010981348722, 486.26085932129808, 503.53786023705578, 0, 0, 14.025333396760409
12.44, 10864.818721159385, 6360.4400565831629, 864.57168022713483, 496.38104344912574, -5.4104914444541761, -9.657127983182896, 10861.812805012663, 6362.226696116536, 864.08412048448474, 496.67012853294568, -5.5254785159943038, -9.5912475958749894, 14053.947698551065, 10269.046359951091, 486.26085932129808, 503.53786023705578, 0, 0, 14.015333396760409
12.450000000000001, 10873.463603986147, 6365.4023787642873, 864.51608185982127, 496.2818265580259, -5.559836731356623, -9.9216891099821343, 10870.452794756327, 6367.1919191645038, 864.02735640574645, 496.57157937547709, -5.6764078738244157, -9.8549157468617299, 14058.810307144278, 10274.081738553461, 486.26085932129808, 503.53786023705578, 0, 0, 14.005333396760408
12.460000000000001, 10882.107946691915, 6370.3637359479535, 864.46154100447063, 496.18442109711555, -5.454085535069181, -9.7405460910375012, 10879.092232606446, 6372.1561839561273, 863.97164214318821, 496.47484590005058, -5.5714262558252621, -9.6733475426496831, 14063.672915737492, 10279.117117155831, 486.26085932129808, 503.53786023705578, 0, 0, 13.995333396760408
12.470000000000001, 10890.751721475755, 6375.3240791676808, 864.40549925758933, 496.08435501418478, -5.6041746881361174, -10.006608293075578, 10887.731090555249, 6377.1194416419094, 863.91441063460434, 496.37546101885056, -5.7231508583833657, -9.9384881200009918, 14068.535524330706, 10284.152495758201, 486.26085932129808, 503.53786023705578, 0, 0, 13.985333396760408
12.48, 10899.39495177426, 6380.2834490242658, 864.35051965279797, 495.98610877707563, -5.4979604791323311, -9.8246237109144836, 10896.369392006076, 6382.0817328400108, 863.85823360002269, 496.27790021306839, -5.6177034581664875, -9.7560805782180235, 14073.39813292392, 10289.18787436057, 486.26085932129808, 503.53786023705578, 0, 0, 13.975333396760409
12.49, 10908.037609651179, 6385.2417962824002, 864.29403167882606, 495.88518680131597, -5.648797397189611, -10.092197575968775, 10905.007108807858, 6387.0430084365889, 863.80053131883051, 496.17767317621912, -5.7702281192195892, -10.022703684928544, 14078.260741517133, 10294.22325296294, 486.26085932129808, 503.53786023705578, 0, 0, 13.965333396760409
12.5, 10916.679718650345, 6390.1991617455033, 864.23861050399205, 495.78609314065699, -5.5421174834028646, -9.9093660658985954, 10913.644264474218, 6392.0033092506283, 863.74388819688511, 496.07927866138556, -5.6643121945388009, -9.8394514833531215, 14083.123350110347, 10299.25863156531, 486.26085932129808, 503.53786023705578, 0, 0, 13.955333396760409
12.51, 10925.321250699473, 6395.1554959075693, 864.18167344319374, 495.68430851796677, -5.693706079828039, -10.17846226902145, 10922.280830709924, 6396.9625859021471, 863.68571177931392, 495.97820298835973, -5.8176417571145018, -10.107567302582979, 14087.985958703561, 10304.29401016768, 486.26085932129808, 503.53786023705578, 0, 0, 13.945333396760409
12.52, 10933.962229450242, 6400.1108397759863, 864.12580786572619, 495.58436073378869, -5.5865577467567098, -9.9947784178076944, 10930.916831139535, 6401.9208794122696, 863.62859923388407, 495.87896833765018, -5.7112545429901385, -9.9234650709549914, 14092.848567296774, 10309.329388770049, 486.26085932129808, 503.53786023705578, 0, 0, 13.935333396760409
12.530000000000001, 10942.602626693608, 6405.0651435721657, 864.06841884623202, 495.48170665656664, -5.7389019494168645, -10.265407722201561, 10939.552237322792, 6406.8781401330662, 863.56994529508859, 495.77703749898205, -5.8653938795448584, -10.193083866810229, 14097.711175889988, 10314.364767372419, 486.26085932129808, 503.53786023705578, 0, 0, 13.925333396760408
12.540000000000001, 10951.2424661897, 6410.0184485088212, 864.0121060216336, 495.38089799589244, -5.6312824598388369, -10.080866067422493, 10948.187072995855, 6411.8344092891284, 863.51235996920877, 495.67695623712012, -5.7585325879779283, -10.008126186194604, 14102.573784483202, 10319.400145974789, 486.26085932129808, 503.53786023705578, 0, 0, 13.915333396760408
12.550000000000001, 10959.881719591986, 6414.9707045328814, 863.95426215952341, 495.27736760263934, -5.7843862110175257, -10.353039325311682, 10956.821309572557, 6416.7896369627542, 863.45322510320318, 495.57416365407511, -5.9134866005577784, -10.279258304503173, 14107.436393076416, 10324.435524577159, 486.26085932129808, 503.53786023705578, 0, 0, 13.905333396760408
12.56, 10968.520410769661, 6419.9219530637547, 863.89749923147644, 495.17569125909233, -5.6762928046992673, -10.167634354700336, 10965.454970901326, 6421.743864583339, 863.39516361900075, 495.47322925700871, -5.8061484202385616, -10.093439706641142, 14112.299001669629, 10329.470903179528, 486.26085932129808, 503.53786023705578, 0, 0, 13.895333396760408
12.57, 10977.158511237967, 6424.8721437719696, 863.83919763086612, 495.07127763401007, -5.8301600610290718, -10.441362508228579, 10974.088028249211, 6426.6970419615727, 863.33554439859427, 495.36956830125115, -5.9619220406495304, -10.366095575753608, 14117.161610262843, 10334.506281781898, 486.26085932129808, 503.53786023705578, 0, 0, 13.885333396760409
12.58, 10985.796044975783, 6429.8213182850104, 863.78198173132171, 494.96872674741991, -5.7215899544369986, -10.255088659015591, 10982.720505577576, 6431.6492107330041, 863.27700335722761, 495.26777419582697, -5.8541041366684077, -10.17941054241509, 14122.024218856057, 10339.541660384268, 486.26085932129808, 503.53786023705578, 0, 0, 13.875333396760409
12.59, 10994.432983359393, 6434.7694259950731, 863.72321948445347, 494.86342292000847, -5.8762246868240409, -10.530382741145736, 10991.352374005799, 6436.6003204348617, 863.21689633396124, 495.16323818908688, -6.010702326642182, -10.453600674006378, 14126.886827449271, 10344.577038986637, 486.26085932129808, 503.53786023705578, 0, 0, 13.865333396760409
12.6, 11003.069350477976, 6439.7165087391131, 863.66554773372525, 494.75999057601479, -5.7671750728184215, -10.343234399368322, 10999.983657608862, 6441.5504129102073, 863.15787231555942, 495.06057775272382, -5.9024018401828346, -10.266043636308837, 14131.749436042484, 10349.612417589007, 486.26085932129808, 503.53786023705578, 0, 0, 13.855333396760409
12.609999999999999, 11011.705117568123, 6444.6625156290429, 863.60632192106164, 494.65378952066681, -5.9225812663659987, -10.620105534797, 11008.614327357578, 6446.4994374209409, 863.09727401964392, 494.95515996646191, -6.0598295915455056, -10.541778626193816, 14136.612044635698, 10354.647796191377, 486.26085932129808, 503.53786023705578, 0, 0, 13.84533339676041
12.620000000000001, 11020.340308829936, 6449.6074887126942, 863.54819142792257, 494.54946875032061, -5.8130493139036323, -10.432077034619967, 11017.244407441229, 6451.4474360190106, 863.03776358324808, 494.8516265268226, -5.9510436395868256, -10.353343963933423, 14141.474653228912, 10359.683174793747, 486.26085932129808, 503.53786023705578, 0, 0, 13.835333396760408
12.630000000000001, 11028.97489535957, 6454.5513768197316, 863.48849911824425, 494.44236338591361, -5.9692309678316349, -10.710536440701601, 11025.873868681165, 6456.3943576891052, 862.9766705235038, 494.7453201818937, -6.1093059744271994, -10.630634492890762, 14146.337261822126, 10364.718553396116, 486.26085932129808, 503.53786023705578, 0, 0, 13.825333396760408
12.640000000000001, 11037.608901468679, 6459.4942222102809, 863.42990698002768, 494.33714716527652, -5.8592138216527108, -10.521622063707174, 11034.502735381653, 6461.3402446934442, 862.91667020700947, 494.64090701655527, -6.0000316494292152, -10.441316533842732, 14151.199870415339, 10369.753931998486, 486.26085932129808, 503.53786023705578, 0, 0, 13.815333396760408
12.65, 11046.242298112236, 6464.4359734297759, 863.3697452305355, 494.22913035476262, -6.0161749492147969, -10.801681051391109, 11043.13097821368, 6466.2850457376044, 862.85507887080678, 494.53370528287076, -6.1591336202687561, -10.720173368450729, 14156.062479008553, 10374.789310600856, 486.26085932129808, 503.53786023705578, 0, 0, 13.805333396760409
12.66, 11054.875109714083, 6469.3766729520694, 863.31068853324018, 494.12301160450397, -5.9056697295305787, -10.611875025866679, 11051.75862159719, 6471.2288032954748, 862.79458519090815, 494.42840561899408, -6.0493679898592729, -10.529966387667903, 14160.925087601767, 10379.824689203226, 486.26085932129808, 503.53786023705578, 0, 0, 13.795333396760409
12.67, 11063.507307087262, 6474.3162690363642, 863.25005438966093, 494.01407615449745, -6.0634143579305926, -10.893545000650327, 11060.385636051897, 6476.1714657916073, 862.7324920441099, 494.32030161518253, -6.2093146798252539, -10.810400381155192, 14165.787696194981, 10384.860067805595, 486.26085932129808, 503.53786023705578, 0, 0, 13.785333396760409
12.68, 11072.138914768435, 6479.2548043716843, 863.19053020805984, 493.9070477394888, -5.9524181601065145, -10.702841500864514, 11069.01204611412, 6481.1130759129692, 862.67150149624513, 494.21410862917998, -6.099054786481763, -10.61929860025527, 14170.650304788194, 10389.895446407965, 486.26085932129808, 503.53786023705578, 0, 0, 13.775333396760409
12.69, 11080.769903427967, 6484.1922269289844, 863.12942070475572, 493.79718639985123, -6.1109503304107271, -10.98613396375676, 11077.637822151386, 6486.0535818011567, 862.6089029831503, 494.10509542224639, -6.2598513094802195, -10.901320693360674, 14175.512913381408, 10394.930825010335, 486.26085932129808, 503.53786023705578, 0, 0, 13.765333396760409
12.700000000000001, 11089.40029771598, 6489.1285796139164, 863.06942610250928, 493.68924112875902, -5.9994602246415063, -10.794527109217761, 11086.262988817092, 6490.9930263576371, 862.5474120414483, 493.99800223944845, -6.1490941702036626, -10.709318279796102, 14180.375521974622, 10399.966203612705, 486.26085932129808, 503.53786023705578, 0, 0, 13.755333396760408
12.710000000000001, 11098.030068159405, 6494.0638101071554, 863.00783826259237, 493.57844659218193, -6.1587839916858051, -11.079453657711428, 11094.887516325656, 6495.9313574391063, 862.4843045847374, 493.88807284443209, -6.3107456710913734, -10.992939501636393, 14185.238130567835, 10405.001582215074, 486.26085932129808, 503.53786023705578, 0, 0, 13.745333396760408
12.720000000000001, 11106.659239522478, 6498.9979615324501, 862.94737029236569, 493.4695772170578, -6.0467970226671834, -10.886937512415598, 11103.511429448263, 6500.8686181629655, 862.42230970196658, 493.78007253875256, -6.1994882770763793, -10.800030567954849, 14190.100739161049, 10410.036960817444, 486.26085932129808, 503.53786023705578, 0, 0, 13.735333396760408
12.73, 11115.287782187934, 6503.9309812781448, 862.88530112781609, 493.35784211864302, -6.2069164549638716, -11.173509841477419, 11112.134698245292, 6505.8047560990472, 862.35868970264823, 493.66921991838348, -6.3619999318365839, -11.085262036908862, 14194.963347754263, 10415.072339419814, 486.26085932129808, 503.53786023705578, 0, 0, 13.725333396760409
12.74, 11123.915721034766, 6508.8629126875694, 862.82435683140056, 493.24804133451164, -6.0944296415549912, -10.980078413137473, 11120.757347606432, 6510.7398145821353, 862.29618731016694, 493.56030551198353, -6.2502392481321465, -10.891440639993764, 14199.825956347477, 10420.107718022184, 486.26085932129808, 503.53786023705578, 0, 0, 13.715333396760409
12.75, 11132.543026300757, 6513.7937028546667, 862.7618033431886, 493.13535825134954, -6.2553488211965815, -11.268308316211309, 11129.379347437094, 6515.6737408932204, 862.23205114752648, 493.44852257633755, -6.413616264051468, -11.178293564598601, 14204.68856494069, 10425.143096624553, 486.26085932129808, 503.53786023705578, 0, 0, 13.705333396760409
12.76, 11141.169722980316, 6518.7233953438472, 862.70037975162779, 493.02461869579469, -6.1423591560849635, -11.073955555485091, 11138.000722746185, 6520.6065785859282, 862.16903765523421, 493.33868703928846, -6.3013492292240887, -10.983553704910538, 14209.551173533904, 10430.178475226923, 486.26085932129808, 503.53786023705578, 0, 0, 13.695333396760409
12.77, 11149.795781165505, 6523.6519369525668, 862.63733892984135, 492.91098014653954, -6.3040821786467767, -11.363854925511868, 11146.621443283209, 6525.5382746504138, 862.10438168678343, 493.22596664544074, -6.465596845072529, -11.272039384773311, 14214.413782127118, 10435.213853829293, 486.26085932129808, 503.53786023705578, 0, 0, 13.685333396760409
12.780000000000001, 11158.421225966809, 6528.579371467823, 862.57543306356138, 492.79929439928748, -6.190586628001423, -11.168574725206081, 11155.241534177021, 6530.468872860617, 862.0408534830749, 493.11520289538504, -6.3528203708572573, -11.076375005566875, 14219.276390720332, 10440.249232431663, 486.26085932129808, 503.53786023705578, 0, 0, 13.675333396760408
12.790000000000001, 11167.046027329805, 6533.5056453884827, 862.51190188753708, 492.684692843731, -6.353117602434633, -11.460155555646061, 11163.860965020272, 6535.3983199138456, 861.97567404450422, 493.00153784706225, -6.5179438570629333, -11.366504832277638, 14224.138999313545, 10445.284611034032, 486.26085932129808, 503.53786023705578, 0, 0, 13.665333396760408
12.800000000000001, 11175.670210481714, 6538.4308027256575, 862.44951075648157, 492.57205342623195, -6.239113105554031, -11.263941749906774, 11172.479761062494, 6540.3266598058435, 861.91162749622413, 492.88983874887418, -6.404654828009102, -11.169909818805452, 14229.001607906759, 10450.319989636402, 486.26085932129808, 503.53786023705578, 0, 0, 13.655333396760408
12.81, 11184.293745220855, 6543.3547896774999, 862.38548619494077, 492.45648126487407, -6.4024561540828424, -11.557216135788567, 11181.097891738533, 6545.2538389390411, 861.84592090135573, 492.77522179610543, -6.5706594868415653, -11.461695276875663, 14233.864216499973, 10455.355368238772, 486.26085932129808, 503.53786023705578, 0, 0, 13.645333396760408
12.82, 11192.916656891861, 6548.2776504807734, 862.32260679871035, 492.34288063988123, -6.2879396230406339, -11.360062499283254, 11189.715382419332, 6550.1799015324841, 861.78135235375612, 492.66258016154956, -6.4568547599559931, -11.264163455584365, 14238.726825093187, 10460.390746841142, 486.26085932129808, 503.53786023705578, 0, 0, 13.635333396760409
12.83, 11201.538915145016, 6553.1993310307762, 862.25808580989974, 492.22633021349856, -6.4520988810560373, -11.655042638266593, 11198.332202380981, 6555.1047936916812, 861.71511489449904, 492.54700400031555, -6.6237459257105886, -11.557616123397942, 14243.5894336864, 10465.426125443511, 486.26085932129808, 503.53786023705578, 0, 0, 13.625333396760409
12.84, 11210.160545443036, 6558.1198757914781, 862.19471513789631, 492.11176078464513, -6.3370672003375539, -11.456942885345615, 11206.948377116578, 6560.0285598604951, 861.65002067119815, 492.43341258770454, -6.5094223300914065, -11.359141261104062, 14248.452042279614, 10470.461504045881, 486.26085932129808, 503.53786023705578, 0, 0, 13.615333396760409
12.85, 11218.781517287392, 6563.0392303531626, 862.12969466973345, 491.99422437385726, -6.5020468162804779, -11.753641078785595, 11215.563875742484, 6564.9511458454499, 861.58324861750543, 492.31686985958584, -6.6772053692675337, -11.654272811868712, 14253.314650872828, 10475.496882648251, 486.26085932129808, 503.53786023705578, 0, 0, 13.605333396760409
12.859999999999999, 11227.401856259563, 6567.9574394085721, 862.06582970130921, 491.87867848523086, -6.3864968424187829, -11.554588862638203, 11224.178723874704, 6569.8725963167535, 861.51762502044801, 492.20232137343652, -6.5623597057373111, -11.454848614929544, 14258.177259466042, 10480.532261250621, 486.26085932129808, 503.53786023705578, 0, 0, 13.59533339676041
12.870000000000001, 11236.021531711429, 6572.8744482407965, 862.0003066915325, 491.7601483100641, -6.5523009776671248, -11.853017516676779, 11232.792890468905, 6574.7928567798654, 861.45031462027578, 492.08480466525998, -6.7310400172252098, -11.751670817654142, 14263.039868059255, 10485.56763985299, 486.26085932129808, 503.53786023705578, 0, 0, 13.585333396760408
12.880000000000001, 11244.640569343914, 6577.7903017729332, 861.9359443961439, 491.64361824577952, -6.436229538863441, -11.65300642845485, 11241.406401264749, 6579.7119721328781, 861.38415792969624, 491.96929175594892, -6.6156690579481348, -11.551290931106834, 14267.902476652469, 10490.60301845536, 486.26085932129808, 503.53786023705578, 0, 0, 13.575333396760408
12.890000000000001, 11253.25893835852, 6582.7049449786828, 861.86991577246772, 491.52408646522821, -6.6028623676165399, -11.953178055128703, 11250.019225056234, 6584.6298875780903, 861.31630540896401, 491.85079359943296, -6.7852520732178219, -11.849815651593953, 14272.765085245683, 10495.63839705773, 486.26085932129808, 503.53786023705578, 0, 0, 13.565333396760408
12.9, 11261.876664576304, 6587.6184230130912, 861.80505310983415, 491.40656444899753, -6.4862662633622978, -11.752201623068478, 11258.631387707439, 6589.5466482430356, 861.24961188335078, 491.73430886285001, -6.6693525613183002, -11.648473658293094, 14277.627693838896, 10500.6737756601, 486.26085932129808, 503.53786023705578, 0, 0, 13.555333396760409
12.91, 11270.493717047606, 6592.5306805382552, 861.73851579010898, 491.28602316058328, -6.6537319725173889, -12.054128841423827, 11267.242857849711, 6594.4621990247351, 861.18121344590475, 491.61482173424866, -6.8398437446052016, -11.948712860137297, 14282.49030243211, 10505.709154262469, 486.26085932129808, 503.53786023705578, 0, 0, 13.545333396760409
12.92, 11279.110121714311, 6597.4417629427817, 861.67314971037683, 491.16750135528372, -6.5366079732123028, -11.852180529955692, 11275.853661472311, 6599.376585281736, 861.11397932196689, 491.49735771144987, -6.7234123937822083, -11.746402279881012, 14287.352911025324, 10510.744532864839, 486.26085932129808, 503.53786023705578, 0, 0, 13.535333396760409
12.93, 11287.725847474801, 6602.3516145749245, 861.6061006027544, 491.04594259461186, -6.7049107622414175, -12.155876067185504, 11284.463767042944, 6604.2897516036464, 861.04503114954412, 491.37687403119497, -6.8948172422781289, -12.048368025488292, 14292.215519618538, 10515.779911467209, 486.26085932129808, 503.53786023705578, 0, 0, 13.525333396760409
12.94, 11296.340920392488, 6607.2602810584794, 861.54022804666647, 490.92641310185172, -6.587255608796224, -11.952949276011505, 11293.073200676828, 6609.2017435816115, 860.97725264218013, 491.25842320805384, -6.7778507364038578, -11.845082314112686, 14297.078128211751, 10520.815290069579, 486.26085932129808, 503.53786023705578, 0, 0, 13.515333396760409
12.950000000000001, 11304.955309213001, 6612.1677064256028, 861.47266404977029, 490.80382884216567, -6.7563996896165115, -12.258425968602907, 11301.681930677034, 6614.1125054956774, 860.90775089437568, 491.13693534039658, -6.9501747804462344, -12.148786765728898, 14301.940736804965, 10525.850668671948, 486.26085932129808, 503.53786023705578, 0, 0, 13.505333396760408
12.960000000000001, 11313.569040121985, 6617.07393653692, 861.40628194883971, 490.68328370184798, -6.638210093055017, -12.054514031767807, 11310.289983285511, 6619.022083171184, 860.83942419664402, 491.01749014725459, -6.8326697731637918, -11.944519314196528, 14306.803345398179, 10530.886047274318, 486.26085932129808, 503.53786023705578, 0, 0, 13.495333396760408
12.970000000000001, 11322.18208171152, 6621.9789151062141, 861.33819995194074, 490.55966585358129, -6.8081996898984167, -12.361784826670657, 11318.897326639692, 6623.9304205764465, 860.76936501087971, 490.89499039990505, -7.0059185764293419, -12.24997473495576, 14311.665953991393, 10535.921425876688, 486.26085932129808, 503.53786023705578, 0, 0, 13.485333396760408
12.98, 11330.79446029019, 6626.8826882325984, 861.27130522863115, 490.43809704346512, -6.689472330955236, -12.156881011619969, 11327.503987109047, 6628.8375637726149, 860.70048629397229, 490.77454321122076, -6.887871690745806, -12.04471886843165, 14316.528562584606, 10540.956804479058, 486.26085932129808, 503.53786023705578, 0, 0, 13.475333396760409
12.99, 11339.406144295725, 6631.7851993091881, 861.20270211182878, 490.31343745379075, -6.8603116802364781, -12.46595896743511, 11336.109932664358, 6633.743456414084, 860.62986578546781, 490.65102383498652, -7.0620508504475703, -12.351937623423002, 14321.39117117782, 10545.992183081427, 486.26085932129808, 503.53786023705578, 0, 0, 13.465333396760409
13, 11348.017160160362, 6636.6864946752548, 861.13529167973934, 490.19083688905027, -6.7410432089450198, -12.260056474050327, 11344.715189803412, 6638.6481447994438, 860.56043119868468, 490.52956696898326, -6.9434586783169419, -12.14568660032845, 14326.253779771034, 10551.027561683797, 486.26085932129808, 503.53786023705578, 0, 0, 13.455333396760409
13.01, 11356.627476166675, 6641.5865174009314, 861.06616431414818, 490.06512734142808, -6.9127365591184695, -12.570954762221133, 11353.319726329324, 6643.5515722669597, 860.48924546043077, 490.40502015740663, -7.1185738253952886, -12.454681157664918, 14331.116388364248, 10556.062940286167, 486.26085932129808, 503.53786023705578, 0, 0, 13.445333396760409
13.02, 11365.237118871279, 6646.4853140673376, 860.99823507820429, 489.94148687420977, -6.7929235943889594, -12.364046721831587, 11361.92356886899, 6648.4537853543088, 860.41925113115781, 490.28254587571956, -6.9994329272910711, -12.247428168708549, 14335.978996957461, 10561.098318888537, 486.26085932129808, 503.53786023705578, 0, 0, 13.435333396760409
13.030000000000001, 11373.84605640078, 6651.3828274192856, 860.92858032614618, 489.81471908793105, -6.965475205812993, -12.676778627872299, 11370.526685056842, 6653.3547270814006, 860.34749623389166, 490.15696376471323, -7.175489726617549, -12.558211100631395, 14340.841605550675, 10566.133697490906, 486.26085932129808, 503.53786023705578, 0, 0, 13.425333396760408
13.040000000000001, 11382.454315436891, 6656.2791042814497, 860.86012918279607, 489.69003050690844, -6.8451143350107282, -12.468858102261589, 11379.129101649687, 6658.2544442266571, 860.27693826758059, 490.03346427203485, -7.0557966311052498, -12.349949267835365, 14345.704214143889, 10571.169076093276, 486.26085932129808, 503.53786023705578, 0, 0, 13.415333396760408
13.050000000000001, 11391.061863949448, 6661.1740870709646, 860.789943897998, 489.56219613663853, -7.0185284798028036, -12.783437026993006, 11387.730786112246, 6663.1528794893893, 860.20461025976374, 489.9068389395166, -7.2328007816824238, -12.662533251824605, 14350.566822737102, 10576.204454695646, 486.26085932129808, 503.53786023705578, 0, 0, 13.405333396760408
13.06, 11399.66872874599, 6666.0678228577799, 860.72096773541477, 489.43645116656467, -6.8976162583180969, -12.574497007384679, 11396.331765332046, 6668.0500798904404, 860.13348473991391, 489.78230638324129, -7.1125519849833267, -12.453255627530707, 14355.429431330316, 10581.239833298016, 486.26085932129808, 503.53786023705578, 0, 0, 13.395333396760408
13.07, 11408.274877638762, 6670.9602537289757, 860.65024876321274, 489.30754180188285, -7.0718972202035468, -12.890936468182947, 11404.932006603063, 6672.9459878062553, 860.06057964771253, 489.654629848767, -7.2905092201437158, -12.76765344742747, 14360.29203992353, 10586.275211900385, 486.26085932129808, 503.53786023705578, 0, 0, 13.385333396760409
13.08, 11416.880337561868, 6675.851427001513, 860.58074446150272, 489.18073210314088, -6.9504301710076994, -12.68096987419519, 11413.531536944363, 6677.8406505017911, 859.9888826358557, 489.52905631863428, -7.1697011856842057, -12.557353013272946, 14365.154648516744, 10591.310590502755, 486.26085932129808, 503.53786023705578, 0, 0, 13.375333396760409
13.09, 11425.485076169147, 6680.7412844300188, 860.50948863905103, 489.05073926807825, -7.1255822451678208, -12.99928350626401, 11422.130323478132, 6682.7340100283436, 859.91539646312276, 489.40032054303003, -7.3486172732940389, -12.873577560423966, 14370.017257109957, 10596.345969105125, 486.26085932129808, 503.53786023705578, 0, 0, 13.365333396760409
13.1, 11434.089120522009, 6685.629873580222, 860.43945307046727, 488.92285643622961, -7.0035568583725256, -12.788283184864069, 11430.728393355797, 6687.6261138966902, 859.84312399881014, 489.27369807076684, -7.2272464312580009, -12.662247226317675, 14374.879865703171, 10601.381347707495, 486.26085932129808, 503.53786023705578, 0, 0, 13.355333396760409
13.109999999999999, 11442.69243811506, 6690.5171358718726, 860.36765722695429, 488.79177158880418, -7.1795843512978266, -13.108484742541235, 11439.325713526709, 6692.5169038306731, 859.76905272707086, 489.14389495575932, -7.4071271739318263, -12.980311500752796, 14379.742474296385, 10606.416726309864, 486.26085932129808, 503.53786023705578, 0, 0, 13.34533339676041
13.120000000000001, 11451.295056137767, 6695.4031191212407, 860.29708725611727, 488.6628071541345, -7.0569970837006233, -12.896443466968556, 11447.922311275492, 6697.4064275886149, 859.69620082786287, 489.01621551472113, -7.2851899207985902, -12.767944103820835, 14384.605082889599, 10611.452104912234, 486.26085932129808, 503.53786023705578, 0, 0, 13.335333396760408
13.130000000000001, 11459.896941924682, 6700.2877644107584, 860.22474821298704, 488.53062168588428, -7.2339043130230722, -13.218546825020638, 11456.518153377598, 6702.2946265645796, 859.62154041630185, 488.88533690256696, -7.4660411560983677, -13.087861215417485, 14389.467691482812, 10616.487483514604, 486.26085932129808, 503.53786023705578, 0, 0, 13.325333396760408
13.140000000000001, 11468.498122794073, 6705.1711198090234, 860.15364069711052, 488.40056711294739, -7.1107515876463641, -13.005457293691832, 11465.113267251683, 6707.1815487661779, 859.54810507776017, 488.75659240737764, -7.3435338541737298, -12.874449518931348, 14394.330300076026, 10621.522862116974, 486.26085932129808, 503.53786023705578, 0, 0, 13.315333396760408
13.15, 11477.098565919612, 6710.0531260586858, 860.08075526829077, 488.26727234846089, -7.2885428819800397, -13.329476448649812, 11473.707619498242, 6712.0671352553481, 859.4728514632119, 488.62463008049144, -7.5253614548222352, -13.196232688618627, 14399.19290866924, 10626.558240719343, 486.26085932129808, 503.53786023705578, 0, 0, 13.305333396760409
13.16, 11485.698298749132, 6714.9338314824781, 860.00910705741478, 488.13611903562042, -7.1648210876036575, -13.115331284045231, 11482.301237670808, 6716.951434290746, 859.39882865889422, 488.49481238668238, -7.402280431762537, -12.981769380905742, 14404.055517262454, 10631.593619321713, 486.26085932129808, 503.53786023705578, 0, 0, 13.295333396760409
13.17, 11494.297288294589, 6719.8131764807813, 859.93567204955104, 488.00170623206486, -7.343500786378554, -13.441280355554399, 11490.894088193851, 6721.8343865998213, 859.32297775583561, 488.36175806726357, -7.5850903058557542, -13.305431941881508, 14408.918125855667, 10636.628997924083, 486.26085932129808, 503.53786023705578, 0, 0, 13.285333396760409
13.18, 11502.895562134143, 6724.6912096322867, 859.86347998678036, 487.86944551103403, -7.2192062770636634, -13.226072103082206, 11499.486198756631, 6726.7160406940484, 859.24836343729373, 488.23085897091141, -7.4614318541827478, -13.089909635214013, 14413.780734448881, 10641.664376526453, 486.26085932129808, 503.53786023705578, 0, 0, 13.275333396760409
13.19, 11511.493087117202, 6729.5678709925969, 859.78949219947674, 487.73390585768124, -7.3987787303581785, -13.553965335276599, 11508.077535606511, 6731.5963369640021, 859.17191113783963, 488.09670432056959, -7.6452299454069168, -13.415465034185202, 14418.643343042095, 10646.699755128822, 486.26085932129808, 503.53786023705578, 0, 0, 13.265333396760409
13.200000000000001, 11520.089890953022, 6734.4432093982041, 859.71675312122704, 487.60052899306004, -7.2739078249648736, -13.337686462118322, 11516.668126569342, 6736.475324175768, 859.09670123461945, 487.96471555793306, -7.5209903220158072, -13.19887626365102, 14423.505951635309, 10651.735133731192, 486.26085932129808, 503.53786023705578, 0, 0, 13.255333396760408
13.210000000000001, 11528.685940327625, 6739.3171645574012, 859.64220934729371, 487.46385361080996, -7.4543773933304065, -13.66753822500849, 11525.257937714297, 6741.3529423806376, 859.01964340852078, 487.82945217731219, -7.7057826098626174, -13.526338062086037, 14428.368560228522, 10656.770512333562, 486.26085932129808, 503.53786023705578, 0, 0, 13.245333396760408
13.220000000000001, 11537.281263082141, 6744.189785566341, 859.5689200835435, 487.32935179962061, -7.3289263750245679, -13.450181118937936, 11533.846997004677, 6746.2292406011184, 858.94383382816557, 487.69636542446784, -7.5809580355187354, -13.308675284434115, 14433.231168821736, 10661.805890935932, 486.26085932129808, 503.53786023705578, 0, 0, 13.235333396760408
13.23, 11545.875825738362, 6749.0610117834503, 859.49381710925036, 487.19153174052235, -7.5102974293111133, -13.782005909828335, 11542.435270330379, 6751.1041585467892, 858.8661663228105, 487.55998485286943, -7.7667505355077138, -13.638057159843544, 14438.09377741495, 10666.841269538301, 486.26085932129808, 503.53786023705578, 0, 0, 13.225333396760409
13.24, 11554.469656270072, 6753.9308925664236, 859.41997448379959, 487.05589611174207, -7.3842625450739936, -13.563562878027691, 11551.022785793028, 6755.9777454984051, 858.78975295086707, 487.42579172534619, -7.6413371943454473, -13.419312752327095, 14442.956386008163, 10671.876648140671, 486.26085932129808, 503.53786023705578, 0, 0, 13.215333396760409
13.25, 11563.06272103399, 6758.7993669212428, 859.34430908913714, 486.91692235851258, -7.5665394662480097, -13.89737532294863, 11559.609509102143, 6760.8499408213838, 858.71147159128463, 487.28828544035059, -7.828135958244844, -13.750628499557672, 14447.818994601377, 10676.912026743041, 486.26085932129808, 503.53786023705578, 0, 0, 13.205333396760409
13.26, 11571.655048137342, 6763.6664844690395, 859.2699099198735, 486.78014397260489, -7.43991692635975, -13.677838590770104, 11568.195468498556, 6765.7207940565731, 858.63445029131219, 487.15297749276334, -7.7021299972396653, -13.530794758723898, 14452.681603194591, 10681.947405345411, 486.26085932129808, 503.53786023705578, 0, 0, 13.195333396760409
13.27, 11580.246603770924, 6768.5321838607488, 859.19367887882026, 486.64000743814557, -7.6231041053184097, -14.013653445932079, 11576.780629510302, 6770.5902442227571, 858.55555088017934, 487.01433690985061, -7.8899411132900816, -13.864058291273587, 14457.544211787805, 10686.98278394778, 486.26085932129808, 503.53786023705578, 0, 0, 13.185333396760409
13.280000000000001, 11588.8374161762, 6773.3965149828573, 859.11871997799176, 486.50207728658893, -7.4958900828502557, -13.793015155666932, 11585.365020518308, 6775.4583411227404, 858.47791749376199, 486.87790563553301, -7.7633386417388035, -13.643127431761627, 14462.406820381018, 10692.01816255015, 486.26085932129808, 503.53786023705578, 0, 0, 13.175333396760408
13.290000000000001, 11597.427451377192, 6778.259416128627, 859.0419200587894, 486.36076881349953, -7.6799919202345386, -14.130847308942233, 11593.948606868011, 6780.3250234261786, 858.39839581141314, 486.73812210770183, -7.9521682348821621, -13.978352783120647, 14467.269428974232, 10697.05354115252, 486.26085932129808, 503.53786023705578, 0, 0, 13.165333396760408
13.300000000000001, 11606.016737750399, 6783.1209374518339, 858.96639823328417, 486.22167781831405, -7.5521825505212927, -13.90909951854613, 11602.531417081327, 6785.1903411997155, 858.32014615817457, 486.60055893833766, -7.8249653238626147, -13.756316936416813, 14472.132037567446, 10702.08891975489, 486.26085932129808, 503.53786023705578, 0, 0, 13.155333396760408
13.31, 11614.605241152212, 6787.9810168854183, 858.88902619871897, 486.07918817840442, -7.7372034565204428, -14.248963990964899, 11611.113416319975, 6790.0542327613593, 858.23999796261489, 486.45962375572344, -8.0148195559690123, -14.093518261421844, 14476.99464616066, 10707.124298357259, 486.26085932129808, 503.53786023705578, 0, 0, 13.145333396760408
13.32, 11623.192990094974, 6792.8397048524012, 858.81293825035266, 485.93892719167673, -7.6087948366303282, -14.026098672770006, 11619.694633247766, 6794.9167484434956, 858.16112784023687, 486.32092006097741, -7.8870122377964771, -13.87036947460253, 14481.857254753873, 10712.159676959629, 486.26085932129808, 503.53786023705578, 0, 0, 13.135333396760409
13.33, 11631.779950266593, 6797.6969389227252, 858.73499085804474, 485.79524708547615, -7.7947392307919374, -14.368010620056758, 11628.275032841571, 6799.7778262099482, 858.0803488671578, 486.17882445046911, -8.0778973079034682, -14.209561050830027, 14486.719863347087, 10717.195055561999, 486.26085932129808, 503.53786023705578, 0, 0, 13.125333396760409
13.34, 11640.36615031606, 6802.5527697906309, 858.65833358385487, 485.65380688888155, -7.6657274189878537, -14.144019659459628, 11636.854643908007, 6804.6375166607604, 858.00085405140203, 486.03897153761631, -7.9494815755777752, -13.985291285281392, 14491.582471940301, 10722.230434164368, 486.26085932129808, 503.53786023705578, 0, 0, 13.115333396760409
13.35, 11648.95155576194, 6807.4071346603641, 858.57980758655469, 485.50892694514579, -7.852599730013301, -14.487994373574514, 11645.433431237963, 6809.4957574030095, 857.91944001420086, 485.89570666247187, -8.1414037201216622, -14.326487514444397, 14496.445080533515, 10727.265812766738, 486.26085932129808, 503.53786023705578, 0, 0, 13.105333396760409
13.359999999999999, 11657.536195390694, 6812.2600844993804, 858.50257777910269, 485.3662982494688, -7.7229807452042412, -14.26286956769726, 11654.011423781776, 6814.3525993063377, 857.8393162589332, 485.75469577602632, -8.0123755267636447, -14.101088644556322, 14501.307689126728, 10732.301191369108, 486.26085932129808, 503.53786023705578, 0, 0, 13.09533339676041
13.370000000000001, 11666.120034550673, 6817.1115561435035, 858.42346992499529, 485.22020902468472, -7.9107854107445732, -14.608922478409617, 11662.588586143213, 6819.2079796184898, 857.75726284873497, 485.61025273548699, -8.2053410198181922, -14.444304053932232, 14506.170297719942, 10737.336569971478, 486.26085932129808, 503.53786023705578, 0, 0, 13.085333396760408
13.380000000000001, 11674.703102166639, 6821.9616008354205, 858.34566437267608, 485.07638246933743, -7.7805552319241444, -14.382655534728535, 11671.164947417257, 6824.0619494806651, 857.67650588595404, 485.46807505682938, -8.075696278092364, -14.217767865760866, 14511.032906313156, 10742.371948573847, 486.26085932129808, 503.53786023705578, 0, 0, 13.075333396760408
13.390000000000001, 11683.28536341586, 6826.8101550397823, 858.26597140569231, 484.92907444722522, -7.9692966983750004, -14.730802211220791, 11679.740472019403, 6828.914445778667, 857.5938087716379, 485.32244488573292, -8.2697114316135938, -14.563017109648223, 14515.895514906369, 10747.407327176217, 486.26085932129808, 503.53786023705578, 0, 0, 13.065333396760408
13.4, 11691.866847362227, 6831.6572702765425, 858.18758689305173, 484.78404059976339, -7.838451264059775, -14.503384746185182, 11688.315189190216, 6833.7655199272294, 857.5124143115064, 485.17909153273723, -8.1394460131499677, -14.335335299569673, 14520.758123499583, 10752.442705778587, 486.26085932129808, 503.53786023705578, 0, 0, 13.055333396760409
13.41, 11700.447519011061, 6836.502882636405, 858.10730555318821, 484.63550419077666, -8.028133986346484, -14.85364089867177, 11696.889063155755, 6838.6151084475823, 857.42906913973422, 485.03226520112963, -8.3345171772182063, -14.682633160758703, 14525.620732092797, 10757.478084380957, 486.26085932129808, 503.53786023705578, 0, 0, 13.045333396760409
13.42, 11709.027407566213, 6841.3470439186476, 858.02833886124824, 484.48925354641375, -7.8966691940005305, -14.625064436288008, 11705.462123303116, 6843.4632630299939, 857.34703287061404, 484.88772722778873, -8.2036269120193133, -14.453797334089144, 14530.483340686011, 10762.513462983326, 486.26085932129808, 503.53786023705578, 0, 0, 13.035333396760409
13.43, 11717.606477860179, 6846.1896898372243, 857.94746588489465, 484.33947908723707, -8.0872976353630648, -14.977445917667264, 11714.034333667751, 6848.3099198284626, 857.26303526586321, 484.7396956405351, -8.399760475088403, -14.803158725363934, 14535.345949279224, 10767.548841585696, 486.26085932129808, 503.53786023705578, 0, 0, 13.025333396760409
13.44, 11726.184759237627, 6851.0308724728138, 857.86791379148656, 484.19200206835649, -7.9552093408138589, -14.747701888057247, 11722.605723784236, 6853.1551308108092, 857.18035285435394, 484.59396403658553, -8.2682411509268015, -14.573160394955233, 14540.208557872438, 10772.584220188066, 486.26085932129808, 503.53786023705578, 0, 0, 13.015333396760409
13.450000000000001, 11734.762216357347, 6855.8705271597928, 857.78644591176067, 484.04097982140064, -8.1467879725860897, -15.102224695586896, 11731.176257496249, 6857.9988317611205, 857.09569841895325, 484.44471803297932, -8.4654435400749719, -14.924600360618211, 14545.071166465652, 10777.619598790436, 486.26085932129808, 503.53786023705578, 0, 0, 13.005333396760408
13.460000000000001, 11743.338878705667, 6860.7087062623414, 857.70630519186636, 483.89226677706552, -8.0140719894263786, -14.871304433510753, 11739.745964486803, 6862.8410749268087, 857.01236550993451, 484.29778372352513, -8.3332909018756851, -14.693430945419008, 14549.933775058866, 10782.654977392805, 486.26085932129808, 503.53786023705578, 0, 0, 12.995333396760408
13.470000000000001, 11751.914710766792, 6865.5453447324053, 857.62423913895827, 483.73998692996042, -8.2066052908118703, -15.227984710511596, 11748.314808406614, 6867.6817957193443, 856.92704982410396, 484.14731407689669, -8.5315685830604693, -15.046964662842317, 14554.796383652079, 10787.690355995175, 486.26085932129808, 503.53786023705578, 0, 0, 12.985333396760408
13.48, 11760.489742169573, 6870.380495219787, 857.54350656506028, 483.59002813542168, -8.0732573897980053, -14.995879453873304, 11756.882819088105, 6872.52104666779, 856.84306204078121, 483.99916792203226, -8.3987783322789742, -14.8146154864432, 14559.658992245293, 10792.725734597545, 486.26085932129808, 503.53786023705578, 0, 0, 12.975333396760409
13.49, 11769.063937222747, 6875.2140922911176, 857.46083906658384, 483.43648080050713, -8.2667498476392964, -15.354733491456301, 11765.449959987842, 6877.3587628082705, 856.75708066267532, 483.84746533935584, -8.5981378105932169, -15.170258267642152, 14564.521600838507, 10797.761113199915, 486.26085932129808, 503.53786023705578, 0, 0, 12.965333396760409
13.5, 11777.63732569855, 6880.0461888839654, 857.37951140902305, 483.28526645670934, -8.1327657560778785, -15.12143437977721, 11774.016261088627, 6882.1949969535808, 856.67243360662951, 483.69809813378794, -8.4647056045806899, -14.936720556789977, 14569.384209431721, 10802.796491802284, 486.26085932129808, 503.53786023705578, 0, 0, 12.955333396760409
13.51, 11786.209871729361, 6884.8767191767402, 857.29623919037681, 483.13044167052323, -8.3272218646282372, -15.482478618610676, 11782.581685651679, 6887.0296837617416, 856.58578207238429, 483.54515325528757, -8.6651534245188753, -15.294487850035308, 14574.246818024934, 10807.831870404654, 486.26085932129808, 503.53786023705578, 0, 0, 12.945333396760409
13.52, 11794.781605231676, 6889.7057363969416, 857.21431321771922, 482.97796190360839, -8.1925972657582751, -15.247976691483611, 11791.146263811172, 6891.8628763313845, 856.50047132362545, 483.39455572795629, -8.5310748758819646, -15.059752733129351, 14579.109426618148, 10812.867249007024, 486.26085932129808, 503.53786023705578, 0, 0, 12.935333396760409
13.530000000000001, 11803.352490160623, 6894.5331743318193, 857.13043300245477, 482.82184962637263, -8.3880215264407543, -15.611227723573965, 11799.709958631765, 6896.6945089396459, 856.41314514740941, 483.24035912671059, -8.73261762160163, -15.419660124571735, 14583.972035211362, 10817.902627609394, 486.26085932129808, 503.53786023705578, 0, 0, 12.925333396760408
13.540000000000001, 11811.92255657784, 6899.3590865009955, 857.04790548186691, 482.66809448718203, -8.252752058791561, -15.375513919061811, 11808.272800399995, 6901.5246349731187, 856.32716626443403, 483.08852194040952, -8.5978882975366062, -15.183718630105766, 14588.834643804576, 10822.938006211763, 486.26085932129808, 503.53786023705578, 0, 0, 12.915333396760408
13.550000000000001, 11820.491768260312, 6904.183406297594, 856.96341399206733, 482.51068460228635, -8.4491489799578474, -15.740988489570876, 11816.834751982749, 6906.3531883252463, 856.23916093850278, 482.93306412195517, -8.8005325931275955, -15.545781845435609, 14593.697252397789, 10827.973384814133, 486.26085932129808, 503.53786023705578, 0, 0, 12.905333396760408
13.56, 11829.060155415696, 6909.0061875355705, 856.88028168970015, 482.35564406586025, -8.3132302367177555, -15.504053642612766, 11825.395843819932, 6911.1802226727305, 856.1525094583551, 482.77997787295067, -8.6651480147645046, -15.308624900448738, 14598.559860991003, 10833.008763416503, 486.26085932129808, 503.53786023705578, 0, 0, 12.895333396760408
13.57, 11837.627681641943, 6913.8273632109313, 856.79517564636615, 482.19692637934327, -8.5106043334000123, -15.871768651700204, 11833.956038579436, 6916.0056715224891, 856.06382045310988, 482.62324927488487, -8.8689005245193631, -15.672859806579789, 14603.422469584217, 10838.044142018873, 486.26085932129808, 503.53786023705578, 0, 0, 12.885333396760409
13.58, 11846.194377293628, 6918.646987434201, 856.71143532774863, 482.04059034441877, -8.3740318617531972, -15.633603492447632, 11842.515366855541, 6920.8295888435023, 855.97649189144761, 482.46890449253448, -8.7328561662327164, -15.434478235038844, 14608.28507817743, 10843.079520621242, 486.26085932129808, 503.53786023705578, 0, 0, 12.875333396760409
13.59, 11854.760205788758, 6923.4649928012459, 856.62571145119443, 481.88055458444717, -8.5723876554198153, -16.00357599715884, 11851.073791115916, 6925.6519077533012, 855.88711465549829, 482.31089548411614, -8.9377235949294143, -15.80090084183592, 14613.147686770644, 10848.114899223612, 486.26085932129808, 503.53786023705578, 0, 0, 12.865333396760409
13.6, 11863.325197629727, 6928.2814337214177, 856.54135988163557, 481.72291287295411, -8.4351569558881945, -15.764171149308309, 11859.631342110239, 6930.4726825153375, 855.79910450666182, 482.155282630486, -8.8010148836529609, -15.561285363015642, 14618.010295363858, 10853.150277825982, 486.26085932129808, 503.53786023705578, 0, 0, 12.855333396760409
13.609999999999999, 11871.889316053697, 6933.0962423873925, 856.45501489189371, 481.5615486892994, -8.6344989741818736, -16.136418365469439, 11868.18798210471, 6935.2918458548684, 855.70903446689351, 481.99598351223574, -9.0070039768281553, -15.929911825028285, 14622.872903957072, 10858.185656428352, 486.26085932129808, 503.53786023705578, 0, 0, 12.84533339676041
13.620000000000001, 11880.452591711792, 6937.9094735096342, 856.37004883689417, 481.40259104585385, -8.4966054999531391, -15.89576434455692, 11876.743742005436, 6940.1094523320326, 855.62033820397994, 481.83909298171722, -8.8696262913544359, -15.689053051854875, 14627.735512550285, 10863.221035030721, 486.26085932129808, 503.53786023705578, 0, 0, 12.835333396760408
13.630000000000001, 11889.014987659419, 6942.7210588745456, 856.28307945412973, 481.2398880093665, -8.6969382764427063, -16.270303648734718, 11885.2985838759, 6944.9254342768991, 855.52957076562393, 481.67849398501608, -9.0767438355993963, -16.059899670114397, 14632.598121143499, 10868.256413633091, 486.26085932129808, 503.53786023705578, 0, 0, 12.825333396760408
13.640000000000001, 11897.576534697346, 6947.5310534960099, 856.19749567980296, 481.07960410076259, -8.5583774326823185, -16.028390860387603, 11893.85253877968, 6949.739846548533, 855.44018384056528, 481.52031610394141, -8.938692505861777, -15.817788107468097, 14637.460729736713, 10873.291792235461, 486.26085932129808, 503.53786023705578, 0, 0, 12.815333396760408
13.65, 11906.137195698318, 6952.3393887510483, 856.10989862473707, 480.9155517028442, -8.7597055065880127, -16.405239791841637, 11902.405568576287, 6954.552621078873, 855.3487143872743, 481.35840739062866, -9.1469453291000775, -16.190871331275911, 14642.323338329927, 10878.327170837831, 486.26085932129808, 503.53786023705578, 0, 0, 12.805333396760409
13.66, 11914.697001613669, 6957.1461199592968, 856.02369389823957, 480.75393111754414, -8.6204726497446433, -16.162058530004959, 11910.957704487815, 6959.3638130281734, 855.25863223091983, 481.19893241688595, -9.0082156354469358, -15.947497374269423, 14647.18594692314, 10883.3625494402, 486.26085932129808, 503.53786023705578, 0, 0, 12.795333396760409
13.67, 11923.255915132568, 6961.9511780852536, 855.93546589258278, 480.58851876961705, -8.8228005656772481, -16.541234792706391, 11919.508908168533, 6964.1733539272718, 855.16645612484751, 481.03570407885547, -9.2176106072352368, -16.322833803050486, 14652.048555516354, 10888.39792804257, 486.26085932129808, 503.53786023705578, 0, 0, 12.785333396760409
13.68, 11931.813967357843, 6966.7546187566641, 855.84863698255504, 480.42555101723866, -8.6828910027790158, -16.29677523783819, 11928.059211000114, 6968.9812992399002, 855.07567414705056, 480.87492220150267, -9.0781977796934896, -16.078187735278082, 14656.911164109568, 10893.43330664494, 486.26085932129808, 503.53786023705578, 0, 0, 12.775333396760409
13.69, 11940.371120794172, 6971.556372522331, 855.75977474945046, 480.25876805021363, -8.8862233104631105, -16.678296702501768, 11936.608574430313, 6973.7875800927968, 854.98278672893537, 480.71036426029821, -9.2887418115152443, -16.455794120446399, 14661.773772702782, 10898.46868524731, 486.26085932129808, 503.53786023705578, 0, 0, 12.765333396760409
13.700000000000001, 11948.927406696823, 6976.356495320495, 855.67231842646652, 480.09444256101636, -8.7456322983981689, -16.432548919725321, 11945.157030001448, 6978.5922522554829, 854.89130031864499, 480.54826559917626, -9.148641029036634, -16.209866112191662, 14666.636381295995, 10903.504063849679, 486.26085932129808, 503.53786023705578, 0, 0, 12.755333396760408
13.710000000000001, 11957.482787385055, 6981.154917281061, 855.58281869094253, 479.92627822475748, -8.9499735523965693, -16.816433625886514, 11953.704538953474, 6983.3952464475706, 854.79769690789897, 480.38236800558565, -9.3603410746062856, -16.589759359059592, 14671.498989889209, 10908.539442452049, 486.26085932129808, 503.53786023705578, 0, 0, 12.745333396760408
13.720000000000001, 11966.03729426752, 6985.9516946551739, 855.4947317279707, 479.7605843491263, -8.8086962971878222, -16.569387563116873, 11962.251132990434, 6988.1966187467069, 854.7055014332559, 480.21894261093087, -9.2195474643063058, -16.342539465479078, 14676.361598482423, 10913.574821054419, 486.26085932129808, 503.53786023705578, 0, 0, 12.735333396760408
13.73, 11974.590889477142, 6990.7467571506068, 855.40459121740446, 479.59102781191388, -9.0140510566209411, -16.955653721243472, 11970.796773143189, 6992.9962994623211, 854.61117732805712, 480.05169524457887, -9.432410519877747, -16.724736635199839, 14681.224207075637, 10918.610199656789, 486.26085932129808, 503.53786023705578, 0, 0, 12.725333396760409
13.74, 11983.14360457691, 6995.5401613338445, 855.31587039027761, 479.42395481984124, -8.8720827126818484, -16.707299207264114, 11979.341491278596, 6997.794344982548, 854.51826813649461, 479.88693309663427, -9.2909191562539046, -16.476214794458713, 14686.08681566885, 10923.645578259158, 486.26085932129808, 503.53786023705578, 0, 0, 12.715333396760409
13.75, 11991.695401512481, 7000.331836487263, 855.2250858348682, 479.2529951678323, -9.0784555409380125, -17.095965200895879, 11987.885248217122, 7002.5906852035487, 854.4232186138853, 479.71832576557432, -9.5049522609293096, -16.860733105995767, 14690.949424262064, 10928.680956861528, 486.26085932129808, 503.53786023705578, 0, 0, 12.705333396760409
13.76, 12000.246312002148, 7005.1218394951502, 855.135727922765, 479.0845322483982, -8.935791210322499, -16.84629194340868, 11996.428075989537, 7007.3853768263334, 854.32959103223459, 479.55221677420053, -9.3627581650718792, -16.610899137378482, 14695.812032855278, 10933.716335463898, 486.26085932129808, 503.53786023705578, 0, 0, 12.695333396760409
13.77, 12008.796297803374, 7009.9100992111844, 855.04429605601729, 478.91215848508477, -9.1431866747701207, -17.237376331345796, 12004.969935204599, 7012.1783493306802, 854.23381134822341, 479.38223921450532, -9.5779684011222042, -16.997755969522387, 14700.674641448491, 10938.751714066268, 486.26085932129808, 503.53786023705578, 0, 0, 12.685333396760409
13.780000000000001, 12017.345390790722, 7014.6966728399484, 854.95429784195312, 478.74229474593488, -8.9998214064148119, -16.986373914990665, 12013.5108580581, 7016.9696597328893, 854.13946068282428, 479.21477321879019, -9.435066539915649, -16.746599571514892, 14705.537250041705, 10943.787092668637, 486.26085932129808, 503.53786023705578, 0, 0, 12.675333396760408
13.790000000000001, 12025.893552532531, 7019.4814888030924, 854.86221540117208, 478.56849579159979, -9.2082440781048991, -17.379895433510853, 12022.050804945773, 7021.759237093207, 854.04294607249324, 479.04341509414093, -9.651461033101203, -17.135812464927611, 14710.399858634919, 10948.822471271007, 486.26085932129808, 503.53786023705578, 0, 0, 12.665333396760408
13.800000000000001, 12034.440815060612, 7024.2646046280106, 854.77157367250163, 478.39722025842156, -9.0641728670456558, -17.127553317821558, 12030.58980822955, 7026.5471387456664, 853.94786760930924, 478.87458186200854, -9.5078463183977675, -16.883323213237748, 14715.262467228133, 10953.857849873377, 486.26085932129808, 503.53786023705578, 0, 0, 12.655333396760408
13.81, 12042.987139753239, 7029.0459483009627, 854.67883739929755, 478.22198494959224, -9.2736273204087958, -17.523530882934171, 12039.127828090806, 7031.3332933278052, 853.85061328692632, 478.70183276328322, -9.7254322382932692, -17.274909872532767, 14720.125075821346, 10958.893228475747, 486.26085932129808, 503.53786023705578, 0, 0, 12.645333396760408
13.82, 12051.532558800465, 7033.8255776746983, 854.58754894822755, 478.04928656558945, -9.128845106997808, -17.269838400277909, 12047.664897058747, 7036.117758493855, 853.75480229166544, 478.53162199110227, -9.5810995260855254, -17.021077218096305, 14724.98768441456, 10963.928607078116, 486.26085932129808, 503.53786023705578, 0, 0, 12.635333396760409
13.83, 12060.07703338956, 7038.6034202966875, 854.49415558903218, 477.87260365448918, -9.3393359195423589, -17.668291110028349, 12056.200975099051, 7040.9004624554391, 853.65680345080125, 478.35747143596257, -9.7998840864166752, -17.41505551396774, 14729.850293007774, 10968.963985680486, 486.26085932129808, 503.53786023705578, 0, 0, 12.625333396760409
13.84, 12068.620595869812, 7043.3795343476131, 854.4022172131456, 477.69847127985418, -9.1938375886520713, -17.413237463503364, 12064.736094909333, 7045.6814631894813, 853.56025516904128, 478.18587274815343, -9.6548281759948917, -17.159868780914458, 14734.712901600988, 10973.999364282856, 486.26085932129808, 503.53786023705578, 0, 0, 12.615333396760409
13.85, 12077.163207236543, 7048.1538469327215, 854.30816351973908, 477.52032943385109, -9.4053693406523173, -17.814184600308106, 12073.270216238228, 7050.4606884784498, 853.4615069826915, 478.01031018063048, -9.8748186349751741, -17.556256752295628, 14739.575510194201, 10979.034742885226, 486.26085932129808, 503.53786023705578, 0, 0, 12.605333396760409
13.859999999999999, 12085.704899999282, 7052.9264165632312, 854.21557202253052, 477.34475184523524, -9.2591497208587423, -17.557758861585281, 12081.803371952916, 7055.2381966244857, 853.36421664001091, 477.83731312927188, -9.7290342680618807, -17.299705135861547, 14744.438118787415, 10984.070121487595, 486.26085932129808, 503.53786023705578, 0, 0, 12.59533339676041
13.870000000000001, 12094.245634960458, 7057.697169898699, 854.12085475258016, 477.16513964628916, -9.4717269950382672, -17.961219894608004, 12090.335521583627, 7060.0139149776296, 853.26471426072351, 477.66032791935066, -9.9502379287351399, -17.698520992123495, 14749.300727380629, 10989.105500089965, 486.26085932129808, 503.53786023705578, 0, 0, 12.585333396760408
13.880000000000001, 12102.785444790856, 7062.4661657835113, 854.02760694400217, 476.98810553627169, -9.3247808578005422, -17.703411001746691, 12098.866698168265, 7064.78790216779, 853.16667706283738, 477.48592198378526, -9.8037197886140159, -17.44059355653939, 14754.163335973843, 10994.140878692335, 486.26085932129808, 503.53786023705578, 0, 0, 12.575333396760408
13.890000000000001, 12111.324290099061, 7067.2333304280355, 853.9322228616121, 476.80701148037849, -9.538408239012476, -18.109405589319596, 12107.396861017294, 7069.5600851092759, 853.06641562284528, 477.30750342698792, -10.026143999204677, -17.841855679733325, 14759.025944567056, 10999.176257294705, 486.26085932129808, 503.53786023705578, 0, 0, 12.565333396760408
13.9, 12119.862203718132, 7071.998723012488, 853.83831555863378, 476.62850945693322, -9.3907302978319258, -17.850202344526391, 12115.926043340516, 7074.3305227623423, 852.96762675574701, 477.13167801342735, -9.8788867098265758, -17.582541356058488, 14763.88855316027, 11004.211635897074, 486.26085932129808, 503.53786023705578, 0, 0, 12.555333396760409
13.91, 12128.399146061862, 7076.762269294507, 853.74226143490637, 476.44592195356705, -9.6054123727362395, -18.258750336617993, 12124.454204227244, 7079.0991416022307, 852.866601367106, 476.95181533039533, -10.102538864097905, -17.986268303203545, 14768.751161753484, 11009.247014499444, 486.26085932129808, 503.53786023705578, 0, 0, 12.545333396760409
13.92, 12136.935150126619, 7081.5240287928318, 853.64769146208323, 476.26594053952726, -9.4569972823114163, -17.998141403978234, 12132.981377060367, 7083.8660009221512, 852.76705599721424, 476.77455977152397, -9.954536989180804, -17.725555887134405, 14773.613770346697, 11014.282393101814, 486.26085932129808, 503.53786023705578, 0, 0, 12.535333396760409
13.93, 12145.470176130444, 7086.2839268088001, 853.55096407569283, 476.08184791108033, -9.672738639039844, -18.40926284469128, 12141.50752070666, 7088.6310267549079, 852.66526175194633, 476.5932421075986, -10.17942452679174, -18.131766392534427, 14778.476378939911, 11019.317771704184, 486.26085932129808, 503.53786023705578, 0, 0, 12.525333396760409
13.94, 12154.004257234052, 7091.0420232023989, 853.4557282657488, 475.90037554360191, -9.5235809944013941, -18.147236747842868, 12150.032668723294, 7093.3942787293026, 852.56495502625739, 476.41454566217703, -10.030672568897989, -17.869644542157911, 14783.338987533125, 11024.353150306553, 486.26085932129808, 503.53786023705578, 0, 0, 12.515333396760409
13.950000000000001, 12162.537353458776, 7095.7982428150535, 853.35832440352658, 475.71476602482215, -9.7403862222269382, -18.560951877974606, 12158.556779753109, 7098.1556824322961, 852.46238699649962, 476.23176208697924, -10.256802975776113, -18.278357519779355, 14788.201596126339, 11029.388528908923, 486.26085932129808, 503.53786023705578, 0, 0, 12.505333396760408
13.960000000000001, 12171.069498130728, 7100.552645850752, 853.262419597948, 475.53179105484475, -9.5904805578611665, -18.29749699773993, 12167.079887528767, 7102.915297830953, 852.3613140427459, 476.05161393944638, -10.107295375376035, -18.014814753286725, 14793.064204719552, 11034.423907511293, 486.26085932129808, 503.53786023705578, 0, 0, 12.495333396760408
13.970000000000001, 12179.60065107357, 7105.3051566873619, 853.16433605547945, 475.34465279227106, -9.8083542468505414, -18.713826257365945, 12175.601950467768, 7107.6730500629528, 852.25796728090506, 475.86735344645479, -10.334676184084721, -18.426049299159097, 14797.926813312766, 11039.459286113663, 486.26085932129808, 503.53786023705578, 0, 0, 12.485333396760408
13.98, 12188.13084577987, 7110.0558358756598, 853.06775910512135, 475.16016348397767, -9.6576950358093558, -18.44893082933692, 12184.123002479479, 7112.4289994363189, 852.15612320771902, 475.68574270652965, -10.184407318604016, -18.161073992515345, 14802.78942190598, 11044.494664716032, 486.26085932129808, 503.53786023705578, 0, 0, 12.475333396760409
13.99, 12196.660041874655, 7114.8046073262703, 852.96899268735649, 474.97148453537301, -9.8766417764824066, -18.867894860463853, 12192.643001754639, 7117.183070635976, 852.05199274663175, 475.49999421265767, -10.413046108728562, -18.574849387199293, 14807.652030499194, 11049.530043318402, 486.26085932129808, 503.53786023705578, 0, 0, 12.465333396760409
14, 12205.188273018013, 7119.5515319395781, 852.87174045306165, 474.78546906564748, -9.7252234294858848, -18.601546972551063, 12201.161982380561, 7121.9353243136366, 851.94937264371595, 475.31690991493986, -10.26201029158592, -18.308429771779089, 14812.514639092407, 11054.565421920772, 486.26085932129808, 503.53786023705578, 0, 0, 12.455333396760409
14.01, 12213.715498635373, 7124.2965331552414, 852.77228797493706, 474.59523739942944, -9.9452478124617461, -19.023166621802105, 12209.679902319795, 7126.6856846979636, 851.84445349681471, 475.12966226011122, -10.491914690118204, -18.724765482866253, 14817.377247685621, 11059.600800523142, 486.26085932129808, 503.53786023705578, 0, 0, 12.445333396760409
14.02, 12222.241752555421, 7129.0396722261039, 852.67435732816728, 474.40768385731229, -9.7930646769768313, -18.755354211716789, 12218.196795838838, 7131.4342127871178, 851.74105243511735, 474.94509336368094, -10.340106169736085, -18.456889643025487, 14822.239856278835, 11064.636179125511, 486.26085932129808, 503.53786023705578, 0, 0, 12.435333396760409
14.030000000000001, 12230.766994003008, 7133.7808721170968, 852.57421561524109, 474.21588735198156, -10.014171292617311, -19.179650533070269, 12226.712620670611, 7136.1808323499554, 851.63533959660265, 474.75633531040404, -10.571283851468634, -18.875805327690326, 14827.102464872049, 11069.671557727881, 486.26085932129808, 503.53786023705578, 0, 0, 12.425333396760408
14.040000000000001, 12239.291256976512, 7138.5201944364089, 852.47560343872181, 474.02678373812392, -9.8612176519248553, -18.910361385761128, 12235.227411262054, 7140.9256047338795, 851.53115262849997, 474.5702706984211, -10.418696810269644, -18.60646119829503, 14831.965073465262, 11074.706936330251, 486.26085932129808, 503.53786023705578, 0, 0, 12.415333396760408
14.050000000000001, 12247.814500499237, 7143.2575616704435, 852.37476932782204, 473.83341018169051, -10.08341108997419, -19.337355643341915, 12243.741125115015, 7145.6684532443578, 851.42464107351793, 474.3799909313621, -10.651155498198509, -19.027976705898361, 14836.827682058476, 11079.742314932621, 486.26085932129808, 503.53786023705578, 0, 0, 12.405333396760408
14.06, 12256.336758740341, 7147.993035785652, 852.27547251619978, 473.64274440780656, -9.9296811622286771, -19.066577388393966, 12252.253796858142, 7150.4094395808606, 851.31966323300196, 474.19241941066394, -10.497784051591765, -18.757152069818428, 14841.69029065169, 11084.77769353499, 486.26085932129808, 503.53786023705578, 0, 0, 12.395333396760408
14.07, 12264.857990520601, 7152.7265387860707, 852.17394285608532, 473.4477814972135, -10.152966011443104, -19.496291059306628, 12260.765383760745, 7155.1484865818502, 851.21234791782877, 474.00060653621841, -10.731531517321695, -19.181287444551774, 14846.552899244904, 11089.81307213736, 486.26085932129808, 503.53786023705578, 0, 0, 12.385333396760409
14.08, 12273.37823018107, 7157.458132999368, 852.07395831659812, 473.25554138553071, -9.9984539487140811, -19.224011168281166, 12269.275920634467, 7159.8856563017225, 851.1065742207021, 473.81151683691741, -10.577369712667769, -18.908969930098543, 14851.415507838117, 11094.84845073973, 486.26085932129808, 503.53786023705578, 0, 0, 12.375333396760409
14.09, 12281.897436339017, 7162.1877399433315, 851.97172996863321, 473.05897672607563, -10.22283479649238, -19.656465945506834, 12277.785364514608, 7164.62087110828, 850.9984500829338, 473.6181593827805, -10.812413776831349, -19.335745413691015, 14856.278116431331, 11099.883829342099, 486.26085932129808, 503.53786023705578, 0, 0, 12.365333396760409
14.1, 12290.415643508501, 7166.915422309833, 851.87105462179534, 472.86515000878336, -10.06753468379053, -19.382671729227091, 12286.293750397099, 7169.3541934137338, 850.89187552700992, 473.42754015786045, -10.657455592388764, -19.061922492003532, 14861.140725024545, 11104.919207944469, 486.26085932129808, 503.53786023705578, 0, 0, 12.355333396760409
14.109999999999999, 12298.932810102302, 7171.6411011264918, 851.76812446063741, 472.66697111353778, -10.293016115790074, -19.817889524556524, 12294.801035081749, 7174.0855451115331, 850.78293748575925, 473.23262657259579, -10.893804125063896, -19.491358526464076, 14866.003333617758, 11109.954586546839, 486.26085932129808, 503.53786023705578, 0, 0, 12.34533339676041
14.120000000000001, 12307.448970808613, 7176.364839452408, 851.6667552409366, 472.47154543223439, -10.136921970077781, -19.542568130337983, 12303.307253750087, 7178.8149889746328, 850.67555705107009, 473.04046639750737, -10.738043468916871, -19.216017508842942, 14870.865942210972, 11114.989965149209, 486.26085932129808, 503.53786023705578, 0, 0, 12.335333396760408
14.130000000000001, 12315.964083834737, 7181.0865578210687, 851.56312015523827, 472.27173972146062, -10.363508569835901, -19.980571077378883, 12311.812362964938, 7183.542446418397, 850.5658000071694, 472.84398505011461, -10.975704390063166, -19.648134739275662, 14875.728550804186, 11120.025343751578, 486.26085932129808, 503.53786023705578, 0, 0, 12.325333396760408
14.140000000000001, 12324.478184044139, 7185.8063196618605, 851.46105401184798, 472.07470262659854, -10.206614339025938, -19.703709486210222, 12320.316398094745, 7188.2679805794824, 850.4576086561791, 472.65027242236988, -10.819135099034245, -19.371262774470541, 14880.5911593974, 11125.060722353948, 486.26085932129808, 503.53786023705578, 0, 0, 12.315333396760408
14.15, 12332.991229437655, 7190.5240450101346, 851.35671090497237, 471.87325742716428, -10.434310687563988, -20.144519943428101, 12328.81931546385, 7192.9915123913979, 850.34702749238988, 472.45221160185065, -11.058116378925353, -19.80608205192279, 14885.453767990613, 11130.096100956318, 486.26085932129808, 503.53786023705578, 0, 0, 12.305333396760409
14.16, 12341.503255055168, 7195.2397976686616, 851.25394480247735, 471.6745963774934, -10.276610249499932, -19.866104967089974, 12337.321150628941, 7197.7131053574976, 850.23802017021524, 472.25693494061704, -10.900732217466237, -19.527666123360909, 14890.316376583827, 11135.131479558688, 486.26085932129808, 503.53786023705578, 0, 0, 12.295333396760409
14.17, 12350.014218690054, 7199.953497170608, 851.14889059322797, 471.47149892228413, -10.505420924932407, -20.309745520925429, 12345.821859674361, 7202.4326799256278, 850.12660975144388, 472.0572828555396, -11.141041877141319, -19.965208507746695, 14895.178985177041, 11140.166858161057, 486.26085932129808, 503.53786023705578, 0, 0, 12.285333396760409
14.18, 12358.524155559773, 7204.6652076952614, 851.04542151236433, 471.27120128429345, -10.346908086362289, -20.029763799067826, 12354.321478346395, 7207.1502999688682, 850.01678138608179, 471.86043050123237, -10.982836536213645, -19.685235430723019, 14900.041593770255, 11145.202236763427, 486.26085932129808, 503.53786023705578, 0, 0, 12.275333396760409
14.19, 12367.033023249247, 7209.3748482695146, 850.93965313572937, 471.06643871162248, -10.576837663492613, -20.476257267097367, 12362.81996248786, 7211.8658854455516, 849.90453655960255, 471.65917527929446, -11.224482647929362, -20.125522193789152, 14904.904202363468, 11150.237615365797, 486.26085932129808, 503.53786023705578, 0, 0, 12.265333396760409
14.200000000000001, 12375.54085715468, 7214.082483452341, 850.83547807413925, 470.86449175898019, -10.417506159012213, -20.194695264230521, 12371.317348035995, 7216.5795006015524, 849.79388206216402, 471.46073549316873, -11.065449743851012, -19.843978612573618, 14909.766810956682, 11155.272993968167, 486.26085932129808, 503.53786023705578, 0, 0, 12.255333396760408
14.210000000000001, 12384.047614651539, 7218.7880317602257, 850.72899248204999, 470.65805111199626, -10.648559208926171, -20.644064698392881, 12379.813590590551, 7221.2910649017977, 849.68079765784853, 471.25786518075944, -11.30844043154559, -20.287031240930361, 14914.629419549896, 11160.308372570536, 486.26085932129808, 503.53786023705578, 0, 0, 12.245333396760408
14.220000000000001, 12392.553331315954, 7223.4915581350406, 850.62410845505076, 470.45444202498777, -10.488402699923679, -20.360908700850118, 12388.308726281104, 7226.0006429680616, 849.56931192280013, 471.05782614450095, -11.14857350483507, -20.003903625850199, 14919.49202814311, 11165.343751172906, 486.26085932129808, 503.53786023705578, 0, 0, 12.235333396760408
14.23, 12401.057964312937, 7228.1929805786822, 850.51690261715498, 470.2463102510805, -10.720583789574908, -20.813177390728839, 12396.802710462791, 7230.7081537679333, 849.45538275335412, 470.85332870626036, -11.39291694459892, -20.449743824057425, 14924.354636736323, 11170.379129775276, 486.26085932129808, 503.53786023705578, 0, 0, 12.225333396760409
14.24, 12409.561549399728, 7232.8923644191673, 850.41130665852347, 470.04102611604503, -10.559595863148905, -20.528413503548077, 12405.295579458905, 7235.4136623022259, 849.34306065876626, 470.65167852157532, -11.232209458788821, -20.165018468501739, 14929.217245329537, 11175.414508377646, 486.26085932129808, 503.53786023705578, 0, 0, 12.215333396760409
14.25, 12418.064043529881, 7237.5896271395804, 850.30337756297411, 469.83119006624787, -10.792909554939683, -20.983604979718134, 12413.787288378411, 7240.1170870372171, 849.22828151997282, 470.44554183995314, -11.47791387934538, -20.613668162218225, 14934.079853922751, 11180.449886980015, 486.26085932129808, 503.53786023705578, 0, 0, 12.205333396760409
14.26, 12426.565482642953, 7242.284834457374, 850.19706672574603, 469.62421787501324, -10.631083722802828, -20.697219123464137, 12422.277873739728, 7244.8184933559396, 849.11511792777503, 470.24226852815724, -11.316359219777526, -20.32733117958691, 14938.942462515965, 11185.485265582385, 486.26085932129808, 503.53786023705578, 0, 0, 12.195333396760409
14.27, 12435.065823480025, 7246.9779033325503, 850.08841138000446, 469.41266430340426, -10.865534574156408, -21.155357160896862, 12430.76729040407, 7249.517799219343, 848.99948359874531, 470.03448040296945, -11.563432902970682, -20.778812518777148, 14943.805071109178, 11190.520644184755, 486.26085932129808, 503.53786023705578, 0, 0, 12.185333396760409
14.280000000000001, 12443.565102164184, 7251.6688998753243, 849.98138273728921, 469.20399095272006, -10.702864271523886, -20.867335068421561, 12439.255575086401, 7254.2150703958969, 848.88547335498959, 469.82957190457574, -11.401024375571883, -20.490849839371499, 14948.667679702392, 11195.556022787125, 486.26085932129808, 503.53786023705578, 0, 0, 12.175333396760408
14.290000000000001, 12452.063275223032, 7256.3577405182978, 849.87199816894474, 468.99070651582059, -10.938456834448465, -21.328443689949662, 12447.742682398602, 7258.9102243371626, 848.76897859842097, 469.62012005256003, -11.6494756568604, -20.94518520157191, 14953.530288295606, 11200.591401389494, 486.26085932129808, 503.53786023705578, 0, 0, 12.165333396760408
14.300000000000001, 12460.560378964408, 7261.0444917678205, 849.76424881475566, 468.78031880678964, -10.774935418913831, -21.038770903094491, 12456.228649253613, 7263.6033272003024, 848.65411653355193, 469.41356422686573, -11.486206486901368, -20.655582569430937, 14958.392896888819, 11205.626779991864, 486.26085932129808, 503.53786023705578, 0, 0, 12.155333396760408
14.31, 12469.05636970142, 7265.7290695247311, 849.65413207235997, 468.56529006296, -11.011674239570715, -21.502874382962251, 12464.713430012385, 7268.2942959233869, 848.53675609599316, 469.20243628123472, -11.736043755873508, -21.112794563100302, 14963.255505482033, 11210.662158594234, 486.26085932129808, 503.53786023705578, 0, 0, 12.145333396760408
14.32, 12477.551283927896, 7270.4115406949231, 849.54565912246039, 468.35317470046812, -10.84729498996165, -21.211536249187407, 12473.197061787283, 7272.9831970555697, 848.42103702512611, 468.99422090590707, -11.571907086703126, -20.821537532767902, 14968.118114075247, 11215.697537196604, 486.26085932129808, 503.53786023705578, 0, 0, 12.135333396760409
14.33, 12486.04507774143, 7275.0918206430606, 849.43480727637825, 468.13638810930166, -11.085184608213897, -21.678659116643246, 12481.679498686715, 7277.6699470172789, 848.30280563725023, 468.78140441590028, -11.823138787587373, -21.281649000679664, 14972.980722668461, 11220.732915798973, 486.26085932129808, 503.53786023705578, 0, 0, 12.125333396760409
14.34, 12494.537787823085, 7279.7699766780361, 849.32560786914394, 467.92253170144573, -10.919940723434626, -21.385640785595491, 12490.160778023936, 7282.354612752998, 848.18622436045678, 468.57151718656115, -11.658127679349079, -20.988722933914207, 14977.843331261674, 11225.768294401343, 486.26085932129808, 503.53786023705578, 0, 0, 12.115333396760409
14.35, 12503.029370053926, 7284.4459236238763, 849.21401801241996, 467.70397362316004, -11.158985672399357, -21.855807828571994, 12498.640853653193, 7287.03711016132, 848.06711673734128, 468.35699961699481, -11.910762311545156, -21.451756956635418, 14982.705939854888, 11230.803673003713, 486.26085932129808, 503.53786023705578, 0, 0, 12.105333396760409
14.359999999999999, 12511.51986130351, 7289.1197291959706, 849.10408930971744, 467.4883626806743, -10.992870270252329, -21.561094248575948, 12507.119763090104, 7291.7175065854371, 847.94966803994259, 468.14542814680436, -11.744869739867697, -21.157147019046977, 14987.568548448102, 11235.839051606083, 486.26085932129808, 503.53786023705578, 0, 0, 12.09533339676041
14.370000000000001, 12520.009217235345, 7293.7913076732002, 848.99175855895908, 467.26801937549999, -11.233075075841288, -22.034330517430128, 12515.597459933126, 7296.395717397867, 847.82967888135772, 467.92919687761957, -11.998915858482269, -21.623126918476881, 14992.431157041316, 11240.874430208452, 486.26085932129808, 503.53786023705578, 0, 0, 12.085333396760408
14.380000000000001, 12528.497474908756, 7298.46072718099, 848.88109774704071, 467.05064031118087, -11.066081191832644, -21.737906431910485, 12524.073981901733, 7301.0718103439322, 847.71135753422618, 467.71592869685855, -11.832134713149358, -21.326818076099531, 14997.293765634529, 11245.909808810822, 486.26085932129808, 503.53786023705578, 0, 0, 12.075333396760408
14.390000000000001, 12536.98458976867, 7303.1279014485153, 848.76802324331788, 466.82849793874857, -11.307450372282357, -22.214237243228478, 12532.549282336935, 7305.7457002657875, 847.59048152493085, 467.49797102266785, -12.08760092953815, -21.795767419072057, 15002.156374227743, 11250.945187413192, 486.26085932129808, 503.53786023705578, 0, 0, 12.065333396760408
14.4, 12545.47059906546, 7307.7928990148248, 848.65662753373374, 466.60933706687791, -11.139570958413195, -21.916087187065671, 12541.023399163583, 7310.4174553143494, 847.47128228479949, 467.28299357831912, -11.919924013138857, -21.497744434873816, 15007.018982820957, 11255.980566015562, 486.26085932129808, 503.53786023705578, 0, 0, 12.055333396760409
14.41, 12553.955458024444, 7312.4556330547748, 848.54280644349558, 466.38538168560234, -11.382109023816048, -22.395538127555014, 12549.496285463581, 7315.086989797077, 847.34951409484484, 467.06329670795066, -12.176818995467206, -21.969687036846956, 15011.881591414171, 11261.015944617931, 486.26085932129808, 503.53786023705578, 0, 0, 12.045333396760409
14.42, 12562.439204088338, 7317.1161725246675, 848.43067307402202, 466.16442522136867, -11.213336947356927, -22.095646423368486, 12557.967979368677, 7319.7543722739865, 847.22943170462463, 466.84659736327893, -12.008239022024402, -21.669934467171718, 15016.744200007384, 11266.051323220301, 486.26085932129808, 503.53786023705578, 0, 0, 12.035333396760409
14.43, 12570.921792261817, 7321.7744300403783, 848.31610259003025, 465.93864278783059, -11.457048399177614, -22.578243353810453, 12566.438433699999, 7324.4195165134597, 847.10676598966631, 466.62514841931915, -12.266571495830512, -22.144894395976575, 15021.606808600598, 11271.086701822671, 486.26085932129808, 503.53786023705578, 0, 0, 12.025333396760409
14.44, 12579.403260181251, 7326.4304749791409, 848.20322882561607, 465.71587684674904, -11.287376441419545, -22.276594108155326, 12574.907686797733, 7329.082491488165, 846.98579517877226, 466.40671445345009, -12.097081089400127, -21.843396586904056, 15026.469417193812, 11276.122080425041, 486.26085932129808, 503.53786023705578, 0, 0, 12.015333396760409
14.450000000000001, 12587.88356262964, 7331.084219393133, 848.08790616789599, 465.48825321507456, -11.532265772010469, -22.762363167444843, 12583.375691220544, 7333.7432104229747, 846.86222658039048, 466.18350047178427, -12.35685983817539, -22.321398166580842, 15031.332025787025, 11281.15745902741, 486.26085932129808, 503.53786023705578, 0, 0, 12.005333396760408
14.460000000000001, 12596.362737438325, 7335.7357330842433, 847.97428930162596, 465.26366381240507, -11.361686627007071, -22.458940266948634, 12591.842485518619, 7338.4017427068047, 846.74036206507617, 465.96331907928197, -12.186451531431546, -22.018139250231016, 15036.194634380239, 11286.19283762978, 486.26085932129808, 503.53786023705578, 0, 0, 11.995333396760408
14.470000000000001, 12604.840739167594, 7340.3849275361863, 847.85821171843486, 465.03418473364297, -11.607758319114469, -22.947907876208159, 12600.308021986461, 7343.0580010165377, 846.61588521110411, 465.73832700863261, -12.447685397209799, -22.499207064938613, 15041.057242973453, 11291.22821623215, 486.26085932129808, 503.53786023705578, 0, 0, 11.985333396760408
14.48, 12613.31760584509, 7345.0318729792752, 847.7438490725109, 464.80775778380684, -11.436264592397766, -22.642694983612966, 12608.772339385827, 7347.7120551609805, 846.49312169480413, 465.51638529907575, -12.276351629997459, -22.194170955686477, 15045.919851566667, 11296.26359483452, 486.26085932129808, 503.53786023705578, 0, 0, 11.975333396760409
14.49, 12621.793291807347, 7349.6764803239357, 847.62701384132436, 464.57640890530308, -11.683523118656282, -23.134887850377876, 12617.235389745349, 7352.3638172644933, 846.3677311996646, 465.28960200053893, -12.539049513951172, -22.678329853683238, 15050.78246015988, 11301.298973436889, 486.26085932129808, 503.53786023705578, 0, 0, 11.965333396760409
14.5, 12630.267835279661, 7354.3188202327283, 847.51190276806494, 464.34813022129788, -11.511107325942904, -22.827868400518554, 12625.69721203995, 7357.0133575594618, 846.24406337334642, 465.06588699809578, -12.366782631823551, -22.371500244314262, 15055.645068753094, 11306.334352039259, 486.26085932129808, 503.53786023705578, 0, 0, 11.955333396760409
14.51, 12638.74119037377, 7358.9588030379127, 847.39430719658128, 464.11489708606774, -11.75955714836649, -23.323313523011088, 12634.157758030658, 7361.6605876131416, 846.11775383839768, 464.83729924467553, -12.630953494875449, -22.858775342026881, 15060.507677346308, 11311.369730641629, 486.26085932129808, 503.53786023705578, 0, 0, 11.945333396760409
14.52, 12647.21339551398, 7363.596499838166, 847.27844507943894, 463.88475237888076, -11.586211714239329, -23.014470718699499, 12642.61706690718, 7366.3055780852337, 845.99317638092168, 464.61179788767748, -12.457745747600429, -22.55013569980364, 15065.370285939522, 11316.405109243999, 486.26085932129808, 503.53786023705578, 0, 0, 11.935333396760409
14.530000000000001, 12655.684404586182, 7368.2318203826462, 847.16008650660194, 463.64962042497893, -11.835857283703646, -23.513195390184137, 12651.075090161197, 7370.9482399812523, 845.86594239481121, 464.38139236381772, -12.723398611045948, -23.040552385977186, 15070.232894532735, 11321.440487846368, 486.26085932129808, 503.53786023705578, 0, 0, 11.925333396760408
14.540000000000001, 12664.154256215066, 7372.8648362100666, 847.04347076119916, 463.41759530299879, -11.661574540278126, -23.202512198015615, 12659.531867198823, 7375.5886443919981, 845.74044997330031, 464.1540915043314, -12.549242151090862, -22.730085948633228, 15075.095503125949, 11326.475866448738, 486.26085932129808, 503.53786023705578, 0, 0, 11.915333396760408
14.550000000000001, 12672.622904059634, 7377.4954564814952, 846.92434655823922, 463.18054986288638, -11.912420295994654, -23.704544011238355, 12667.98734924064, 7380.2267017565582, 845.61228611232798, 463.92185480544578, -12.816386097232023, -23.223669888564835, 15079.958111719163, 11331.511245051108, 486.26085932129808, 503.53786023705578, 0, 0, 11.905333396760408
14.56, 12681.090386946344, 7382.1237531796505, 846.80697463342358, 462.9466298313132, -11.737192481569943, -23.392003157319451, 12676.441575910818, 7384.8624836006638, 845.48587338254572, 463.69274120884353, -12.641272978226924, -22.911359660224988, 15084.820720312377, 11336.546623653478, 486.26085932129808, 503.53786023705578, 0, 0, 11.895333396760408
14.57, 12689.55665830625, 7386.7496348724626, 846.68708220491806, 462.7076561312229, -11.989242850550022, -23.89737000902981, 12684.894498157071, 7389.4958997922322, 845.3567742110356, 463.45865984084276, -12.909917151016181, -23.408136800080108, 15089.68332890559, 11341.582002255847, 486.26085932129808, 503.53786023705578, 0, 0, 11.885333396760409
14.58, 12698.021757168983, 7391.3731739906789, 846.56895158383566, 462.47182659147683, -11.813062108235332, -23.58295397460709, 12693.346155823283, 7394.1270222958083, 845.22943581777372, 463.22772018537188, -12.733839326185173, -23.09396554708729, 15094.545937498804, 11346.617380858217, 486.26085932129808, 503.53786023705578, 0, 0, 11.875333396760409
14.59, 12706.485636736596, 7395.994278503983, 846.4482883687881, 462.23090975077503, -12.066321504751219, -24.091684070178569, 12701.79649958252, 7398.7557604033445, 845.09939588845486, 462.99178056418873, -13.003992931886996, -23.59396211831416, 15099.408546092018, 11351.652759460587, 486.26085932129808, 503.53786023705578, 0, 0, 11.865333396760409
14.6, 12714.948336243302, 7400.6130212952276, 846.32939656997735, 461.99315599990314, -11.889179881078242, -23.7753750871879, 12710.245569500066, 7403.3821865221316, 844.9711264659303, 462.7590014405389, -12.82694225245889, -23.277912364982104, 15104.271154685232, 11356.688138062957, 486.26085932129808, 503.53786023705578, 0, 0, 11.855333396760409
14.609999999999999, 12723.409808661096, 7405.2293097306847, 846.20796004291628, 461.75028103045003, -12.143652706106421, -24.287496945310977, 12718.693315972541, 7408.0062093633042, 844.84014032032712, 462.52118989165092, -13.098614560314152, -23.781154888798813, 15109.133763278445, 11361.723516665326, 486.26085932129808, 503.53786023705578, 0, 0, 11.84533339676041
14.620000000000001, 12731.870093430203, 7409.8432171494405, 846.08830462142009, 461.51058826053173, -11.965542149620225, -23.96927699183108, 12727.139779288329, 7412.6279017808838, 844.71093449258808, 462.28655780252018, -12.920582773904227, -23.463208913074698, 15113.996371871659, 11366.758895267696, 486.26085932129808, 503.53786023705578, 0, 0, 11.835333396760408
14.630000000000001, 12740.329143291499, 7414.4546503091287, 845.96609229351725, 461.26574006603857, -12.221232790285598, -24.484819449316667, 12735.584909565787, 7417.2471719002779, 844.57899666141986, 462.0468605604695, -13.193783116817167, -23.969724205066541, 15118.858980464873, 11371.794273870066, 486.26085932129808, 503.53786023705578, 0, 0, 11.825333396760408
14.640000000000001, 12748.786997892663, 7419.0636830092526, 845.84567084201603, 461.0240933635892, -12.042145150121058, -24.164670244938861, 12744.028747318122, 7421.8640930262773, 844.44884904276205, 461.81036192012834, -13.014761865787218, -23.649864034115481, 15123.721589058086, 11376.829652472436, 486.26085932129808, 503.53786023705578, 0, 0, 11.815333396760408
14.65, 12757.243609742387, 7423.6702213935196, 845.7226802622248, 460.77725673897322, -12.299057979122185, -24.683662461596722, 12752.471242383603, 7426.478572693597, 844.31595404635186, 461.56876512803927, -13.289499641014803, -24.159679208907431, 15128.5841976513, 11381.865031074805, 486.26085932129808, 503.53786023705578, 0, 0, 11.805333396760409
14.66, 12765.699018697258, 7428.2743397260901, 845.60149041218926, 460.5336410843463, -12.118985003555826, -24.361565462689693, 12760.912435501998, 7431.0906846618855, 844.18485924174388, 461.3303862618933, -13.10948046080067, -23.837886614598016, 15133.446806244514, 11386.900409677175, 486.26085932129808, 503.53786023705578, 0, 0, 11.795333396760409
14.67, 12774.153177032724, 7432.875943531395, 845.47771916840338, 460.28480071508312, -12.377124378588114, -24.884036926316575, 12769.352276229645, 7435.7003358701404, 844.05100159043729, 461.08687597098691, -13.385765130662378, -24.35102909063696, 15138.309414837728, 11391.935788279545, 486.26085932129808, 503.53786023705578, 0, 0, 11.785333396760409
14.68, 12782.606124815751, 7437.4751075425474, 845.35575859126766, 460.03920098187115, -12.196057713573083, -24.559973321199259, 12777.790805534632, 7440.3076005370121, 843.91895419595653, 460.8466031151375, -13.204739448076792, -24.027285584940891, 15143.172023430941, 11396.971166881915, 486.26085932129808, 503.53786023705578, 0, 0, 11.775333396760409
14.69, 12791.057814087468, 7442.071736659288, 845.23120431150028, 459.78834144334451, -12.455427976743266, -25.085953852666655, 12786.22797268951, 7444.9123850006999, 843.78412839054977, 460.60116528424373, -13.482580540678319, -24.54378308937752, 15148.034632024155, 11402.006545484284, 486.26085932129808, 503.53786023705578, 0, 0, 11.765333396760409
14.700000000000001, 12799.508285126709, 7446.6659060880384, 845.10847071985597, 459.54074239777765, -12.27335916442641, -24.759904556685434, 12794.663818892464, 7449.5147639430543, 843.65112299382793, 460.35898458504693, -13.300539672187695, -24.218069919679724, 15152.897240617369, 11407.041924086654, 486.26085932129808, 503.53786023705578, 0, 0, 11.755333396760408
14.710000000000001, 12807.95748973921, 7451.2575200983692, 844.98313107343949, 459.28784815462643, -12.533964641653272, -25.289424315119749, 12803.098293130386, 7454.1146430963308, 843.51532352600634, 460.11160508011352, -13.579946782153822, -24.737950493343227, 15157.759849210583, 11412.077302689024, 486.26085932129808, 503.53786023705578, 0, 0, 11.745333396760408
14.720000000000001, 12816.405468417177, 7455.8466543744207, 844.85962222225078, 459.03823445497017, -12.350885118873205, -24.961369965626087, 12811.531436833357, 7458.7120976098367, 843.3813547066851, 459.86750259373696, -13.396881932127682, -24.410248637658725, 15162.622457803796, 11417.112681291394, 486.26085932129808, 503.53786023705578, 0, 0, 11.735333396760408
14.73, 12824.852172729881, 7460.4332125500523, 844.73349492105808, 458.78328986043334, -12.612730119274929, -25.494459453684559, 12819.963198700716, 7463.3070326046782, 843.24457605947168, 459.6181671873357, -13.677864721345152, -24.933540640127575, 15167.48506639701, 11422.148059893763, 486.26085932129808, 503.53786023705578, 0, 0, 11.725333396760409
14.74, 12833.297643384409, 7465.0172707915963, 844.60920860889769, 458.53164605638426, -12.428631216038985, -25.164380404906936, 12828.393620396264, 7467.8995237019308, 843.10963838966893, 459.37212887931349, -13.493766980275623, -24.6038308022192, 15172.347674990224, 11427.183438496133, 486.26085932129808, 503.53786023705578, 0, 0, 11.715333396760409
14.75, 12841.741831712494, 7469.5987320915892, 844.4822914085845, 458.27463535164253, -12.691720031318351, -25.701070474173832, 12836.822650329885, 7472.4894754062861, 842.97187503788234, 459.12082325014336, -13.776335178658208, -25.130562917012391, 15177.210283583438, 11432.218817098503, 486.26085932129808, 503.53786023705578, 0, 0, 11.705333396760409
14.76, 12850.184778637635, 7474.1776731030868, 844.35722547889191, 458.02094588372273, -12.50659296925823, -25.368946791981749, 12845.250330400935, 7477.0769638149595, 842.83596308266885, 458.87283499492929, -13.591195521349198, -24.798825521407228, 15182.072892176651, 11437.254195700873, 486.26085932129808, 503.53786023705578, 0, 0, 11.695333396760409
14.77, 12858.626435252943, 7478.7539961716266, 844.22951618016123, 457.76185319723822, -12.77092987306756, -25.90926864845251, 12853.676608727923, 7481.6618928108946, 842.69720949339273, 458.61954472731662, -13.87535892760657, -25.329026761264149, 15186.935500769865, 11442.289574303242, 486.26085932129808, 503.53786023705578, 0, 0, 11.685333396760409
14.780000000000001, 12867.06684269988, 7483.3277784415832, 844.10366852252241, 457.506102396188, -12.584765763880078, -25.575080105022895, 12862.101527447625, 7486.2443389718755, 842.56031781127933, 458.36959230783481, -13.689168211339007, -24.995241948179117, 15191.798109363079, 11447.324952905612, 486.26085932129808, 503.53786023705578, 0, 0, 11.675333396760408
14.790000000000001, 12875.505951831854, 7487.898921605748, 843.97516497241054, 457.2449117430408, -12.85035501118579, -26.119065314717634, 12870.525034385233, 7490.8242055537048, 842.4205684443416, 458.11430289123012, -13.97493669377066, -25.528941660469059, 15196.660717956293, 11452.360331507982, 486.26085932129808, 503.53786023705578, 0, 0, 11.665333396760408
14.800000000000001, 12883.94380400985, 7492.4675033044714, 843.84853352386006, 456.98708382920995, -12.663144855049328, -25.782791383083371, 12878.947171916829, 7495.4015696192246, 842.28269158777721, 457.8623719984239, -13.787685656433707, -25.19308928062566, 15201.523326549506, 11457.395710110352, 486.26085932129808, 503.53786023705578, 0, 0, 11.655333396760408
14.81, 12892.380349846486, 7497.0334245719814, 843.71923361704523, 456.72377911043242, -12.929990681476923, -26.33047187775556, 12887.367887572333, 7499.9763337916356, 842.14194089623993, 457.60506882689538, -14.075069153728423, -25.730317152853281, 15206.38593514272, 11462.431088712721, 486.26085932129808, 503.53786023705578, 0, 0, 11.645333396760408
14.82, 12900.815630923851, 7501.5967635493271, 843.59181636339076, 456.46385819316993, -12.741725365452181, -25.99209172625072, 12895.787223969033, 7504.5485756233902, 842.00307341212067, 457.35114505927339, -13.886748411925364, -25.392376762196086, 15211.248543735934, 11467.466467315091, 486.26085932129808, 503.53786023705578, 0, 0, 11.635333396760409
14.83, 12909.249597612687, 7506.1574206062878, 843.46171804352457, 456.19842319507779, -13.009831986622961, -26.543499809215923, 12904.205128339614, 7509.1181970995585, 841.86131584278087, 457.09181343099709, -14.17575693397856, -25.933162827627587, 15216.111152329147, 11472.501845917461, 486.26085932129808, 503.53786023705578, 0, 0, 11.625333396760409
14.84, 12917.68229171778, 7510.7154743893943, 843.33351302069423, 455.9363932721198, -12.820502283029933, -26.20299229579971, 12912.621643544495, 7513.6852762668159, 841.72145227296983, 456.83588229417779, -13.986356981098618, -25.593113681928852, 15220.973760922361, 11477.53722451983, 486.26085932129808, 503.53786023705578, 0, 0, 11.615333396760409
14.85, 12926.113663366903, 7515.2708245980184, 843.20261428175536, 455.66881166564104, -13.08987389388362, -26.758160647876178, 12921.036716517134, 7518.2497144665085, 841.5786822668714, 456.57450741092447, -14.277000609841988, -26.137488325330793, 15225.836369515575, 11482.5726031222, 486.26085932129808, 503.53786023705578, 0, 0, 11.605333396760409
14.859999999999999, 12934.543754589151, 7519.8235503890273, 843.07361957716876, 455.40465662249761, -12.899470458660939, -26.415504314345327, 12929.45039036303, 7522.8115902442114, 841.43781714873035, 456.31655431717758, -14.086511814104169, -25.79530937469093, 15230.698978108789, 11487.60798172457, 486.26085932129808, 503.53786023705578, 0, 0, 11.59533339676041
14.870000000000001, 12942.972515268239, 7524.3735507853526, 842.94191846484102, 455.13491196249839, -13.170111232770672, -26.974465999922362, 12937.862611714412, 7527.3708042918825, 841.29402914168679, 456.05312128379558, -14.378800704355031, -26.343303338197579, 15235.561586702002, 11492.64336032694, 486.26085932129808, 503.53786023705578, 0, 0, 11.585333396760408
14.880000000000001, 12951.399987659197, 7528.9209054591174, 842.81213221880284, 454.86861557183835, -12.978624603815881, -26.629639066006849, 12946.273423923833, 7531.9274356587375, 841.15215700861859, 455.79313155158121, -14.187213306822224, -25.998973221436597, 15240.424195295216, 11497.678738929309, 486.26085932129808, 503.53786023705578, 0, 0, 11.575333396760408
14.890000000000001, 12959.826121400582, 7533.4655127507049, 842.67962683187602, 454.59669129644618, -13.250538692681083, -27.19242753921575, 12954.682773320266, 7536.4813843816119, 841.00734543174724, 455.52762537547602, -14.481157687137875, -26.550617610521069, 15245.28680388843, 11502.714117531679, 486.26085932129808, 503.53786023705578, 0, 0, 11.565333396760408
14.9, 12968.250958975008, 7538.0074528524847, 842.54904723899438, 454.32823721748076, -13.057959288164263, -26.845407896540618, 12963.090703505313, 7541.0327300181689, 840.86446081375027, 455.2655842289816, -14.288461799692891, -26.204114649444051, 15250.149412481644, 11507.749496134049, 486.26085932129808, 503.53786023705578, 0, 0, 11.555333396760409
14.91, 12976.674449774775, 7542.5466234161086, 842.41573573078938, 454.05411664740512, -13.331150820498708, -27.412057007565469, 12971.497160502655, 7545.5813719443177, 840.71862009401775, 454.99798981959128, -14.584071973248719, -26.759440939030171, 15255.012021074857, 11512.784874736419, 486.26085932129808, 503.53786023705578, 0, 0, 11.545333396760409
14.92, 12985.096636511742, 7547.0831051592504, 842.2843610414177, 453.78348842527004, -13.137468937164744, -27.062822213506067, 12979.902188164959, 7550.127390231044, 840.57471751825233, 454.73388238826533, -14.390257576547986, -26.410743132594057, 15259.874629668071, 11517.820253338788, 486.26085932129808, 503.53786023705578, 0, 0, 11.535333396760409
14.93, 12993.517468330854, 7551.6167950385707, 842.15024162123609, 453.50715476311996, -13.411942018165622, -27.633366215010199, 12988.305732208553, 7554.6706835874511, 840.42784207903208, 454.46418455653247, -14.687543922025109, -26.969783173285112, 15264.737238261285, 11522.855631941158, 486.26085932129808, 503.53786023705578, 0, 0, 11.525333396760409
14.94, 13001.936988174892, 7556.1477743021787, 842.01807014293991, 453.23433582825578, -13.217147829614358, -27.28189348641742, 12996.707836739213, 7559.2113326027875, 840.28291607039785, 454.19799587461603, -14.492600863418414, -26.618868191643678, 15269.599846854499, 11527.891010543528, 486.26085932129808, 503.53786023705578, 0, 0, 11.515333396760409
14.950000000000001, 13010.35514494034, 7560.6759392054055, 841.88314107753763, 452.95577215785471, -13.492906540222149, -27.856367040108147, 13005.108447163842, 7563.7492353134012, 840.13500033203877, 453.92617933245509, -14.791573835911681, -27.18165421609066, 15274.462455447712, 11532.926389145898, 486.26085932129808, 503.53786023705578, 0, 0, 11.505333396760408
14.960000000000001, 13018.771981802602, 7565.2013715319972, 841.75017117658604, 452.68074582538577, -13.296990095161936, -27.50263324689212, 13013.507607843389, 7568.2844728318169, 839.98904541376555, 453.65789433851, -14.595491827322862, -26.828499394506462, 15279.325064040926, 11537.961767748267, 486.26085932129808, 503.53786023705578, 0, 0, 11.495333396760408
14.970000000000001, 13027.187447408594, 7569.7239668295369, 841.61443079167304, 452.39993511108372, -13.574038491300756, -28.081071430207189, 13021.905263873232, 7572.8169425155984, 839.84008379417298, 453.38394369827103, -14.896161959259041, -27.395064023899518, 15284.18767263414, 11542.997146350637, 486.26085932129808, 503.53786023705578, 0, 0, 11.485333396760408
14.98, 13035.601585168055, 7574.2438074226848, 841.48066089455517, 452.12268458019565, -13.376989711791158, -27.725053088807616, 13030.301459871587, 7577.3467260056277, 839.6930944884225, 453.11354723470549, -14.698930575043834, -27.0396463565509, 15289.050281227353, 11548.032524953007, 486.26085932129808, 503.53786023705578, 0, 0, 11.475333396760409
14.99, 13044.014343477227, 7578.7607881447766, 841.34410757631917, 451.83960966617821, -13.655331823598734, -28.30749140174515, 13038.696140620199, 7581.8737199745838, 839.54308140365129, 452.83744700863292, -15.001308477120219, -27.610022607255619, 15293.912889820567, 11553.067903555377, 486.26085932129808, 503.53786023705578, 0, 0, 11.465333396760409
15, 13052.425765981914, 7583.2749918667378, 841.20953617128657, 451.5601180194937, -13.457140503263799, -27.949164668449086, 13047.089350996663, 7586.398006596859, 839.39505223213246, 452.56492382122394, -14.802917151881372, -27.252318740900133, 15298.775498413781, 11558.103282157746, 486.26085932129808, 503.53786023705578, 0, 0, 11.455333396760409
15.01, 13060.835800826577, 7587.7863127010769, 841.07216836794362, 451.27476162908852, -13.736780334297869, -28.535639040518792, 13055.481035466957, 7590.9194818540664, 839.24398209699234, 452.28665842091175, -15.107013514011594, -27.826540031216918, 15303.638107006995, 11563.138660760116, 486.26085932129808, 503.53786023705578, 0, 0, 11.445333396760409
15.02, 13069.244491894835, 7592.2948340704124, 840.93679400657834, 450.99301183204199, -13.537436136524954, -28.174979704652305, 13063.871239170196, 7595.4382284593366, 839.09490758158847, 452.0119931583244, -14.907451540386539, -27.466526258737439, 15308.500715600208, 11568.174039362486, 486.26085932129808, 503.53786023705578, 0, 0, 11.435333396760409
15.030000000000001, 13077.651787078252, 7596.8004493597573, 840.79861022994874, 450.70535656702214, -13.818377662962259, -28.765526501983789, 13072.259906254441, 7599.9541416969578, 838.94277481026177, 451.73154689416623, -15.21327713267126, -28.044626415819536, 15313.363324193422, 11573.209417964856, 486.26085932129808, 503.53786023705578, 0, 0, 11.425333396760408
15.040000000000001, 13086.057730500033, 7601.3032425489309, 840.66243152875791, 450.42133146723245, -13.617870119082841, -28.402509978967743, 13080.647082122496, 7604.4673048240993, 838.79264947367085, 451.45472410746981, -15.012533659088305, -27.682278669643672, 15318.225932786636, 11578.244796567225, 486.26085932129808, 503.53786023705578, 0, 0, 11.415333396760408
15.050000000000001, 13094.462269797728, 7605.8031062887012, 840.52343035586898, 450.13135980711695, -13.900117288896286, -28.997166011551617, 13089.032710602332, 7608.9776124213831, 838.63944848034293, 451.1720811881043, -15.320099332796319, -28.26429193654991, 15323.08854137985, 11583.280175169595, 486.26085932129808, 503.53786023705578, 0, 0, 11.405333396760408
15.06, 13102.865449335917, 7610.300125121672, 840.38644599790564, 449.84504213375902, -13.698435796336904, -28.631767335794944, 13097.416837362631, 7613.4851482953973, 838.48826684673111, 450.89308533028515, -15.118163361186394, -27.8995857819165, 15327.951149973063, 11588.315553771965, 486.26085932129808, 503.53786023705578, 0, 0, 11.395333396760408
15.07, 13111.267216497017, 7614.7941909575302, 840.2466260726211, 449.55273643511043, -13.981992528451004, -29.230569864860914, 13105.799405909091, 7617.9898063166765, 838.33399204623367, 450.60822986203709, -15.427480049746926, -28.48554682480318, 15332.813758566277, 11593.350932374335, 486.26085932129808, 503.53786023705578, 0, 0, 11.385333396760409
15.08, 13119.667615888791, 7619.2853889073285, 840.10883480913242, 449.26410879828518, -13.77912634887339, -28.862763682525962, 13114.180462178489, 7622.491670846679, 838.18174864190132, 450.32704528750799, -15.224340433230546, -28.118457452910231, 15337.676367159491, 11598.386310976704, 486.26085932129808, 503.53786023705578, 0, 0, 11.375333396760409
15.09, 13128.066594637403, 7623.7736101327473, 839.96819484380933, 448.96945129400427, -14.063996532311716, -29.465750428089528, 13122.559949352035, 7626.9906350393485, 838.0263944503688, 450.03996127382408, -15.535419153251949, -28.708401368393453, 15342.538975752705, 11603.421689579074, 486.26085932129808, 503.53786023705578, 0, 0, 11.365333396760409
15.1, 13136.464197595622, 7628.2589403190386, 839.82959549591203, 448.67849618410719, -13.859934789731849, -29.095510989706007, 13130.93791363685, 7631.4867838165483, 837.87308380443085, 449.75657223793002, -15.331064593790174, -28.338903589404531, 15347.401584345918, 11608.457068181444, 486.26085932129808, 503.53786023705578, 0, 0, 11.355333396760409
15.109999999999999, 13144.86037163224, 7632.7412698728585, 839.68813427308464, 448.3814689827247, -14.146122282737947, -29.702720138251347, 13139.314297887428, 7635.9800096090412, 837.71664463997001, 449.46724357880942, -15.643916446086246, -28.932865912061217, 15352.264192939132, 11613.492446783814, 486.26085932129808, 503.53786023705578, 0, 0, 11.34533339676041
15.120000000000001, 13153.255161846877, 7637.2206850594921, 839.54872573346847, 448.08816876981302, -13.940853961619998, -29.330021291167515, 13147.689148583504, 7640.4703979047072, 837.56226128504909, 449.18163423732983, -15.43833549209093, -28.560934147959223, 15357.126801532346, 11618.527825386183, 486.26085932129808, 503.53786023705578, 0, 0, 11.335333396760408
15.130000000000001, 13161.648514849823, 7641.6970755234643, 839.40644210756091, 447.78875385477812, -14.228362590761328, -29.941491503490045, 13156.062408250606, 7644.9578404044514, 837.40473156842188, 448.89004472874996, -15.752971662725638, -29.158950857990135, 15361.98941012556, 11623.563203988553, 486.26085932129808, 503.53786023705578, 0, 0, 11.325333396760408
15.140000000000001, 13170.040475989419, 7646.1705281160093, 839.26622334221997, 447.49309078793635, -14.02187653409637, -29.566306684177249, 13164.434123643383, 7649.4424231678686, 837.24927004135554, 448.60219913739701, -15.546152706638908, -28.784559135294558, 15366.852018718773, 11628.598582590923, 486.26085932129808, 503.53786023705578, 0, 0, 11.315333396760408
15.15, 13178.430991616327, 7650.6409317123234, 839.12311624128654, 447.19127001690254, -14.310710093346659, -30.182077103381328, 13172.804236956126, 7653.9240371592423, 837.09064419667573, 448.30833247073355, -15.862584467985473, -29.386666666345093, 15371.714627311987, 11633.633961193293, 486.26085932129808, 503.53786023705578, 0, 0, 11.305333396760409
15.16, 13186.820107329489, 7655.1083737555928, 838.98208629127942, 446.89322622360675, -14.102995000710623, -29.80437932957749, 13181.172795220731, 7658.4027690156581, 836.93409903923748, 448.01823458464673, -15.654515743822156, -29.009788608678743, 15376.577235905201, 11638.669339795662, 486.26085932129808, 503.53786023705578, 0, 0, 11.295333396760409
15.17, 13195.207769218814, 7659.5727423443905, 838.83815471877426, 446.58898132771429, -14.393157250516538, -30.42448958924588, 13189.539740297954, 7662.878508957926, 836.77437149468108, 447.72207434608839, -15.972754455643519, -29.616023855834055, 15381.439844498414, 11643.704718398032, 486.26085932129808, 503.53786023705578, 0, 0, 11.285333396760409
15.18, 13203.594023135751, 7664.0341255199501, 838.69631270201319, 446.28853881319486, -14.184201676111753, -30.044251451942976, 13197.905119499295, 7667.351344206485, 836.61673725431604, 447.42970801932495, -15.76342403650065, -29.236632676344374, 15386.302453091628, 11648.740097000402, 486.26085932129808, 503.53786023705578, 0, 0, 11.275333396760409
15.19, 13211.97881490832, 7668.4924105968294, 838.55155573858895, 445.98185139635035, -14.47569634242693, -30.668741684448968, 13206.268874349666, 7671.8211642317274, 836.45590244284574, 447.13123768928227, -16.083481147034217, -29.847033004270376, 15391.165061684842, 11653.775475602772, 486.26085932129808, 503.53786023705578, 0, 0, 11.265333396760409
15.200000000000001, 13220.362190642401, 7672.947686220492, 838.40890085165802, 445.67899204295344, -14.265488693093612, -30.285935339693438, 13214.631052442553, 7676.2880568433957, 836.29717367342016, 446.83658667430353, -15.872876942552661, -29.465101497874894, 15396.027670278056, 11658.810854205141, 486.26085932129808, 503.53786023705578, 0, 0, 11.255333396760408
15.210000000000001, 13228.744095902997, 7677.3998389139942, 838.2633176569941, 445.36984358110652, -14.558319466394646, -30.914846184689818, 13222.991594964689, 7680.7519107544267, 836.13522603352396, 446.53578962681212, -16.194763989615534, -30.079704749139058, 15400.890278871269, 11663.846232807511, 486.26085932129808, 503.53786023705578, 0, 0, 11.245333396760408
15.220000000000001, 13237.124577052367, 7681.8489579333036, 838.11984917699795, 445.06454914765419, -14.346847999613161, -30.529443345233616, 13231.350549793962, 7685.2128143699019, 835.9753972960898, 446.23883757396578, -15.98287374341524, -29.695205284632443, 15405.752887464483, 11668.881611409881, 486.26085932129808, 503.53786023705578, 0, 0, 11.235333396760408
15.23, 13245.503579391358, 7686.2949290023862, 837.9734389916589, 444.75292098807091, -14.641018533900434, -31.162815958329638, 13239.70785777657, 7689.6706556381732, 835.81233127253449, 445.93569707608361, -16.306602355533919, -30.314049788215563, 15410.615496057697, 11673.916990012251, 486.26085932129808, 503.53786023705578, 0, 0, 11.225333396760409
15.24, 13253.881149540572, 7690.7378419940842, 837.82915627810121, 444.44517310921987, -14.428271355773788, -30.774787885107106, 13248.063567077248, 7694.1255235657891, 835.65139713610836, 445.63642753308147, -16.093413642611168, -29.926954300213865, 15415.478104650911, 11678.95236861462, 486.26085932129808, 503.53786023705578, 0, 0, 11.215333396760409
15.25, 13262.257232535563, 7695.1775818255846, 837.68191842542581, 444.1310464697529, -14.723785267536083, -31.412663946696426, 13256.417618199279, 7698.5773053292878, 835.48720718070683, 445.33092674427968, -16.418995540154313, -30.550078880176624, 15420.340713244124, 11683.98774721699, 486.26085932129808, 503.53786023705578, 0, 0, 11.205333396760409
15.26, 13270.631875257268, 7699.6142389930665, 837.5368209221183, 443.82082665535171, -14.509750330749938, -31.021981440117283, 13264.770059596722, 7703.0260905429013, 835.32516222306447, 445.0293231556708, -16.204495764237524, -30.160358860889424, 15425.203321837338, 11689.02312581936, 486.26085932129808, 503.53786023705578, 0, 0, 11.195333396760409
15.27, 13279.00502247481, 7704.0476975991451, 837.38875481013918, 443.50418262370772, -14.806611197911703, -31.664403164400145, 13273.120831427539, 7707.4717656040311, 835.15984279545876, 444.72144512721843, -16.531942760572555, -30.787802845236534, 15430.065930430552, 11694.05850442173, 486.26085932129808, 503.53786023705578, 0, 0, 11.185333396760409
15.280000000000001, 13287.376721331466, 7708.478048769899, 837.2428420471424, 443.191472258153, -14.591276299679341, -31.271036555469461, 13281.46998243762, 7711.9144207409026, 834.99668160394435, 444.41749083385764, -16.316119151443971, -30.395429336077818, 15434.928539023766, 11699.093883024099, 486.26085932129808, 503.53786023705578, 0, 0, 11.175333396760408
15.290000000000001, 13295.746916328788, 7712.9051757854759, 837.09394717053726, 442.87229179115667, -14.889487660510333, -31.918046699633997, 13289.817452437186, 7716.3539415643563, 834.8302271724034, 444.10721850819976, -16.645443154097052, -31.027232565785496, 15439.791147616979, 11704.129261626469, 486.26085932129808, 503.53786023705578, 0, 0, 11.165333396760408
15.300000000000001, 13304.115654874427, 7717.3291704085113, 836.94721876613232, 442.55707213274786, -14.672840440494836, -31.52196584087902, 13298.163290466495, 7720.7904189230157, 834.66594434475473, 443.80089674671171, -16.428282764871536, -30.632176148803776, 15444.653756210193, 11709.164640228839, 486.26085932129808, 503.53786023705578, 0, 0, 11.155333396760408
15.31, 13312.48288120122, 7721.7499150886815, 836.7974947082073, 442.23533605560289, -14.972405792505819, -32.173607714495134, 13306.507435985575, 7725.2237376336352, 834.49834938698757, 443.4882129568411, -16.759495776716903, -31.268378987063404, 15449.516364803407, 11714.200018831209, 486.26085932129808, 503.53786023705578, 0, 0, 11.145333396760408
15.32, 13320.848642983243, 7726.1675022319423, 836.6499503709, 441.91758823589578, -14.754433730728211, -31.774781970712375, 13314.849938331623, 7729.6539891717375, 834.33293953217674, 443.17950685907903, -16.540985481086494, -30.870609776204255, 15454.37897339662, 11719.235397433578, 486.26085932129808, 503.53786023705578, 0, 0, 11.135333396760409
15.33, 13329.212884183473, 7730.5818134493848, 836.49939680560476, 441.59327724144288, -15.055356529525133, -32.43109944528841, 13323.190736612005, 7734.081057552361, 834.16419853616139, 442.8643943279007, -16.87409960153688, -31.511253117833469, 15459.241581989834, 11724.270776035948, 486.26085932129808, 503.53786023705578, 0, 0, 11.125333396760409
15.34, 13337.575652744486, 7734.9929417971462, 836.35103633616222, 441.27298226460204, -14.836046944248368, -32.029497684085726, 13331.529880463453, 7738.505034884528, 833.99765627525164, 442.55328692040058, -16.654226090969821, -31.110740750010038, 15464.104190583048, 11729.306154638318, 486.26085932129808, 503.53786023705578, 0, 0, 11.115333396760409
15.35, 13345.936892358257, 7739.4007680395116, 836.19965303013851, 440.94607691257363, -15.138330602366723, -32.690535202837893, 13339.867308638179, 7742.9258043738273, 833.82776374007972, 442.23572826008979, -16.98925351719193, -31.755866031080764, 15468.966799176262, 11734.341533240688, 486.26085932129808, 503.53786023705578, 0, 0, 11.105333396760409
15.359999999999999, 13354.296651237961, 7743.8053858897692, 836.0504763236587, 440.62321565472354, -14.917670647977477, -32.286125785011613, 13348.203071075084, 7747.3434587694792, 833.66008370709858, 441.92220246351889, -16.768003298108841, -31.352579657091692, 15473.829407769475, 11739.376911843057, 486.26085932129808, 503.53786023705578, 0, 0, 11.09533339676041
15.370000000000001, 13362.654872803418, 7748.2066752570609, 835.89826313832191, 440.29369637099529, -15.221318533683446, -32.951928372825407, 13356.537106168706, 7751.7578804597842, 833.48903414383608, 441.60218017487136, -17.104956326250768, -32.002228864754933, 15478.692016362689, 11744.412290445427, 486.26085932129808, 503.53786023705578, 0, 0, 11.085333396760408
15.380000000000001, 13371.011605540521, 7752.6047305188995, 835.74827018633653, 439.96824957957028, -14.999295198539556, -32.54467914250219, 13364.869464162786, 7756.1691628409617, 833.32021098666462, 441.28621880347157, -16.882315717143179, -31.596137139980755, 15483.554624955903, 11749.447669047797, 486.26085932129808, 503.53786023705578, 0, 0, 11.075333396760408
15.390000000000001, 13379.366792595789, 7756.9994307208326, 835.59522707999065, 439.63609665540946, -15.304310634592435, -33.215292416080814, 13373.200083091642, 7760.577187476073, 833.14799891922894, 440.96371527524673, -17.221206743568839, -32.25035282248357, 15488.417233549117, 11754.483047650167, 486.26085932129808, 503.53786023705578, 0, 0, 11.065333396760408
15.4, 13387.720482729977, 7761.3908709117832, 835.44441797260197, 439.3080449485027, -15.080910738863093, -32.805170690674245, 13381.529013506553, 7764.9820484152406, 832.97802730050807, 440.6453010362726, -16.997161872088217, -31.841423897411083, 15493.27984214233, 11759.518426252536, 486.26085932129808, 503.53786023705578, 0, 0, 11.055333396760409
15.41, 13396.072618815153, 7765.7789292651378, 835.2905450025894, 438.97323853981362, -15.387297001251802, -33.480640868906846, 13389.856193079049, 7769.3836263882267, 832.80464726656169, 440.32029854452924, -17.338003394633507, -32.500249174338308, 15498.142450735544, 11764.553804854906, 486.26085932129808, 503.53786023705578, 0, 0, 11.045333396760409
15.42, 13404.4232498891, 7770.1637015085216, 835.13891993064203, 438.64256240552498, -15.162507194741476, -33.067613428865506, 13398.181672670686, 7773.782016106069, 832.63352186461532, 439.99941403768031, -17.112540194640516, -32.08845068489002, 15503.005059328758, 11769.589183457276, 486.26085932129808, 503.53786023705578, 0, 0, 11.035333396760409
15.43, 13412.772318548279, 7774.5450649344757, 834.98421725552816, 438.30508253209103, -15.470267511382165, -33.747987343395359, 13406.50538958761, 7778.1770974570572, 832.45896841647652, 439.67189474510417, -17.455344813878469, -32.751929257611586, 15507.867667921972, 11774.624562059646, 486.26085932129808, 503.53786023705578, 0, 0, 11.025333396760409
15.44, 13421.119874109694, 7778.9231159567335, 834.83177651281483, 437.97176232787376, -15.244074271333885, -33.332020421727776, 13414.82739500442, 7782.5689658202609, 832.28668392625207, 439.34852246195152, -17.228449022447112, -32.33722831526633, 15512.730276515185, 11779.659940662015, 486.26085932129808, 503.53786023705578, 0, 0, 11.015333396760409
15.450000000000001, 13429.465858893049, 7783.2977309781827, 834.67624439460758, 437.63158887259652, -15.55321182072815, -34.017345527726512, 13423.147625859267, 7786.957500234209, 832.11095163182245, 439.01846841717554, -17.573229442962575, -33.005404477596429, 15517.592885108399, 11784.695319264385, 486.26085932129808, 503.53786023705578, 0, 0, 11.005333396760408
15.460000000000001, 13437.810322496778, 7787.6690071061885, 834.52298838011143, 437.29560482460334, -15.325601449615856, -33.598404799317585, 13431.466133642594, 7791.3427967532316, 831.93750276584899, 438.69259074058238, -17.344886597348836, -32.58776765931556, 15522.455493701613, 11789.730697866755, 486.26085932129808, 503.53786023705578, 0, 0, 10.995333396760408
15.470000000000001, 13446.153206962676, 7792.0368198450569, 834.36662718651667, 436.95271753273846, -15.636119359477656, -34.288729186489029, 13439.782854921908, 7795.7247335576913, 831.76058620955871, 438.35998387749828, -17.691655629032496, -33.260686308407251, 15527.318102294827, 11794.766076469125, 486.26085932129808, 503.53786023705578, 0, 0, 10.985333396760408
15.48, 13454.494562172844, 7796.4012670034208, 834.2125564066888, 436.61404973516653, -15.407077982782155, -33.866779757191075, 13448.097841506344, 7800.1034073845194, 831.58596769892267, 438.0315830810348, -17.461851063600943, -32.840079646350034, 15532.18071088804, 11799.801455071494, 486.26085932129808, 503.53786023705578, 0, 0, 10.975333396760409
15.49, 13462.834329890011, 7800.7622231779487, 834.05536661340261, 436.26842821355677, -15.718979328616626, -34.562152160977618, 13456.41102959009, 7804.4786955473855, 831.40786148269319, 437.6964052180968, -17.810621622945867, -33.517786293799048, 15537.043319481254, 11804.836833673864, 486.26085932129808, 503.53786023705578, 0, 0, 10.965333396760409
15.5, 13471.172560282212, 7805.119786886301, 833.90048168447674, 435.92705662799199, -15.488492892590662, -34.137158556481381, 13464.722471303847, 7808.8506954732766, 831.23206807803263, 437.3654634654485, -17.579340466059321, -33.094175264832828, 15541.905928074468, 11809.872212276234, 486.26085932129808, 503.53786023705578, 0, 0, 10.955333396760409
15.51, 13479.509194831951, 7809.4738318083255, 833.7424638775143, 435.5786803442968, -15.801780696242695, -34.83762836951724, 13473.03210246579, 7813.2192836005242, 831.05276682225781, 437.02769630496817, -17.930125577480307, -33.776716048034416, 15546.768536667681, 11814.907590878604, 486.26085932129808, 503.53786023705578, 0, 0, 10.945333396760409
15.52, 13487.844283995482, 7813.8244571785899, 833.58676552785766, 435.2345847990569, -15.56983496566065, -34.409554523987943, 13481.3399755311, 7817.5845580537398, 830.87579329477433, 436.69419564933793, -17.697352748347086, -33.350065563025026, 15551.631145260895, 11819.942969480973, 486.26085932129808, 503.53786023705578, 0, 0, 10.935333396760409
15.530000000000001, 13496.177768973932, 7818.1715357508092, 833.42792040591951, 434.88343308097927, -15.884512193811071, -35.115171807761349, 13489.646025939217, 7821.9463943871442, 830.69529163931929, 436.35382077677048, -18.050165545500388, -34.037487256747141, 15556.493753854109, 11824.978348083343, 486.26085932129808, 503.53786023705578, 0, 0, 10.925333396760408
15.540000000000001, 13504.509700514078, 7822.515167484461, 833.27140947842247, 434.53659327045693, -15.651092749702663, -34.683981052232028, 13497.950306472747, 7826.3048914306646, 830.51713278180955, 436.01774316027428, -17.815885750977507, -33.607761649622056, 15561.356362447323, 11830.013726685713, 486.26085932129808, 503.53786023705578, 0, 0, 10.915333396760408
15.550000000000001, 13512.840019534515, 7826.8552241976831, 833.11173785529922, 434.18264530496708, -15.967162312320923, -35.394796548982512, 13506.252752189643, 7830.6599238455156, 830.33542538702864, 435.67474204349605, -18.170739478091587, -34.300111677820844, 15566.218971040536, 11835.049105288083, 486.26085932129808, 503.53786023705578, 0, 0, 10.905333396760408
15.56, 13521.168777074885, 7831.1918065829932, 832.95441530980224, 433.83304078897191, -15.732254549698913, -34.960451599519018, 13514.553416202931, 7835.0115911747462, 830.15607601493411, 435.33606929655184, -17.93493720945396, -33.867274694419642, 15571.08157963375, 11840.084483890452, 486.26085932129808, 503.53786023705578, 0, 0, 10.895333396760408
15.57, 13529.495913770088, 7835.5247855133712, 832.79391811681762, 433.47627562152803, -16.049719298456992, -35.676516744388017, 13522.852233186297, 7839.3597671775406, 829.97315756270734, 434.99042328512871, -18.291845222677676, -34.564601142315595, 15575.944188226964, 11845.119862492822, 486.26085932129808, 503.53786023705578, 0, 0, 10.885333396760409
15.58, 13537.821480954992, 7839.8542624226329, 832.63578503257736, 433.12388582462802, -15.813308424029506, -35.23897968999983, 13531.149256586212, 7843.7045521180025, 829.79261251518392, 434.64913712583871, -18.054504752342307, -34.128615929002287, 15580.806796820178, 11850.155241095192, 486.26085932129808, 503.53786023705578, 0, 0, 10.875333396760409
15.59, 13546.145418979644, 7844.1801072288854, 832.47446332107086, 432.76428235839404, -16.132171150654312, -35.960346623395665, 13539.444420689286, 7848.045818844128, 829.60847770997304, 434.30082745028488, -18.413480521087472, -34.83096755537931, 15585.669405413391, 11855.190619697561, 486.26085932129808, 503.53786023705578, 0, 0, 10.865333396760409
15.6, 13554.467779476528, 7848.5024221156327, 832.31552089926561, 432.40908656925706, -15.894242180528988, -35.519578913700563, 13547.737779278501, 7852.3836683491336, 829.4267318509801, 433.95690948381065, -18.174585899299569, -34.391796647424826, 15590.532014006605, 11860.225998299931, 486.26085932129808, 503.53786023705578, 0, 0, 10.855333396760409
15.610000000000001, 13562.788502509678, 7852.8210760362508, 832.15337584311442, 432.04662356431766, -16.214505615118281, -36.246300493938492, 13556.02926625056, 7856.7179725605374, 829.24137542090409, 433.60591725483852, -18.535643007605962, -35.099222897212172, 15595.394622599819, 11865.261376902301, 486.26085932129808, 503.53786023705578, 0, 0, 10.845333396760408
15.620000000000001, 13571.107640011604, 7857.136171932455, 831.99362540938944, 431.68860093505202, -15.975043372494047, -35.802262926565518, 13564.318935728061, 7861.0488332088544, 829.05842364031332, 433.2593489727692, -18.295178059081554, -34.656828206931877, 15600.257231193033, 11870.296755504671, 486.26085932129808, 503.53786023705578, 0, 0, 10.835333396760408
15.630000000000001, 13579.42513175917, 7861.4475777828939, 831.83065830757175, 431.32325700762476, -16.296710181765327, -36.534392742728123, 13572.606721214934, 7865.3761212916988, 828.8718403382436, 432.90565518052904, -18.658330206973087, -35.36937922401578, 15605.119839786246, 11875.33213410704, 486.26085932129808, 503.53786023705578, 0, 0, 10.825333396760408
15.640000000000001, 13587.741029987352, 7865.7553972961523, 831.67010131462553, 430.9623865531201, -16.055699294619789, -36.087045450468224, 13580.892677176536, 7869.6999392851994, 828.68767755296858, 432.5564179602423, -18.416278527505753, -34.923722028671378, 15609.98244837946, 11880.36751270941, 486.26085932129808, 503.53786023705578, 0, 0, 10.815333396760408
15.65, 13596.055274184686, 7870.059497466008, 831.5063135938243, 430.59414017476462, -16.378772080118168, -36.824637835549467, 13589.176736721136, 7874.0201572475016, 828.49986215764488, 432.20000347355233, -18.781539532367002, -35.641448668999054, 15614.845056972674, 11885.40289131178, 486.26085932129808, 503.53786023705578, 0, 0, 10.805333396760409
15.66, 13604.367916891077, 7874.3599827767148, 831.3449516240355, 430.23040077203228, -16.13619697888458, -36.373940273233934, 13597.45895466004, 7878.336878408797, 828.31448331279103, 431.84807857756789, -18.537884485391409, -35.192489598445718, 15619.707665565888, 11890.43826991415, 486.26085932129808, 503.53786023705578, 0, 0, 10.795333396760409
15.67, 13612.678897305575, 7878.6567192268876, 831.1803448412843, 429.85923026885706, -16.460678275124987, -37.117050317524772, 13605.739263702926, 7882.649971878056, 828.12543062995758, 431.48892414313406, -18.905268283339467, -35.915443443380767, 15624.570274159101, 11895.473648516519, 486.26085932129808, 503.53786023705578, 0, 0, 10.785333396760409
15.68, 13620.988268275511, 7882.9498120853887, 831.0181796093807, 429.49260065637071, -16.21652319036377, -36.662961248634304, 13614.017719010277, 7886.959541648117, 827.93883069999299, 431.13429271845945, -18.659992996456001, -35.463142467462305, 15629.432882752315, 11900.509027118889, 486.26085932129808, 503.53786023705578, 0, 0, 10.775333396760409
15.69, 13629.295968709284, 7887.23912634523, 830.85275545475156, 429.11848420823702, -16.542415462913176, -37.411644813371318, 13622.294252890229, 7891.2654558689264, 827.74853556355583, 430.77237896008529, -19.029513643715283, -36.191375837413311, 15634.295491345529, 11905.544405721259, 486.26085932129808, 503.53786023705578, 0, 0, 10.765333396760409
15.700000000000001, 13637.602051764168, 7891.5247680689681, 830.6897888105218, 428.7489429852734, -16.29666442297485, -36.954122296361113, 13630.568920855714, 7895.5678193046897, 827.56070955350413, 430.41502203755437, -18.782601005171397, -35.735692253091393, 15639.158099938742, 11910.579784323629, 486.26085932129808, 503.53786023705578, 0, 0, 10.755333396760408
15.710000000000001, 13645.906456056764, 7895.8066012334166, 830.52354910985707, 428.37185862499683, -16.623970066478332, -37.708436027656035, 13638.841654810347, 7899.8664991363321, 827.3691668267096, 430.05032945534003, -19.154272679456863, -36.469258221431602, 15644.020708531956, 11915.615162925998, 486.26085932129808, 503.53786023705578, 0, 0, 10.745333396760408
15.720000000000001, 13654.209235056829, 7900.0847327040565, 830.35978304090543, 427.99938425097679, -16.376606895165128, -37.247437402004294, 13647.112510622814, 7904.16160090829, 827.18010977336371, 429.69022794894346, -18.905705334592035, -36.01015063965648, 15648.88331712517, 11920.650541528368, 486.26085932129808, 503.53786023705578, 0, 0, 10.735333396760408
15.73, 13662.510327088003, 7904.3590254307546, 830.19272975859235, 427.61930986352644, -16.705328231302914, -38.00743874503744, 13655.381419789197, 7908.4529908223221, 826.98731434999877, 429.32273691847428, -19.279542336488603, -36.749103046918705, 15653.745925718384, 11925.685920130738, 486.26085932129808, 503.53786023705578, 0, 0, 10.725333396760409
15.74, 13670.809785935107, 7908.6295870912973, 830.0281663931371, 427.24388065735639, -16.456336545527286, -37.542920617005166, 13663.648438537295, 7912.7407752120998, 826.79702132315742, 428.95987162468197, -19.029302684139811, -36.286529379229613, 15658.608534311597, 11930.721298733108, 486.26085932129808, 503.53786023705578, 0, 0, 10.715333396760409
15.75, 13679.107549627666, 7912.8962795976959, 829.86030163492808, 426.86079397905144, -16.786475820904641, -38.308667830497384, 13671.913497952612, 7917.0248192899198, 826.60296812877266, 428.58956239620608, -19.405319438481499, -37.030922847590986, 15663.471142904811, 11935.756677335477, 486.26085932129808, 503.53786023705578, 0, 0, 10.705333396760409
15.76, 13687.403672268161, 7917.1592114495779, 829.69494324464461, 426.48238811846545, -16.535839028347258, -37.840586058596465, 13680.176654625455, 7921.3052301878379, 826.41143423249912, 428.22391399328166, -19.153389627351075, -36.564840292443677, 15668.333751498025, 11940.792055937847, 486.26085932129808, 503.53786023705578, 0, 0, 10.695333396760409
15.77, 13695.698091590846, 7921.4182435100283, 829.52626926052142, 426.09626673616964, -16.867398412322618, -38.612138229581319, 13688.437839227678, 7925.581872118235, 826.21611822565308, 427.85076669087641, -19.531600684607195, -37.314730240522465, 15673.196360091239, 11945.827434540217, 486.26085932129808, 503.53786023705578, 0, 0, 10.685333396760409
15.780000000000001, 13703.990862018494, 7925.6734851102037, 829.36011826343054, 425.71486225707224, -16.615099709087705, -38.140447909737517, 13696.697108715543, 7929.8548530208536, 826.02333859955718, 427.4823157381831, -19.277962609589554, -36.845095269330805, 15678.058968684452, 11950.862813142587, 486.26085932129808, 503.53786023705578, 0, 0, 10.675333396760408
15.790000000000001, 13712.281920988935, 7929.9247960530292, 829.1906374505154, 425.32568360738634, -16.948081291513617, -38.917864968591196, 13704.954393344142, 7934.1240360975462, 825.82675477308487, 427.10631035891055, -19.658382647232269, -37.600537927254003, 15682.921577277666, 11955.898191744956, 486.26085932129808, 503.53786023705578, 0, 0, 10.665333396760408
15.800000000000001, 13720.57132324789, 7934.1722865110405, 829.02369641391761, 424.9412584031964, -16.694103659780922, -38.442520418991307, 13713.20975043918, 7938.3895301051944, 825.63272459362793, 426.73503729620921, -19.403017945697577, -37.127306270135364, 15687.78418587088, 11960.933570347326, 486.26085932129808, 503.53786023705578, 0, 0, 10.655333396760408
15.81, 13728.859005935612, 7938.4158152155997, 828.85341131943085, 424.54899977164871, -17.028509448676811, -39.225863154771446, 13721.463109835851, 7942.6511972243525, 825.43486797593221, 426.35615370925996, -19.785661769572826, -37.888358694928073, 15692.646794464094, 11965.968948949696, 486.26085932129808, 503.53786023705578, 0, 0, 10.645333396760408
15.82, 13737.145024123458, 7942.6554931906312, 828.6856829628872, 424.16153159264456, -16.772835654362982, -38.746817900412516, 13729.714529232839, 7946.9091470386466, 825.239582457756, 425.98203885599827, -19.528551817620318, -37.4114853261703, 15697.509403057307, 11971.004327552066, 486.26085932129808, 503.53786023705578, 0, 0, 10.635333396760409
15.83, 13745.429314652951, 7946.8911780843609, 828.51459628715213, 423.76617011287959, -17.108667573511269, -39.536147976499763, 13737.963938042261, 7951.1632406963936, 825.04044811412291, 425.60025680182366, -19.913434363314732, -38.178205417461427, 15702.372011650521, 11976.039706154435, 486.26085932129808, 503.53786023705578, 0, 0, 10.625333396760409
15.84, 13753.711932923798, 7951.1229817822796, 828.34608348551285, 423.37563656554545, -16.851280163931627, -39.053354733411588, 13746.211394339362, 7955.413588617731, 824.84390251140303, 425.22328035641681, -19.654560271984693, -37.697644540683257, 15707.234620243735, 11981.075084756805, 486.26085932129808, 503.53786023705578, 0, 0, 10.615333396760409
15.85, 13761.992815477644, 7955.3507608377295, 828.17419808500892, 422.97714921851099, -17.188540050386866, -39.848734703443711, 13754.456827109985, 7959.660050907637, 824.64348554534126, 424.83857944584963, -20.041696606179052, -38.470091056718317, 15712.097228836948, 11986.110463359175, 486.26085932129808, 503.53786023705578, 0, 0, 10.605333396760409
15.860000000000001, 13770.272018045292, 7959.5746280081103, 828.00490387148966, 422.58352776488505, -16.929421351927072, -39.36214536259498, 13762.700294809556, 7963.9027388326822, 824.44567515316498, 424.45872148495232, -19.781039217632554, -37.985796089733711, 15716.959837430162, 11991.145841961545, 486.26085932129808, 503.53786023705578, 0, 0, 10.595333396760408
15.870000000000001, 13778.549476867365, 7963.7944387399557, 827.83222276195522, 422.18189137801778, -17.268110953446815, -40.16363868672439, 13770.941725994408, 7968.141511443232, 824.24397070777047, 424.07108119831508, -20.170444539452962, -38.764028663725703, 15721.822446023376, 11996.181220563914, 486.26085932129808, 503.53786023705578, 0, 0, 10.585333396760408
15.880000000000001, 13786.825248008525, 7968.0103066730908, 827.66215033126286, 421.7851593350419, -17.007243069237827, -39.6732042975881, 13779.181179503821, 7972.3764808623819, 824.04489086353931, 423.68832167608423, -19.907984423110946, -38.275952223088382, 15726.68505461659, 12001.216599166284, 486.26085932129808, 503.53786023705578, 0, 0, 10.575333396760408
15.890000000000001, 13795.099267407231, 7972.222086135137, 827.48867669084677, 421.38035058145158, -17.347364041613584, -40.480875359028886, 13787.418583461347, 7976.6075050744357, 823.8418941228847, 423.29772136228547, -20.299674065456042, -39.060031379874218, 15731.547663209803, 12006.251977768654, 486.26085932129808, 503.53786023705578, 0, 0, 10.565333396760408
15.9, 13803.371591464813, 7976.4298916590342, 827.31782940235462, 420.98048512032352, -17.084728849214326, -39.986546112805819, 13795.653997093848, 7980.8346970692692, 823.64154020774367, 422.91204010963446, -20.035391514101129, -38.568125265101287, 15736.410271803017, 12011.287356371024, 486.26085932129808, 503.53786023705578, 0, 0, 10.555333396760409
15.91, 13811.642155816424, 7980.6335764412024, 827.14356657481949, 420.57248051797649, -17.426282753511785, -40.800460234702626, 13803.887348088783, 7985.0579137534996, 823.43724639829406, 422.51845898525312, -20.429380944957057, -39.358112438136359, 15741.272880396231, 12016.322734973393, 486.26085932129808, 503.53786023705578, 0, 0, 10.545333396760409
15.92, 13819.911017202887, 7984.8332559185656, 826.97194795579344, 420.16945866350443, -17.161861902604585, -40.302185447203023, 13812.11869606437, 7989.2772689942094, 823.235613838586, 422.12983570909699, -20.163255970802371, -38.862327615611534, 15746.135488989445, 12021.358113575763, 486.26085932129808, 503.53786023705578, 0, 0, 10.535333396760409
15.93, 13828.178110954914, 7989.0287821438642, 826.79689945377027, 419.758234574406, -17.504850202317531, -41.12240890984468, 13820.347968268637, 7993.4926186085258, 823.03001823064051, 421.73325285745375, -20.559560794552254, -39.658285164325676, 15750.998097582658, 12026.393492178133, 486.26085932129808, 503.53786023705578, 0, 0, 10.525333396760409
15.94, 13836.443494155685, 7993.2202714690575, 826.62451320264597, 419.35203320436568, -17.23862511242384, -40.620137004033225, 13828.575224714976, 7997.7040773513381, 822.82710249938771, 421.34166713994489, -20.291573125284003, -39.158571750887106, 15755.860706175872, 12031.428870780503, 486.26085932129808, 503.53786023705578, 0, 0, 10.515333396760409
15.950000000000001, 13844.707101830336, 7997.4075747905417, 826.44868271094083, 418.93756583374193, -17.583049170519075, -41.44673706237603, 13836.800392208606, 8001.9114999382909, 822.62020040854782, 420.94206151016118, -20.690209083989217, -39.960562978368287, 15760.723314769086, 12036.464249382872, 486.26085932129808, 503.53786023705578, 0, 0, 10.505333396760408
15.960000000000001, 13852.968991407291, 8001.5908093865464, 826.27553270065357, 418.52816167823647, -17.315001028723586, -40.94041555054288, 13845.023531161967, 8006.1150020228588, 822.4159970269601, 420.54749280791572, -20.420338158768743, -39.456870224544822, 15765.5859233623, 12041.499627985242, 486.26085932129808, 503.53786023705578, 0, 0, 10.495333396760408
15.970000000000001, 13861.229097604983, 8005.7698249842606, 826.09892407960774, 418.11042707371575, -17.660862104583416, -41.773460452071113, 13853.244567934067, 8010.3144372070283, 822.20778381562582, 420.14484321395992, -20.821321133430921, -40.264959395578614, 15770.448531955513, 12046.535006587612, 486.26085932129808, 503.53786023705578, 0, 0, 10.485333396760408
15.98, 13869.487478199999, 8009.94473979961, 825.92501436097507, 417.69779671453949, -17.390971863270572, -41.263035917625615, 13861.463563340309, 8014.5099220538177, 822.00228835463724, 419.74727085727523, -20.549546098859032, -39.757235668471246, 15775.311140548727, 12051.570385189982, 486.26085932129808, 503.53786023705578, 0, 0, 10.475333396760409
15.99, 13877.744067602942, 8014.1154023775171, 825.74763164987985, 417.27677076533416, -17.738271109517949, -42.102594920531324, 13869.680443290039, 8018.7013090391865, 821.7927594335307, 419.34155597699601, -20.952892110648619, -40.571488027919344, 15780.173749141941, 12056.605763792351, 486.26085932129808, 503.53786023705578, 0, 0, 10.465333396760409
16, 13885.998923941517, 8018.2819318832208, 825.57296645503845, 416.86089063533973, -17.466519484139305, -41.588012999446256, 13877.895269005601, 8022.8887156468372, 821.58596751536356, 418.94095916905843, -20.679191816710862, -40.059680793755398, 15785.036357735155, 12061.641142394721, 486.26085932129808, 503.53786023705578, 0, 0, 10.455333396760409
16.010000000000002, 13894.251981317377, 8022.4441756661154, 825.39481387560477, 416.43654907142792, -17.815257943364369, -42.434156391183706, 13886.1079659432, 8027.0719932141401, 821.37511834508177, 418.53215754320513, -21.084917028184627, -40.880162585328435, 15789.898966328368, 12066.676520997091, 486.26085932129808, 503.53786023705578, 0, 0, 10.445333396760407
16.02, 13902.503298212321, 8026.6022538525667, 825.21939762150248, 416.01739545389734, -17.541625410227404, -41.915361753057425, 13894.318595736147, 8031.2512601568133, 821.16702564484012, 418.12851535928854, -20.809270024165851, -40.36421839165655, 15794.761574921582, 12071.711899599461, 486.26085932129808, 503.53786023705578, 0, 0, 10.435333396760409
16.030000000000001, 13910.752808417934, 8030.756012582975, 825.04047958138665, 415.5897138452051, -17.891804011587361, -42.768160869226286, 13902.527083383984, 8035.4263666608749, 820.95485173743566, 417.71660539051817, -21.217390740444873, -41.190996877037151, 15799.624183514796, 12076.74727820183, 486.26085932129808, 503.53786023705578, 0, 0, 10.425333396760408
16.039999999999999, 13919.000570773127, 8034.9055729568472, 824.86431687333004, 415.16726287322564, -17.616270805662879, -42.245097197942989, 13910.733490935068, 8039.5974320855803, 820.74545398472753, 417.30989677717275, -20.939775270808216, -40.670861334544078, 15804.486792108009, 12081.7826568042, 486.26085932129808, 503.53786023705578, 0, 0, 10.41533339676041
16.050000000000001, 13927.246518758306, 8039.0507798919134, 824.68463796971639, 414.73621662881033, -17.967890361361221, -43.104624441528529, 13918.937742928725, 8043.7643054526297, 820.53195090532029, 416.89485672904385, -21.350307940724885, -41.504004812888901, 15809.349400701223, 12086.81803540657, 486.26085932129808, 503.53786023705578, 0, 0, 10.405333396760408
16.059999999999999, 13935.490711572531, 8043.1917554730389, 824.50773360497521, 414.31044428465509, -17.69043647411954, -42.577234415525886, 13927.139901832486, 8047.9271070765335, 820.32124388591069, 416.48506050327541, -21.070701940964813, -40.979622576846985, 15814.212009294437, 12091.85341400894, 486.26085932129808, 503.53786023705578, 0, 0, 10.39533339676041
16.07, 13943.733082383929, 8047.328343381394, 824.3272986282177, 413.87600865189029, -18.043497675750032, -43.443563276479907, 13935.339891721871, 8052.0856848015055, 820.10640725432904, 416.06686849922886, -21.483663158165086, -41.819200404652968, 15819.074617887651, 12096.888792611309, 486.26085932129808, 503.53786023705578, 0, 0, 10.385333396760409
16.080000000000002, 13951.973690754783, 8051.4606666996306, 824.14965759968732, 413.44689076640395, -17.764102853037773, -42.911788548636103, 13943.537775487777, 8056.2401599092245, 819.89438681182253, 415.65396334766876, -21.202044250645773, -41.290515156010642, 15823.937226480864, 12101.924171213679, 486.26085932129808, 503.53786023705578, 0, 0, 10.375333396760407
16.09, 13960.21246953984, 8055.5885678582508, 823.96847153700912, 413.0090408301653, -18.118606267815164, -43.784993623863507, 13951.733476738282, 8060.3903790530358, 819.6782123042758, 415.23259736999466, -21.617450754672916, -42.136597767409867, 15828.799835074078, 12106.959549816049, 486.26085932129808, 503.53786023705578, 0, 0, 10.365333396760409
16.100000000000001, 13968.449478667708, 8059.7121709503326, 823.79009903693157, 412.57655308215578, -17.837250007754761, -43.248774800950351, 13959.927058791887, 8064.5364644939064, 819.46487434183155, 414.81656184805996, -21.333796244430701, -41.603552193472737, 15833.662443667292, 12111.994928418419, 486.26085932129808, 503.53786023705578, 0, 0, 10.355333396760408
16.109999999999999, 13976.684650678666, 8063.831317141382, 823.60816707618574, 412.13526376400972, -18.19319607458171, -44.128931814606112, 13968.118444785567, 8068.6782616807186, 819.24735769261417, 414.39199973685135, -21.751664921737277, -42.456211120864204, 15838.525052260506, 12117.030307020788, 486.26085932129808, 503.53786023705578, 0, 0, 10.34533339676041
16.120000000000001, 13984.918045870783, 8067.9461315477565, 823.42906849993062, 411.69938167964636, -17.909857625511606, -43.588208436332934, 13976.307698469724, 8072.8158938660526, 819.03269817469152, 413.97281226789545, -21.465951792265056, -41.918746895591212, 15843.387660853719, 12122.065685623158, 486.26085932129808, 503.53786023705578, 0, 0, 10.335333396760408
16.129999999999999, 13993.149596468786, 8072.0564540554142, 823.24639603342143, 411.25462773704101, -18.267246650922907, -44.475394260537776, 13984.494742506518, 8076.9492052805126, 818.81383517791949, 413.54503171998829, -21.886299677200618, -42.778054790716283, 15848.250269446933, 12127.101064225528, 486.26085932129808, 503.53786023705578, 0, 0, 10.32533339676041
16.140000000000001, 14001.379363143369, 8076.1624108170681, 823.06657698332765, 410.81532668925928, -17.98190500937978, -43.930104778174105, 13992.67964108261, 8081.078320180829, 818.59785013205737, 413.12267059444207, -21.59850458621397, -42.236112554619339, 15853.112878040147, 12132.136442827898, 486.26085932129808, 503.53786023705578, 0, 0, 10.315333396760408
16.149999999999999, 14009.607277802628, 8080.2638404243426, 822.88316961169437, 410.36708271471844, -18.340737163325848, -44.824397454081691, 14000.862316381601, 8085.2030815652915, 818.37763664343788, 412.69164916234189, -22.021348861948812, -43.102143210016735, 15857.975486633361, 12137.171821430267, 486.26085932129808, 503.53786023705578, 0, 0, 10.30533339676041
16.16, 14017.833401493084, 8084.3608700796085, 822.70263590097363, 409.92433792263199, -18.053371072069986, -44.274479208645985, 14009.042833030815, 8089.3236147075322, 818.16032216206656, 412.26609253684535, -21.731448137133253, -42.555662549651295, 15862.838095226574, 12142.207200032637, 486.26085932129808, 503.53786023705578, 0, 0, 10.295333396760409
16.170000000000002, 14026.057665805136, 8088.4533370651397, 822.51849943713808, 409.47257834295294, -18.413646383550475, -45.17595796790394, 14017.221112731515, 8093.4397613592628, 817.9387541007012, 411.83180762763999, -22.15680613653263, -43.428490920534081, 15867.700703819788, 12147.242578635007, 486.26085932129808, 503.53786023705578, 0, 0, 10.285333396760407
16.18, 14034.280132164358, 8092.5413696464939, 822.33725709384169, 409.02636487127387, -18.124234329636884, -44.621347167907615, 14025.397220556157, 8097.551647823987, 817.72010634298852, 411.4030335241643, -21.864775771272868, -42.877410347570503, 15872.563312413002, 12152.277957237377, 486.26085932129808, 503.53786023705578, 0, 0, 10.275333396760409
16.190000000000001, 14042.500731842394, 8096.6248037813384, 822.15239756701999, 408.57106394672883, -18.485952682171419, -45.530092454501592, 14033.57107771984, 8101.6591145923421, 817.49717969321136, 410.96546239842314, -22.292664977709599, -43.757112574115922, 15877.425921006216, 12157.313335839746, 486.26085932129808, 503.53786023705578, 0, 0, 10.265333396760408
16.199999999999999, 14050.71952664713, 8100.7037688121827, 821.97045283806926, 408.12135670519632, -18.194472895074767, -44.970724153250508, 14041.742749744679, 8105.7622890109005, 817.27719488694333, 410.53344870338321, -21.998480626807936, -43.201369503993512, 15882.288529599429, 12162.348714442116, 486.26085932129808, 503.53786023705578, 0, 0, 10.25533339676041
16.210000000000001, 14058.936447530406, 8104.7780993565875, 821.78487649784927, 407.66248852873906, -18.557634022000158, -45.886817645726389, 14049.912157355748, 8109.861010294494, 817.05290570019429, 410.09256847404276, -22.42891867490416, -44.088022934042286, 15887.151138192643, 12167.384093044486, 486.26085932129808, 503.53786023705578, 0, 0, 10.245333396760408
16.219999999999999, 14067.151556685714, 8108.8479258480174, 821.60223585313133, 407.20926227155746, -18.264064471791624, -45.322625718157923, 14058.079366529402, 8113.9554068461848, 816.83158014369144, 409.65729293740094, -22.132555650283724, -43.52755366418495, 15892.013746785857, 12172.419471646856, 486.26085932129808, 503.53786023705578, 0, 0, 10.23533339676041
16.23, 14075.364784744053, 8112.9130815481803, 821.41594917361738, 406.74680076803492, -18.628667951391748, -46.246150352255157, 14066.244297496791, 8118.0453165900271, 816.60592454042558, 409.21308056863711, -22.565560326590973, -44.421236876383659, 15896.87635537907, 12177.454850249225, 486.26085932129808, 503.53786023705578, 0, 0, 10.225333396760409
16.240000000000002, 14083.576194287838, 8116.9736979957397, 821.23261931014758, 406.29003009332172, -18.332986346979276, -45.67706747131971, 14074.407016693156, 8122.1308689992293, 816.38325460449562, 408.77452080299724, -22.26699359299467, -43.855976563985791, 15901.738963972284, 12182.490228851595, 486.26085932129808, 503.53786023705578, 0, 0, 10.215333396760407
16.25, 14091.7857156262, 8121.0296070805534, 821.04562899417328, 405.82394901869168, -18.69903159743297, -46.608107463002732, 14082.567443851776, 8126.2119006918501, 816.15622877612964, 408.32695310908366, -22.702582836598619, -44.756769391361203, 15906.601572565498, 12187.525607453965, 486.26085932129808, 503.53786023705578, 0, 0, 10.205333396760409
16.260000000000002, 14099.993411733834, 8125.0809414609794, 820.8616168403247, 405.36360836793602, -18.401215384861214, -46.034065075563063, 14090.725645871487, 8130.2885422251366, 815.93221090605687, 407.88508658877646, -22.401787007277459, -44.186652030717731, 15911.464181158712, 12192.560986056335, 486.26085932129808, 503.53786023705578, 0, 0, 10.195333396760407
16.27, 14108.199212596988, 8129.1275316387673, 820.67392982373474, 404.89388130849153, -18.768701658997955, -46.972705944448023, 14098.881541983712, 8134.3606288956862, 815.70381111695372, 407.43414023292962, -22.839978910318539, -45.094635584681775, 15916.326789751925, 12197.596364658704, 486.26085932129808, 503.53786023705578, 0, 0, 10.185333396760409
16.280000000000001, 14116.403181586023, 8133.1695114067152, 820.48924254353653, 404.42994496602449, -18.468728019820212, -46.393634246705616, 14107.035199555645, 8138.428292358918, 815.47844183452651, 406.98894429308888, -22.536928242720869, -44.519593984071555, 15921.189398345139, 12202.631743261074, 486.26085932129808, 503.53786023705578, 0, 0, 10.175333396760408
16.289999999999999, 14124.605248363299, 8137.2067098619491, 820.30086599953972, 403.95654533762547, -18.837654399684382, -47.339962839904743, 14115.186537312833, 8142.491366574247, 815.24866442401822, 406.53459578630009, -22.977741050834123, -45.434850678880473, 15926.052006938353, 12207.667121863444, 486.26085932129808, 503.53786023705578, 0, 0, 10.16533339676041
16.300000000000001, 14132.805476698257, 8141.2392619467128, 820.1155109970457, 403.4889874301021, -18.535500249407061, -46.755790752335486, 14123.335623095656, 8146.5499843096441, 815.02194032959528, 406.08604762193022, -22.672409442294164, -44.854816436985637, 15930.914615531567, 12212.702500465814, 486.26085932129808, 503.53786023705578, 0, 0, 10.155333396760408
16.309999999999999, 14141.003795928382, 8145.2669953367231, 819.92645234063957, 403.01188847741497, -18.905865640618032, -47.709895268711747, 14131.482375119718, 8150.6039781713607, 814.79078171404569, 405.62827332178375, -23.115861554956886, -45.777430014647642, 15935.77722412478, 12217.737879068183, 486.26085932129808, 503.53786023705578, 0, 0, 10.14533339676041
16.32, 14149.200270225645, 8149.2900461389354, 819.74043726436742, 402.54068297330997, -18.601507627220986, -47.120550410498765, 14139.626861703478, 8154.6534820545539, 814.56269948866191, 405.17634998681876, -22.808222538384065, -45.192333496497007, 15940.639832717994, 12222.773257670553, 486.26085932129808, 503.53786023705578, 0, 0, 10.135333396760409
16.330000000000002, 14157.394828601675, 8153.3082405906043, 819.55070415683622, 402.05985776905675, -18.973310753115577, -48.082520425321285, 14147.769000548489, 8158.6983271960644, 814.33015616357034, 404.71512609629752, -23.254332509158697, -46.122389052121136, 15945.502441311208, 12227.808636272923, 486.26085932129808, 503.53786023705578, 0, 0, 10.125333396760407
16.34, 14165.587535634455, 8157.3217159789319, 819.36403690427971, 401.58497847817398, -18.666725255654299, -47.487929088278108, 14155.908860456238, 8162.7386486331225, 814.10071257108302, 404.259804502652, -22.944359248731995, -45.532159364551077, 15950.365049904422, 12232.844014875292, 486.26085932129808, 503.53786023705578, 0, 0, 10.115333396760409
16.350000000000001, 14173.7783200088, 8161.3302970853765, 819.1736372577675, 401.10039992239086, -19.039964651217399, -48.457855578314295, 14164.046358610081, 8166.7742762166436, 813.86678111322885, 403.79510706893024, -23.393145785413569, -46.469743372173873, 15955.227658497635, 12237.879393477662, 486.26085932129808, 503.53786023705578, 0, 0, 10.105333396760408
16.359999999999999, 14181.967246712211, 8165.3341223931957, 818.98632597998233, 400.62182049538779, -18.73112777851912, -47.857942700305344, 14172.181564299553, 8170.8053461410818, 813.63597300250592, 403.33636398554211, -23.080811072292057, -45.874308338813272, 15960.090267090849, 12242.914772080032, 486.26085932129808, 503.53786023705578, 0, 0, 10.09533339676041
16.370000000000001, 14190.154244101743, 8169.333015210439, 818.79526796214157, 400.13346131469456, -19.105801784081002, -48.835918069323064, 14180.314394185623, 8174.8316868546353, 813.4006500721365, 402.8681688987653, -23.532293036938768, -46.819508677679231, 15964.952875684063, 12247.950150682402, 486.26085932129808, 503.53786023705578, 0, 0, 10.085333396760408
16.379999999999999, 14198.339377577959, 8173.3271152325051, 818.60732106840624, 399.65115524262308, -18.794689373530211, -48.230607207149362, 14188.444918050953, 8178.8534357244007, 813.16847437928664, 402.40598095063103, -23.217569284980819, -46.218794813427337, 15969.815484277276, 12252.985529284771, 486.26085932129808, 503.53786023705578, 0, 0, 10.07533339676041
16.390000000000001, 14206.522575169223, 8177.316244276135, 818.41561310712393, 399.15898798950445, -19.170796128234052, -49.216725311860678, 14196.573052029891, 8182.8704197787874, 812.93175672234827, 401.93426394268346, -23.671765693834537, -47.171700794755857, 15974.67809287049, 12258.020907887141, 486.26085932129808, 503.53786023705578, 0, 0, 10.065333396760408
16.399999999999999, 14214.703902692732, 8181.300543265238, 818.22703926967733, 398.67292860336818, -18.85738374466402, -48.60593861362711, 14204.698866403374, 8186.8827775732225, 812.6982104729949, 401.46860760988579, -23.354624935341715, -46.56563327976864, 15979.540701463704, 12263.056286489511, 486.26085932129808, 503.53786023705578, 0, 0, 10.05533339676041
16.41, 14222.883287847251, 8185.2798325070535, 818.03469005788054, 398.17692565546776, -19.23492117968086, -49.60029479004487, 14212.822276774861, 8190.89033469897, 812.46009492340875, 400.99334425314601, -23.81155495861568, -47.5263356739814, 15984.403310056918, 12268.091665091881, 486.26085932129808, 503.53786023705578, 0, 0, 10.045333396760409
16.420000000000002, 14231.060796870213, 8189.2542541706634, 817.84549821673693, 397.68708612579809, -18.919184114363599, -48.98395296696863, 14220.943353928769, 8194.8932309157517, 812.2251752350079, 400.52419586987475, -23.491968840090415, -46.914838327127107, 15989.265918650131, 12273.12704369425, 486.26085932129808, 503.53786023705578, 0, 0, 10.035333396760407
16.43, 14239.236357129888, 8193.2236270353133, 817.65251671727833, 397.18721968522607, -19.298149945855616, -49.986644057202113, 14229.062012933349, 8198.8912903600412, 811.98565871699157, 400.04536157595913, -23.951651801627722, -47.883429391563467, 15994.128527243345, 12278.16242229662, 486.26085932129808, 503.53786023705578, 0, 0, 10.025333396760409
16.440000000000001, 14247.410035287579, 8197.1880945322118, 817.46271608512222, 396.69357302167714, -18.98006321561272, -49.364666354890566, 14237.178325081783, 8202.8846540121049, 811.74936280119584, 399.5726973295254, -23.62959157956703, -47.266424643374691, 15998.991135836559, 12283.19780089899, 486.26085932129808, 503.53786023705578, 0, 0, 10.015333396760408
16.449999999999999, 14255.581758380191, 8201.1474738938177, 817.26911153574792, 396.18981511433338, -19.36045493743136, -50.375790734374156, 14245.292204902751, 8206.8731445356771, 811.5084423316323, 399.09026734802046, -24.092046956357891, -48.242998150491488, 16003.853744429773, 12288.23317950136, 486.26085932129808, 503.53786023705578, 0, 0, 10.00533339676041
16.460000000000001, 14263.751593496556, 8205.1019098307261, 817.07871160290927, 395.69233416529801, -19.039993283860305, -49.748094903535801, 14253.403724203543, 8210.8569041481041, 811.27076749670152, 398.61406327786466, -23.767483493074625, -47.620407015578209, 16008.716353022986, 12293.268558103729, 486.26085932129808, 503.53786023705578, 0, 0, 9.9953333967604081
16.469999999999999, 14271.91946734136, 8209.0512180095029, 816.88449352130954, 395.1846566402109, -19.421808159976788, -50.767752508710167, 14261.512796968873, 8214.8357540221405, 811.02844018755525, 398.12801269504808, -24.232730914632199, -48.60505828165504, 16013.5789616162, 12298.303936706099, 486.26085932129808, 503.53786023705578, 0, 0, 9.9853333967604101
16.48, 14280.085447434667, 8212.9955444376883, 816.69350406082151, 394.68331409245786, -19.0989460488051, -50.13425477530248, 14269.619495525547, 8218.8098376290418, 810.78938384081414, 397.64824469174226, -23.905634674114829, -47.976800330582073, 16018.441570209414, 12303.339315308469, 486.26085932129808, 503.53786023705578, 0, 0, 9.9753333967604085
16.490000000000002, 14288.24946014811, 8216.9347031965426, 816.49868224976717, 394.17168862114102, -19.482181105434666, -51.162547131684057, 14277.723733309867, 8222.7789746320232, 810.54564690159748, 397.15854842929355, -24.373693921669236, -48.969626244871939, 16023.304178802628, 12308.374693910839, 486.26085932129808, 503.53786023705578, 0, 0, 9.965333396760407
16.5, 14296.411573436699, 8220.8688416084296, 816.30711332250712, 393.66645699947628, -19.156892726003097, -50.523162166475124, 14285.825583173639, 8226.7433097733792, 810.30520655194266, 396.67519223353878, -24.04403496547862, -48.335619575478148, 16028.166787395841, 12313.410072513208, 486.26085932129808, 503.53786023705578, 0, 0, 9.955333396760409
16.510000000000002, 14304.571713338213, 8224.7977721495627, 816.11169787507254, 393.15085507530398, -19.541544743462236, -51.560192417232173, 14293.924958000263, 8230.702661187921, 810.06005729223227, 396.18182504723956, -24.514925971035943, -49.336718629921016, 16033.029395989055, 12318.445451115578, 486.26085932129808, 503.53786023705578, 0, 0, 9.9453333967604074
16.52, 14312.729948246362, 8228.7216434753209, 815.91955983498895, 392.64170674225591, -19.213804008361318, -50.914833304807154, 14302.021931172092, 8234.6571749064169, 809.81823055268967, 395.69485624885846, -24.182673954263677, -48.696879838110263, 16037.892004582269, 12323.480829717948, 486.26085932129808, 503.53786023705578, 0, 0, 9.9353333967604094
16.530000000000001, 14320.886203864286, 8232.640266436807, 815.72356113986302, 392.12209967985871, -19.599869512594449, -51.960706239720587, 14310.1164150151, 8238.6066675160819, 809.57166638469505, 395.19779272728351, -24.656416799461446, -49.706352157493335, 16042.754613175483, 12328.516208320318, 486.26085932129808, 503.53786023705578, 0, 0, 9.9253333967604078
16.539999999999999, 14329.040549028176, 8236.5537910409384, 815.53086463928867, 391.60900683539001, -19.269650057438223, -51.309284446867672, 14318.208483447801, 8242.5512863539079, 809.32845097502775, 394.70718676420915, -24.321540966728534, -49.060596307433208, 16047.617221768696, 12333.551586922687, 486.26085932129808, 503.53786023705578, 0, 0, 9.9153333967604098
16.550000000000001, 14337.192909105772, 8240.4620264933128, 815.33429338617623, 391.08536577007237, -19.657125311238399, -52.364106531761841, 14326.298048234168, 8246.4908464399978, 809.08046941621262, 394.20640132740834, -24.798155881518166, -50.078543680083499, 16052.47983036191, 12338.586965525057, 486.26085932129808, 503.53786023705578, 0, 0, 9.9053333967604082
16.559999999999999, 14345.34335337956, 8244.3651241712323, 815.14104938123023, 390.56830045131966, -19.324400494601139, -51.706531875270528, 14334.385183834571, 8250.4254964356314, 808.83586316558217, 393.71213348466989, -24.460625063040023, -49.426784273843531, 16057.342438955124, 12343.622344127427, 486.26085932129808, 503.53786023705578, 0, 0, 9.8953333967604102
16.57, 14353.491806881149, 8248.2628916140529, 814.94391656634525, 390.04059633850073, -19.713281488503174, -52.770411281891334, 14342.469801446363, 8254.3550497739507, 808.58646184134045, 393.20760038284158, -24.940132424174749, -50.453310182833356, 16062.205047548337, 12348.657722729797, 486.26085932129808, 503.53786023705578, 0, 0, 9.8853333967604087
16.580000000000002, 14361.638339343153, 8252.1554815886539, 814.75013632242496, 389.51953041954323, -19.37802439202693, -52.10659189575312, 14350.551976077522, 8258.2796564589098, 808.34046269102146, 392.70964579154708, -24.599915031898419, -49.795459129452702, 16067.067656141551, 12353.693101332166, 486.26085932129808, 503.53786023705578, 0, 0, 9.8753333967604071
16.59, 14369.782875460352, 8256.0426999470692, 814.55245325407645, 388.98773403422257, -19.768306834849732, -53.179638532067131, 14358.631618354128, 8262.199128316508, 808.08963933740938, 392.20133910370413, -25.082335361203363, -50.830668784295192, 16071.930264734765, 12358.728479934536, 486.26085932129808, 503.53786023705578, 0, 0, 9.8653333967604091
16.600000000000001, 14377.925485419353, 8259.9247008652856, 814.35814835144129, 388.46263922588219, -19.430490263519253, -52.509480834040708, 14366.708803837593, 8266.1136167120894, 807.84224534355928, 391.6996727400217, -24.739399385009733, -50.166636368242486, 16076.792873327979, 12363.763858536906, 486.26085932129808, 503.53786023705578, 0, 0, 9.8553333967604075
16.609999999999999, 14386.066093577432, 8263.8012884865875, 814.15992665571559, 387.9267211621322, -19.822169572563912, -53.591806375000004, 14374.783442578027, 8270.0229318439797, 807.58999781008481, 391.18756637265045, -25.224753347444356, -51.210636737123522, 16081.655481921192, 12368.799237139276, 486.26085932129808, 503.53786023705578, 0, 0, 9.8453333967604095
16.620000000000001, 14394.204770579081, 8267.6726184159543, 813.96510899516386, 387.39756901180647, -19.48176605517483, -52.915215032572242, 14382.855610696175, 8273.9272264579686, 807.34120714657035, 390.68216305678868, -24.879066351441477, -50.540331586178944, 16086.518090514406, 12373.834615741645, 486.26085932129808, 503.53786023705578, 0, 0, 9.835333396760408
16.629999999999999, 14402.341440443432, 8271.5384930661294, 813.76636062170348, 386.85749968229356, -19.874837346043044, -54.006932951290509, 14390.925217661428, 8277.8263091038225, 807.08753339904115, 390.16623074250191, -25.367374752917225, -51.593231428675395, 16091.38069910762, 12378.869994344015, 486.26085932129808, 503.53786023705578, 0, 0, 9.82533339676041
16.640000000000001, 14410.476174276779, 8275.3990694913246, 813.57104243034496, 386.32426157382378, -19.531819135854121, -53.323810846979669, 14398.992340159837, 8281.7203339271746, 806.83734436032307, 389.6570651376901, -25.018903871810902, -50.916560481182437, 16096.243307700834, 12383.905372946385, 486.26085932129808, 503.53786023705578, 0, 0, 9.8153333967604084
16.649999999999999, 14418.6088957595, 8279.2541483515961, 813.37177965822593, 385.78001120936, -19.926277211898167, -54.425036446376502, 14407.056887075292, 8285.6091078079935, 806.58224248375529, 389.13728043387482, -25.510187656779525, -51.978470381525263, 16101.105916294047, 12388.940751548755, 486.26085932129808, 503.53786023705578, 0, 0, 9.8053333967604104
16.66, 14426.73967646364, 8283.1038881709937, 813.17597349535095, 385.24265836293569, -19.580616287502096, -53.735284642428702, 14415.11893566519, 8289.4927863115045, 806.33065348783168, 388.62432704534422, -25.158899592356995, -51.295338853061232, 16105.968524887261, 12393.976130151124, 486.26085932129808, 503.53786023705578, 0, 0, 9.7953333967604088
16.670000000000002, 14434.86843973025, 8286.9480878343602, 812.97620893906219, 384.69419701206272, -19.976455628875147, -54.846135087298386, 14423.178394223092, 8293.3711746262707, 806.07412168942028, 388.1006633328052, -25.65317984113701, -52.36637125390402, 16110.831133480475, 12399.011508753494, 486.26085932129808, 503.53786023705578, 0, 0, 9.7853333967604073
16.68, 14442.995257601086, 8290.7869073565616, 812.77992770210938, 384.15270048416556, -19.628123695276486, -54.149652789716519, 14431.235340583858, 8297.2444297572074, 805.82113128083176, 387.58389650677208, -25.299040858847235, -51.676682603309658, 16115.693742073689, 12404.046887355864, 486.26085932129808, 503.53786023705578, 0, 0, 9.7753333967604092
16.690000000000001, 14451.12005307734, 8294.6201438243315, 812.57967431763359, 383.59999801277326, -20.025338447573152, -55.270247139228189, 14439.289682445849, 8301.112355179499, 805.56316789298501, 387.05632698837195, -25.796338784679772, -52.756951840012476, 16120.556350666902, 12409.082265958234, 486.26085932129808, 503.53786023705578, 0, 0, 9.7653333967604077
16.699999999999999, 14459.242898674476, 8298.4479587647093, 812.38293124825861, 383.0543286961618, -19.674306937491878, -54.566931661143727, 14447.341498227574, 8304.9751093582217, 805.30877474588169, 386.53572091102404, -25.439314710327753, -52.060607734790288, 16125.418959260116, 12414.117644560603, 486.26085932129808, 503.53786023705578, 0, 0, 9.7553333967604097
16.710000000000001, 14467.363717053324, 8302.270147443036, 812.18220233925888, 382.49735478714399, -20.072890899968105, -55.697390901778647, 14455.390695027283, 8308.8324940328221, 805.04937822932015, 386.00421861032174, -25.939651656152275, -53.150230070228069, 16130.28156785333, 12419.153023162973, 486.26085932129808, 503.53786023705578, 0, 0, 9.7453333967604081
16.719999999999999, 14475.48258120707, 8306.086872920263, 811.98501102950502, 381.94748341088234, -19.719130975383422, -54.987137626166792, 14463.437351853396, 8312.684669149372, 804.7935811505929, 385.47974730680863, -25.579707872720363, -52.447130351309028, 16135.144176446543, 12424.188401765343, 486.26085932129808, 503.53786023705578, 0, 0, 9.7353333967604101
16.73, 14483.599413455728, 8309.8979286166668, 811.78382025361759, 381.38620756383153, -20.119077588737412, -56.127584705080714, 14471.481375199106, 8316.531434688839, 804.53275009751633, 384.94428506669669, -26.083105307651966, -53.546224011195982, 16140.006785039757, 12429.223780367713, 486.26085932129808, 503.53786023705578, 0, 0, 9.7253333967604085
16.740000000000002, 14491.714287274242, 8313.7034791492479, 811.58619465219078, 380.83210469336336, -19.762560142685341, -55.41028704681613, 14479.522844669069, 8320.3729520995075, 804.27554802999373, 384.41592240012596, -25.720206752260086, -52.836266657071512, 16144.869393632971, 12434.259158970082, 486.26085932129808, 503.53786023705578, 0, 0, 9.715333396760407
16.75, 14499.827124641393, 8317.5033160691455, 811.38455602742692, 380.2664962243071, -20.163862476386544, -56.560846905628374, 14487.561666146428, 8324.2090195807286, 804.01328116731611, 383.87647288146792, -26.226686267756417, -53.944951865806971, 16149.732002226185, 12439.294537572452, 486.26085932129808, 503.53786023705578, 0, 0, 9.705333396760409
16.760000000000002, 14507.937999517948, 8321.2976055719482, 811.1865104460768, 379.70813226157856, -19.804558135015483, -55.836396272854415, 14495.597919838487, 8328.0398001045996, 803.75467319302845, 383.34419255190795, -25.86079742876198, -53.228032955998877, 16154.594610819398, 12444.329916174822, 486.26085932129808, 503.53786023705578, 0, 0, 9.6953333967604074
16.77, 14516.046833541077, 8325.086137315182, 810.98443835733508, 379.13816030275996, -20.207208874167346, -56.997195881862368, 14503.631511013307, 8331.8650900653229, 803.4909693856838, 382.80072823217756, -26.37038073446605, -54.346431973036935, 16159.457219412612, 12449.365294777192, 486.26085932129808, 503.53786023705578, 0, 0, 9.6853333967604094
16.780000000000001, 14524.153701161451, 8328.8690790959645, 810.78598747734429, 378.57550548639307, -19.845087999073655, -56.265481636690055, 14511.662520487316, 8335.6850539807965, 803.23095472919658, 382.26450377566835, -26.001465648725002, -53.62244565092044, 16164.319828005826, 12454.400673379561, 486.26085932129808, 503.53786023705578, 0, 0, 9.6753333967604078
16.789999999999999, 14532.258523674309, 8332.6462186533245, 810.58349668303651, 378.00113898609834, -20.249079430781158, -57.436650029471608, 14519.690852908423, 8339.4994864161326, 802.96581298351703, 381.71699694759201, -26.514174567953241, -54.750682807630895, 16169.18243659904, 12459.436051981931, 486.26085932129808, 503.53786023705578, 0, 0, 9.6653333967604098
16.800000000000001, 14540.361376024321, 8336.4177254092683, 810.3846555618203, 377.4341633916186, -19.884112121627105, -56.697559447974783, 14527.716589708736, 8343.308553457422, 802.70439101533464, 381.17680173516624, -26.142196818240905, -54.01952124257727, 16174.045045192253, 12464.471430584301, 486.26085932129808, 503.53786023705578, 0, 0, 9.6553333967604082
16.809999999999999, 14548.46217916452, 8340.1833851590218, 810.18176120061162, 376.85537111405444, -20.289436120870647, -57.879227756417357, 14535.739634910897, 8347.1120478163266, 802.43781048250344, 380.62522450536983, -26.658053283120822, -55.157722979639303, 16178.907653785467, 12469.506809186671, 486.26085932129808, 503.53786023705578, 0, 0, 9.6453333967604102
16.82, 14556.561008537694, 8343.943368973265, 809.98254527842857, 376.28404465417503, -19.921592218308181, -57.132645987941729, 14543.760070569322, 8350.9101371699307, 802.17498072254614, 380.08103174208486, -26.282975995735399, -54.419276328494398, 16183.770262378681, 12474.54218778904, 486.26085932129808, 503.53786023705578, 0, 0, 9.6353333967604087
16.830000000000002, 14564.657784754443, 8347.6974606776857, 809.77926287609569, 375.7007951793986, -20.328240233288025, -58.324947477643946, 14551.777800076241, 8354.7026123516662, 801.90696070212664, 379.52535602974712, -26.80200204195409, -55.5675712337748, 16188.632870971895, 12479.57756639141, 486.26085932129808, 503.53786023705578, 0, 0, 9.6253333967604071
16.84, 14572.752583759806, 8351.4458330158541, 809.57968798287368, 375.12508760436435, -19.95748932220355, -57.570757503426506, 14559.792906115079, 8358.489642652823, 801.64272282328147, 378.9771387537304, -26.42378788451613, -54.821727601669259, 16193.495479565108, 12484.61294499378, 486.26085932129808, 503.53786023705578, 0, 0, 9.6153333967604091
16.850000000000001, 14580.845325821781, 8355.1882678177572, 809.3760334592821, 374.5373493282691, -20.365452359160493, -58.773827609522478, 14567.805291442464, 8362.2710170033934, 801.37326276682461, 378.41733628924402, -26.946005645688675, -55.980246448637942, 16198.358088158322, 12489.64832359615, 486.26085932129808, 503.53786023705578, 0, 0, 9.6053333967604075
16.859999999999999, 14588.936087391809, 8358.9249395245097, 809.17611582155962, 373.95723022626311, -19.991763772249932, -58.011910200602053, 14575.815039377609, 8366.046906332509, 801.10761659857314, 377.86506737075291, -26.564616825142991, -55.226891849109101, 16203.220696751536, 12494.683702198519, 486.26085932129808, 503.53786023705578, 0, 0, 9.5953333967604095
16.870000000000001, 14597.024788395167, 8362.6556279437882, 808.97210549776241, 373.36497136062371, -20.401032379720618, -59.225886563940364, 14583.822052036316, 8369.8170976410711, 800.83671611330556, 377.30110969439562, -27.090048526755069, -56.395767635730358, 16208.08330534475, 12499.719080800889, 486.26085932129808, 503.53786023705578, 0, 0, 9.585333396760408
16.879999999999999, 14605.111505793864, 8366.3805092393595, 808.77186174574831, 372.7804101582401, -20.024375201412468, -58.45612023836005, 14591.826413380431, 8373.581763520122, 800.56966164542962, 376.74476183489406, -26.705446787591224, -55.634785950155717, 16212.945913937963, 12504.754459403259, 486.26085932129808, 503.53786023705578, 0, 0, 9.57533339676041
16.890000000000001, 14613.196159170404, 8370.0993611695303, 808.56751235120919, 372.18359873081954, -20.43493945391285, -59.681142742057133, 14599.828024879675, 8377.3406890153801, 800.29732049802453, 376.17662029551127, -27.234114740510524, -56.814153938278778, 16217.808522531177, 12509.789838005629, 486.26085932129808, 503.53786023705578, 0, 0, 9.5653333967604084
16.899999999999999, 14621.278826001537, 8373.8123616462799, 808.36695952596267, 371.594564693606, -20.055282524654963, -58.903403721353136, 14607.82697114545, 8381.094048404304, 800.02885788439232, 375.61616602676514, -26.846261363215614, -56.045426874614492, 16222.671131124391, 12514.825216607998, 486.26085932129808, 503.53786023705578, 0, 0, 9.5553333967604104
16.91, 14629.359425526996, 8377.5192863510365, 808.16228820590504, 370.99316854832921, -20.467132005759787, -60.139614527676827, 14615.823152996101, 8384.8416247508776, 799.7550760048249, 375.04381178046691, -27.378187956736987, -57.23542462982514, 16227.533739717604, 12519.860595210368, 486.26085932129808, 503.53786023705578, 0, 0, 9.5453333967604088
16.920000000000002, 14637.438035742467, 8381.2203149700163, 807.96144376663813, 370.39963078140266, -20.084443926688735, -59.353776692655224, 14623.816655699586, 8388.5835940439301, 799.48520556725987, 374.47922346366039, -26.987043756497975, -56.458831680649759, 16232.396348310818, 12524.895973812738, 486.26085932129808, 503.53786023705578, 0, 0, 9.5353333967604073
16.93, 14645.514575544978, 8384.9152210797874, 807.75646808952297, 369.79361757859971, -20.497567711515003, -60.601320280295432, 14631.80737941754, 8392.3197373386993, 799.20998305275054, 373.90262747253394, -27.522251450933446, -57.659599112643242, 16237.258956904032, 12529.931352415108, 486.26085932129808, 503.53786023705578, 0, 0, 9.5253333967604092
16.940000000000001, 14653.589123453345, 8388.6041861673039, 807.55534992102764, 369.19554502733871, -20.111816849527663, -59.80725512609984, 14639.795410081551, 8396.050232360798, 798.93870528498451, 373.33387729740883, -27.127776776607387, -56.875017512508379, 16242.121565497246, 12534.966731017477, 486.26085932129808, 503.53786023705578, 0, 0, 9.5153333967604077
16.949999999999999, 14661.661598022032, 8392.2869816758284, 807.35008788616199, 368.58488224406136, -20.526203486570072, -61.06627832773205, 14647.780647191186, 8399.7748581292344, 798.6620424040309, 372.75301032824984, -27.666288095362571, -58.08669691589683, 16246.984174090459, 12540.002109619847, 486.26085932129808, 503.53786023705578, 0, 0, 9.5053333967604097
16.960000000000001, 14669.732078297196, 8395.9637909200319, 807.1487143063639, 367.98224369487963, -20.137357979804428, -60.263854918171234, 14655.763177348803, 8403.4937941322769, 798.38935797574368, 372.18007031227029, -27.268442828718094, -57.294001597953184, 16251.846782683673, 12545.037488222217, 486.26085932129808, 503.53786023705578, 0, 0, 9.4953333967604081
16.969999999999999, 14677.800482490939, 8399.6343831809372, 806.94318435164269, 367.36689862529613, -20.552995472121658, -61.534506958346967, 14663.742899386507, 8407.2068173247462, 798.11125517224514, 371.5949029353348, -27.810280349855201, -58.516737693545927, 16256.709391276887, 12550.072866824587, 486.26085932129808, 503.53786023705578, 0, 0, 9.4853333967604101
16.98, 14685.866890180969, 8403.2989436284079, 806.74157411928377, 366.75966270650071, -20.161023235889331, -60.723591879541402, 14671.719900584643, 8410.9141089839122, 797.83716493319389, 371.01774492287979, -27.409023905129914, -57.715801245500749, 16261.571999870101, 12555.108245426956, 486.26085932129808, 503.53786023705578, 0, 0, 9.4753333967604085
16.990000000000002, 14693.931219237309, 8406.9572393518101, 806.53579512906765, 366.13960246237207, -20.577899021609728, -62.006024412863013, 14679.694079102437, 8414.6154439719576, 797.55762283067008, 370.42824751065956, -27.954210252382268, -58.949741222021316, 16266.434608463314, 12560.143624029326, 486.26085932129808, 503.53786023705578, 0, 0, 9.465333396760407
17, 14701.993549773437, 8410.6094574041745, 806.33396745152004, 365.52773764511085, -20.182767754765148, -61.186481726121059, 14687.665522905507, 8418.3110053819873, 797.28212781490879, 369.84684317224617, -27.549501576133792, -58.140433841338698, 16271.297217056528, 12565.179002631696, 486.26085932129808, 503.53786023705578, 0, 0, 9.455333396760409
17.010000000000002, 14710.053799317649, 8414.2553626532936, 806.12795876465111, 364.90292915635388, -20.600868686896007, -62.480848875697717, 14695.634129474745, 8422.0005659546005, 797.00114722081526, 369.25298589827037, -28.098059409354601, -59.385727397581029, 16276.159825649742, 12570.214381234066, 486.26085932129808, 503.53786023705578, 0, 0, 9.4453333967604074
17.02, 14718.112048523415, 8417.8951440638466, 805.92593330586419, 364.28640375565681, -20.202545878697105, -61.65254006970985, 14703.599987468406, 8425.6843106260567, 796.72424865100857, 368.66730672981026, -27.689856980664167, -58.567916846009609, 16281.022434242956, 12575.249759836435, 486.26085932129808, 503.53786023705578, 0, 0, 9.4353333967604094
17.030000000000001, 14726.168214577743, 8421.5285642516337, 805.71971472382211, 363.6568137709981, -20.621858204213698, -62.958998465871439, 14711.562993683568, 8429.3620099859199, 796.44183056115173, 368.06905956747607, -28.241808985682781, -59.824716233416204, 16285.885042836169, 12580.285138438805, 486.26085932129808, 503.53786023705578, 0, 0, 9.4253333967604078
17.039999999999999, 14734.222378678311, 8425.155814121983, 805.51751161240543, 363.03559594691643, -20.220311141673225, -62.121782408167356, 14719.523237478557, 8433.0338508414261, 796.16352985298465, 367.4790768895682, -27.830070816705518, -58.998267790788873, 16290.747651429383, 12585.320517041175, 486.26085932129808, 503.53786023705578, 0, 0, 9.4153333967604098
17.050000000000001, 14742.274457671363, 8428.7766540077682, 805.31110340760677, 362.40119103464218, -20.640820479868605, -63.440491227424886, 14727.480614961132, 8436.6996016011435, 795.87967545603897, 366.87640961100374, -28.385439694569857, -60.26672785644589, 16295.610260022597, 12590.355895643544, 486.26085932129808, 503.53786023705578, 0, 0, 9.4053333967604082
17.059999999999999, 14750.324533303001, 8432.3912767844977, 805.10874324505039, 361.77524879349085, -20.236016255632762, -62.59422411513404, 14735.435216197193, 8440.3594509716131, 795.59997422272431, 366.28209456826585, -27.970123331469669, -59.431504273788981, 16300.472868615811, 12595.391274245914, 486.26085932129808, 503.53786023705578, 0, 0, 9.3953333967604102
17.07, 14758.372522079315, 8435.9994404706649, 804.90216616929354, 361.13599534229775, -20.657707575685251, -63.92534511931219, 14743.386936599652, 8444.0131651499196, 795.31468490485406, 365.67497674322811, -28.528931787024817, -60.71178250377173, 16305.335477209024, 12600.426652848284, 486.26085932129808, 503.53786023705578, 0, 0, 9.3853333967604087
17.080000000000002, 14766.418506299044, 8439.6013399420244, 804.69967003832915, 360.50529653800606, -20.249613096439326, -63.06988042917019, 14751.335866949554, 8447.6609347707581, 795.03358496174121, 365.07630030367147, -28.109994311288098, -59.867643955666054, 16310.198085802238, 12605.462031450654, 486.26085932129808, 503.53786023705578, 0, 0, 9.3753333967604071
17.09, 14774.462402128824, 8443.1967308707044, 804.49294533138709, 359.86116075795843, -20.672470694202822, -64.413578004762812, 14759.281901959415, 8451.3025237887177, 794.74686231133023, 364.46470129848359, -28.672265041097308, -61.159900518790366, 16315.060694395452, 12610.497410053023, 486.26085932129808, 503.53786023705578, 0, 0, 9.3653333967604091
17.100000000000001, 14782.504292424233, 8446.7858101633174, 804.2903348044905, 359.22567309353383, -20.261052689661675, -63.548766442458117, 14767.225133133068, 8454.9381247960191, 794.46436568061733, 363.86163425293284, -28.249663071288452, -60.306704555073708, 16319.923302988665, 12615.532788655393, 486.26085932129808, 503.53786023705578, 0, 0, 9.3553333967604075
17.109999999999999, 14790.544093013254, 8450.3683311131063, 804.08348420285415, 358.57662101713248, -20.685060163637068, -64.905207640135103, 14775.165454477061, 8458.5674994731962, 794.17621149310889, 363.24552322946295, -28.815418750847662, -61.611102346990123, 16324.785911581879, 12620.568167257763, 486.26085932129808, 503.53786023705578, 0, 0, 9.3453333967604095
17.120000000000001, 14798.581887312503, 8453.9444926887136, 803.88078135089302, 357.9363120462433, -20.270285196111988, -64.030897088915239, 14783.102958225725, 8462.1908423999139, 793.89232040866102, 362.63803619102572, -28.389108444791102, -60.748703843720783, 16329.648520175093, 12625.603545860133, 486.26085932129808, 503.53786023705578, 0, 0, 9.335333396760408
17.129999999999999, 14806.617590812199, 8457.514045771426, 803.67382709666731, 357.28230952961184, -20.695425422571891, -65.400251663144658, 14791.037537674054, 8465.8079129505441, 793.60273669151093, 362.0173821057125, -28.95837171500386, -62.065408531322667, 16334.511128768307, 12630.638924462502, 486.26085932129808, 503.53786023705578, 0, 0, 9.32533339676041
17.140000000000001, 14814.65128749418, 8461.077191423652, 803.47105449769572, 356.63714665829451, -20.277259897156039, -64.516287131732597, 14798.969285794654, 8469.4189077226547, 793.31745360378659, 361.40544550930201, -28.528308772436795, -61.193659641050772, 16339.37373736152, 12635.674303064872, 486.26085932129808, 503.53786023705578, 0, 0, 9.3153333967604084
17.150000000000002, 14822.682892511906, 8464.633678081098, 803.2640193476517, 355.97815938248942, -20.703515004405478, -65.898727580508407, 14806.898095165358, 8473.0235837517921, 793.02644258153327, 360.78021711223005, -29.101102225328393, -62.522839707193761, 16344.236345954734, 12640.709681667242, 486.26085932129808, 503.53786023705578, 0, 0, 9.3053333967604068
17.16, 14830.712490416605, 8468.1837089322507, 803.06120009585368, 355.32810987098605, -20.281925179803999, -65.004951150337405, 14814.82405950489, 8476.622139684443, 792.73977016262279, 360.1638012141446, -28.667241891049848, -61.641589808546442, 16349.098954547948, 12645.745060269612, 486.26085932129808, 503.53786023705578, 0, 0, 9.2953333967604088
17.170000000000002, 14838.739996026085, 8471.7270299330467, 802.85410733063816, 354.66410334343624, -20.709276521552525, -66.40065275498435, 14822.747070668309, 8480.2143301840952, 792.44733428207587, 359.53396704817402, -29.243588054690679, -62.983416597058302, 16353.961563141162, 12650.780438871981, 486.26085932129808, 503.53786023705578, 0, 0, 9.2853333967604073
17.18, 14846.765494465113, 8475.2638464309512, 802.65126504542229, 354.00913430816871, -20.284228521580996, -65.496903526751296, 14830.667223128361, 8483.8003559777408, 792.15927543085354, 358.91304192573767, -28.805885122229235, -62.092512243636115, 16358.824171734375, 12655.815817474351, 486.26085932129808, 503.53786023705578, 0, 0, 9.2753333967604092
17.190000000000001, 14854.78890021707, 8478.7939018673733, 802.44413847892838, 353.34007386425134, -20.712656649386208, -66.906044391735435, 14838.584408011702, 8487.3799693229976, 791.86541736640538, 358.2785703256921, -29.385806444818584, -63.447160004554576, 16363.686780327589, 12660.851196076721, 486.26085932129808, 503.53786023705578, 0, 0, 9.2653333967604077
17.199999999999999, 14862.810298984388, 8482.3174037822519, 802.24129731417679, 352.68015227993874, -20.284116475157187, -65.992158431261458, 14846.498720553078, 8490.9533730595231, 791.57597521379898, 357.65310587696086, -28.944215260636661, -62.546444873125623, 16368.549388920803, 12665.886574679091, 486.26085932129808, 503.53786023705578, 0, 0, 9.2553333967604097
17.210000000000001, 14870.829604917364, 8485.834093067122, 802.03416130307744, 352.00600308469853, -20.713601109931709, -67.414919524019851, 14854.410051145102, 8494.5203170046716, 791.28069787286165, 357.01396496887901, -29.527734093735589, -63.914090808184511, 16373.411997514017, 12670.92195328146, 486.26085932129808, 503.53786023705578, 0, 0, 9.2453333967604081
17.219999999999999, 14878.846904300197, 8489.3441794884984, 801.83134595654963, 351.34109578662355, -20.281534652783268, -66.490729807497672, 14862.318495792546, 8498.0810061435132, 790.98987578724132, 356.38393091241647, -29.082208562028818, -63.003405646251139, 16378.27460610723, 12675.95733188383, 486.26085932129808, 503.53786023705578, 0, 0, 9.2353333967604101
17.23, 14886.862110951564, 8492.8474013521154, 801.62422540999648, 350.66182283664159, -20.712054655319498, -67.927294998198661, 14870.223944148347, 8501.6351878181449, 790.69318231581246, 355.74008861287109, -29.669347142885627, -64.384229954535911, 16383.137214700444, 12680.9927104862, 486.26085932129808, 503.53786023705578, 0, 0, 9.2253333967604085
17.240000000000002, 14894.875311741507, 8496.3439706857789, 801.42146113289164, 349.9918965230741, -20.276427710482245, -66.992631356750309, 14878.126492995396, 8505.1830691923951, 790.40098390850278, 355.1054544875991, -29.219840730967277, -63.46341252719666, 16387.999823293656, 12686.02808908857, 486.26085932129808, 503.53786023705578, 0, 0, 9.215333396760407
17.25, 14902.886420158678, 8499.8336231728917, 801.21438152238181, 349.30746464849437, -20.707961050978525, -68.443187457972499, 14886.026031241307, 8508.7243950975026, 790.10287769686363, 354.45687850308946, -29.810621163913186, -64.85759845096554, 16392.862431886868, 12691.063467690939, 486.26085932129808, 503.53786023705578, 0, 0, 9.205333396760409
17.260000000000002, 14910.895523663003, 8503.3165731378976, 801.01169412906142, 348.63248588327838, -20.268739332036752, -67.497876521600176, 14893.922656455239, 8512.2593749100106, 789.80930682778114, 353.81761366821797, -29.357086908244426, -63.926483487150058, 16397.72504048008, 12696.098846293309, 486.26085932129808, 503.53786023705578, 0, 0, 9.1953333967604074
17.27, 14918.902535414834, 8506.7925536047314, 800.80468149847547, 347.94285974999968, -20.701263058591067, -68.96261332787023, 14901.816256793845, 8515.787750914089, 789.50979151632998, 353.16427149464027, -29.95153114511573, -65.334217357770115, 16402.587649073292, 12701.134224895679, 486.26085932129808, 503.53786023705578, 0, 0, 9.1853333967604094
17.280000000000001, 14926.907543467987, 8510.2617812304616, 800.60209737634784, 347.26279496531163, -20.258412212765343, -68.006478468805625, 14909.70693062076, 8519.3097347335606, 789.21485229974985, 352.5203451296818, -29.493921658008517, -64.392636495848819, 16407.450257666504, 12706.169603498049, 486.26085932129808, 503.53786023705578, 0, 0, 9.1753333967604078
17.289999999999999, 14934.910460656387, 8513.7239863417944, 800.39517835215963, 346.56793907735181, -20.691902418819456, -69.485588795979112, 14917.594565336036, 8522.8250660686899, 788.91393178497412, 351.8622040518834, -30.092051477571104, -65.814107779839688, 16412.312866259716, 12711.204982100418, 486.26085932129808, 503.53786023705578, 0, 0, 9.1653333967604098
17.300000000000001, 14942.911375631702, 8517.1793879650577, 800.19272447172875, 345.88275457663758, -20.245388043093662, -68.518450071423402, 14925.479260106042, 8526.3339588257822, 788.6176285954283, 351.2135851567574, -29.630318954585654, -64.86188951259787, 16417.175474852927, 12716.240360702788, 486.26085932129808, 503.53786023705578, 0, 0, 9.1553333967604082
17.309999999999999, 14950.910200903445, 8520.6277136913541, 799.9859262733911, 345.18263327867976, -20.679819833770551, -70.012129795780567, 14933.360901568605, 8529.8361500837218, 788.31530703601936, 350.55061224818076, -30.232155940888674, -66.297290857666354, 16422.038083446139, 12721.275739305158, 486.26085932129808, 503.53786023705578, 0, 0, 9.1453333967604102
17.32, 14958.907025725055, 8524.0691849535579, 799.78363019847211, 344.49229523977903, -20.229607491904208, -69.033803890075092, 14941.239589701139, 8533.3318560671323, 788.01764451432973, 349.89726964341395, -29.766252168968414, -65.334260476677969, 16426.900692039351, 12726.311117907528, 486.26085932129808, 503.53786023705578, 0, 0, 9.1353333967604087
17.330000000000002, 14966.901762283798, 8527.5035265681581, 799.57698064897977, 343.78687271990748, -20.664954949237035, -70.542251987153548, 14949.115210373629, 8536.8208111954027, 787.71392633744358, 349.22943176583624, -30.371817688620006, -66.783787757773709, 16431.763300632563, 12731.346496509897, 486.26085932129808, 503.53786023705578, 0, 0, 9.1253333967604071
17.34, 14974.894500438759, 8530.9309624125344, 799.37487054708276, 343.0913471983734, -20.211010189698346, -69.552552153406197, 14956.987864382896, 8540.3032340479658, 787.41490939689356, 348.57133409286428, -29.901694055000906, -65.809767297195563, 16436.625909225775, 12736.381875112267, 486.26085932129808, 503.53786023705578, 0, 0, 9.1153333967604091
17.350000000000001, 14982.885152057279, 8534.3512144889082, 799.1683980837156, 342.3805874910085, -20.647246336712033, -71.075970736489069, 14964.857436825479, 8543.7788563459453, 787.1097993045604, 347.8985978962391, -30.511009233313285, -67.273619662516211, 16441.488517818987, 12741.417253714637, 486.26085932129808, 503.53786023705578, 0, 0, 9.1053333967604075
17.359999999999999, 14990.87380760791, 8537.764509157807, 798.96650273659986, 341.67984042363145, -20.189534711575263, -70.07470673770365, 14972.724029326015, 8547.2478990607306, 786.80943313720786, 347.23571361781563, -30.036616735254402, -66.288427842345158, 16446.351126412199, 12746.452632317007, 486.26085932129808, 503.53786023705578, 0, 0, 9.0953333967604095
17.370000000000001, 14998.860378640555, 8541.1705655668793, 798.76023642184794, 340.96370741267242, -20.626631475191317, -71.613301095904774, 14980.587526202022, 8550.7100911757443, 786.50293611289567, 346.55804554022319, -30.649702431216618, -67.766807759243591, 16451.213735005411, 12751.488010919376, 486.26085932129808, 503.53786023705578, 0, 0, 9.085333396760408
17.379999999999999, 15006.84495623699, 8544.5696125991344, 798.55858523624772, 340.25770462121659, -20.165118560015724, -70.600279145585631, 14988.448029914398, 8554.1656560921565, 786.20122619603001, 345.89034294094313, -30.170991686566698, -66.770259928005714, 16456.076343598623, 12756.523389521746, 486.26085932129808, 503.53786023705578, 0, 0, 9.07533339676041
17.390000000000001, 15014.827451632342, 8547.961366506679, 798.3525547689203, 339.53616204340221, -20.603046732739074, -72.154257781437366, 14996.305423996087, 8557.6143200155821, 785.89334751136414, 345.20770920865596, -30.787868466587746, -68.263373228715807, 16460.938952191835, 12761.558768124116, 486.26085932129808, 503.53786023705578, 0, 0, 9.0653333967604084
17.400000000000002, 15022.807956525308, 8551.3460587350401, 798.15117778744548, 338.82486923856482, -20.137698147482631, -71.129280483741795, 15004.159811752743, 8561.0563088154722, 785.5902996141117, 344.53515639559942, -30.304789725246433, -67.255281305654222, 16465.801560785047, 12766.594146726486, 486.26085932129808, 503.53786023705578, 0, 0, 9.0553333967604068
17.41, 15030.78638183908, 8554.7234025991529, 797.94541351396697, 338.09788068706234, -20.576427347849567, -72.698855150244611, 15012.011075927208, 8564.4913458788433, 785.28104483575532, 343.84752302327138, -30.92547783563522, -68.763337232804446, 16470.664169378259, 12771.629525328855, 486.26085932129808, 503.53786023705578, 0, 0, 9.0453333967604088
17.420000000000002, 15038.762819892903, 8558.0936321478075, 797.74434142617838, 337.38126347266513, -20.107208778858258, -71.661721439720722, 15019.859320678417, 8567.9196595826288, 784.97666502583581, 343.17008792677541, -30.437980991952543, -67.743509649598209, 16475.52677797147, 12776.664903931225, 486.26085932129808, 503.53786023705578, 0, 0, 9.0353333967604073
17.43, 15046.737181301054, 8561.4564577164583, 797.53887435207218, 336.64879240089704, -20.546707410623199, -73.247107176808115, 15027.704427953626, 8571.3409704537607, 784.66604002253484, 342.47742071776065, -31.062500330098811, -69.266720901477015, 16480.389386564682, 12781.700282533595, 486.26085932129808, 503.53786023705578, 0, 0, 9.0253333967604092
17.440000000000001, 15054.70955900688, 8564.8121159986295, 797.33813850573495, 335.92681627831973, -20.073584633727702, -72.197612257730057, 15035.54650277361, 8574.7555094165564, 784.36033467317236, 341.79507109232566, -30.570534936245998, -68.234962543498469, 16485.251995157894, 12786.735661135965, 486.26085932129808, 503.53786023705578, 0, 0, 9.0153333967604077
17.449999999999999, 15062.679863318961, 8568.1603143072989, 797.13300030729761, 335.1888260040397, -20.513819843733984, -73.79902742800553, 15043.385426284589, 8578.1629940956809, 784.0483456229681, 341.09733563913625, -31.198905020425656, -69.773545318941331, 16490.114603751106, 12791.771039738334, 486.26085932129808, 503.53786023705578, 0, 0, 9.0053333967604097
17.460000000000001, 15070.648187808221, 8571.5012920229328, 796.93263271981255, 334.46145637690609, -20.036758748501637, -72.736962713362573, 15051.221304377774, 8581.5636580034516, 783.74132141996017, 340.4100390644752, -30.70242030078964, -68.729657466102154, 16494.977212344318, 12796.806418340704, 486.26085932129808, 503.53786023705578, 0, 0, 8.9953333967604081
17.469999999999999, 15078.614442480963, 8574.8347533923461, 796.72785575598027, 333.71791008653514, -20.477696383228263, -74.354629037094327, 15059.054017392938, 8584.9572158193696, 783.42797481757441, 339.70720074938527, -31.334660238573548, -70.28383150899559, 16499.83982093753, 12801.841796943074, 486.26085932129808, 503.53786023705578, 0, 0, 8.9853333967604101
17.48, 15086.578721539072, 8578.1609405258987, 796.52788912599613, 332.98511226566239, -19.996662998413097, -73.279782087276828, 15066.883672100348, 8588.3439036850978, 783.11963876652214, 339.0149246316231, -30.833605105222016, -69.227611776218907, 16504.702429530742, 12806.877175545444, 486.26085932129808, 503.53786023705578, 0, 0, 8.9753333967604085
17.490000000000002, 15094.540934690198, 8581.4795545598536, 796.32350645040458, 332.23597301889714, -20.438267559152443, -74.913924676527046, 15074.71014802798, 8591.7234332913504, 782.80494143091789, 338.30694862742797, -31.469733560421428, -70.797600419511326, 16509.565038123954, 12811.912554147813, 486.26085932129808, 503.53786023705578, 0, 0, 8.965333396760407
17.5, 15102.501176770491, 8584.7908403781712, 796.12397416961073, 331.4977122275198, -19.953228079380384, -73.826079137734709, 15082.533552833795, 8595.0960434512199, 782.49530086462107, 337.60966020045947, -30.964056629678083, -69.728842696849611, 16514.427646717166, 12816.947932750183, 486.26085932129808, 503.53786023705578, 0, 0, 8.955333396760409
17.510000000000002, 15110.459357192785, 8588.0944959614662, 795.92001954285047, 330.74294296222422, -20.395462676022902, -75.476926529555442, 15090.353765228672, 8598.4614428222885, 782.17925994674317, 336.89651147139938, -31.604091787784252, -71.314872906012269, 16519.290255310378, 12821.983311352553, 486.26085932129808, 503.53786023705578, 0, 0, 8.9453333967604074
17.52, 15118.415571430691, 8591.3907690117776, 795.72095570795273, 329.99918434150402, -19.906383489772516, -74.375862072021434, 15098.17089376693, 8601.8198729319083, 781.86832253276339, 336.19417779841439, -31.093741397982871, -70.233367298497072, 16524.15286390359, 12827.018689954923, 486.26085932129808, 503.53786023705578, 0, 0, 8.9353333967604094
17.530000000000001, 15126.369728606302, 8594.6793543082531, 795.51746361002108, 329.23874787889793, -20.349209793162824, -76.043646260610842, 15105.984816337119, 8605.1710393594349, 781.55094552346293, 335.47582110127098, -31.737700930042827, -71.835669714341691, 16529.015472496802, 12832.054068557292, 486.26085932129808, 503.53786023705578, 0, 0, 8.9253333967604078
17.539999999999999, 15134.321924833775, 8597.9605024162647, 795.31890303490036, 328.48945649373155, -19.856057512068269, -74.929138516637579, 15113.79564239858, 8608.5151863900755, 781.23871927185803, 334.76840907645544, -31.222625160487716, -70.741202481556016, 16533.878081090013, 12837.089447159662, 486.26085932129808, 503.53786023705578, 0, 0, 8.9153333967604098
17.550000000000001, 15142.272068948769, 8601.2339048669546, 795.11590867785139, 327.72331554388802, -20.299435704899789, -76.614094984352306, 15121.603249012371, 8611.8520164791207, 780.92001401000448, 334.04480896183225, -31.870526185360141, -72.360011462317345, 16538.740689683225, 12842.124825762032, 486.26085932129808, 503.53786023705578, 0, 0, 8.9053333967604082
17.559999999999999, 15150.220257708968, 8604.4998151350701, 794.91788690590693, 326.96845638902528, -19.802177194442969, -75.485915486272461, 15129.40774655154, 8615.1817767139946, 780.60650728123881, 333.33228531225427, -31.350672876570076, -71.252364957795407, 16543.603298276437, 12847.160204364402, 486.26085932129808, 503.53786023705578, 0, 0, 8.8953333967604102
17.57, 15158.16639966814, 8607.7579214564757, 794.71542624670019, 326.19657355669108, -20.246065920669881, -77.188283233421373, 15137.209011244564, 8618.5041663793236, 780.28648196202357, 332.60340612605012, -32.002531921518354, -72.887918620415846, 16548.465906869649, 12852.195582966771, 486.26085932129808, 503.53786023705578, 0, 0, 8.8853333967604087
17.580000000000002, 15166.110592230358, 8611.0084802621404, 794.51797956337725, 325.4361115631761, -19.744668332293848, -76.046199351496071, 15145.00715438688, 8621.8194354098996, 779.97170347505573, 331.88573741374137, -31.477848696788719, -71.766871230876632, 16553.328515462861, 12857.230961569141, 486.26085932129808, 503.53786023705578, 0, 0, 8.8753333967604071
17.59, 15174.052743672295, 8614.2511764446335, 794.3160893169271, 324.6584493539284, -20.18902464501739, -77.766220924768916, 15152.802051369383, 8625.127279872313, 779.65036665849232, 331.15154329882779, -32.133681656339498, -73.419411491360449, 16558.191124056073, 12862.266340171511, 486.26085932129808, 503.53786023705578, 0, 0, 8.8653333967604091
17.600000000000001, 15181.992952047147, 8617.4862694388012, 794.11925476242982, 323.89234939587709, -19.683455449725024, -76.609995805130239, 15160.593814418577, 8628.427952594664, 779.33432549904535, 330.42869592306909, -31.604115944696961, -72.284737575873152, 16563.053732649285, 12867.301718773881, 486.26085932129808, 503.53786023705578, 0, 0, 8.8553333967604075
17.609999999999999, 15189.931125359557, 8620.7134407451613, 793.91797241485449, 323.1088702226312, -20.128234757538468, -78.347917324590796, 15168.382318082862, 8631.7211463773656, 779.01168611866808, 329.68915082118258, -32.26393803772519, -73.954510188651525, 16567.916341242497, 12872.33709737625, 486.26085932129808, 503.53786023705578, 0, 0, 8.8453333967604095
17.620000000000001, 15197.867362314439, 8623.9329528509134, 793.72178779704427, 322.33709712435848, -19.618461781017892, -77.177309827269795, 15176.167675528484, 8635.0071169885741, 778.6943917476849, 328.9610910210049, -31.729437098321796, -72.805980017767226, 16572.778949835709, 12877.37247597862, 486.26085932129808, 503.53786023705578, 0, 0, 8.835333396760408
17.629999999999999, 15205.801570649741, 8627.1444838150055, 793.52115161911661, 321.54776331424091, -20.063617792768685, -78.933381011757035, 15183.949760456539, 8638.2855539135926, 778.37045911945199, 328.2161586748656, -32.393262823289142, -74.493234613932145, 16577.641558428921, 12882.40785458099, 486.26085932129808, 503.53786023705578, 0, 0, 8.82533339676041
17.640000000000001, 15213.733849724544, 8630.3482992262998, 793.32565552659548, 320.77028185775191, -19.549609252107167, -77.748145648900675, 15191.728686981667, 8641.5567159081947, 778.05192138173891, 327.48285253177681, -31.853773771308234, -73.330614308875766, 16582.504167022133, 12887.44323318336, 486.26085932129808, 503.53786023705578, 0, 0, 8.8153333967604084
17.650000000000002, 15221.664107015722, 8633.5440736519013, 793.12570458739492, 319.97505565935455, -19.995093920055428, -79.522619839737629, 15199.504327952956, 8644.8202890928478, 777.72670521314285, 326.73249648744485, -32.521616859606006, -75.035604433194905, 16587.366775615345, 12892.478611785729, 486.26085932129808, 503.53786023705578, 0, 0, 8.8053333967604068
17.66, 15229.592442538828, 8636.7320758324877, 792.93093640277414, 319.19183059221422, -19.476818462076277, -78.322506714035839, 15207.276798442084, 8648.0765352593371, 777.40693434620562, 325.99390992839352, -31.97708669371875, -73.858655905132338, 16592.229384208556, 12897.513990388099, 486.26085932129808, 503.53786023705578, 0, 0, 8.7953333967604088
17.670000000000002, 15237.518763515567, 8639.9119767922748, 792.73171058354001, 318.39067418324549, -19.922581923408131, -80.115640896872506, 15215.045970441537, 8651.3251371127626, 777.08044474559529, 325.23809353787664, -32.648960061038274, -75.581639051686111, 16597.091992801768, 12902.549368990469, 486.26085932129808, 503.53786023705578, 0, 0, 8.7853333967604073
17.68, 15245.443170620103, 8643.0840484747605, 792.53771049689294, 317.60167022684186, -19.400008664711372, -78.900395640360742, 15222.81195998864, 8654.5663595301503, 776.75945138867019, 324.49419233846442, -32.099335692508006, -74.390119941220078, 16601.95460139498, 12907.584747592839, 486.26085932129808, 503.53786023705578, 0, 0, 8.7753333967604092
17.690000000000001, 15253.365570825195, 8646.2479583094591, 792.33925050507889, 316.79454572219095, -19.845999181405137, -80.712450465091493, 15230.574638214817, 8657.7998817498974, 776.43169887478814, 323.73287876258831, -32.775251388209455, -76.131357587612342, 16606.817209988192, 12912.620126195208, 486.26085932129808, 503.53786023705578, 0, 0, 8.7653333967604077
17.699999999999999, 15261.286065465583, 8649.4039814945536, 792.14605952757734, 315.9997275804073, -19.319097750150522, -79.481814178366804, 15238.334122131615, 8661.0259717843419, 776.10949407807129, 322.98362855054296, -32.220479671688828, -74.925021204537714, 16611.679818581404, 12917.655504797578, 486.26085932129808, 503.53786023705578, 0, 0, 8.7553333967604097
17.710000000000001, 15269.204561271612, 8652.5517818122607, 791.94840691110574, 315.18659704063793, -19.765261647156024, -81.313053976937383, 15246.090282005072, 8664.2443053530205, 775.78048958981037, 322.21678076209787, -32.900448826090127, -76.68477884451039, 16616.542427174616, 12922.690883399948, 486.26085932129808, 503.53786023705578, 0, 0, 8.7453333967604081
17.719999999999999, 15277.121160240389, 8655.6916377681919, 791.7560668888392, 314.38592940894893, -19.234002226650446, -80.066763168900437, 15253.843235829481, 8667.4551536545259, 775.45708482388852, 321.46214702101855, -32.340476592185887, -75.46337410793106, 16621.405035767828, 12927.726262002318, 486.26085932129808, 503.53786023705578, 0, 0, 8.7353333967604101
17.73, 15285.035768866703, 8658.8232094438863, 791.55926405055573, 313.56675484924085, -19.680283828342439, -81.917455970809726, 15261.592853001315, 8670.6581888365436, 775.12683973027163, 320.68972780819655, -33.024509361691429, -77.241921282202767, 16626.26764436104, 12932.761640604687, 486.26085932129808, 503.53786023705578, 0, 0, 8.7253333967604085
17.740000000000002, 15292.948489811628, 8661.9467787060039, 791.36781767853097, 312.76020242425079, -19.144637202480652, -80.655242499006377, 15269.339252506101, 8673.8536853357255, 774.80224689575812, 319.92967588158581, -32.459283451355617, -76.005192661074901, 16631.130252954252, 12937.797019207057, 486.26085932129808, 503.53786023705578, 0, 0, 8.715333396760407
17.75, 15300.859229341599, 8665.0620018812406, 791.17190789085703, 311.93494582380652, -19.590978767389778, -82.525660044430154, 15277.082302866715, 8677.0413116740929, 774.4707730061441, 319.15164785172237, -33.147388961396274, -77.802802986341945, 16635.992861547464, 12942.832397809427, 486.26085932129808, 503.53786023705578, 0, 0, 8.705333396760409
17.760000000000002, 15308.768090783053, 8668.1691642518199, 790.98139872717672, 311.12247331324488, -19.050916368026687, -81.247251056162156, 15284.822124068336, 8680.2213455790443, 774.14500444352166, 318.38614294731639, -32.57685626224054, -76.55049044060074, 16640.855470140676, 12947.867776411797, 486.26085932129808, 503.53786023705578, 0, 0, 8.6953333967604074
17.77, 15316.67498018162, 8671.2679183346318, 790.78642614695866, 310.29109662518016, -19.497258021806196, -83.137668806473627, 15292.558583756389, 8683.3934518922724, 773.81231401804234, 317.60246853095146, -33.269042547936664, -78.36744163649081, 16645.718078733888, 12952.903155014166, 486.26085932129808, 503.53786023705578, 0, 0, 8.6853333967604094
17.780000000000001, 15324.580001530294, 8674.3585528828808, 790.59689862717778, 309.47266875837306, -18.952751978093495, -81.842786680707803, 15300.291802924065, 8686.5579116854988, 773.4853825177172, 316.83147572536365, -32.693150032509479, -77.099280558782397, 16650.580687327099, 12957.938533616536, 486.26085932129808, 503.53786023705578, 0, 0, 8.6753333967604078
17.789999999999999, 15332.48306066182, 8677.4407165478897, 790.4029083107306, 308.63513392011032, -19.399031644716935, -83.753483826273225, 15308.021648335645, 8689.714386064581, 773.15148827794712, 316.04211718063715, -33.389423977013138, -78.935854472651457, 16655.443295920311, 12962.973912218906, 486.26085932129808, 503.53786023705578, 0, 0, 8.6653333967604098
17.800000000000001, 15340.384262236701, 8680.5147016101728, 790.21440776238569, 307.81071545894468, -18.850054834493346, -82.441846116561678, 15315.748242000613, 8692.8631595000425, 772.82340709051562, 315.26560142432845, -32.808118743152015, -77.651575630868336, 16660.305904513523, 12968.009290821275, 486.26085932129808, 503.53786023705578, 0, 0, 8.6553333967604082
17.809999999999999, 15348.283511883101, 8683.5801527989242, 790.02144568072913, 306.96698440312866, -19.296208165654843, -84.373105581602218, 15323.471449798615, 8696.0038893055462, 772.48832223037971, 314.470520841726, -33.508486013592147, -79.508058260246358, 16665.168513106735, 12973.044669423645, 486.26085932129808, 503.53786023705578, 0, 0, 8.6453333967604102
17.82, 15356.180914929768, 8686.6373659792116, 789.83401833803987, 306.13654015352802, -18.74273426892643, -83.044424960062088, 15331.19139476362, 8699.1368634058017, 772.15910507711078, 313.68844696431694, -32.921715326896802, -78.207387740906313, 16670.031121699947, 12978.080048026015, 486.26085932129808, 503.53786023705578, 0, 0, 8.6353333967604087
17.830000000000002, 15364.076376808962, 8689.6859819007368, 789.64213139232368, 305.2865748194842, -19.188694571622193, -84.996533404379349, 15338.907941887346, 8702.2617352650577, 771.82284327403227, 312.88760627178289, -33.626180307856622, -80.084069253403172, 16674.893730293159, 12983.115426628385, 486.26085932129808, 503.53786023705578, 0, 0, 8.6253333967604071
17.84, 15371.970003518167, 8692.7263000712901, 789.4558244110616, 304.45006964341525, -18.630698126204226, -83.650517606897097, 15346.621215236339, 8705.378796318515, 771.49250435756858, 312.09993898772262, -33.033891646374158, -78.766728406023645, 16679.756338886371, 12988.150805230754, 486.26085932129808, 503.53786023705578, 0, 0, 8.6153333967604091
17.850000000000001, 15379.861700302834, 8695.7579572029099, 789.26506044817665, 303.59383198917203, -19.07639628849692, -85.623765424320538, 15354.331078911309, 8708.4876961229184, 771.15507978386006, 311.293299956157, -33.742457370857196, -80.663903156564984, 16684.618947479583, 12993.186183833124, 486.26085932129808, 503.53786023705578, 0, 0, 8.6053333967604075
17.859999999999999, 15387.751573829404, 8698.7812565052227, 789.07992192069776, 302.75123081720051, -18.513852747888215, -84.260117197150379, 15362.037658019377, 8711.5887296811998, 770.82363379913932, 310.50000387076511, -33.144598472071124, -79.329608539190133, 16689.481556072795, 12998.221562435494, 486.26085932129808, 503.53786023705578, 0, 0, 8.5953333967604095
17.870000000000001, 15395.639529166037, 8701.795830593619, 788.89032974906934, 301.88868283209536, -18.959217162845516, -86.254798510516295, 15369.740815767385, 8714.6815425836448, 770.48506113364033, 309.68752811992107, -33.857266549896032, -81.247575084405469, 16694.344164666007, 13003.256941037864, 486.26085932129808, 503.53786023705578, 0, 0, 8.585333396760408
17.879999999999999, 15403.525673648084, 8704.8019864396065, 788.70640871950548, 301.03995067651158, -18.392102956384054, -84.873215558377282, 15377.440678310903, 8717.7664334590827, 770.15252327903954, 308.88856773581728, -33.253785460083392, -79.896038410378779, 16699.206773259219, 13008.292319640233, 486.26085932129808, 503.53786023705578, 0, 0, 8.57533339676041
17.890000000000001, 15411.409912176363, 8707.7993525021393, 788.51803812506398, 300.17105439440428, -18.837059444152285, -86.889628210730805, 15385.137107960292, 8720.8430438715131, 769.81281771900353, 308.07021674061878, -33.97055600360504, -81.835099519849322, 16704.069381852431, 13013.327698242603, 486.26085932129808, 503.53786023705578, 0, 0, 8.5653333967604084
17.900000000000002, 15419.292352754808, 8710.7882395756114, 788.33538460466877, 299.31615636293856, -18.265352039519236, -85.489803146570594, 15392.830231927313, 8723.9116761347777, 769.47920370770703, 307.26555646455893, -33.36140112965014, -80.466027605987193, 16708.931990445642, 13018.363076844973, 486.26085932129808, 503.53786023705578, 0, 0, 8.5553333967604068
17.91, 15427.172900127291, 8713.7682719019376, 788.14828636699315, 298.44087387605356, -18.709823767564014, -87.528248688497783, 15400.519911623489, 8726.9719677258836, 769.13838098093913, 306.44129156185625, -34.082272676792705, -82.426490270268516, 16713.794599038854, 13023.398455447343, 486.26085932129808, 503.53786023705578, 0, 0, 8.5453333967604088
17.920000000000002, 15435.0516629657, 8716.7397641603511, 787.96695134963613, 297.57977518620254, -18.133501735703451, -86.109868985101855, 15408.206275324372, 8730.024224703755, 768.8037070525337, 305.63089571199026, -33.467392840547852, -81.039584986599792, 16718.657207632066, 13028.433834049712, 486.26085932129808, 503.53786023705578, 0, 0, 8.5353333967604073
17.93, 15442.928545867826, 8719.7023363143144, 787.78117725826428, 296.69806865962374, -18.577409137188855, -88.170652657881249, 15415.889183540556, 8733.0680803968116, 768.46178342978317, 304.80067810777302, -34.192362275054521, -83.021760421723627, 16723.519816225278, 13033.469212652082, 486.26085932129808, 503.53786023705578, 0, 0, 8.5253333967604092
17.940000000000001, 15450.803658172576, 8722.6563069908207, 787.60121273606728, 295.83073465360883, -17.996452219704643, -86.733400601493443, 15423.568765618838, 8736.1038446700932, 768.12606636207988, 303.98451092134354, -33.571706770331502, -81.616718642947959, 16728.38242481849, 13038.504591254452, 486.26085932129808, 503.53786023705578, 0, 0, 8.5153333967604077
17.949999999999999, 15458.676904342999, 8725.6012918126598, 787.41681560696691, 294.94256634044967, -18.439712910037084, -88.816831315918279, 15431.244881167073, 8739.1311466409625, 767.78305866968788, 303.14830169843094, -34.300769239202296, -83.620922291262801, 16733.245033411702, 13043.539969856822, 486.26085932129808, 503.53786023705578, 0, 0, 8.5053333967604097
17.960000000000001, 15466.548394383755, 8728.5376134184698, 787.23827458607559, 294.06896250082906, -17.854102089132358, -87.360383962061789, 15438.917660610587, 8742.1503000425691, 767.44631579077304, 302.32632733992989, -33.674287891485157, -82.19743585010275, 16738.107642004914, 13048.575348459191, 486.26085932129808, 503.53786023705578, 0, 0, 8.4953333967604081
17.969999999999999, 15474.418032635, 8731.4648830273381, 787.05530827826908, 293.17429475810309, -18.296630780646971, -89.466774272599537, 15446.586962652986, 8745.160929717862, 767.10224142357799, 301.48408746615854, -34.407436719507885, -84.223987377133781, 16742.970250598126, 13053.610727061561, 486.26085932129808, 503.53786023705578, 0, 0, 8.4853333967604101
17.98, 15482.28592976553, 8734.3834273544089, 786.87824479475239, 292.29438672406036, -17.706348351665319, -87.990803404274601, 15454.252918805229, 8748.1633533310705, 766.76449062409324, 300.65627003596109, -33.775079948470342, -82.781743019743416, 16747.832859191338, 13058.646105663931, 486.26085932129808, 503.53786023705578, 0, 0, 8.4753333967604085
17.990000000000002, 15490.151990004962, 8737.292853151228, 786.69676422708744, 291.39318202927632, -18.148056766490015, -90.120469478402143, 15461.915386865487, 8751.1571913864846, 766.41936755859501, 299.8079603728919, -34.512306549820423, -84.830966306917333, 16752.69546778455, 13063.681484266301, 486.26085932129808, 503.53786023705578, 0, 0, 8.465333396760407
18, 15498.016324684271, 8740.1934912752859, 786.5212333629562, 290.50693561360765, -17.55308641312368, -88.624641566867865, 15469.574499437258, 8754.1427655433654, 766.08062730424763, 298.97426391638652, -33.87402543474095, -83.369645650540178, 16757.558076377762, 13068.71686286867, 486.26085932129808, 503.53786023705578, 0, 0, 8.455333396760409
18.010000000000002, 15505.878837935421, 8743.0849439459489, 786.341294531014, 289.59915658211509, -17.99388319421433, -90.777903149254684, 15477.230113412417, 8757.1196919022113, 765.73447411203199, 298.11984522855192, -34.61531922156729, -85.441868783458844, 16762.420684970974, 13073.75224147104, 486.26085932129808, 503.53786023705578, 0, 0, 8.4453333967604074
18.02, 15513.739641749222, 8745.9675462298728, 786.16735243034964, 288.70653778893904, -17.394210066441332, -89.261879317602748, 15484.882362493701, 8760.0882961822554, 765.39476345633466, 297.28023374578663, -33.971065569732048, -83.96114827652822, 16767.283293564185, 13078.78762007341, 486.26085932129808, 503.53786023705578, 0, 0, 8.4353333967604094
18.030000000000001, 15521.598640173423, 8748.8408957488082, 785.98901242348143, 287.79214719204975, -17.834000686823142, -91.439059688930811, 15492.531102666186, 8763.048190014184, 765.04759931775766, 296.41966671050074, -34.716413857696246, -86.056703528586979, 16772.145902157397, 13083.82299867578, 486.26085932129808, 503.53786023705578, 0, 0, 8.4253333967604078
18.039999999999999, 15529.455945855936, 8751.7053318463768, 785.81671630866504, 286.89312223526292, -17.229611481637953, -89.902495678680424, 15500.176468738322, 8765.9997032431274, 764.70693791499878, 295.57410416636588, -34.066140275885388, -84.556254413482719, 16777.008510750609, 13088.858377278149, 486.26085932129808, 503.53786023705578, 0, 0, 8.4153333967604098
18.050000000000001, 15537.3114627743, 8754.5604474804877, 785.64003332714628, 285.97208301917487, -17.668298151871223, -92.103921608807255, 15507.818315788243, 8768.9424429630581, 764.35878263313282, 294.70734938412039, -34.815528186595543, -86.675478224547504, 16781.871119343821, 13093.893755880519, 486.26085932129808, 503.53786023705578, 0, 0, 8.4053333967604082
18.059999999999999, 15545.165304230391, 8757.4065863405176, 785.46944151517766, 285.0666183416775, -17.059181196866476, -90.546467749738596, 15515.456779736351, 8771.8767432119239, 764.01719075157541, 293.85579971908828, -34.159188155740637, -85.154966503211696, 16786.733727937033, 13098.929134482889, 486.26085932129808, 503.53786023705578, 0, 0, 8.3953333967604102
18.07, 15553.017374146128, 8760.243336653517, 785.29447488746996, 284.1388936472282, -17.496662770769213, -92.772469444928859, 15523.091714754089, 8774.8022064791967, 763.66806476641511, 292.98281772455744, -34.912598516034599, -87.298199453087051, 16791.596336530245, 13103.964513085259, 486.26085932129808, 503.53786023705578, 0, 0, 8.3853333967604087
18.080000000000002, 15560.867786473786, 8763.0710465243956, 785.12564680636365, 283.22695594094426, -16.882808110628265, -91.193770628395356, 15530.723257879783, 8777.7191710635634, 763.32556330172372, 292.12524486600023, -34.250146469140006, -85.757285855723353, 16796.458945123457, 13108.999891687628, 486.26085932129808, 503.53786023705578, 0, 0, 8.3753333967604071
18.09, 15568.716445094851, 8765.8892993815534, 784.95245700647081, 282.29250912422128, -17.318979989283129, -93.444681672299637, 15538.351262378845, 8780.6272347813283, 762.9754877046521, 291.24599613967928, -35.00755970716186, -87.924872632096225, 16801.321553716669, 13114.035270289998, 486.26085932129808, 503.53786023705578, 0, 0, 8.3653333967604091
18.100000000000001, 15576.563464607994, 8768.6984478161958, 784.78545321171839, 281.37406535093857, -16.70037947524326, -91.844377328273666, 15545.975866413224, 8783.526740260837, 762.6320981935462, 290.38236401378737, -34.338951110584723, -86.363212589191818, 16806.184162309881, 13119.070648892368, 486.26085932129808, 503.53786023705578, 0, 0, 8.3553333967604075
18.109999999999999, 15584.408748870084, 8771.4980703895126, 784.61410187662489, 280.43286000477445, -17.135133509347249, -94.120534616412058, 15553.596922343388, 8786.4172805756825, 762.28109474205985, 289.49680899428927, -35.100345148634375, -88.555501949810917, 16811.046770903093, 13124.106027494738, 486.26085932129808, 503.53786023705578, 0, 0, 8.3453333967604095
18.120000000000001, 15592.252413121716, 8774.2885242507564, 784.44898406770801, 279.50787741782932, -16.511780891687518, -92.498258694516224, 15561.21456946032, 8789.2992027537894, 761.93683937619176, 288.62708153861212, -34.42553658681252, -86.972745567717325, 16815.909379496305, 13129.141406097107, 486.26085932129808, 503.53786023705578, 0, 0, 8.335333396760408
18.129999999999999, 15600.094361211601, 8777.06938302458, 784.27953401488514, 278.5598773942101, -16.945005282283802, -94.800002361923362, 15568.828659221073, 8792.1720950556319, 761.58493050888262, 287.73518063564745, -35.190886730917988, -89.190090296468867, 16820.771988089517, 13134.176784699477, 486.26085932129808, 503.53786023705578, 0, 0, 8.32533339676041
18.140000000000001, 15607.934709017303, 8779.8410084910247, 784.11636505182616, 277.62832356104275, -16.316896305897465, -93.155383316737641, 15576.439332050762, 8795.0363089796374, 761.23983214893622, 286.85932181227929, -34.50983599464503, -87.585882336815473, 16825.634596682728, 13139.212163301847, 486.26085932129808, 503.53786023705578, 0, 0, 8.3153333967604084
18.150000000000002, 15615.773360396495, 8782.6029692681368, 783.94888029679078, 276.67349299445829, -16.748475503543951, -95.483056658445264, 15584.046438505029, 8797.8914279018809, 760.887041000728, 285.96103542034558, -35.279114820821739, -89.828639193372595, 16830.49720527594, 13144.247541904217, 486.26085932129808, 503.53786023705578, 0, 0, 8.3053333967604068
18.16, 15623.610431858262, 8785.3556318404662, 783.78772421672443, 275.7353358200649, -16.115608006638485, -93.815717439338471, 15591.650120147886, 8800.7378078632264, 760.54112319073647, 285.07900922978013, -34.591780999148483, -88.202619056546268, 16835.359813869152, 13149.282920506586, 486.26085932129808, 503.53786023705578, 0, 0, 8.2953333967604088
18.170000000000002, 15631.445827287038, 8788.0985597486433, 783.62226999063353, 274.77363915183059, -16.545422609093023, -96.169666823428329, 15599.250226636057, 8803.5750272832156, 760.18747360837312, 284.17429774258687, -35.364958236338872, -90.471148719322656, 16840.222422462364, 13154.318299108956, 486.26085932129808, 503.53786023705578, 0, 0, 8.2853333967604073
18.18, 15639.279663817451, 8790.8321242564307, 783.46319202438269, 273.82884690313813, -15.9077966250783, -94.479224869248242, 15606.846900676868, 8806.4034468180762, 759.84076059025108, 283.28606823826357, -34.671301812206394, -88.822950432330131, 16845.085031055576, 13159.353677711326, 486.26085932129808, 503.53786023705578, 0, 0, 8.2753333967604092
18.190000000000001, 15647.111845379204, 8793.5558837555163, 783.29983479164719, 272.8602489067174, -16.335723273553668, -96.859799642070598, 15614.439991031137, 8809.2226398578441, 759.48627714803263, 282.37489206392024, -35.448344221850881, -91.117617434333425, 16849.947639648788, 13164.389056313696, 486.26085932129808, 503.53786023705578, 0, 0, 8.2653333967604077
18.199999999999999, 15654.942489725951, 8796.2702143645511, 783.14290138028559, 271.90879023790785, -15.693341136153727, -95.145866880954983, 15622.029641553541, 8812.0329717480363, 759.13879387631732, 281.48042336748728, -34.748327171528992, -89.446869643293837, 16854.810248242, 13169.424434916065, 486.26085932129808, 503.53786023705578, 0, 0, 8.2553333967604097
18.210000000000001, 15662.771500851892, 8798.9746692540411, 782.98170885618322, 270.93325604526547, -16.119252410241231, -97.553419264237505, 15629.615700112541, 8814.8340107753666, 758.78350189207958, 280.56274294448133, -35.529198423775753, -91.768042300597088, 16859.672856835212, 13174.459813518435, 486.26085932129808, 503.53786023705578, 0, 0, 8.2453333967604081
18.219999999999999, 15670.598997122624, 8801.669629474176, 782.82698766756437, 269.97510002407654, -15.472118861881327, -95.815602118894134, 15637.198311713813, 8817.6261270495706, 758.43527404887755, 279.66199926179939, -34.822784320205862, -90.074368268195357, 16864.535465428424, 13179.495192120805, 486.26085932129808, 503.53786023705578, 0, 0, 8.2353333967604101
18.23, 15678.424882616824, 8804.3546429013513, 782.66802883583205, 268.99259515309268, -15.89588317323061, -98.250487098383672, 15644.777323337572, 8820.4088836793981, 758.07919960021013, 278.73777507579274, -35.607444866745837, -92.422418600663093, 16869.398074021636, 13184.530570723175, 486.26085932129808, 503.53786023705578, 0, 0, 8.2253333967604085
18.240000000000002, 15686.249276304361, 8807.0300955949078, 782.51558878106471, 268.02771128812105, -15.244005476738337, -96.488386497164456, 15652.352881143726, 8823.1826556147244, 757.73025361034138, 277.83072071370401, -34.894598986872587, -90.705436208873138, 16874.260682614848, 13189.565949325544, 486.26085932129808, 503.53786023705578, 0, 0, 8.215333396760407
18.25, 15694.072082369128, 8809.6955300635345, 782.35893391144884, 267.03820167109694, -15.66548696158462, -98.950961702410666, 15659.92483122894, 8825.947000710883, 757.37342355103749, 276.89991331517655, -35.683005930384127, -93.080739852743534, 16879.12329120806, 13194.601327927914, 486.26085932129808, 503.53786023705578, 0, 0, 8.205333396760409
18.260000000000002, 15701.89342037699, 8812.3513374542817, 782.20884516129649, 266.06655994013215, -15.008875015230256, -97.164173096479274, 15667.493320910145, 8828.7022988347926, 757.02378659737201, 275.98651269906549, -34.963695366544307, -91.340061611105838, 16883.985899801271, 13199.636706530284, 486.26085932129808, 503.53786023705578, 0, 0, 8.1953333967604074
18.27, 15709.713194638589, 8814.9970548338824, 782.05456582703755, 265.07001195341752, -15.42793342589666, -99.654798671464732, 15675.058195405771, 8831.448102512124, 756.66622857410425, 275.04908272183428, -35.755802326776383, -93.742997723120567, 16888.848508394483, 13204.672085132654, 486.26085932129808, 503.53786023705578, 0, 0, 8.1853333967604094
18.280000000000001, 15717.531525306877, 8817.6330785166083, 781.90689982821937, 264.0915828328329, -14.766599881817772, -97.842912058463895, 15682.619603192097, 8834.1847966047244, 756.31592861308184, 274.12930041400466, -35.029996102244709, -91.978230782962271, 16893.711116987695, 13209.707463735023, 486.26085932129808, 503.53786023705578, 0, 0, 8.1753333967604078
18.289999999999999, 15725.348316841588, 8820.2589400523575, 781.75506892344629, 263.08796332760619, -15.183090477303912, -100.36195052267301, 15690.177388615266, 8836.9119282315733, 755.9576710822945, 273.18520859464843, -35.825753078737954, -94.409181935623693, 16898.573725580907, 13214.742842337393, 486.26085932129808, 503.53786023705578, 0, 0, 8.1653333967604098
18.300000000000001, 15733.163689973193, 8822.8750410030625, 781.60989841481296, 262.10271782283411, -14.51705086332854, -98.524550477209161, 15697.731701312749, 8839.6298873283031, 755.60673685961956, 272.25900931354317, -35.093422267490105, -92.619928110524782, 16903.436334174119, 13219.778220939763, 486.26085932129808, 503.53786023705578, 0, 0, 8.1553333967604082
18.309999999999999, 15740.977549333697, 8825.4809073263041, 781.46059017182176, 261.09199415706627, -14.93082429912352, -101.07236657678258, 15705.28238476502, 8842.3382155294112, 755.24780910462994, 271.30821651176205, -35.892775498965626, -95.079280178110196, 16908.298942767331, 13224.813599542133, 486.26085932129808, 503.53786023705578, 0, 0, 8.1453333967604102
18.32, 15748.790016220843, 8828.0769459130315, 781.31798920038159, 260.09990383418506, -14.260097144016859, -99.209032288120639, 15712.829589772064, 8845.0373079241326, 754.89627017113253, 270.37556515205216, -35.153893349737587, -93.265135970992205, 16913.161551360543, 13229.848978144502, 486.26085932129808, 503.53786023705578, 0, 0, 8.1353333967604087
18.330000000000002, 15756.600995462943, 8830.6626770524472, 781.17127920676865, 259.08204390581756, -14.670999361289475, -101.78599283674872, 15720.373158955999, 8847.7267005839531, 754.53670231943056, 269.41803237199258, -35.956785170197477, -95.75327800595808, 16918.024159953755, 13234.884356746872, 486.26085932129808, 503.53786023705578, 0, 0, 8.1253333967604071
18.34, 15764.410608914062, 8833.2385130467828, 781.03132314353422, 258.08308092427637, -13.99560632344256, -99.896298154120984, 15727.913244280109, 8850.406793832477, 754.18458904708143, 268.47889402556075, -35.211327234915231, -93.91383464318352, 16922.886768546967, 13239.919735349242, 486.26085932129808, 503.53786023705578, 0, 0, 8.1153333967604091
18.350000000000001, 15772.218761623732, 8835.8039684402465, 780.88728835915663, 257.05805320564366, -14.403478437760004, -102.50277186327, 15735.449687516191, 8853.0771180989213, 753.82441208781654, 267.51458243813545, -36.017695926489552, -96.431158742531068, 16927.749377140179, 13244.955113951612, 486.26085932129808, 503.53786023705578, 0, 0, 8.1053333967604075
18.359999999999999, 15780.025575990658, 8838.3594610295004, 780.75005391478351, 256.05219035215237, -13.723444437311301, -100.58628534912813, 15742.982641791041, 8855.7380790229709, 753.47175568588546, 266.56892241598217, -35.265640193108226, -94.566002215329888, 16932.611985733391, 13249.990492553981, 486.26085932129808, 503.53786023705578, 0, 0, 8.0953333967604095
18.370000000000001, 15787.830957311411, 8840.9044995366239, 780.608772688513, 255.01996392568029, -14.128122627055973, -103.22264264720658, 15750.511948034924, 8858.3892013116238, 753.11100148752848, 265.59779338221705, -36.075419835701346, -97.112903376513842, 16937.474594326603, 13255.025871156351, 486.26085932129808, 503.53786023705578, 0, 0, 8.085333396760408
18.379999999999999, 15795.635028516899, 8843.4395073367341, 780.47433792869833, 254.00717464929119, -13.443475981467042, -101.27892763890955, 15758.037760537769, 8861.0308960032726, 752.75783401887304, 264.64557723731491, -35.316746865540146, -95.221614490212787, 16942.337202919814, 13260.061249758721, 486.26085932129808, 503.53786023705578, 0, 0, 8.07533339676041
18.390000000000001, 15803.437695177479, 8845.9639872521548, 780.33589001493681, 252.96771924450056, -13.844791376153973, -103.94554047906193, 15765.55991939788, 8863.6626820020774, 752.39653534703939, 263.66759233275241, -36.129867183369591, -97.79849045624772, 16947.199811513026, 13265.096628361091, 486.26085932129808, 503.53786023705578, 0, 0, 8.0653333967604084
18.400000000000002, 15811.239080743038, 8848.4783683213263, 780.2043343755447, 251.94797769290716, -13.1555639392126, -101.97415515934063, 15773.078580067313, 8866.284975828672, 752.04288974450969, 262.70878588387609, -35.364560252965866, -95.880644887631902, 16952.062420106238, 13270.13200696346, 486.26085932129808, 503.53786023705578, 0, 0, 8.0553333967604068
18.41, 15819.039091085418, 8850.9821473887332, 780.06880095046574, 250.90126372475288, -13.553342507894254, -104.67139681542864, 15780.59358182279, 8868.8972905031133, 751.68108027992912, 261.72390692406685, -36.180946458056646, -98.487895980924449, 16956.92502869945, 13275.16738556583, 486.26085932129808, 503.53786023705578, 0, 0, 8.0453333967604088
18.420000000000002, 15826.837850159451, 8853.4757592418373, 779.9402052523443, 249.8745447818317, -12.859569812143768, -102.67189429211689, 15788.105081276834, 8871.5000481127026, 751.32699036287306, 260.75847628062479, -35.408991705603114, -96.543064344206044, 16961.787637292662, 13280.2027641682, 486.26085932129808, 503.53786023705578, 0, 0, 8.0353333967604073
18.43, 15834.635264167136, 8855.958694668785, 779.80766892982308, 248.82054339040658, -13.25363225211958, -105.40013914251179, 15795.612916895812, 8874.0927557115156, 750.96470471948965, 259.76666534773778, -36.228564338336838, -99.181093288697895, 16966.650245885874, 13285.23814277057, 486.26085932129808, 503.53786023705578, 0, 0, 8.0253333967604092
18.440000000000001, 15842.431457553386, 8858.4313942925583, 779.68211539327638, 247.78682271502737, -12.555353654674942, -103.37206753792198, 15803.117246450371, 8876.675841038812, 750.61020521034243, 258.79457693563319, -35.449950914716339, -97.208841210459383, 16971.512854479086, 13290.273521372939, 486.26085932129808, 503.53786023705578, 0, 0, 8.0153333967604077
18.449999999999999, 15850.226336880027, 8860.8933427660832, 779.55266024046887, 246.72550580665953, -12.945515280750183, -106.13169083678346, 15810.617907608621, 8879.2488051002274, 750.24747895352675, 257.79579640621608, -36.272625681566417, -99.878052941712355, 16976.375463072298, 13295.308899975309, 486.26085932129808, 503.53786023705578, 0, 0, 8.0053333967604097
18.460000000000001, 15858.020027066315, 8863.344986635142, 779.43023249934402, 245.68475987278714, -12.242774112480614, -104.07459338723794, 15818.115059296269, 8881.8120813731184, 749.89260549446647, 256.81701699476287, -35.487345906031862, -97.877941145322282, 16981.23807166551, 13300.344278577679, 486.26085932129808, 503.53786023705578, 0, 0, 7.9953333967604081
18.469999999999999, 15865.812435064598, 8865.7858043382166, 779.30394405187394, 244.61610016255858, -12.62884474701154, -106.86597102285721, 15825.608538396187, 8884.3651647316747, 749.52947515932044, 255.81122956868208, -36.313033514597926, -100.57874260807729, 16986.100680258722, 13305.379657180049, 486.26085932129808, 503.53786023705578, 0, 0, 7.9853333967604101
18.48, 15873.603686251847, 8868.2162484319142, 779.18472716722363, 243.56830630067097, -11.921688465027952, -104.77938618876141, 15833.098504985324, 8886.9084944783099, 749.17426432896957, 254.82572629860252, -35.521083035090157, -98.550327007955914, 16990.963288851934, 13310.415035782418, 486.26085932129808, 503.53786023705578, 0, 0, 7.9753333967604085
18.490000000000002, 15881.39368800267, 8870.6357910607567, 779.06169244393345, 242.49227735638496, -12.303472329019709, -107.6028944286012, 15840.58479517526, 8889.4415592722544, 748.81076743870381, 253.81289502919506, -36.349689026579483, -101.2831269407463, 16995.825897445146, 13315.450414384788, 486.26085932129808, 503.53786023705578, 0, 0, 7.965333396760407
18.5, 15889.182566134208, 8873.0448908809176, 778.94577291720918, 241.43741379622907, -11.591952672425197, -105.48635601558826, 15848.0675701896, 8891.9648043287343, 748.45525676885666, 252.82063544172507, -35.551066984710907, -99.225958746999623, 17000.688506038357, 13320.485792987158, 486.26085932129808, 503.53786023705578, 0, 0, 7.955333396760409
18.510000000000002, 15896.970228476139, 8875.4430136631945, 778.82608043442951, 240.35399008385232, -11.969248277969319, -108.34237123767399, 15855.546665383554, 8894.4777120080344, 748.09143185321625, 251.80072376719093, -36.382491564037657, -101.99116745341536, 17005.551114631569, 13325.521171589528, 486.26085932129808, 503.53786023705578, 0, 0, 7.9453333967604074
18.52, 15904.756801267269, 8877.8306242527542, 778.71354622016156, 239.29203599856001, -11.253421426790021, -106.19540852923052, 15863.022243121972, 8896.9807335267124, 747.7356598455691, 250.80167583431853, -35.577200764715457, -99.904793287240409, 17010.413723224781, 13330.556550191897, 486.26085932129808, 503.53786023705578, 0, 0, 7.9353333967604094
18.530000000000001, 15912.542192826249, 8880.207181966698, 778.59728600545009, 238.20119292916451, -11.626021471144934, -109.08430693954899, 15870.494138019632, 8899.4733448616971, 747.37154645928501, 249.77464761038416, -36.411338628405659, -102.70282239343652, 17015.276331817993, 13335.591928794267, 486.26085932129808, 503.53786023705578, 0, 0, 7.9253333967604078
18.539999999999999, 15920.326529794072, 8882.5731579292642, 778.48822652336639, 237.13212848074804, -10.905948208370413, -106.90644484164751, 15877.962513576367, 8901.9560033201396, 747.01555260214411, 248.76877976624601, -35.599385714092449, -100.58678441381518, 17020.138940411205, 13340.627307396637, 486.26085932129808, 503.53786023705578, 0, 0, 7.9153333967604098
18.550000000000001, 15928.109721013385, 8884.9280049237459, 778.37549012866646, 236.03384245897664, -11.273639469989819, -109.82860217713979, 15885.427203683506, 8904.4281784108098, 746.65119134338238, 247.73459930012817, -36.436125876176909, -103.41804661178507, 17025.001549004417, 13345.662685999006, 486.26085932129808, 503.53786023705578, 0, 0, 7.9053333967604082
18.559999999999999, 15935.891893506869, 8887.2722004441293, 778.26999627520024, 234.9576488452233, -10.549385346622032, -107.61936137533385, 15892.888372968715, 8906.8903336214134, 746.29501612832485, 246.72188047358898, -35.6175215057484, -101.27188265391759, 17029.864157597629, 13350.698064601376, 486.26085932129808, 503.53786023705578, 0, 0, 7.8953333967604102
18.57, 15943.672956677334, 8889.6051906596931, 778.16087678936526, 233.85189731930055, -10.911948583496805, -110.57515259227438, 15900.34585461793, 8909.3419319074346, 745.93044865710579, 245.68051255928654, -36.456747121910183, -104.13679143024537, 17034.726766190841, 13355.733443203746, 486.26085932129808, 503.53786023705578, 0, 0, 7.8853333967604087
18.580000000000002, 15951.453037907615, 8891.9274595254283, 778.05904094850018, 232.76855682208284, -10.18358408650357, -108.33404972176956, 15907.799814378577, 8911.7834430277544, 745.57413359556506, 244.66091220772424, -35.631506154072348, -101.96003515623167, 17039.589374784053, 13360.768821806116, 486.26085932129808, 503.53786023705578, 0, 0, 7.8753333967604071
18.59, 15959.232047198009, 8894.2384465163486, 777.95363300912868, 231.65531833539183, -10.540793937150811, -111.32384866910117, 15915.250084750382, 8914.2143232991566, 745.20940265212244, 243.61232216266606, -36.473094344260375, -104.85900450581649, 17044.451983377265, 13365.804200408485, 486.26085932129808, 503.53786023705578, 0, 0, 7.8653333967604091
18.600000000000001, 15967.010112268901, 8896.5386421402272, 777.85554906252673, 230.56481437040918, -9.8083946601929721, -109.05039649826357, 15922.696832591499, 8916.6350488429489, 744.85299029186785, 242.58581030698559, -35.64123602545525, -102.65118556804555, 17049.314591970477, 13370.839579010855, 486.26085932129808, 503.53786023705578, 0, 0, 7.8553333967604075
18.609999999999999, 15974.787143756594, 8898.8274790975956, 777.75394886704998, 229.44406861465288, -10.160019547679928, -112.07457557563036, 15930.139889735763, 8919.0450692515642, 744.48813971491541, 241.52996401006106, -36.485057695250084, -105.58462969245231, 17054.177200563689, 13375.874957613225, 486.26085932129808, 503.53786023705578, 0, 0, 7.8453333967604095
18.620000000000001, 15982.563269695309, 8901.1054545412608, 777.65971220340521, 228.3463857826186, -9.4236663644724743, -109.76828320342773, 15937.579424142034, 8921.4448671005775, 744.13167365639572, 240.49651127095913, -35.646605851973213, -103.34527391019357, 17059.0398091569, 13380.910336215595, 486.26085932129808, 503.53786023705578, 0, 0, 7.835333396760408
18.629999999999999, 15990.338401397083, 8903.3719943171363, 777.56201751936646, 227.21811365258247, -9.7694684038711372, -112.82721300361156, 15945.01526699977, 8923.8338851722528, 743.76674840126577, 239.43337520195669, -36.492525512997368, -106.31360690024314, 17063.902417750112, 13385.945714817964, 486.26085932129808, 503.53786023705578, 0, 0, 7.82533339676041
18.640000000000001, 15998.112667185129, 8905.6276023157516, 777.47172504292621, 226.11323779186725, -9.0292476440294482, -110.48758607152222, 15952.44758735747, 8926.2126125888044, 743.41027331378132, 238.39295283745693, -35.647508748444629, -104.04223644997538, 17068.765026343324, 13390.981093420334, 486.26085932129808, 503.53786023705578, 0, 0, 7.8153333967604084
18.650000000000002, 16005.885979088174, 8907.8716974484196, 777.37803521738897, 224.97742144179662, -9.3689825537286815, -113.58163500706326, 15959.876215782957, 8928.5804852363854, 743.04531947039982, 237.32249411793438, -36.495384338151936, -107.04587195225383, 17073.627634936536, 13396.016472022704, 486.26085932129808, 503.53786023705578, 0, 0, 7.8053333967604068
18.66, 16013.658465692421, 8910.1047904364495, 777.2917853555798, 223.86533968253764, -8.6249861809148545, -111.20817592589731, 15967.301322402225, 8930.9379988767287, 742.68888110806915, 236.27507406221258, -35.643836233065961, -104.74200557218029, 17078.490243529748, 13401.051850625074, 486.26085932129808, 503.53786023705578, 0, 0, 7.7953333967604088
18.670000000000002, 16021.430039785497, 8912.3262931767986, 777.20220132359759, 222.72196258414152, -8.9584031982189245, -114.3377098396117, 15974.722737185466, 8933.2845824138858, 742.32394591872674, 235.19726049782182, -36.493518934241884, -107.78135643907525, 17083.35285212296, 13406.087229227443, 486.26085932129808, 503.53786023705578, 0, 0, 7.7853333967604073
18.68, 16029.200830189384, 8914.5367233149354, 777.12009403369359, 221.60266340382395, -8.2107289903993141, -111.92991803175639, 15982.140631322916, 8935.6207383424171, 741.9675911362084, 234.1428154013384, -35.635478251830783, -105.44450964834188, 17088.215460716172, 13411.122607829813, 486.26085932129808, 503.53786023705578, 0, 0, 7.7753333967604092
18.690000000000001, 16036.970750494102, 8916.7354856540042, 777.03471832577486, 220.45171040591444, -8.5375707918752166, -115.09529979095203, 15989.554834212431, 8937.9458884982942, 741.60272301308657, 233.05761552562547, -36.486812312182387, -108.51998757129307, 17093.078069309384, 13416.157986432183, 486.26085932129808, 503.53786023705578, 0, 0, 7.7653333967604077
18.699999999999999, 16044.739929728981, 8918.923104857271, 776.95685510054011, 219.32518368642931, -7.7863225234736273, -112.65267194851289, 15996.965518094081, 8940.2605422026154, 741.24649978101706, 231.99611879658158, -35.622323206950874, -106.14967290438915, 17097.940677902596, 13421.193365034553, 486.26085932129808, 503.53786023705578, 0, 0, 7.7553333967604097
18.710000000000001, 16052.508282331213, 8921.0989785549828, 776.87579184903473, 218.16664107620164, -8.1063251505363638, -115.85426102276794, 16004.372511820027, 8942.5641141373762, 740.88174832342509, 230.90350191628062, -36.475145759203343, -109.26168803009553, 17102.803286495808, 13426.228743636922, 486.26085932129808, 503.53786023705578, 0, 0, 7.7453333967604081
18.719999999999999, 16060.275937507788, 8923.2636385220376, 776.80227572127217, 217.03287816238037, -7.3516127762580208, -113.37629138212775, 16011.775988664564, 8944.8571205442458, 740.52570574352978, 229.83492776341095, -35.604257989531533, -106.85741528696776, 17107.66589508902, 13431.264122239292, 486.26085932129808, 503.53786023705578, 0, 0, 7.7353333967604101
18.73, 16068.042810589166, 8925.41647513715, 776.72563066560735, 215.86673372833602, -7.6645055664852357, -116.61444340443676, 16019.175776962167, 8947.1389688655072, 740.16112175480532, 228.73486400524865, -36.458398872448434, -110.00637581622898, 17112.528503682232, 13436.299500841662, 486.26085932129808, 503.53786023705578, 0, 0, 7.7253333967604085
18.740000000000002, 16075.809030929011, 8927.5580273808282, 776.65656621154187, 214.72572748795952, -6.9064454065471885, -114.10062403764996, 16026.572051004512, 8949.4101823577112, 739.80531007463833, 227.65918748196324, -35.581168016700339, -107.56765232854097, 17117.391112275443, 13441.334879444032, 486.26085932129808, 503.53786023705578, 0, 0, 7.715333396760407
18.75, 16083.574514798487, 8929.6876783021562, 776.58444670222934, 213.55197058447072, -7.2119509312546608, -117.37569034887818, 16033.964638637819, 8951.6701611379158, 739.44094557866333, 226.55164784098787, -36.436449597505252, -110.75396409753689, 17122.253720868655, 13446.370258046401, 486.26085932129808, 503.53786023705578, 0, 0, 7.705333396760409
18.760000000000002, 16091.339391665631, 8931.8059741812795, 776.51994004365179, 212.40371546974694, -6.4506658577501312, -114.82551147237893, 16041.353715153014, 8953.9194355720738, 739.08541620592882, 225.46884489087222, -35.552937273446119, -108.28029501156622, 17127.116329461867, 13451.405636648771, 486.26085932129808, 503.53786023705578, 0, 0, 7.6953333967604074
18.77, 16099.103578791088, 8933.9122906601788, 776.45245504498814, 211.22233708325766, -6.7484998663647247, -118.1378386489297, 16048.739107938933, 8956.1573983668241, 738.72132446320757, 224.35380128031886, -36.409174272130514, -111.50436105533633, 17131.978938055079, 13456.441015251141, 486.26085932129808, 503.53786023705578, 0, 0, 7.6853333967604094
18.780000000000001, 16106.867205723614, 8936.0071814126695, 776.39261385008342, 210.06682919375729, -5.9841194904699293, -115.55078895003832, 16056.120993266311, 8958.3845870921832, 738.36612997961345, 223.26384878399875, -35.51944835941211, -108.99524963201199, 17136.841546648291, 13461.476393853511, 486.26085932129808, 503.53786023705578, 0, 0, 7.6753333967604078
18.789999999999999, 16114.630190763486, 8938.0900145968608, 776.32987394146073, 208.87782201060972, -6.27399086226999, -118.90071831475603, 16063.499198098956, 8960.6003869595643, 738.00236550285877, 222.1412740866987, -36.376447675467652, -112.25746973000469, 17141.704155241503, 13466.51177245588, 486.26085932129808, 503.53786023705578, 0, 0, 7.6653333967604098
18.800000000000001, 16122.392663505143, 8940.1613513741722, 776.2748074242412, 207.71505915764629, -5.5066517219576312, -116.2762852963417, 16070.873899666603, 8962.8053428377825, 737.64755967744998, 221.04414991007405, -35.480582540879382, -109.71241766246493, 17146.566763834715, 13471.54715105825, 486.26085932129808, 503.53786023705578, 0, 0, 7.6553333967604082
18.809999999999999, 16130.154543340022, 8942.2205523428875, 776.21692479998376, 206.51841763352019, -5.7882624257500552, -119.66415241260962, 16078.244924541916, 8964.998832358704, 737.28417824662006, 219.91401803141446, -36.338143082991905, -113.01318786595911, 17151.429372427927, 13476.58252966062, 486.26085932129808, 503.53786023705578, 0, 0, 7.6453333967604102
18.82, 16137.915959871796, 8944.2681862458085, 776.16674371824695, 205.34839940595631, -5.0181081736757509, -117.00182275638835, 16085.612450891411, 8967.1814077846757, 736.92981604853821, 218.80970107526315, -35.436219808189591, -110.43169561513147, 17156.291981021139, 13481.61790826299, 486.26085932129808, 503.53786023705578, 0, 0, 7.6353333967604087
18.830000000000002, 16145.676833635993, 8946.3036060463328, 776.11383218588662, 204.1441198369001, -5.2911532360308353, -120.4279569056223, 16092.976304932046, 8969.3524390842649, 736.56687472526301, 217.67198699769753, -36.294132327519989, -113.77140775656095, 17161.154589614351, 13486.653286865359, 486.26085932129808, 503.53786023705578, 0, 0, 7.6253333967604071
18.84, 16153.437294207628, 8948.3273881621735, 776.06864883761443, 202.96684766835563, -4.5183348272147388, -117.72721685444633, 16100.336665743458, 8971.5124860080068, 736.21301233587417, 216.56045724864606, -35.386238938883658, -111.15297490514847, 17166.017198207563, 13491.688665467729, 486.26085932129808, 503.53786023705578, 0, 0, 7.6153333967604091
18.850000000000001, 16161.197263320657, 8950.338877847782, 776.02082381451589, 201.75492826338564, -4.7825023098546939, -121.19194049700037, 16107.693359223937, 8973.6609107780805, 735.85056947720898, 215.41513708775432, -36.244285866522823, -114.53201608917473, 17170.879806800775, 13496.724044070099, 486.26085932129808, 503.53786023705578, 0, 0, 7.6053333967604075
18.859999999999999, 16168.956870482074, 8952.3386592889765, 775.98075203262829, 200.57040550082053, -4.0071781887632021, -118.45227625651182, 16115.046565341074, 8975.7982807277003, 735.49726430154124, 214.29637567060979, -35.330517566776614, -111.87614171445163, 17175.742415393986, 13501.759422672469, 486.26085932129808, 503.53786023705578, 0, 0, 7.5953333967604095
18.870000000000001, 16176.716038680024, 8954.3260699583134, 775.9381305408707, 199.35084645605713, -4.2621491757631151, -121.95590447633997, 16122.396109713161, 8977.9239502503369, 735.13537957298047, 213.14342673270036, -36.188472856072224, -115.29489379094262, 17180.605023987198, 13506.794801274838, 486.26085932129808, 503.53786023705578, 0, 0, 7.585333396760408
18.879999999999999, 16184.474897312613, 8956.3017019024792, 775.90328568624705, 198.15907842969389, -3.484485462366905, -119.17680263632228, 16129.742173169052, 8980.0384943561348, 734.78269025040788, 212.01741596413308, -35.26893225726409, -112.601076856727, 17185.46763258041, 13511.830179877208, 486.26085932129808, 503.53786023705578, 0, 0, 7.57533339676041
18.890000000000001, 16192.233370679367, 8958.2648847403907, 775.86598634566906, 196.9318820039984, -3.7299340577977897, -122.71964256954989, 16137.084581087371, 8982.1412595283946, 734.42142463809114, 210.85681680537698, -36.12656123167573, -116.05991587560942, 17190.330241173622, 13516.865558479578, 486.26085932129808, 503.53786023705578, 0, 0, 7.5653333967604084
18.900000000000002, 16199.991588027115, 8960.2162184718491, 775.8364852983475, 195.73287609854532, -2.9501047321611367, -119.90059054530904, 16144.423515129964, 8984.2328285481017, 734.06941105220028, 209.72354024893917, -35.201358589090042, -113.32765564378147, 17195.192849766834, 13521.900937081948, 486.26085932129808, 503.53786023705578, 0, 0, 7.5553333967604068
18.91, 16207.749475025388, 8962.1550247917148, 775.80462831765897, 194.4980466906139, -3.1856980688532683, -123.48294079314245, 16151.758800477815, 8986.3125399078981, 733.70882687423705, 208.55527073601922, -36.058417796321208, -116.82695129199597, 17200.055458360046, 13526.936315684317, 486.26085932129808, 503.53786023705578, 0, 0, 7.5453333967604088
18.920000000000002, 16215.507160725792, 8964.081911744528, 775.78058946612134, 193.2918124177427, -2.4038851537668187, -120.62342728711981, 16159.090619595871, 8988.3809842530954, 733.35755016180872, 207.41471325848116, -35.12767124283647, -114.05574775380641, 17204.918066953258, 13531.971694286687, 486.26085932129808, 503.53786023705578, 0, 0, 7.5353333967604073
18.93, 16223.264572227941, 8965.9961930321078, 775.7542966319827, 192.04935664460805, -2.6292834138612236, -124.24557731346606, 16166.418797511242, 8990.4374920062637, 732.99771107864888, 206.2387546307358, -35.983908315986547, -117.59586277453498, 17209.78067554647, 13537.007072889057, 486.26085932129808, 503.53786023705578, 0, 0, 7.5253333967604092
18.940000000000001, 16231.021838342687, 8967.8984848346336, 775.73583986043241, 190.83590571663422, -1.845677155025701, -121.34509279738255, 16173.743517460414, 8992.4826617700055, 732.64723363768496, 205.09090245971535, -35.047744096394304, -114.78521710204591, 17214.643284139682, 13542.042451491427, 486.26085932129808, 503.53786023705578, 0, 0, 7.5153333967604077
18.949999999999999, 16238.77888766125, 8969.788092793453, 775.71523452440226, 189.58583249351685, -2.0605336030087855, -125.00732231173694, 16181.064604362147, 8994.5158158185986, 732.28820466145555, 203.90723739274978, -35.902897622935718, -118.36650669655734, 17219.505892732894, 13547.077830093796, 486.26085932129808, 503.53786023705578, 0, 0, 7.5053333967604097
18.960000000000001, 16246.535848706597, 8971.6656413144592, 775.70248119793996, 188.36517889822252, -1.2753326462337817, -122.06535952943248, 16188.382242191212, 8996.5375608042687, 731.93859015817884, 202.7520781756055, -34.961450327674463, -115.51592171442834, 17224.368501326106, 13552.113208696166, 486.26085932129808, 503.53786023705578, 0, 0, 7.4953333967604081
18.969999999999999, 16254.292651624524, 8973.5304279127631, 775.68768826118855, 187.10749951966656, -1.4792936751444259, -125.76793785559711, 16195.696255805335, 8998.5472107760852, 731.58043766090816, 201.56069084633663, -35.815249727068725, -119.13873292688884, 17229.231109919318, 13557.148587298536, 486.26085932129808, 503.53786023705578, 0, 0, 7.4853333967604101
18.98, 16262.04942460135, 8975.3830853091076, 775.68076120878857, 185.87965959619959, -0.69270524000124212, -122.78399234669612, 16203.006829882564, 9000.5453805275083, 731.23175103566018, 200.39821371028972, -34.86866252479426, -116.24771360469111, 17234.093718512529, 13562.183965900906, 486.26085932129808, 503.53786023705578, 0, 0, 7.4753333967604085
18.990000000000002, 16269.806099401872, 8977.2229028284037, 775.67190710447346, 184.6143878184194, -0.88541043151117549, -126.5271777780183, 16210.31378926873, 9002.5313758069078, 730.87454275630421, 199.19908986338567, -35.720827935601235, -119.91238469040644, 17238.956327105741, 13567.219344503275, 486.26085932129808, 503.53786023705578, 0, 0, 7.465333396760407
19, 16277.562803825345, 8979.0505215943249, 775.67093059966498, 183.37938033419428, -0.097650480853015864, -123.50074842251338, 16217.617319308372, 9004.505819639744, 730.52685022826438, 198.02928547682953, -34.769252803981423, -116.98043865561249, 17243.818935698953, 13572.254723105645, 486.26085932129808, 503.53786023705578, 0, 0, 7.455333396760409
19.010000000000002, 16285.31947132144, 8980.865222679533, 775.66814327286568, 182.10653245854974, -0.27873267992699269, -127.28478756445551, 16224.917244886408, 9006.4680093997467, 730.17065527845091, 196.82241249249668, -35.619494981352034, -120.68729843328461, 17248.681544292165, 13577.290101708015, 486.26085932129808, 503.53786023705578, 0, 0, 7.4453333967604074
19.02, 16293.076229250255, 8982.6676556975453, 775.67324301201904, 180.86437868706739, 0.50997391533939762, -124.21537714823585, 16232.213751975252, 9008.4185764341964, 729.82402434909659, 195.64527312744647, -34.663092935433852, -117.71393650501955, 17253.544152885377, 13582.325480310385, 486.26085932129808, 503.53786023705578, 0, 0, 7.4353333967604094
19.030000000000001, 16300.833012813651, 8984.4570934087787, 775.6766518971242, 179.5839736445765, 0.34088851051205538, -128.04050424908743, 16239.506665551769, 9010.3568096699164, 729.46891321749786, 194.43064009051048, -35.511113159877119, -121.46330369359826, 17258.406761478589, 13587.360858912754, 486.26085932129808, 503.53786023705578, 0, 0, 7.4253333967604078
19.039999999999999, 16308.589948878795, 8986.2341940022161, 775.68795497524468, 178.33469744407284, 1.1303078120478496, -124.9276200503672, 16246.796172175773, 9012.2833488647557, 729.1234126727245, 193.24615968613878, -34.550054477333113, -118.44804043717109, 17263.269370071801, 13592.396237515124, 486.26085932129808, 503.53786023705578, 0, 0, 7.4153333967604098
19.050000000000001, 16316.346974468479, 8987.9982218682089, 775.69769097068604, 177.0467568808611, 0.97359954413960992, -128.79405632117505, 16254.082096970829, 9014.1974744281706, 728.76945722796734, 192.0237574563574, -35.395544475716463, -122.24022297813836, 17268.131978665013, 13597.431616117494, 486.26085932129808, 503.53786023705578, 0, 0, 7.4053333967604082
19.059999999999999, 16324.104215901445, 8989.7498438554103, 775.71532585461455, 175.7903847736834, 1.7634883928520715, -125.63721071776958, 16261.364627041772, 9016.0998346161414, 728.42515713878481, 190.83193168355373, -34.430008918255197, -119.18257728036653, 17272.994587258225, 13602.466994719864, 486.26085932129808, 503.53786023705578, 0, 0, 7.3953333967604102
19.07, 16331.861612091594, 8991.4883159286001, 775.73152129484276, 174.49493313725785, 1.619544022816072, -129.54516364255485, 16268.64358771554, 9017.9897012522306, 728.07243063080489, 189.6017529670909, -35.272650797988724, -123.01787164628418, 17277.857195851437, 13607.502373322233, 486.26085932129808, 503.53786023705578, 0, 0, 7.3853333967604087
19.080000000000002, 16339.619288752026, 8993.2143136787618, 775.75561779376574, 173.23149438985999, 2.4096498922971659, -126.34387473978452, 16275.919166597674, 9019.8677311768042, 727.72940235252338, 188.40257929397626, -34.30282782815005, -119.91736731146305, 17282.719804444649, 13612.537751924603, 486.26085932129808, 503.53786023705578, 0, 0, 7.3753333967604071
19.09, 16347.377186759333, 8994.9270845920546, 775.77840641836019, 171.92855901608769, 2.2788624594441096, -130.29353737722886, 16283.191189277095, 9021.7331875610744, 727.37797941226813, 187.16461871595899, -35.142294025526134, -123.79605780172577, 17287.582413037861, 13617.573130526973, 486.26085932129808, 503.53786023705578, 0, 0, 7.3653333967604091
19.100000000000001, 16355.135431162014, 8996.6273130827667, 775.80909565152911, 170.65808571952556, 3.0689233168901069, -127.0473296562123, 16290.459843813765, 9023.5867359146087, 727.03629558208752, 185.95809647427822, -34.168383018059835, -120.65222416807775, 17292.445021631072, 13622.608509129343, 486.26085932129808, 503.53786023705578, 0, 0, 7.3553333967604075
19.109999999999999, 16362.893964872326, 8998.3142381079724, 775.83861257133867, 169.34769692018358, 2.9516919809532407, -131.03887993419895, 16297.724956119147, 9025.4276306920219, 726.68625221946991, 184.71235065234808, -35.004336261759278, -124.57458219301498, 17297.307630224284, 13627.643887731712, 486.26085932129808, 503.53786023705578, 0, 0, 7.3453333967604095
19.120000000000001, 16370.652912213463, 8999.988552984436, 775.87602693290171, 168.07022407098108, 3.7414361563065928, -127.74728492025096, 16304.986714659335, 9027.2565461553295, 726.34598675238237, 183.49848110465399, -34.026546708757003, -121.38695476940987, 17302.170238817496, 13632.679266334082, 486.26085932129808, 503.53786023705578, 0, 0, 7.335333396760408
19.129999999999999, 16378.412218207695, 9001.6494880924074, 775.91240859311029, 166.7524152217338, 3.6381660208520703, -131.78088492472952, 16312.244945730859, 9029.0727279806579, 725.99740035238699, 182.24494872341438, -34.858639999535406, -125.35323812396226, 17307.032847410708, 13637.714644936452, 486.26085932129808, 503.53786023705578, 0, 0, 7.32533339676041
19.140000000000001, 16386.172006390439, 9003.2977457283432, 775.95668171395971, 165.46798080297944, 4.4273120849381886, -128.44344187543564, 16319.499838155627, 9030.8768592640045, 725.6586284353026, 181.02373513094878, -33.87719170843436, -122.12135924656161, 17311.89545600392, 13642.750023538822, 486.26085932129808, 503.53786023705578, 0, 0, 7.3153333967604084
19.150000000000002, 16393.932223969678, 9004.932547650802, 776.00006585397477, 164.14278843162768, 4.3384140015070791, -132.51923713517712, 16326.751218679732, 9032.6681768436083, 725.31157775214251, 179.76241701720016, -34.705068316006162, -126.13181137486035, 17316.758064597132, 13647.785402141191, 486.26085932129808, 503.53786023705578, 0, 0, 7.3053333967604068
19.16, 16401.692993628814, 9006.5546052110567, 776.05133256051442, 162.85143349415176, 5.1266706539638047, -129.13549374759191, 16333.999276428514, 9034.4473727291479, 724.97437583614715, 178.53386470836799, -33.720191599539717, -122.85523088321722, 17321.620673190344, 13652.820780743561, 486.26085932129808, 503.53786023705578, 0, 0, 7.2953333967604088
19.170000000000002, 16409.454264838569, 9008.1631315041213, 776.101858170578, 161.51889736898633, 5.0525610063613762, -133.25361251654209, 16341.243838664113, 9036.2136748642115, 724.62894098537026, 177.26476390701262, -34.543485077685787, -126.91008013553635, 17326.483281783556, 13657.856159345931, 486.26085932129808, 503.53786023705578, 0, 0, 7.2853333967604073
19.18, 16417.216159364321, 9009.7588470089631, 776.1602544403197, 160.22066611245657, 5.8396269741651139, -129.82312565297613, 16348.485094760827, 9037.9677842498713, 724.29338677602175, 176.02888034633563, -33.555420934850538, -123.58835606769995, 17331.345890376768, 13662.891537948301, 486.26085932129808, 503.53786023705578, 0, 0, 7.2753333967604092
19.190000000000001, 16424.978629017842, 9011.340956118358, 776.21806171474316, 158.88082933053613, 5.7807274423499653, -133.98367819204293, 16355.722872565313, 9039.7089198810918, 723.949649224464, 174.75200219682176, -34.373755155775555, -127.68781495138541, 17336.20849896998, 13667.92691655067, 486.26085932129808, 503.53786023705578, 0, 0, 7.2653333967604077
19.199999999999999, 16432.741794578698, 9012.9101885094697, 776.28372462864093, 157.57576918429905, 6.5662913897723776, -130.50601462370886, 16362.957361644241, 9041.4377918259215, 723.61582167003576, 173.50879705424805, -33.382755442828454, -124.3205142573706, 17341.071107563192, 13672.96229515304, 486.26085932129808, 503.53786023705578, 0, 0, 7.2553333967604097
19.210000000000001, 16440.505610279288, 9014.4657398374402, 776.34895491556915, 156.22867825945795, 6.5230286928239103, -134.7090924841101, 16370.188390499245, 9043.153610079662, 723.27386422351753, 172.22414926741163, -34.195744651826793, -128.4647786836417, 17345.933716156404, 13677.99767375541, 486.26085932129808, 503.53786023705578, 0, 0, 7.2453333967604081
19.219999999999999, 16448.270195843816, 9016.0083490455872, 776.42202260700583, 154.91683996293975, 7.306769143665564, -131.1838296518217, 16377.416148830644, 9044.8570938506418, 722.94184350109447, 170.97363448784614, -33.202072242303274, -125.05147795654847, 17350.796324749615, 13683.03305235778, 486.26085932129808, 503.53786023705578, 0, 0, 7.2353333967604101
19.23, 16456.035508006098, 9017.5372030194721, 776.49481835461984, 153.56254491332064, 7.2795747613962032, -135.42950496191187, 16384.640465867484, 9046.5474440865473, 722.60175028975743, 169.68122722299736, -34.009321133699657, -129.24072648487666, 17355.658933342827, 13688.068430960149, 486.26085932129808, 503.53786023705578, 0, 0, 7.2253333967604085
19.240000000000002, 16463.801665363648, 9019.0530500338427, 776.5754299549634, 152.24398259579146, 8.0611600343567247, -131.8562317529161, 16391.86153138287, 9048.2253892068711, 722.27161778909328, 168.42341709590903, -33.01325006641482, -125.78101270883251, 17360.521541936039, 13693.103809562519, 486.26085932129808, 503.53786023705578, 0, 0, 7.215333396760407
19.25, 16471.568627233682, 9020.5550681763234, 776.65593465403481, 150.88253703068193, 8.0504699071453221, -136.14455651095369, 16399.079175407678, 9049.890121066961, 721.93347425027503, 167.12326303799759, -33.81435388182647, -130.01540579114416, 17365.384150529251, 13698.139188164889, 486.26085932129808, 503.53786023705578, 0, 0, 7.205333396760409
19.260000000000002, 16479.336511013931, 9022.0440151155217, 776.74423023468682, 149.55730829017315, 8.8295580651989081, -132.52287405087807, 16406.293587724758, 9051.5423773657749, 721.60531255531703, 165.85817426694612, -32.816169495800246, -126.50887710514635, 17370.246759122463, 13703.174566767259, 486.26085932129808, 503.53786023705578, 0, 0, 7.1953333967604074
19.27, 16487.105278688119, 9023.5190601165086, 776.83258835740401, 148.18876949591294, 8.8358122717192558, -136.85387942602256, 16413.504599243188, 9053.1813408249945, 721.26920541386028, 164.55028870362671, -33.610714145670279, -130.78855633194297, 17375.109367715675, 13708.209945369628, 486.26085932129808, 503.53786023705578, 0, 0, 7.1853333967604094
19.280000000000001, 16494.875046379355, 9024.9809703011852, 776.92870886826779, 146.85693547706529, 9.6120510863752155, -133.18340188476569, 16420.712399690347, 9054.8077584886087, 720.94309828185135, 163.27794047554144, -32.610713200887353, -127.23482280852542, 17379.971976308887, 13713.245323971998, 486.26085932129808, 503.53786023705578, 0, 0, 7.1753333967604078
19.289999999999999, 16502.645778822061, 9026.428906091327, 777.02506580325723, 145.48136450177608, 9.635693498942576, -137.5570975289202, 16427.916820931852, 9056.4208039068399, 720.60911552774883, 161.96234137394794, -33.398275410253547, -131.55991015935075, 17384.834584902099, 13718.280702574368, 486.26085932129808, 503.53786023705578, 0, 0, 7.1653333967604098
19.300000000000001, 16510.417590788158, 9027.8636441184044, 777.12915300755992, 144.1429899723841, 10.408720430273615, -133.83745293919776, 16435.118052572201, 9058.02123353139, 720.28514786581729, 160.68275542797909, -32.396766193152331, -127.95859459688464, 17389.697193495311, 13723.316081176737, 486.26085932129808, 503.53786023705578, 0, 0, 7.1553333967604082
19.309999999999999, 16518.190449847985, 9029.2843359441813, 777.23365499103613, 142.76045170926122, 10.450198347625168, -138.25382631228882, 16442.31592751381, 9059.6082117069145, 719.95337872909192, 159.35946351100347, -33.176913672540955, -132.32919169756329, 17394.559802088523, 13728.351459779107, 486.26085932129808, 503.53786023705578, 0, 0, 7.1453333967604102
19.32, 16525.964469343977, 9030.6917677626643, 777.3458513964456, 141.41560513526662, 11.219640540942063, -134.48465739945919, 16449.510635168688, 9061.1825043524605, 719.63163656824076, 158.07266420675433, -32.174216085120428, -128.67993042491364, 17399.422410681735, 13733.386838381477, 486.26085932129808, 503.53786023705578, 0, 0, 7.1353333967604087
19.330000000000002, 16533.739619768585, 9032.0850822630509, 777.45864543942889, 140.02616840415544, 11.279404298329132, -138.94367311111887, 16456.702009558212, 9062.7432665768556, 719.30217149096609, 156.74170302861063, -32.946507727462105, -133.09611781437016, 17404.285019274947, 13738.422216983847, 486.26085932129808, 503.53786023705578, 0, 0, 7.1253333967604071
19.34, 16541.516012954769, 9033.4650752513735, 777.57909422541275, 138.6749220228285, 12.044878598385411, -135.12463813269335, 16463.890239830118, 9064.2912738229152, 718.98274195737747, 155.44771741354651, -31.942953358865356, -129.39856150641216, 17409.147627868158, 13743.457595586216, 486.26085932129808, 503.53786023705578, 0, 0, 7.1153333967604091
19.350000000000001, 16549.293622404195, 9034.8308805360066, 777.70032803696256, 137.27865964979725, 12.123381154976462, -139.62623730312518, 16471.075161208773, 9065.8256719373639, 718.65567256274539, 154.10911343438926, -32.706939463206126, -133.86039791572557, 17414.01023646137, 13748.492974188586, 486.26085932129808, 503.53786023705578, 0, 0, 7.1053333967604075
19.359999999999999, 16557.072558358686, 9036.1833035808704, 777.8291729783482, 135.92108954083366, 12.884494138566357, -135.75701089635837, 16478.256962503656, 9067.3472459398454, 718.33864384631875, 152.80797131020714, -31.702871642661588, -130.11421241821174, 17418.872845054582, 13753.528352790956, 486.26085932129808, 503.53786023705578, 0, 0, 7.0953333967604095
19.370000000000001, 16564.852797417065, 9037.5214693096987, 777.9589948847705, 134.51807843543793, 12.982190642233727, -140.30111053957376, 16485.435480227996, 9068.8551323928368, 718.01406290466434, 151.46175396955735, -32.458094165440286, -134.62173406497953, 17423.735453647794, 13758.563731393326, 486.26085932129808, 503.53786023705578, 0, 0, 7.085333396760408
19.379999999999999, 16572.634448146713, 9038.8461928863671, 778.09638027147093, 133.15426458968568, 13.738538670048118, -136.38138457522555, 16492.610902776843, 9070.3501259423483, 717.69952422471033, 150.15348795728787, -31.453867995405858, -130.82660122694949, 17428.598062241006, 13763.599109995695, 486.26085932129808, 503.53786023705578, 0, 0, 7.07533339676041
19.390000000000001, 16580.417490332329, 9040.1565903507126, 778.2349391314682, 131.74458581960729, 13.855885999730253, -140.96787700783975, 16499.783068039967, 9071.8313538487528, 717.37752561641059, 148.7996897460072, -32.199860829969758, -135.3798211280664, 17433.460670834218, 13768.634488598065, 486.26085932129808, 503.53786023705578, 0, 0, 7.0653333967604084
19.400000000000002, 16588.202030781937, 9041.4534866046906, 778.38100968435117, 130.37461220512424, 14.607055288297445, -136.99736144830487, 16506.95216391965, 9073.2996204302672, 717.06556718442675, 147.48433534960634, -31.195843198381766, -131.53543964008628, 17438.32327942743, 13773.669867200435, 486.26085932129808, 503.53786023705578, 0, 0, 7.0553333967604068
19.41, 16595.988052555516, 9042.7359888096835, 778.52845480009364, 128.95835106785233, 14.7445115742445, -141.62611372718888, 16514.11802977162, 9074.7540436317213, 716.7462458595935, 146.12299188014458, -31.932132483328761, -136.13434694617712, 17443.185888020642, 13778.705245802805, 486.26085932129808, 503.53786023705578, 0, 0, 7.0453333967604088
19.420000000000002, 16603.775660615262, 9044.0049316397399, 778.68335558298156, 127.5823056929854, 15.490078288786778, -137.60453748669389, 16521.280852924909, 9076.195437485545, 716.43695883905559, 144.80058754832251, -30.928702053795547, -132.24043318220754, 17448.048496613854, 13783.740624405174, 486.26085932129808, 503.53786023705578, 0, 0, 7.0353333967604073
19.43, 16611.564841386455, 9045.2594133880375, 778.83983660709282, 126.15955178419722, 15.648102411123164, -142.27539087881857, 16528.440474292322, 9077.6229106121482, 716.12041077394929, 143.43173762295226, -31.654806510626081, -136.88499253702417, 17452.911105207066, 13788.776003007544, 486.26085932129808, 503.53786023705578, 0, 0, 7.0253333967604092
19.440000000000001, 16619.355697897441, 9046.5002785304769, 779.00371293489377, 124.77752675736095, 16.387632780100351, -138.20250268362705, 16535.597080547006, 9079.0372867961687, 715.81388723705425, 142.10232480897281, -30.652353689504135, -132.94128139794455, 17457.773713800278, 13793.811381609914, 486.26085932129808, 503.53786023705578, 0, 0, 7.0153333967604077
19.449999999999999, 16627.148220029369, 9047.7266165072251, 779.16937977335635, 123.34837403564389, 16.566683846255483, -142.91527217170642, 16542.750514251627, 9080.4376653294094, 715.5002093871542, 140.72601048570945, -31.367784989999763, -137.63143232633692, 17462.63632239349, 13798.846760212284, 486.26085932129808, 503.53786023705578, 0, 0, 7.0053333967604097
19.460000000000001, 16634.942508787248, 9048.9392816213694, 779.34237711633989, 121.96046562146557, 17.299734298354529, -138.79084141783153, 16549.900961338717, 9081.8248797825545, 715.19654226846171, 139.38963370488227, -30.36671186925383, -133.63767808271683, 17467.498930986701, 13803.882138814653, 486.26085932129808, 503.53786023705578, 0, 0, 6.9953333967604081
19.469999999999999, 16642.738557599077, 9050.1373544802973, 779.51737982734051, 120.52501246901224, 17.500271100059919, -143.54531524533289, 16557.048266115147, 9083.1980201194419, 714.88583251813316, 138.00590036077443, -31.07097503286035, -138.37333441078502, 17472.361539579913, 13808.917517417023, 486.26085932129808, 503.53786023705578, 0, 0, 6.9853333967604101
19.48, 16650.536465355613, 9051.321699235059, 779.6996437115838, 119.13132114049904, 18.226388424332782, -139.3691328513201, 16564.192613686031, 9084.5579297263175, 714.5851155650563, 136.66260724534897, -30.071695307683562, -134.32931154254806, 17477.224148173125, 13813.952896019393, 486.26085932129808, 503.53786023705578, 0, 0, 6.9753333967604085
19.490000000000002, 16658.336229123062, 9052.4913876856481, 779.88413240033412, 117.68967041939469, 18.448868875029579, -144.16507211043489, 16571.333850198313, 9085.9036892446438, 714.27747267376583, 135.2715036368125, -30.764289129045611, -139.11036085364651, 17482.086756766337, 13818.988274621763, 486.26085932129808, 503.53786023705578, 0, 0, 6.965333396760407
19.5, 16666.137945585626, 9053.6472938471379, 780.07580830438258, 116.2903009057701, 19.167590404844692, -139.9369513624587, 16578.472159840851, 9087.2361519012793, 713.97980039387357, 133.92134498797296, -29.767227989221144, -135.01586488395338, 17486.949365359549, 13824.023653224132, 486.26085932129808, 503.53786023705578, 0, 0, 6.955333396760409
19.510000000000002, 16673.941615539312, 9054.7884807427508, 780.26993301396749, 114.8425600094819, 19.412470958487084, -144.77408962881896, 16585.607390697965, 9088.554389025956, 713.67532393891452, 132.52292330782851, -30.447645495907924, -139.84216801444646, 17491.811973952761, 13829.059031826502, 486.26085932129808, 503.53786023705578, 0, 0, 6.9453333967604074
19.52, 16681.74733336817, 9055.9158322627936, 780.47116626176637, 113.43762133932802, 20.123324779892886, -140.49386701538756, 16592.739725951433, 9089.8592637065831, 713.38079154401476, 131.16595314447684, -29.453239489979318, -135.6970163351665, 17496.674582545973, 13834.094410428872, 486.26085932129808, 503.53786023705578, 0, 0, 6.9353333967604094
19.530000000000001, 16689.555103689763, 9057.0284026896825, 780.67507686008935, 111.98390223899574, 20.391059832296978, -145.37191003322781, 16599.869015721608, 9091.149837976991, 713.07958185971199, 129.76026907533893, -30.120968430272757, -140.5684069137917, 17501.537191139185, 13839.129789031242, 486.26085932129808, 503.53786023705578, 0, 0, 6.9253333967604078
19.539999999999999, 16697.365018493118, 9058.1270857951622, 780.88601251026273, 110.57350777833091, 21.093565017343838, -141.03944606648349, 16606.995442090411, 9092.4269848018048, 712.78828520669583, 128.3965446793427, -29.129665301614377, -136.372439599622, 17506.399799732397, 13844.165167633611, 486.26085932129808, 503.53786023705578, 0, 0, 6.9153333967604098
19.550000000000001, 16705.177086309162, 9059.210927162223, 781.09985857317668, 109.11392706345083, 21.38460629138946, -145.95807148800748, 16614.118857314177, 9093.6897569400535, 712.49044332007497, 126.98365744299848, -29.784188662085121, -141.28872363442201, 17511.262408325609, 13849.200546235981, 486.26085932129808, 503.53786023705578, 0, 0, 6.9053333967604082
19.559999999999999, 16712.991396635869, 9060.2808304451319, 781.32064130474544, 107.69819454836512, 22.07827315688067, -141.57325150857019, 16621.239442280305, 9094.9390372438465, 712.20247884851449, 125.6132394005718, -28.796447156048487, -137.04180424266755, 17516.125016918821, 13854.235924838351, 486.26085932129808, 503.53786023705578, 0, 0, 6.8953333967604102
19.57, 16720.807962009276, 9061.335832574312, 781.54457199547585, 106.23287346145229, 22.393069073038642, -146.53210869128364, 16628.357051482235, 9096.1738692238887, 711.90810641142969, 124.19321180297683, -29.437243708481194, -142.00275975949612, 17520.987625512033, 13859.271303440721, 486.26085932129808, 503.53786023705578, 0, 0, 6.8853333967604087
19.580000000000002, 16728.62686933915, 9062.3768470823779, 781.77534599012688, 104.8119250249174, 23.077399465103287, -142.09484365348808, 16635.471864516348, 9097.3951456255018, 711.62357107793093, 122.81616404185264, -28.45353334987286, -137.70477611241952, 17525.850234105244, 13864.30668204309, 486.26085932129808, 503.53786023705578, 0, 0, 6.8753333967604071
19.59, 16736.448135258226, 9063.4029022996001, 782.00950993511617, 103.34098948972459, 23.416394498928021, -147.0935535192811, 16642.583738215395, 9098.6019007429932, 711.33277029566159, 121.38906251336167, -29.080078226936855, -142.71015284909797, 17530.712842698456, 13869.34206064546, 486.26085932129808, 503.53786023705578, 0, 0, 6.8653333967604091
19.600000000000001, 16744.271843989893, 9064.4149216273836, 782.25041875615341, 101.91495168219011, 24.090882103728514, -142.60378075344883, 16649.69285078649, 9099.7950372154573, 711.05176150499005, 120.00545233540633, -28.100879067152096, -138.3610177955338, 17535.575451291668, 13874.37743924783, 486.26085932129808, 503.53786023705578, 0, 0, 6.8553333967604075
19.609999999999999, 16752.098016354874, 9065.4119248538482, 782.49496391747471, 100.43853232506002, 24.454516132133016, -147.64193571300831, 16656.799061504884, 9100.9735801582683, 710.76463506133007, 118.57134696585052, -28.712644366003516, -143.41053695558028, 17540.43805988488, 13879.4128178502, 486.26085932129808, 503.53786023705578, 0, 0, 6.8453333967604095
19.620000000000001, 16759.926733791071, 9066.3948452341501, 782.74615038560398, 99.007536128446588, 25.118646812923753, -143.09961966134284, 16663.902547088492, 9102.1384420995601, 710.48725059433764, 117.18124507476605, -27.738446699245202, -139.01018910844658, 17545.300668478092, 13884.448196452569, 486.26085932129808, 503.53786023705578, 0, 0, 6.835333396760408
19.629999999999999, 16767.758021398095, 9067.362694077894, 783.00122393011611, 97.525768292370245, 25.507354451216909, -148.17678360763426, 16671.003169359119, 9103.2886390188305, 710.20390157321663, 115.74020964298099, -28.334902112097055, -144.10354317850704, 17550.163277071304, 13889.483575054939, 486.26085932129808, 503.53786023705578, 0, 0, 6.82533339676041
19.640000000000001, 16775.591957728386, 9068.3164144733382, 783.26282999623481, 96.089949127067413, 26.160606611870378, -143.58191653028283, 16678.101103443929, 9104.425093323116, 709.93023951161445, 114.34369016673304, -27.366206160221967, -139.65194762479484, 17555.025885664516, 13894.518953657309, 486.26085932129808, 503.53786023705578, 0, 0, 6.8153333967604084
19.650000000000002, 16783.428572250828, 9069.2550093208738, 783.52857816167204, 94.6029728780222, 26.574816543717773, -148.69762490452132, 16685.1962138161, 9105.5468119047437, 709.65077131530757, 112.89580216413667, -27.946819630682572, -144.78880025963781, 17559.888494257728, 13899.554332259679, 486.26085932129808, 503.53786023705578, 0, 0, 6.8053333967604068
19.66, 16791.267940531674, 9070.1794315155221, 783.80074477685935, 93.162470602501074, 27.216661518730962, -144.05022755211274, 16692.288673908974, 9106.6547270339997, 709.38092996334444, 111.49294267174449, -26.984135196306923, -140.28594923921827, 17564.75110285094, 13904.589710862048, 486.26085932129808, 503.53786023705578, 0, 0, 6.7953333967604088
19.670000000000002, 16799.110096498815, 9071.0886756234249, 784.07731273507295, 91.670430727644487, 27.656795821365453, -149.2039874856591, 16699.378350952567, 9107.7478365704337, 709.10544622734335, 110.03828331956227, -27.548373600108299, -145.46593521822138, 17569.613711444152, 13909.625089464418, 486.26085932129808, 503.53786023705578, 0, 0, 6.7853333967604073
19.68, 16806.955112630909, 9071.9837043142415, 784.36017971799538, 90.225389630297428, 28.286698292239883, -144.50410973470574, 16706.465416581887, 9108.8270826263142, 708.83952403046578, 108.62916483188349, -26.592219687753552, -140.91184876787852, 17574.476320037364, 13914.660468066788, 486.26085932129808, 503.53786023705578, 0, 0, 6.7753333967604092
19.690000000000001, 16814.803027403854, 9072.8635039005039, 784.6477114355896, 88.728435627596227, 28.753171759418468, -149.69540027012067, 16713.549740889761, 9109.8914540885289, 708.56812853510303, 107.16781909161566, -27.139549536274529, -146.13457402678367, 17579.338928630576, 13919.695846669158, 486.26085932129808, 503.53786023705578, 0, 0, 6.7653333967604077
19.699999999999999, 16822.653910106739, 9073.7290467885214, 784.94141733756146, 87.279004410420811, 29.370590197187934, -144.94312171754106, 16720.631493607019, 9110.9419028843568, 708.30622399568847, 105.75252608575823, -26.19045394145525, -141.52930058574142, 17584.201537223787, 13924.731225271527, 486.26085932129808, 503.53786023705578, 0, 0, 6.7553333967604097
19.710000000000001, 16830.507803851564, 9074.5793111235089, 785.24005543418707, 85.777290469302358, 29.863809662555283, -150.17139411184468, 16727.710547795661, 9111.9774089938655, 708.03902057462619, 104.28458266248502, -26.720342106231978, -146.79434232732058, 17589.064145816999, 13929.766603873897, 486.26085932129808, 503.53786023705578, 0, 0, 6.7453333967604081
19.719999999999999, 16838.364774635425, 9075.4152790045082, 785.54473740214814, 84.323622223054812, 30.468196796106973, -145.3668246247544, 16734.787071175262, 9112.9989341265955, 707.78123216490098, 102.86320306948087, -25.778840972520531, -142.1379593004153, 17593.926754410211, 13934.801982476267, 486.26085932129808, 503.53786023705578, 0, 0, 6.7353333967604101
19.73, 16846.224870293518, 9076.2359205013272, 785.85462300674601, 82.817307195677927, 30.988560459783137, -150.63150273768827, 16741.860939883598, 9114.0054494273627, 707.51832461061383, 101.38875440760597, -26.290755428718168, -147.44486618749045, 17598.789363003423, 13939.837361078637, 486.26085932129808, 503.53786023705578, 0, 0, 6.7253333967604085
19.740000000000002, 16854.088153428151, 9077.0422273558415, 786.17041664444082, 81.359559366130441, 31.579363769479485, -145.77478295474819, 16748.932319520787, 9114.9979263493697, 707.2647506828838, 99.961379602983271, -25.357392772997553, -142.73748046226959, 17603.651971596635, 13944.872739681006, 486.26085932129808, 503.53786023705578, 0, 0, 6.715333396760407
19.75, 16861.954676683676, 9077.8331616599444, 786.49168924974924, 79.848806728883517, 32.127260530838306, -151.07526372469258, 16756.001089407113, 9115.9753272794642, 707.00624264928763, 98.480521874018947, -25.850803359617757, -148.08577289643279, 17608.514580189847, 13949.908118283376, 486.26085932129808, 503.53786023705578, 0, 0, 6.705333396760409
19.760000000000002, 16869.824499164588, 9078.6097247424077, 786.81872847741738, 78.387141073832453, 32.703922766809065, -146.16656550510703, 16763.067412914021, 9116.9386333700077, 706.75698134362904, 97.047246660916372, -24.92613056586492, -143.32752131025822, 17613.377188783059, 13954.943496885746, 486.26085932129808, 503.53786023705578, 0, 0, 6.6953333967604074
19.77, 16877.697678409098, 9079.3708708202194, 787.1515257930829, 76.87211887868304, 33.27973156655549, -151.50221951494112, 16770.131172650992, 9117.8867983328473, 706.50297624602672, 95.560079742923136, -25.400509760237149, -148.71669179932348, 17618.239797376271, 13959.978875488116, 486.26085932129808, 503.53786023705578, 0, 0, 6.6853333967604094
19.780000000000001, 16885.574269920722, 9080.1176107470565, 787.48994270599167, 75.406701415369326, 33.841691290880561, -146.54174633137094, 16777.192529650696, 9118.8208129690429, 706.25812539560297, 94.121002327395971, -24.485085042369573, -143.90774155271652, 17623.102405969483, 13965.014254090485, 486.26085932129808, 503.53786023705578, 0, 0, 6.6753333967604078
19.789999999999999, 16893.454336214851, 9080.8488909734406, 787.83440051064827, 73.887582230706641, 34.445780465663333, -151.91191846626816, 16784.25136991834, 9119.7396224040422, 706.00872630814035, 92.627629775699148, -24.939908746266742, -149.33725516968295, 17627.965014562695, 13970.049632692855, 486.26085932129808, 503.53786023705578, 0, 0, 6.6653333967604098
19.800000000000001, 16901.337929090849, 9081.5657318098874, 788.18432523682338, 72.418583173329012, 34.992472617516412, -146.89990573776313, 16791.307852036934, 9120.6442270311727, 705.76838334233298, 91.182851733879332, -24.034296580732107, -144.47780418198155, 17632.827623155907, 13975.085011295225, 486.26085932129808, 503.53786023705578, 0, 0, 6.6553333967604082
19.809999999999999, 16909.225116123107, 9082.2670720542301, 788.54057722952768, 70.895544013963345, 35.625199270427366, -152.30391593656714, 16798.36186551362, 9121.5335634836447, 705.52369289318051, 89.68338074269947, -24.469044915246052, -149.9470991179858, 17637.690231749119, 13980.120389897595, 486.26085932129808, 503.53786023705578, 0, 0, 6.6453333967604102
19.82, 16917.115945303765, 9082.9539413996754, 788.90213778705856, 69.423137700984327, 36.156055753093419, -147.24063129790233, 16805.413566370236, 9122.4086416846239, 705.28795473873799, 88.233006979482951, -23.5738154442463, -145.03737632165183, 17642.55284034233, 13985.155768499964, 486.26085932129808, 503.53786023705578, 0, 0, 6.6353333967604087
19.830000000000002, 16925.010489346409, 9083.6252711103753, 789.27031543849364, 67.896359946989534, 36.817765143506364, -152.67777539947917, 16812.462847721592, 9123.2683898747382, 705.0480750032342, 86.7275483341312, -23.987973550376854, -150.54586453517572, 17647.415448935542, 13990.191147102334, 486.26085932129808, 503.53786023705578, 0, 0, 6.6253333967604071
19.84, 16932.90879233311, 9084.2821001820103, 789.64363759281389, 66.420724757957771, 37.332215432028754, -147.56351890317677, 16819.509862916329, 9124.113827438563, 704.81703798366641, 85.271687033081406, -23.103701956777908, -145.58613010497919, 17652.278057528754, 13995.226525704704, 486.26085932129808, 503.53786023705578, 0, 0, 6.6153333967604091
19.850000000000001, 16940.810932195098, 9084.9233524691517, 790.02386999669704, 64.89039406207317, 38.023240388311862, -153.03306958845985, 16826.554508782046, 9124.943874329183, 704.58207037568172, 83.760355052392029, -23.496760798465239, -151.13319806893787, 17657.140666121966, 14000.261904307074, 486.26085932129808, 503.53786023705578, 0, 0, 6.6053333967604075
19.859999999999999, 16948.71694900189, 9085.5500761836975, 790.40907711826071, 63.411712323713779, 38.520712156361704, -147.86817383593944, 16833.596935881804, 9125.7595593181704, 704.35583010914536, 82.299117616568068, -22.624026653641803, -146.12374358239643, 17662.003274715178, 14005.297282909443, 486.26085932129808, 503.53786023705578, 0, 0, 6.5953333967604095
19.870000000000001, 16956.626925978948, 9086.1611878996846, 790.80149084341133, 61.878018507050356, 39.241372515064626, -153.36938166634209, 16840.637044860323, 9126.5597941813667, 704.12587527094695, 80.782030085260857, -22.995483819845933, -151.70875313072119, 17666.86588330839, 14010.332661511813, 486.26085932129808, 503.53786023705578, 0, 0, 6.585333396760408
19.879999999999999, 16964.540899081225, 9086.7577449529763, 791.19870376620599, 60.396476388402299, 39.721292279464393, -148.1542118648056, 16847.674983382472, 9127.3456169969704, 703.90452656688785, 79.315531068697595, -22.134870405907083, -146.64990165632628, 17671.728491901602, 14015.368040114183, 486.26085932129808, 503.53786023705578, 0, 0, 6.57533339676041
19.890000000000001, 16972.45895690304, 9087.3386567708985, 791.60342270975218, 58.859613324233571, 40.471894354622322, -153.68630641687281, 16854.710656013503, 9128.1159314790184, 703.67968425780657, 77.792809159388781, -22.4842309081317, -152.27219093088149, 17676.591100494814, 14020.403418716553, 486.26085932129808, 503.53786023705578, 0, 0, 6.5653333967604084
19.900000000000002, 16980.381131183356, 9087.9049897150871, 792.01275959111013, 57.37540072064742, 40.933688135791499, -148.42126035861529, 16861.744207407402, 9128.8717849260556, 703.463321012645, 76.321166188981579, -21.636324516158453, -147.1642970407197, 17681.453709088026, 14025.438797318922, 486.26085932129808, 503.53786023705578, 0, 0, 6.5553333967604068
19.91, 16988.307515957902, 9088.4556462045748, 792.42990483333028, 55.835566206102314, 41.714524222010915, -153.9834514545108, 16868.775546152294, 9129.6120731107148, 703.24368999686806, 74.792934373590185, -21.96310157769695, -152.82318153913963, 17686.316317681238, 14030.474175921292, 486.26085932129808, 503.53786023705578, 0, 0, 6.5453333967604088
19.920000000000002, 16996.238138648969, 9088.9917015227238, 792.85148101551465, 54.348876611946601, 42.15761821844039, -148.66895941557141, 16875.804813778646, 9130.3378524597647, 703.03240508902979, 73.316268061162873, -21.128490783822464, -147.66663124273069, 17691.17892627445, 14035.509554523662, 486.26085932129808, 503.53786023705578, 0, 0, 6.5353333967604073
19.93, 17004.173098804044, 9089.5120512230769, 793.28117067682888, 52.806272227462316, 42.968966131428211, -154.26043844842854, 16882.831922998543, 9131.0480109296313, 702.81808302286106, 71.782654011490763, -21.43220661686891, -153.3614049672108, 17696.041534867662, 14040.544933126032, 486.26085932129808, 503.53786023705578, 0, 0, 6.5253333967604092
19.940000000000001, 17012.112419428922, 9090.0177794009014, 793.71509855089016, 51.31730259742536, 43.39278740613107, -148.89696300369528, 16889.857012106542, 9131.7436139774109, 702.61196820747887, 70.301087855855016, -20.611481538223607, -148.15661556357531, 17700.904143460873, 14045.580311728401, 486.26085932129808, 503.53786023705578, 0, 0, 6.5153333967604077
19.949999999999999, 17020.056205650941, 9090.5077748912227, 794.15744765153318, 49.772133553861678, 44.234910064301303, -154.51690435636823, 16896.879998038403, 9132.4235418731296, 702.40305152642998, 68.762222333153289, -20.891668104888783, -153.88655227017205, 17705.766752054085, 14050.615690330771, 486.26085932129808, 503.53786023705578, 0, 0, 6.5053333967604097
19.960000000000001, 17028.004475960541, 9090.9831304857453, 794.60383652394353, 48.28108415277697, 44.638887241031497, -149.10494010847103, 16903.901015740721, 9133.0888690006432, 702.20219733005376, 67.275882611999748, -20.085419637621094, -148.63397211535406, 17710.629360647297, 14055.651068933141, 486.26085932129808, 503.53786023705578, 0, 0, 6.4953333967604081
19.969999999999999, 17035.957341130623, 9091.4427284518733, 795.05895684686118, 46.733559126139973, 45.512032291769877, -154.75250266369989, 16910.919986471112, 9133.7384680777632, 701.99878113614568, 65.731899345371488, -20.341619390811719, -154.39832666282658, 17715.491969240509, 14060.686447535511, 486.26085932129808, 503.53786023705578, 0, 0, 6.4853333967604101
19.98, 17043.91481503853, 9091.8876701567515, 795.51791280944769, 45.240633367307019, 45.895596258649853, -149.29257588329568, 16917.937041716708, 9134.3734223059892, 701.80327675181991, 64.2409149968679, -19.550438432581529, -149.09843485035853, 17720.354577833721, 14065.72182613788, 486.26085932129808, 503.53786023705578, 0, 0, 6.4753333967604085
19.990000000000002, 17051.877014165988, 9092.3168314547311, 795.98591276697505, 43.690964321079591, 46.799995752734972, -154.96690462274282, 16924.952107153473, 9134.9925969892611, 701.6054547014935, 62.691950550397621, -19.78220503264188, -154.89644464702809, 17725.217186426933, 14070.75720474025, 486.26085932129808, 503.53786023705578, 0, 0, 6.465333396760407
20, 17059.843947680714, 9092.7313221620225, 796.45753857068291, 42.196368593098697, 47.162580370789854, -149.4595727980896, 16931.965310698233, 9135.5970840321752, 701.41538788457183, 61.19645304440651, -19.006681692163088, -149.54975059911078, 17730.079795020145, 14075.79258334262, 486.26085932129808, 503.53786023705578, 0, 0, 6.455333396760409
20.010000000000002, 17067.815737833993, 9093.13001187788, 796.93852307556642, 40.644770588227672, 48.098450488356377, -155.15980048710259, 16938.976582539974, 9136.1857414670467, 701.22325207762037, 59.642646672950505, -19.213580695143133, -155.38063714560087, 17734.942403613357, 14080.82796194499, 486.26085932129808, 503.53786023705578, 0, 0, 6.4453333967604074
20.02, 17075.792388988742, 9093.5140187359957, 797.42291800858959, 39.148714070416538, 48.439493302314844, -149.60565178111364, 16945.986046915226, 9136.7596697817589, 701.03870904270514, 58.142769871819915, -18.454303491520836, -149.98768011305876, 17739.805012206569, 14085.863340547359, 486.26085932129808, 503.53786023705578, 0, 0, 6.4353333967604094
20.030000000000001, 17083.774029223947, 9093.8822062415893, 797.91698834992576, 37.595405063059864, 49.407034133612477, -155.33090073566709, 16952.993638618704, 9137.3177198828816, 700.85234991265565, 56.584263365436328, -18.63591300494706, -155.85065063835853, 17744.667620799781, 14090.898719149729, 486.26085932129808, 503.53786023705578, 0, 0, 6.4253333967604078
20.039999999999999, 17091.760658004008, 9094.2357007092178, 798.41424812074786, 36.098099529569843, 49.725977082209923, -149.73055334900241, 16959.999478097623, 9137.8610007166699, 700.67341523205846, 55.080143374358421, -17.893468059718586, -150.41199910779088, 17749.530229392993, 14095.934097752099, 486.26085932129808, 503.53786023705578, 0, 0, 6.4153333967604098
20.050000000000001, 17099.752409291086, 9094.5733597139206, 798.92150184541026, 34.543300156764552, 50.725372466235555, -155.47993728052921, 16967.00350484304, 9138.3883562131687, 700.49292143844093, 53.51708089140525, -18.049379361753989, -156.30624829531743, 17754.392837986205, 14100.969476354468, 486.26085932129808, 503.53786023705578, 0, 0, 6.4053333967604082
20.059999999999999, 17107.749277558927, 9094.8963176096804, 799.43171847130168, 33.044959769568436, 51.021662589137279, -149.83403871961181, 16974.005835404987, 9138.9009036471871, 700.319677942574, 52.008855898383352, -17.32434958668939, -150.82249930218995, 17759.255446579416, 14106.004854956838, 486.26085932129808, 503.53786023705578, 0, 0, 6.3953333967604102
20.07, 17115.751402705642, 9095.2034262076777, 799.95224927143204, 31.488893123037048, 52.053080013034254, -155.60666465313878, 16981.006414059259, 9139.3974801245058, 700.14513626552753, 50.441383787361389, -17.454167704649681, -156.74721110219659, 17764.118055172628, 14111.040233559208, 486.26085932129808, 503.53786023705578, 0, 0, 6.3853333967604087
20.080000000000002, 17123.758774123879, 9095.4958277552723, 800.47551097294604, 29.989734214013062, 52.326170151395772, -149.91589090239853, 16988.005353352117, 9139.8792111139628, 699.97766494564246, 48.929193892871098, -16.747131988506016, -151.21898944902901, 17768.98066376584, 14116.075612161578, 486.26085932129808, 503.53786023705578, 0, 0, 6.3753333967604071
20.09, 17131.771537697714, 9095.7723684682387, 801.0094085800788, 28.432625602387521, 53.389760713272473, -155.71086116255401, 16995.002602430137, 9140.344927052045, 699.80916018331482, 47.357460503142896, -16.850476232763899, -157.17333897281986, 17773.843272359052, 14121.110990763947, 486.26085932129808, 503.53786023705578, 0, 0, 6.3653333967604091
20.100000000000001, 17139.789677650046, 9096.034198336898, 801.54579968208748, 26.932866444781702, 53.639110200862561, -149.97591576058176, 17001.998269730677, 9140.795761462623, 699.64754009701176, 45.841447539622905, -16.162008630306254, -151.60129635199931, 17778.705880952264, 14126.146369366317, 486.26085932129808, 503.53786023705578, 0, 0, 6.3553333967604075
20.109999999999999, 17147.813345898161, 9096.2801581518434, 802.09314976847202, 25.374943144582119, 54.735008638456577, -155.79233001995837, 17008.992309354686, 9141.2305382702434, 699.48515496621405, 44.265603021190138, -16.238513079772567, -157.5844518432769, 17783.568489545476, 14131.181747968687, 486.26085932129808, 503.53786023705578, 0, 0, 6.3453333967604095
20.120000000000001, 17155.842521408442, 9096.511405491834, 802.64275060827401, 23.874803714184711, 54.960083980200821, -150.01394303974081, 17015.984825527048, 9141.6503989105749, 699.32946314614924, 42.745910362545018, -15.569182006483068, -151.96926586451187, 17788.431098138688, 14136.217126571057, 486.26085932129808, 503.53786023705578, 0, 0, 6.335333396760408
20.129999999999999, 17163.877362175841, 9096.7267758939124, 803.20363469594906, 22.316294709953251, 56.088408767509222, -155.85090042314596, 17022.975777384119, 9142.0541609555894, 699.17327818672948, 41.166106455123227, -15.618495941974258, -157.9803907421794, 17793.2937067319, 14141.252505173426, 486.26085932129808, 503.53786023705578, 0, 0, 6.32533339676041
20.140000000000001, 17171.917841825445, 9096.9274343669076, 803.76652153897146, 20.815996436384978, 56.288684302241734, -150.02982735682747, 17029.965264836479, 9142.4429736055608, 699.02358955295006, 39.642878816474422, -14.968863377944597, -152.32276386488076, 17798.156315325112, 14146.287883775796, 486.26085932129808, 503.53786023705578, 0, 0, 6.3153333967604084
20.150000000000002, 17179.964124471506, 9097.1122113669826, 804.34101691713101, 19.257132150436572, 57.449537815956546, -155.88642859484051, 17036.953252134259, 9142.8156482409013, 698.87368303635049, 38.059268628159977, -14.990651659960928, -158.36101883144448, 17803.018923918324, 14151.323262378166, 486.26085932129808, 503.53786023705578, 0, 0, 6.3053333967604068
20.16, 17188.016178315131, 9097.2822791711151, 804.91726188073244, 17.756897658995342, 57.624496360143624, -150.02344914412279, 17043.939834773766, 9143.1733416756033, 698.73007031268503, 36.532651856130158, -14.361272366544343, -152.66167720298162, 17807.881532511536, 14156.358640980536, 486.26085932129808, 503.53786023705578, 0, 0, 6.2953333967604088
20.170000000000002, 17196.074173628705, 9097.4364633278892, 805.50544153190651, 16.197909671306302, 58.817965117407105, -155.89879876890404, 17050.92498219453, 9143.514859260802, 698.58651815514304, 34.945389632008599, -14.355215754197355, -158.72622241215564, 17812.744141104748, 14161.394019582905, 486.26085932129808, 503.53786023705578, 0, 0, 6.2853333967604073
20.18, 17204.138073108814, 9097.5759432172708, 806.09511251777224, 14.697962515881137, 58.967098586576896, -149.99471554251645, 17057.908785380605, 9143.841365269931, 698.44905179007276, 33.41553048587604, -13.74663650703023, -152.98591461325594, 17817.606749697959, 14166.429398185275, 486.26085932129808, 503.53786023705578, 0, 0, 6.2753333967604092
20.190000000000001, 17212.208053222024, 9097.6995396538114, 806.69704505332436, 13.139083274698196, 60.193253555216316, -155.88792411829411, 17064.891219033718, 9144.1516591880063, 698.31192747092177, 31.824771366978261, -13.712431915100547, -159.07591188977779, 17822.469358291171, 14171.464776787645, 486.26085932129808, 503.53786023705578, 0, 0, 6.2653333967604077
20.199999999999999, 17220.284071082093, 9097.8084389523719, 807.30020568892269, 11.639647662313426, 60.316063559830503, -149.94356123847712, 17071.872369529814, 9144.446912590538, 698.18067556335052, 30.29181729108981, -13.125190757128674, -153.29540758884514, 17827.331966884383, 14176.500155390015, 486.26085932129808, 503.53786023705578, 0, 0, 6.2553333967604097
20.210000000000001, 17228.366309383062, 9097.9014573668519, 807.91595529434153, 10.081110186124157, 61.574960541879221, -155.85374761892695, 17078.852216902731, 9144.725919260045, 698.05005004886527, 28.697717064157629, -13.062551448523202, -159.41002269321791, 17832.194575477595, 14181.535533992384, 486.26085932129808, 503.53786023705578, 0, 0, 6.2453333967604081
20.219999999999999, 17236.454719579848, 9097.9797879763264, 808.53266488388556, 8.5824106937312408, 61.670958954397577, -149.86994923929169, 17085.830842826676, 9144.9898579140045, 697.9250782791986, 27.161815952039984, -12.497176966664091, -153.59011121176474, 17837.057184070807, 14186.570912594754, 486.26085932129808, 503.53786023705578, 0, 0, 6.2353333967604101
20.23, 17244.549490624544, 9098.0422426468376, 809.16229127431893, 7.0244482652941489, 62.962639043331933, -155.79624284370919, 17092.808232734566, 9145.2375167961036, 697.80101995242012, 25.564530790617582, -12.405832677846652, -159.72851614224007, 17841.919792664019, 14191.606291197124, 486.26085932129808, 503.53786023705578, 0, 0, 6.2253333967604085
20.240000000000002, 17252.650568239565, 9098.0900210487525, 809.79260475965157, 5.5267095494802678, 63.031348533269025, -149.77387158138808, 17099.784463507593, 9145.4700816032691, 697.68239151935109, 24.025830741275797, -11.862843306898144, -153.87000493417858, 17846.782401257231, 14196.641669799494, 486.26085932129808, 503.53786023705578, 0, 0, 6.215333396760407
20.25, 17260.75814766296, 9098.1219308320451, 810.43616314610165, 3.9695554026667592, 64.355838645006799, -155.71541468135084, 17106.75952604174, 9145.6863352036435, 697.56496611630905, 22.425516938695761, -11.74254030420057, -160.03138025800362, 17851.645009850443, 14201.677048401863, 486.26085932129808, 503.53786023705578, 0, 0, 6.205333396760409
20.260000000000002, 17268.872168813399, 9098.1391780835766, 811.08013107788997, 2.4730019029991031, 64.396793178837854, -149.65534996676561, 17113.733492336352, 9145.8874701090353, 697.45274167969353, 20.884166005636228, -11.222443661553006, -154.13509330595332, 17856.507618443655, 14206.712427004233, 486.26085932129808, 503.53786023705578, 0, 0, 6.1953333967604074
20.27, 17276.992833240176, 9098.1405664076101, 811.73767214445138, 0.91688890325138672, 65.754106656146334, -155.61129997477164, 17120.70635881144, 9146.0722639745145, 697.34201223242724, 19.280979700520259, -11.072944726625847, -160.31863051159675, 17861.370227036867, 14211.747805606603, 486.26085932129808, 503.53786023705578, 0, 0, 6.1853333967604094
20.280000000000001, 17285.120074989416, 9098.1273081311938, 812.39534066404144, -0.5782554599764691, 65.766851959001229, -149.51443632278557, 17127.678192498217, 9146.2419159605233, 697.23624986261461, 17.737125634082219, -10.576236981260033, -154.38540664380392, 17866.232835630079, 14216.783184208973, 486.26085932129808, 503.53786023705578, 0, 0, 6.1753333967604078
20.289999999999999, 17293.254101944443, 9098.0982029813822, 813.0669105565272, -2.1330951407196892, 67.15698924857405, -155.48396807432198, 17134.648995398646, 9146.3951986702887, 697.13227664937165, 16.131222529024704, -10.397321324297959, -160.59031050575149, 17871.095444223291, 14221.818562811342, 486.26085932129808, 503.53786023705578, 0, 0, 6.1653333967604098
20.300000000000001, 17301.394842212492, 9098.0544693479824, 813.73832138877492, -3.6266072735299986, 67.141083224768835, -149.35121328103091, 17141.618829492149, 9146.533317745334, 697.03303178333715, 14.585012512647644, -9.9244866034533494, -154.62100163770594, 17875.958052816502, 14226.853941413712, 486.26085932129808, 503.53786023705578, 0, 0, 6.1553333967604082
20.309999999999999, 17309.542510031275, 9097.9949032470522, 814.4239617150331, -5.1799424865438892, 68.564032625823728, -155.33352130138908, 17148.587702417528, 9146.6550408965722, 696.93587228630497, 12.976547586795883, -9.7159497032153652, -160.84649258517615, 17880.820661409714, 14231.889320016082, 486.26085932129808, 503.53786023705578, 0, 0, 6.1453333967604102
20.32, 17317.697027505284, 9097.9207289530004, 815.10915217238698, -6.6716004322550893, 68.519045735392211, -149.16579457112002, 17155.555671021459, 9146.7615800781568, 696.84319769090507, 11.428127967892648, -9.2674595399858877, -154.84196189032346, 17885.683270002926, 14236.924698618452, 486.26085932129808, 503.53786023705578, 0, 0, 6.1353333967604087
20.330000000000002, 17325.858615244641, 9097.8307389343809, 815.80890001456942, -8.22320138543793, 69.974784218246796, -155.16009531828408, 17162.522748631432, 9146.8516982660803, 696.75290656180471, 9.8172551841809703, -9.0291129100325236, -161.08727837116777, 17890.545878596138, 14241.960077220821, 486.26085932129808, 503.53786023705578, 0, 0, 6.1253333967604071
20.34, 17334.027189289758, 9097.7261631717283, 816.50790301263737, -9.7127846386969807, 69.900299806795942, -148.95832532590512, 17169.488986883189, 9146.9266135581638, 696.66685230445466, 8.2667712003244596, -8.6054257350038483, -155.04839838565107, 17895.40848718935, 14246.995455823191, 486.26085932129808, 503.53786023705578, 0, 0, 6.1153333967604091
20.350000000000001, 17342.202976638968, 9097.605790746431, 817.22179095163256, -11.26242323270818, 71.388793899516969, -154.96385940111986, 17176.454404841741, 9146.9850843502845, 696.58348133829475, 6.6536432081556276, -8.3370966159862938, -161.31279921688321, 17900.271095782562, 14252.030834425561, 486.26085932129808, 503.53786023705578, 0, 0, 6.1053333967604075
20.359999999999999, 17350.385887209755, 9097.4708571667597, 817.93463503642147, -12.749713055658702, 71.284408478887059, -148.72898229505228, 17183.419048856529, 9147.0283347148834, 696.50409476533616, 5.1012387093202509, -7.9386572958548216, -155.24044988353762, 17905.133704375774, 14257.066213027931, 486.26085932129808, 503.53786023705578, 0, 0, 6.0953333967604095
20.370000000000001, 17358.576154402403, 9097.3201482837121, 818.66269118861862, -14.297163221784995, 72.805615219714824, -154.74501661262923, 17190.382943775941, 9147.0551186194898, 696.42769288259524, 3.4860065435223362, -7.6401882740979801, -161.52321657979149, 17909.996312968986, 14262.1015916303, 486.26085932129808, 503.53786023705578, 0, 0, 6.085333396760408
20.379999999999999, 17366.773681955092, 9097.1549049553996, 819.38940057558966, -15.781942961427582, 72.670938697103139, -148.47797396425872, 17197.346130590613, 9147.0666659424387, 696.35501860559509, 1.9318237111531562, -7.2674277000195833, -155.418283236918, 17914.858921562198, 14267.13697023267, 486.26085932129808, 503.53786023705578, 0, 0, 6.07533339676041
20.390000000000001, 17374.978709681844, 9096.9739099552044, 820.13164864208977, -17.326981000152855, 74.224806650012454, -154.50380387252744, 17204.308639975232, 9147.0617263712047, 696.28563184306449, 0.3146364880692798, -6.9386762530560402, -161.71872230838764, 17919.72153015541, 14272.17234883504, 486.26085932129808, 503.53786023705578, 0, 0, 6.0653333967604084
20.400000000000002, 17383.19113508764, 9096.7784093141163, 820.87224326712419, -18.809036405934311, 74.059462503437217, -148.20554057814562, 17211.270507492016, 9147.0415354220404, 696.21971173325187, -1.2411844482234469, -6.5920109812615468, -155.58209362927266, 17924.584138748622, 14277.20772743741, 486.26085932129808, 503.53786023705578, 0, 0, 6.0553333967604068
20.41, 17391.411204410237, 9096.5671828762679, 821.62870259546264, -20.351441325170757, 75.645932833849827, -154.24049192364467, 17218.231769682006, 9147.0048386467315, 696.15738324373808, -2.8601798366312625, -6.2328489513797676, -161.89953884078156, 17929.446747341834, 14282.243106039779, 486.26085932129808, 503.53786023705578, 0, 0, 6.0453333967604088
20.420000000000002, 17399.638808869928, 9096.341481669906, 822.3831981777829, -21.830560865822026, 75.449558232020593, -147.91195406512696, 17225.192456612309, 9146.952877032656, 696.09825643475449, -4.4175008839312566, -5.9126808983610513, -155.73210472999943, 17934.309355935045, 14287.278484642149, 486.26085932129808, 503.53786023705578, 0, 0, 6.0353333967604073
20.43, 17407.874201136583, 9096.1000827534681, 823.15388383617687, -23.370114717748418, 77.068565839395106, -153.95538519263923, 17232.152610727571, 9146.8843921359203, 696.04302649579813, -6.0381600770639707, -5.5229938956305711, -162.06591931327139, 17939.171964528257, 14292.313863244519, 486.26085932129808, 503.53786023705578, 0, 0, 6.0253333967604092
20.440000000000001, 17416.117266096702, 9095.8442419786115, 823.92229195322, -24.846089896383475, 76.840811704315016, -147.59751786350583, 17239.112256536017, 9146.8006302498343, 695.99072939489861, -7.5968457647264955, -5.2297100899548825, -155.86856876625245, 17944.034573121469, 14297.349241846889, 486.26085932129808, 503.53786023705578, 0, 0, 6.0153333967604077
20.449999999999999, 17424.368262859196, 9095.5727337564167, 824.70721481730061, -26.382578111832704, 78.492286408057751, -153.64882154492275, 17246.071442420442, 9146.7003290700504, 695.94263542663282, -9.2190272405040261, -4.8093968265738729, -162.21814757775297, 17948.897181714681, 14302.384620449258, 486.26085932129808, 503.53786023705578, 0, 0, 6.0053333967604097
20.460000000000001, 17432.627069929982, 9095.2868185903008, 825.48954299148954, -27.855203778316842, 78.23281741889619, -147.26256664841395, 17253.030187269324, 9146.5847400326693, 695.89720173444164, -10.778944905604858, -4.5433692191210646, -155.9917665100831, 17953.759790307893, 14307.419999051628, 486.26085932129808, 503.53786023705578, 0, 0, 5.9953333967604081
20.469999999999999, 17440.893952862676, 9094.9852683767276, 826.288709843427, -29.388415497653323, 79.916685193750084, -153.32117193364815, 17259.98854543555, 9146.4525971028943, 695.85627832666864, -12.402510286874428, -4.0923407773013833, -162.35653812695693, 17958.622398901105, 14312.455377653998, 486.26085932129808, 503.53786023705578, 0, 0, 5.9853333967604101
20.48, 17449.16878373807, 9094.6693481018574, 827.08496164073495, -30.857490157250268, 79.625179730789142, -146.90746595969466, 17266.946530129899, 9146.3051566989488, 695.81773906555418, -13.96353035867568, -3.8539261114453183, -156.10200718012527, 17963.485007494317, 14317.490756256368, 486.26085932129808, 503.53786023705578, 0, 0, 5.9753333967604085
20.490000000000002, 17457.451834559077, 9094.3378272742939, 827.89837528061207, -32.387218556689149, 81.341363987717003, -152.97283994388778, 17273.904201704783, 9146.1411491799736, 695.78401801408029, -15.588344717952857, -3.3721051473923467, -162.48143592771765, 17968.347616087529, 14322.526134858737, 486.26085932129808, 503.53786023705578, 0, 0, 5.965333396760407
20.5, 17465.742970938983, 9093.9919751969665, 828.70855042076641, -33.85254467400852, 81.017514015432681, -146.53261173193687, 17280.861567638189, 9145.9618357885556, 695.75240156517668, -17.150341000533963, -3.1616448903635441, -156.19962825811052, 17973.210224680741, 14327.561513461107, 486.26085932129808, 503.53786023705578, 0, 0, 5.955333396760409
20.510000000000002, 17474.042471333731, 9093.6305591110413, 829.53620979000414, -35.378587286342047, 82.765936923771022, -152.60426123335253, 17287.818694309124, 9145.7659433961253, 695.72591191740435, -18.776273162160344, -2.6489647772299936, -162.59321616263821, 17978.072833273953, 14332.596892063477, 486.26085932129808, 503.53786023705578, 0, 0, 5.9453333967604074
20.52, 17482.350194848801, 9093.2548524737194, 830.36030426812772, -36.839971583621882, 82.40944781236081, -146.13842972798372, 17294.77558341053, 9145.5547379152213, 695.70124406626826, -20.339123114365847, -2.466785113607417, -156.28499522055029, 17982.935441867165, 14337.632270665847, 486.26085932129808, 503.53786023705578, 0, 0, 5.9353333967604094
20.530000000000001, 17490.66642639623, 9092.8636203724527, 831.20220458471681, -38.362130612339918, 84.190031658911622, -152.21590287180385, 17301.73230737284, 9145.3269428414951, 695.68201217600233, -21.96604595317849, -1.9231890265906824, -162.6922838812643, 17987.798050460377, 14342.667649268216, 486.26085932129808, 503.53786023705578, 0, 0, 5.9253333967604078
20.539999999999999, 17498.991018535369, 9092.4581402600979, 832.04021080415532, -39.819384361121109, 83.800621943852846, -145.72537487811914, 17308.688862054463, 9145.0838286067847, 695.66431616685657, -23.529630965045992, -1.7696009145757727, -156.35850118675037, 17992.660659053588, 14347.703027870586, 486.26085932129808, 503.53786023705578, 0, 0, 5.9153333967604098
20.550000000000001, 17507.32426263699, 9092.0371751770999, 832.8963437094003, -41.337466986941898, 85.613290524494516, -151.80826258207884, 17315.645325960002, 9144.8241154361003, 695.65236575824076, -25.157421700672053, -1.1950408615845469, -162.77907356260616, 17997.5232676468, 14352.738406472956, 486.26085932129808, 503.53786023705578, 0, 0, 5.9053333967604082
20.559999999999999, 17515.666004677823, 9091.6020064176519, 833.74825062544005, -42.790406292219224, 85.190691603972311, -145.29393052773261, 17322.601689066563, 9144.5490781341214, 695.64166235671655, -26.721627365520824, -1.070340152416785, -156.42056648487727, 18002.385876240012, 14357.773785075326, 486.26085932129808, 503.53786023705578, 0, 0, 5.8953333967604102
20.57, 17524.016542489826, 9091.1513950745466, 834.61860434187292, -44.304224971079691, 87.035371643287164, -151.38186788604665, 17329.558035973736, 9144.2574337531769, 695.63701459717697, -28.350167851432911, -0.46477595396126725, -162.8540485912086, 18007.248484833224, 14362.809163677695, 486.26085932129808, 503.53786023705578, 0, 0, 5.8853333967604087
20.580000000000002, 17532.375715432358, 9090.6866261336963, 835.48439761600889, -45.75267104704664, 86.579327413592907, -144.84460759669503, 17336.51435073317, 9143.9504613289409, 695.63332216143158, -29.914884232814824, -0.36924357454111639, -156.47163813819139, 18012.111093426436, 14367.844542280065, 486.26085932129808, 503.53786023705578, 0, 0, 5.8753333967604071
20.59, 17540.74382780102, 9090.2064588319517, 836.36895711608918, -47.262043798643269, 88.455950008033042, -150.93727515966307, 17343.470724058516, 9143.626874831516, 695.63599574346472, -31.544061239312775, 0.26735820331754395, -162.91770064979525, 18016.973702019648, 14372.879920882435, 486.26085932129808, 503.53786023705578, 0, 0, 5.8653333967604091
20.600000000000001, 17549.120712304644, 9089.7121817024163, 837.24861928046209, -48.705823235187843, 87.966216437290655, -144.3779436544574, 17350.427134034351, 9143.2879573907321, 695.63933030351291, -33.109183132055961, 0.33345600482134879, -156.5121892743189, 18021.83631061286, 14377.915299484805, 486.26085932129808, 503.53786023705578, 0, 0, 5.8553333967604075
20.609999999999999, 17557.506679705228, 9089.2025522097738, 838.14736646563631, -50.210573921205608, 89.874718517420618, -150.47506860177634, 17357.383677505859, 9142.9324199770563, 695.64934153511763, -34.738888622375796, 1.0011231604770301, -162.97054903198369, 18026.698919206072, 14382.950678087174, 486.26085932129808, 503.53786023705578, 0, 0, 5.8453333967604095
20.620000000000001, 17565.901556029359, 9088.6788622952736, 839.04087709721864, -51.649518940358149, 89.351063158231312, -143.89450191525378, 17364.340326551384, 9142.5615496830633, 695.65971688018305, -36.304315806983666, 1.0375345065371484, -156.54271846078674, 18031.561527799284, 14387.986056689544, 486.26085932129808, 503.53786023705578, 0, 0, 5.835333396760408
20.629999999999999, 17574.305658508678, 9088.1398677270008, 839.95379098687522, -53.149477531576359, 91.291388965661298, -149.99585912182124, 17371.297184163737, 9142.1740545540124, 695.67707978370015, -37.934447205774127, 1.7362903517069477, -163.01313987904638, 18036.424136392496, 14393.021435291914, 486.26085932129808, 503.53786023705578, 0, 0, 5.82533339676041
20.640000000000001, 17582.718806457109, 9087.5868637211606, 840.86112689095023, -54.583426233159905, 90.733590407503542, -143.39487015835439, 17378.25421637818, 9141.7712255196093, 695.69450755735659, -39.500084695480183, 1.7427773656382082, -156.5637489706053, 18041.286744985708, 14398.056813894284, 486.26085932129808, 503.53786023705578, 0, 0, 5.8153333967604084
20.650000000000002, 17591.141323579966, 9087.0186044163565, 841.78818382077282, -56.078429064681558, 92.705692982256181, -149.50028315216542, 17385.21153235004, 9141.3517677658529, 695.71923397644593, -41.130545148933436, 2.4726419089361587, -163.04604534532498, 18046.14935357892, 14403.092192496653, 486.26085932129808, 503.53786023705578, 0, 0, 5.8053333967604068
20.66, 17599.573022449211, 9086.4363881767731, 842.70931922321961, -57.507225660468926, 92.113540244680578, -142.87965957873706, 17392.169092036846, 9140.9169759401666, 695.74372377929012, -42.696303428754533, 2.4489802844145454, -156.57582798210953, 18051.011962172131, 14408.127571099023, 486.26085932129808, 503.53786023705578, 0, 0, 5.7953333967604088
20.670000000000002, 17608.014233248879, 9085.83896756996, 843.65049305240836, -58.997115674380545, 94.117382918879841, -148.98900139116219, 17399.127010770357, 9140.4655524264745, 695.77582349374461, -44.327002055726624, 3.2099714454462447, -163.06986269720912, 18055.874570765343, 14413.162949701393, 486.26085932129808, 503.53786023705578, 0, 0, 5.7853333967604073
20.68, 17616.464761780622, 9085.2276439876805, 844.58539980027592, -60.420610710120208, 93.490674786758049, -142.34950357396647, 17406.085242397789, 9139.9987954770604, 695.80738299331085, -45.892797312903674, 3.1559499566185973, -156.57952571770525, 18060.737179358555, 14418.198328303763, 486.26085932129808, 503.53786023705578, 0, 0, 5.7753333967604092
20.690000000000001, 17624.924944713526, 9084.601168475956, 845.54066212708335, -61.905237684955345, 95.526232680740378, -148.46269748351341, 17413.043908440442, 9139.5154047219294, 695.84686384137513, -47.523649446415334, 3.9480848064320506, -163.08521335116603, 18065.599787951767, 14423.233706906132, 486.26085932129808, 503.53786023705578, 0, 0, 5.7653333967604077
20.699999999999999, 17633.394581051343, 9083.9608453406363, 846.48930989691337, -63.323288249689462, 94.864776982996744, -141.80505647341175, 17420.00295660457, 9139.016681912286, 695.88549888897626, -49.08940379168066, 3.8635047601080554, -156.57543452653238, 18070.462396544979, 14428.269085508502, 486.26085932129808, 503.53786023705578, 0, 0, 5.7553333967604097
20.710000000000001, 17641.874013956087, 9083.3054241466434, 847.45863028191525, -64.802509016137904, 96.932038500189236, -147.92207664484459, 17426.962514613577, 9138.5013239630898, 695.93236689681521, -50.720331210247046, 4.6868007838971479, -163.09274185663881, 18075.325005138191, 14433.304464110872, 486.26085932129808, 503.53786023705578, 0, 0, 5.7453333967604081
20.719999999999999, 17650.363035606606, 9082.6362120076501, 848.42098679525157, -66.214978938301655, 96.235651333629079, -141.24699221637457, 17433.922524003858, 9137.9706360258006, 695.97808165097047, -52.285972889412385, 4.5714754155246853, -156.56416791653376, 18080.187613731403, 14438.339842713242, 486.26085932129808, 503.53786023705578, 0, 0, 5.7353333967604101
20.73, 17658.861995667507, 9081.951957038631, 849.40433299175913, -67.688657580677017, 98.334619650760317, -147.36786423753665, 17440.883118713136, 9137.4233123296817, 696.0323411689061, -53.916904037710516, 5.4259517935626667, -163.09311482981326, 18085.050222324615, 14443.375221315611, 486.26085932129808, 503.53786023705578, 0, 0, 5.7253333967604085
20.740000000000002, 17667.370679466108, 9081.2539690623762, 850.38036423726635, -69.095417610532778, 97.603124550723521, -140.67600298557596, 17447.844234080665, 9136.8606613353732, 696.08513822499469, -55.482367633123815, 5.2797056088603593, -156.54635954132954, 18089.912830917827, 14448.410599917981, 486.26085932129808, 503.53786023705578, 0, 0, 5.715333396760407
20.75, 17675.889443181346, 9080.5409947656244, 851.37770242826969, -70.563425653586634, 99.733819100328191, -146.8008043053853, 17454.806010270593, 9136.2813746060656, 696.14679207011272, -57.113237831572178, 6.1653845118061135, -163.08701984483625, 18094.775439511039, 14453.445978520351, 486.26085932129808, 503.53786023705578, 0, 0, 5.705333396760409
20.760000000000002, 17684.418065262551, 9079.8143465894173, 852.36737288987024, -71.964353631619176, 98.967046160054281, -140.09279780325389, 17461.768376399181, 9135.6867638284275, 696.20667259587367, -58.678464453053806, 5.9880525760969485, -156.52266214816285, 18099.638048104251, 14458.481357122721, 486.26085932129808, 503.53786023705578, 0, 0, 5.6953333967604074
20.77, 17692.956908417065, 9079.0727698043902, 853.37866793089484, -73.426570212364254, 101.12950410246309, -146.22165807450773, 17468.731478869209, 9135.0755179092539, 696.27572220058323, -60.309216095943505, 6.9049604709555155, -163.07516428896966, 18104.500656697463, 14463.51673572509, 486.26085932129808, 503.53786023705578, 0, 0, 5.6853333967604094
20.780000000000001, 17701.50574418973, 9078.3175793871014, 854.381940821326, -74.821551223330317, 100.32728904311239, -139.49810109660575, 17475.695240549361, 9134.4489516863214, 696.3426860770669, -61.87415356087061, 6.6963876483667706, -156.49374649271016, 18109.363265290674, 14468.55211432746, 486.26085932129808, 503.53786023705578, 0, 0, 5.6753333967604078
20.789999999999999, 17710.064941832952, 9077.5475191945043, 855.40715648858134, -76.277863247611677, 102.52156672553758, -145.63120242813631, 17482.659814093622, 9133.8057514095835, 696.41913164318305, -63.50473630275512, 7.6445566116106036, -163.05827418845098, 18114.225873883886, 14473.58749292983, 486.26085932129808, 503.53786023705578, 0, 0, 5.6653333967604098
20.800000000000001, 17718.634265960325, 9076.7639066643424, 856.42399398777047, -77.666789760010062, 101.68374991891804, -138.89265123983864, 17489.625116099567, 9133.147235001521, 696.49317761074735, -65.069339305026631, 7.4045967564250219, -156.46030022715087, 18119.088482477098, 14478.622871532199, 486.26085932129808, 503.53786023705578, 0, 0, 5.6553333967604082
20.809999999999999, 17727.214092388851, 9075.9654842324871, 857.46309323096659, -79.117092043640938, 103.90992431961692, -145.03022836308747, 17496.591305485545, 9132.4720860445195, 696.57701826865753, -66.699710235147194, 8.3840657910177718, -163.03709301205566, 18123.95109107031, 14483.658250134569, 486.26085932129808, 503.53786023705578, 0, 0, 5.6453333967604102
20.82, 17735.804178773626, 9075.1535717321894, 858.49345672862341, -80.499864034440506, 103.03634976568762, -138.27719907995689, 17503.558292555364, 9131.7816254881527, 696.65814407759285, -68.263940502825477, 8.1125808935340054, -156.42302676782816, 18128.813699663522, 14488.693628736939, 486.26085932129808, 503.53786023705578, 0, 0, 5.6353333967604087
20.830000000000002, 17744.4049075189, 9074.3269101609294, 859.54640192783893, -81.944059428794816, 105.29451992155515, -144.41953943543132, 17510.526242505726, 9131.0745342260561, 696.74937805006141, -69.894064307417125, 9.1233972468523685, -163.01238045916529, 18133.676308256734, 14493.729007339309, 486.26085932129808, 503.53786023705578, 0, 0, 5.6253333967604071
20.84, 17753.016029293307, 9073.4868216906743, 860.59025226966696, -83.320584493327615, 104.38503418279961, -137.65250645327967, 17517.495059324709, 9130.3521361863604, 696.83758061542312, -71.457890748904802, 8.8202565361685146, -156.38264414876818, 18138.538916849946, 14498.764385941678, 486.26085932129808, 503.53786023705578, 0, 0, 5.6153333967604091
20.850000000000001, 17761.637933114394, 9072.63204585321, 861.65700549565872, -84.758583995357043, 106.67532259918005, -143.79995020294314, 17524.464914502416, 9129.6131095421861, 696.93620538558434, -73.087739861297663, 9.8624770161175483, -162.98491123928625, 18143.401525443158, 14503.799764544048, 486.26085932129808, 503.53786023705578, 0, 0, 5.6053333967604075
20.859999999999999, 17770.270362635405, 9071.7639071115518, 862.71430323259824, -86.128777442354931, 105.72977369395576, -137.01934469978897, 17531.435705689673, 9128.8587811609923, 697.03148094580717, -74.651138699972861, 9.5275560222875342, -156.33988386751972, 18148.26413403637, 14508.835143146418, 486.26085932129808, 503.53786023705578, 0, 0, 5.5953333967604095
20.870000000000001, 17778.913713516893, 9070.8811434944273, 863.79482650995715, -87.560500289073516, 108.05232773588901, -143.17228467185882, 17538.407610686379, 9128.0878264529147, 697.13749342889935, -76.280693438472795, 10.6012483092188, -162.95547384999344, 18153.126742629582, 14513.870521748788, 486.26085932129808, 503.53786023705578, 0, 0, 5.585333396760408
20.879999999999999, 17787.567722366592, 9069.9850817175593, 864.8655321498851, -88.924285220895044, 107.07056399279836, -136.37849318215274, 17545.380520784853, 9127.3015751950697, 697.23983770777158, -77.843648335768833, 10.234427887221598, -156.29548972960407, 18157.989351222794, 14518.905900351157, 486.26085932129808, 503.53786023705578, 0, 0, 5.57533339676041
20.890000000000001, 17796.232791521677, 9069.0744582591378, 865.95978772245826, -90.34965896844524, 109.42555725731722, -142.53737475501899, 17552.354620112706, 9126.4986999813082, 697.35323442616743, -79.472897029368028, 11.339671839581552, -162.92486935991965, 18162.851959816006, 14523.941278953527, 486.26085932129808, 503.53786023705578, 0, 0, 5.5653333967604084
20.900000000000002, 17804.908650512822, 9068.1506020587804, 867.04386198378427, -91.70696634660527, 108.40742613259705, -135.73073781600257, 17559.329793582543, 9125.6805334785095, 697.46264279774266, -81.035399196344883, 10.940837157522065, -156.25021669768503, 18167.714568409217, 14528.976657555897, 486.26085932129808, 503.53786023705578, 0, 0, 5.5553333967604068
20.91, 17813.595708391629, 9067.2122479865029, 868.15181258180598, -93.125926934089776, 110.79505980216602, -141.89605874844992, 17566.306231669438, 9124.8457454000163, 697.58342005883787, -82.664338298379604, 12.077726109520876, -162.89391020347188, 18172.577177002429, 14534.012036158267, 486.26085932129808, 503.53786023705578, 0, 0, 5.5453333967604088
20.920000000000002, 17822.293687578447, 9066.26072718672, 869.249216648426, -94.476695630269177, 109.74040666200212, -135.07686961793942, 17573.283812884867, 9123.9956712925705, 697.69988771487215, -84.226386595895192, 11.646765603427161, -156.20482975155849, 18177.439785595641, 14539.047414760636, 486.26085932129808, 503.53786023705578, 0, 0, 5.5353333967604073
20.93, 17831.003003881557, 9065.2947728534418, 870.37082575682189, -95.889187428598774, 112.16091083958626, -141.24917983296021, 17580.262734073163, 9123.1289779137624, 697.82804179140578, -85.855020785830945, 12.815407653360568, -162.86341899357538, 18182.302394188853, 14544.082793363006, 486.26085932129808, 503.53786023705578, 0, 0, 5.5253333967604092
20.940000000000001, 17839.72337257578, 9064.3157183266649, 871.48152153391334, -97.233364261371719, 111.06957770914448, -134.4176832772952, 17587.242867322871, 9122.2470036904888, 697.95156391091439, -87.416621813477974, 12.352211950863245, -156.16010276470229, 18187.165002782065, 14549.118171965376, 486.26085932129808, 503.53786023705578, 0, 0, 5.5153333967604077
20.949999999999999, 17848.455216273029, 9063.3222950463605, 872.61675366127201, -98.639340107442891, 113.52321273586675, -140.59758460711785, 17594.224415871668, 9121.3484123382495, 698.08709122330538, -89.044964087064272, 13.552731239102547, -162.83422735862948, 18192.027611375277, 14554.153550567746, 486.26085932129808, 503.53786023705578, 0, 0, 5.5053333967604097
20.960000000000001, 17857.198243065195, 9062.3158385489223, 873.74070403143912, -99.976879865018262, 112.39503701671086, -133.75397575753652, 17601.207245362708, 9120.4345451747686, 698.21766314384729, -90.606132261095112, 13.057192054186682, -156.11681740308418, 18196.890219968489, 14559.188929170115, 486.26085932129808, 503.53786023705578, 0, 0, 5.4953333967604081
20.969999999999999, 17865.952882419726, 9061.2950784320237, 874.88952497917364, -101.37630108159357, 114.88209477345549, -139.94212165753066, 17608.19156545365, 9119.5040627759354, 698.36056044414943, -92.234204009190208, 14.289730030212166, -162.80717480950995, 18201.752828561701, 14564.224307772485, 486.26085932129808, 503.53786023705578, 0, 0, 5.4853333967604101
20.98, 17874.718835205706, 9060.2613524394674, 876.02669405848189, -102.70716653091924, 113.71690793081959, -133.08654493256705, 17615.177235318944, 9118.5583093715359, 698.49817783446031, -93.794961629704005, 13.761739031086845, -156.07576205137991, 18206.615437154913, 14569.259686374855, 486.26085932129808, 503.53786023705578, 0, 0, 5.4753333967604085
20.990000000000002, 17883.496537803258, 9059.2133882281323, 877.18907118973777, -104.10000293263805, 116.23771312558753, -139.28364017188113, 17622.164471065644, 9117.5959422890919, 698.64844239155354, -95.422792706124724, 15.026455709327596, -162.78310764207222, 18211.478045748125, 14574.295064977225, 486.26085932129808, 503.53786023705578, 0, 0, 5.465333396760407
21, 17892.285683816059, 9058.1525257705671, 878.3394245832061, -105.4241648152687, 115.03533934683671, -132.41618826306464, 17629.153125375062, 9116.6183087024147, 698.79310142516692, -96.98317001384207, 14.465903361332616, -156.03773077173409, 18216.340654341337, 14579.330443579594, 486.26085932129808, 503.53786023705578, 0, 0, 5.455333396760409
21.010000000000002, 17901.086716599508, 9057.0774906741244, 879.51532709110677, -106.81039470126734, 117.59025079006216, -138.62298859986382, 17636.143420836099, 9115.6240625705941, 698.95073121082635, -98.610798792646108, 15.762978565947801, -162.76287788040415, 18221.203262934549, 14584.365822181964, 486.26085932129808, 503.53786023705578, 0, 0, 5.4453333967604074
21.02, 17909.899322446261, 9055.9896251718837, 880.67883214726112, -108.12783171644118, 116.3505056154309, -131.74370151738432, 17643.135203611149, 9114.6145540543221, 699.10242874033861, -100.17083401564285, 15.169752951229444, -156.00352229967476, 18226.06587152776, 14589.401200784334, 486.26085932129808, 503.53786023705578, 0, 0, 5.4353333967604094
21.030000000000001, 17918.723951755357, 9054.8876527027151, 881.86823132211987, -109.50744185010684, 118.93991748587176, -137.96101336656648, 17650.128702806684, 9113.5884336128256, 699.26742261584207, -101.79830743829839, 16.499387550340774, -162.7473422655541, 18230.928480120972, 14594.436579386704, 486.26085932129808, 503.53786023705578, 0, 0, 5.4253333967604078
21.039999999999999, 17927.560283459541, 9053.772917802582, 883.04485738624339, -110.81814062551835, 117.66260641235304, -131.06987754115102, 17657.123758038815, 9112.5470544475811, 699.42615634750052, -103.35804682911315, 15.873373165843329, -155.97393908147575, 18235.791088714184, 14599.471957989073, 486.26085932129808, 503.53786023705578, 0, 0, 5.4153333967604098
21.050000000000001, 17936.40877507583, 9052.64414161268, 884.24772688140911, -112.19112620194258, 120.28694951656965, -137.29855764242339, 17664.120604970834, 9111.4890633750965, 699.59851425046156, -104.98542044205455, 17.235790296104167, -162.73736129414007, 18240.653697307396, 14604.507336591443, 486.26085932129808, 503.53786023705578, 0, 0, 5.4053333967604082
21.059999999999999, 17945.269098124631, 9051.5026710248985, 885.43744554716488, -113.49508125273496, 118.97186657557978, -130.39550507923892, 17671.119076643365, 9110.4158167027217, 699.76428291877369, -106.54491830562375, 16.576866831215252, -155.94978635692027, 18245.516305900608, 14609.542715193813, 486.26085932129808, 503.53786023705578, 0, 0, 5.3953333967604102
21.07, 17954.141717321541, 9050.3472247433456, 886.65376164320867, -114.86144585446804, 121.63160960437762, -136.63646017330771, 17678.119415319521, 9109.3259574499189, 699.94400604991324, -108.17225628873139, 17.972313113957217, -162.73379831076383, 18250.37891449382, 14614.578093796183, 486.26085932129808, 503.53786023705578, 0, 0, 5.3853333967604087
21.080000000000002, 17963.026296718359, 9049.1791520796523, 887.85654700234409, -116.15865953100062, 120.27853591354508, -129.72136765325746, 17685.12144743315, 9108.2208451063379, 700.11680959200237, -109.73157500164059, 17.280354208913142, -155.9318712909199, 18255.241523087032, 14619.613472398552, 486.26085932129808, 503.53786023705578, 0, 0, 5.3753333967604071
21.09, 17971.923308316389, 9047.9971691512164, 889.08628886933514, -117.51841507273814, 122.97418669911021, -135.97555417375199, 17692.125421894212, 9107.0991187285235, 700.30390060159698, -111.35895018821716, 18.709100959461665, -162.73751865765709, 18260.104131680244, 14624.648851000922, 486.26085932129808, 503.53786023705578, 0, 0, 5.3653333967604091
21.100000000000001, 17980.832408638431, 9046.8026277641147, 890.30211775921771, -118.80889749770992, 121.58288898825907, -129.04824249717797, 17699.13115849617, 9105.9621410763175, 700.48374033105074, -112.91816020978753, 17.983972945380909, -155.92100215703675, 18264.966740273456, 14629.684229603292, 486.26085932129808, 503.53786023705578, 0, 0, 5.3553333967604075
21.109999999999999, 17989.754077065387, 9045.5942412891945, 891.54526771687938, -120.16206416057112, 124.3149957661654, -135.31666628611967, 17706.138912847087, 9104.8085470658862, 700.678203504826, -114.54565409863662, 19.446317377529574, -162.74938888490865, 18269.829348866668, 14634.719608205662, 486.26085932129808, 503.53786023705578, 0, 0, 5.3453333967604095
21.120000000000001, 17998.687962526288, 9044.3733641126564, 892.77411996565206, -121.44583315610704, 122.88522487727326, -128.37689955359278, 17713.148498063834, 9103.6397028267638, 700.86508228481296, -116.10483397439562, 18.687877998690638, -155.91798757589964, 18274.69195745988, 14639.754986808031, 486.26085932129808, 503.53786023705578, 0, 0, 5.335333396760408
21.129999999999999, 18007.63455188258, 9043.1387066887546, 894.03066374122909, -122.79243931218204, 125.65437755770523, -134.66061560749907, 17720.160176508347, 9102.4542389456165, 701.06692372907867, -117.73253673463189, 20.184144426573052, -162.77027602362688, 18279.554566053092, 14644.790365410401, 486.26085932129808, 503.53786023705578, 0, 0, 5.32533339676041
21.140000000000001, 18016.59348640003, 9041.8916260805527, 895.27252241041163, -124.06952031750095, 124.18586691824915, -127.70810053189061, 17727.173754581869, 9101.2535250328983, 701.26084614453123, -119.29177309273533, 19.392241545257381, -155.92363581034405, 18284.417174646303, 14649.825744012771, 486.26085932129808, 503.53786023705578, 0, 0, 5.3153333967604084
21.150000000000002, 18025.565260528889, 9040.630829645459, 896.54244939412445, -125.40960244536092, 126.9926983712802, -134.00821278599733, 17734.189501460703, 9100.0361871449331, 701.47007397038396, -120.91978356197912, 20.922782585271538, -162.80104692437868, 18289.279783239515, 14654.861122615141, 486.26085932129808, 503.53786023705578, 0, 0, 5.3053333967604068
21.16, 18034.549507797197, 9039.3576772313008, 897.79730101852556, -126.68002842566017, 125.48516244011665, -127.04259802992557, 17741.207216788338, 9098.8035984961953, 701.6710464990764, -122.47917110317402, 20.097252869243562, -155.93875411949023, 18294.142391832727, 14659.89650121751, 486.26085932129808, 503.53786023705578, 0, 0, 5.2953333967604088
21.170000000000002, 18043.546730359853, 9038.0708729081653, 899.08060451652625, -128.01363101753435, 128.33034980007162, -133.36025918741862, 17748.227176620927, 9097.5543804000135, 701.8876710055257, -124.10759677980018, 21.662450644935216, -162.84256766261524, 18299.005000425939, 14664.93187981988, 486.26085932129808, 503.53786023705578, 0, 0, 5.2853333967604073
21.18, 18052.556553927392, 9036.7717794277814, 900.348439341372, -129.27744236473063, 126.78348248456983, -126.38113471962883, 17755.249173798718, 9096.2899098099897, 702.09570218789861, -125.66723826152902, 20.803118237295227, -155.96414817288439, 18303.867609019151, 14669.96725842225, 486.26085932129808, 503.53786023705578, 0, 0, 5.2753333967604092
21.190000000000001, 18061.579488483079, 9035.4590973722134, 901.6451168261608, -130.60461782605887, 129.66774847887609, -132.717546132823, 17762.273491328437, 9095.0088030719216, 702.31973604380312, -127.29619529165265, 22.40338559045259, -162.89570301236247, 18308.730217612363, 14675.00263702462, 486.26085932129808, 503.53786023705578, 0, 0, 5.2653333967604077
21.199999999999999, 18070.615151834569, 9034.1341925275628, 902.92592904137814, -131.86186225202914, 128.08122152173667, -125.72444259702709, 17769.299915197989, 9093.7124410257766, 702.53483665141641, -128.85620150691182, 21.510060761333172, -156.00062152591647, 18313.592826205575, 14680.038015626989, 486.26085932129808, 503.53786023705578, 0, 0, 5.2553333967604097
21.210000000000001, 18079.664061553383, 9032.7957628652221, 904.23595760136641, -133.18259824010761, 131.00285599883068, -132.0735988078477, 17776.328735233092, 9092.3994359445078, 702.76628122406214, -130.48573925355609, 23.144457264573809, -162.95377466442739, 18318.455434798787, 14685.073394229359, 486.26085932129808, 503.53786023705578, 0, 0, 5.2453333967604081
21.219999999999999, 18088.725827590595, 9031.4451769283332, 905.52972168124768, -134.4332618726273, 129.37640798813104, -125.06636325196961, 17783.359730595774, 9091.0711722813248, 702.98845125359367, -132.04615729675774, 22.217002953148793, -156.04180432016378, 18323.318043391999, 14690.108772831729, 486.26085932129808, 503.53786023705578, 0, 0, 5.2353333967604101
21.23, 18097.800973384372, 9030.0811351798347, 906.85296014552898, -135.74720385748648, 132.32384642813449, -131.3941984859172, 17790.39319695978, 9089.7262635290808, 703.22724135166629, -133.67596924846896, 23.879009807261795, -162.98119517112212, 18328.180651985211, 14695.144151434099, 486.26085932129808, 503.53786023705578, 0, 0, 5.2253333967604085
21.240000000000002, 18106.889101632056, 9028.7050069758989, 908.15953656068029, -136.99094821491931, 130.6576415151269, -124.37443574328307, 17797.428907015052, 9088.3660957611173, 703.45641746879107, -135.23650761368103, 22.917611712480639, -156.05383652120625, 18333.043260578423, 14700.179530036468, 486.26085932129808, 503.53786023705578, 0, 0, 5.215333396760407
21.25, 18115.990741654521, 9027.3154951629149, 909.49584701787103, -138.29777027062568, 133.63104571907721, -130.68220557063717, 17804.467162279423, 9086.9892835802311, 703.70249011437045, -136.86631459694001, 24.607264557937508, -162.98069832589871, 18337.905869171635, 14705.214908638838, 486.26085932129808, 503.53786023705578, 0, 0, 5.205333396760409
21.260000000000002, 18125.105488908204, 9025.9139697547653, 910.81509925141825, -139.53428396681917, 131.92522335472023, -123.65136961934874, 17811.507728994526, 9085.597214539257, 703.93861104485325, -138.426707597302, 23.6120930482817, -156.03930003619797, 18342.768477764846, 14710.250287241208, 486.26085932129808, 503.53786023705578, 0, 0, 5.1953333967604074
21.27, 18134.233878609408, 9024.4991358841908, 912.16434649727614, -140.83368602726327, 134.92472458578862, -129.94020604441016, 17818.550914515163, 9084.1885042518152, 704.19190505733889, -140.05625502861741, 25.329401248565429, -162.9547431315419, 18347.631086358058, 14715.285665843578, 486.26085932129808, 503.53786023705578, 0, 0, 5.1853333967604094
21.280000000000001, 18143.375498984664, 9023.072364082007, 913.49614051612889, -142.06268215471422, 133.17940188527459, -122.89961274509533, 17825.596478657702, 9082.7645416243304, 704.43491118849431, -141.61626017518026, 24.300613115542586, -156.0005146562853, 18352.49369495127, 14720.321044445947, 486.26085932129808, 503.53786023705578, 0, 0, 5.1753333967604078
21.289999999999999, 18152.530891155544, 9021.6323616798873, 914.85819156393541, -143.35438752617446, 136.20510478065688, -129.17053714602463, 17832.644734604037, 9081.323943191639, 704.69536681857107, -143.24531557109754, 26.04556300767333, -162.90553959172809, 18357.356303544482, 14725.356423048317, 486.26085932129808, 503.53786023705578, 0, 0, 5.1653333967604098
21.300000000000001, 18161.699636127967, 9020.1804995982584, 916.20239534942255, -144.57560128393777, 134.42037854871236, -122.12137577633152, 17839.695435767666, 9079.8680991015335, 704.94519984805402, -144.80471119739323, 24.983302948296505, -155.93956262957028, 18362.218912137694, 14730.391801650687, 486.26085932129808, 503.53786023705578, 0, 0, 5.1553333967604082
21.309999999999999, 18170.882280936152, 9018.7154872888223, 917.57711899554647, -145.85935439033065, 137.47236461239328, -128.37531063928722, 17846.74890114526, 9078.3956267287522, 705.21275845556545, -146.43306191787582, 26.755860751148422, -162.83507204825941, 18367.081520730906, 14735.427180253057, 486.26085932129808, 503.53786023705578, 0, 0, 5.1453333967604102
21.32, 18180.078399373069, 9017.2386959467676, 918.9336021262643, -147.07254093372853, 135.64831307178815, -121.31865433978776, 17853.804877769206, 9076.907917362938, 705.46936108169302, -147.99164502685298, 25.660262612757208, -155.8583108977156, 18371.944129324118, 14740.462558855426, 486.26085932129808, 503.53786023705578, 0, 0, 5.1353333967604087
21.330000000000002, 18189.2885443909, 9015.7488370723459, 920.32086856423336, -148.34810527273419, 138.72664379690895, -127.55643390056515, 17860.863690436578, 9075.4035891446238, 705.74396485201225, -149.61909622984859, 27.460377031920508, -162.74512029956017, 18376.80673791733, 14745.497937457796, 486.26085932129808, 503.53786023705578, 0, 0, 5.1253333967604071
21.34, 18198.51228257575, 9014.2472820322473, 921.68950184480684, -149.55303776409127, 136.86332805734509, -120.49324913570888, 17867.925079819826, 9073.8840344176424, 706.00728050050066, -151.17668054205075, 26.331564848835441, -155.75843122021459, 18381.669346510542, 14750.533316060166, 486.26085932129808, 503.53786023705578, 0, 0, 5.1153333967604091
21.350000000000001, 18207.750172801356, 9012.7327443102513, 923.0891823220187, -150.82019405440514, 139.9680477211804, -126.71562903138562, 17874.989376500242, 9072.3478720204148, 706.28887219462513, -152.80305332918238, 28.15916941244279, -162.63727871316203, 18386.531955103754, 14755.568694662536, 486.26085932129808, 503.53786023705578, 0, 0, 5.1053333967604075
21.359999999999999, 18217.001774451528, 9011.2065953520832, 924.4698374522311, -152.01666189599985, 138.06551302123583, -119.64678415947142, 17882.056314810929, 9070.7964952743641, 706.55884477723089, -154.35946751307173, 26.997258260576157, -155.64141838893514, 18391.394563696966, 14760.604073264905, 486.26085932129808, 503.53786023705578, 0, 0, 5.0953333967604095
21.370000000000001, 18226.267652323728, 9009.6675505655967, 925.8818039641385, -153.27520639782853, 141.19665119074497, -125.85445018286885, 17889.126231099712, 9069.2285236532043, 706.84736751139735, -155.98459724831744, 28.852273416650018, -162.51297352457061, 18396.257172290178, 14765.639451867275, 486.26085932129808, 503.53786023705578, 0, 0, 5.085333396760408
21.379999999999999, 18235.547358602562, 9008.1169813931356, 927.27435324355349, -154.46301363002763, 139.25492794149551, -118.78072321991013, 17896.198853380341, 9067.6453513897141, 707.12394121248872, -157.53968331547591, 27.657370109135741, -155.50860671584741, 18401.119780883389, 14770.674830469645, 486.26085932129808, 503.53786023705578, 0, 0, 5.07533339676041
21.390000000000001, 18244.841464010256, 9006.553605111947, 928.6984782607833, -155.71275662263668, 142.41250172297737, -124.97429926090314, 17903.274523748234, 9066.0455985347853, 707.41933826360446, -159.16341810043792, 29.539705111575739, -162.37347849620068, 18405.982389476601, 14775.710209072015, 486.26085932129808, 503.53786023705578, 0, 0, 5.0653333967604084
21.400000000000002, 18254.149513533823, 9004.9787930879829, 930.10279432456775, -156.89172047178911, 140.43160637844113, -117.89638491524255, 17910.352963917183, 9064.4306601760363, 707.70245735116259, -160.71702995003074, 28.311908755808474, -155.36118495928037, 18410.844998069813, 14780.745587674384, 486.26085932129808, 503.53786023705578, 0, 0, 5.0553333967604068
21.41, 18263.472083820434, 9003.3912644172397, 931.5389505489768, -158.13248487343913, 143.61562244090962, -124.07644016500153, 17917.434521710198, 9062.7991568871712, 708.00467198479339, -162.33922924096464, 30.221463363077355, -162.21992909339002, 18415.707606663025, 14785.780966276754, 486.26085932129808, 503.53786023705578, 0, 0, 5.0453333967604088
21.420000000000002, 18272.808712659655, 9001.7923903250739, 932.95490613115101, -159.30243443556188, 141.59555821741696, -116.9949562122752, 17924.518912559917, 9061.1524845632866, 708.29428064276522, -163.89123133934652, 28.960865797182638, -155.20020983818659, 18420.570215256237, 14790.816344879124, 486.26085932129808, 503.53786023705578, 0, 0, 5.0353333967604073
21.43, 18282.159982623158, 9000.1808916789632, 934.4029662773097, -160.53405455255509, 144.80601461586537, -123.16201169932015, 17931.606489996117, 9059.4892642495961, 708.60325596081543, -165.51176469254088, 30.897531805025206, -162.05333531943688, 18425.432823849449, 14795.851723481494, 486.26085932129808, 503.53786023705578, 0, 0, 5.0253333967604092
21.440000000000001, 18291.525424301744, 8998.5581395077243, 935.83043399810686, -161.6948296001614, 142.74677207972104, -116.07750476063005, 17938.696963188413, 9057.8108926099303, 708.89929814011191, -167.06203087523468, 29.604217929642658, -155.02661826938009, 18430.295432442661, 14800.887102083863, 486.26085932129808, 503.53786023705578, 0, 0, 5.0153333967604077
21.449999999999999, 18300.90562619071, 8996.9228564058303, 937.29027059712087, -162.91714999297204, 145.98365990139959, -122.23203928106349, 17945.790691351896, 9056.1159911121777, 709.21497694567938, -168.68077680861293, 31.567880556749593, -161.87459333782414, 18435.158041035873, 14805.922480686233, 486.26085932129808, 503.53786023705578, 0, 0, 5.0053333967604097
21.460000000000001, 18310.300111679298, 8995.2764131573913, 938.72912277153978, -164.06859989358557, 143.88521744189535, -115.14499006135178, 17952.88737741064, 9054.4059571583239, 709.51739623144101, -170.22918919311144, 30.241928576168313, -154.84123844985146, 18440.020649629085, 14810.957859288603, 486.26085932129808, 503.53786023705578, 0, 0, 4.9953333967604081
21.469999999999999, 18319.709475185358, 8993.6175340416212, 940.20060799450016, -165.2814743491829, 147.14852229603835, -121.28744555973283, 17959.987386243112, 9052.6794125919932, 709.83972090863642, -171.84603415308726, 32.2324677195408, -161.68449599758281, 18444.883258222297, 14815.993237890973, 486.26085932129808, 503.53786023705578, 0, 0, 4.9853333967604101
21.48, 18329.13323289228, 8991.9475895570904, 941.65071645948785, -166.42345708516135, 145.01084649877157, -114.19827359784588, 17967.090414544593, 9050.9377555304782, 710.14846040168186, -173.39248215203162, 30.873949304548209, -154.64479989443686, 18449.745866815509, 14821.028616493342, 486.26085932129808, 503.53786023705578, 0, 0, 4.9753333967604085
21.490000000000002, 18338.571985139355, 8990.265305627232, 943.13372195816623, -167.62674768565961, 148.30054986783603, -120.32906004982721, 17974.19683283471, 9049.1796081476023, 710.47737280847593, -175.00731957569678, 32.89124067940309, -161.48374236651603, 18454.608475408721, 14826.063995095712, 486.26085932129808, 503.53786023705578, 0, 0, 4.965333396760407
21.5, 18348.025240898307, 8988.572052431171, 944.5949579161811, -168.75912896592851, 146.12359580148771, -113.23812802688957, 17981.306331595955, 9047.4063692604668, 710.79237501910347, -176.5516990009823, 31.500221062748544, -154.4379425285525, 18459.471084001932, 14831.099373698082, 486.26085932129808, 503.53786023705578, 0, 0, 4.955333396760409
21.510000000000002, 18357.49360642891, 8986.8665574973311, 946.08935467887977, -169.95270524462754, 149.43967626986688, -119.35762786990367, 17988.419286966731, 9045.6166613285022, 711.12781639150444, -178.16442846465205, 33.544137240099857, -161.27294636697405, 18464.333692595144, 14836.134752300452, 486.26085932129808, 503.53786023705578, 0, 0, 4.9453333967604074
21.52, 18366.976583483854, 8985.1501906580579, 947.56158855585988, -171.07535769980964, 147.22338769800996, -112.26524551821034, 17995.535383231934, 9043.8118838601167, 711.44902314404624, -179.70664071391363, 32.120675254182309, -154.22122492615691, 18469.196301188356, 14841.170130902821, 486.26085932129808, 503.53786023705578, 0, 0, 4.9353333967604094
21.530000000000001, 18376.474784242724, 8983.421681008409, 949.06724677658315, -172.25909587653078, 150.56582207232799, -118.37381767211284, 18002.655002126365, 9041.9906595562879, 711.79093401012346, -181.31716715991166, 34.191086607720464, -161.0526445998029, 18474.058909781568, 14846.205509505191, 486.26085932129808, 503.53786023705578, 0, 0, 4.9253333967604078
21.539999999999999, 18385.987703230228, 8981.6823980128447, 950.55034809258723, -173.37189832975739, 148.31013160040661, -111.28024532266019, 18009.777821751668, 9040.1543886149229, 712.11828635685288, -182.85711847765538, 32.735234672941246, -153.99513177437129, 18478.92151837478, 14851.240888107561, 486.26085932129808, 503.53786023705578, 0, 0, 4.9153333967604098
21.550000000000001, 18395.515958545544, 8979.9310722952214, 952.06713705192578, -174.54568061814018, 151.67889593386047, -117.3782288382782, 18016.904229416774, 9038.3016939346307, 712.46660645930774, -184.46535151199336, 34.832010245486309, -160.82330343379849, 18483.784126967992, 14856.27626670993, 486.26085932129808, 503.53786023705578, 0, 0, 4.9053333967604082
21.559999999999999, 18405.059037474828, 8978.1690729369438, 953.5609743029288, -175.64851742455562, 149.38372510030172, -110.28368064154401, 18024.033897053516, 9036.4339764074157, 712.80004460247494, -186.00295231837839, 33.343814316724021, -153.76008063850233, 18488.646735561204, 14861.3116453123, 486.26085932129808, 503.53786023705578, 0, 0, 4.8953333967604102
21.57, 18414.617564037202, 8976.3951320529959, 955.08876225924939, -176.81223140467051, 152.7787956320611, -116.37139801148908, 18031.167217522932, 9034.5498590854168, 713.15471282862825, -187.60880557268538, 35.466822615333669, -160.58532543069973, 18493.509344154416, 14866.34702391467, 486.26085932129808, 503.53786023705578, 0, 0, 4.8853333967604087
21.580000000000002, 18424.191018268037, 8974.610618332219, 956.59320280876284, -177.90499185329702, 150.44405495134703, -109.27604486265049, 18038.303856599534, 9032.6507435654767, 713.49417604955886, -189.14396985362541, 33.946322093065334, -153.51642809400329, 18498.371952747628, 14871.38240251704, 486.26085932129808, 503.53786023705578, 0, 0, 4.8753333967604071
21.59, 18433.780030107471, 8972.8142653429313, 958.13185689847023, -179.05852990355214, 153.86540897073832, -115.35380502551126, 18045.444212674804, 9030.7352530086646, 713.85513036776706, -190.74736040531451, 36.095431820817701, -160.33905516890957, 18503.23456134084, 14876.417781119409, 486.26085932129808, 503.53786023705578, 0, 0, 4.8653333967604091
21.600000000000001, 18443.384072326146, 8971.0074413773127, 959.64676687782378, -180.14110767577617, 151.49099793535169, -108.25777722240291, 18052.587945377396, 9028.8047897333181, 714.20055696209351, -192.28000515817072, 34.542659432639873, -153.26447528562278, 18508.097169934052, 14881.453159721779, 486.26085932129808, 503.53786023705578, 0, 0, 4.8553333967604075
21.609999999999999, 18453.003780787112, 8969.1888814188114, 961.19615302361785, -181.28436645866114, 154.93861457941244, -114.32587828849641, 18059.73545860804, 9026.8579769640583, 714.56773436373521, -193.88085300340236, 36.717740164169371, -160.08478452316336, 18512.959778527264, 14886.488538324149, 486.26085932129808, 503.53786023705578, 0, 0, 4.8453333967604095
21.620000000000001, 18462.638620980593, 8967.3599533640318, 962.72139723988562, -182.35665913814123, 152.52442162677954, -107.22926794800921, 18066.88640585995, 9024.8962177630783, 714.9190615819532, -195.41089773308553, 35.132721821799301, -153.00447296831646, 18517.822387120475, 14891.523916926519, 486.26085932129808, 503.53786023705578, 0, 0, 4.835333396760408
21.629999999999999, 18472.289234695385, 8965.5193935727002, 964.28138006607321, -183.48953913486326, 155.99828261875865, -113.28799967220263, 18074.041196522463, 9022.9181353721306, 715.29239802824145, -197.0091253076053, 37.333644628825937, -159.82275745197626, 18522.684995713687, 14896.559295528888, 486.26085932129808, 503.53786023705578, 0, 0, 4.82533339676041
21.640000000000001, 18481.955080123807, 8963.6685695519118, 965.81682191675793, -184.55144776414457, 153.5441850684679, -106.1908629281311, 18081.199477962637, 9020.9251336251418, 715.64956202089115, -198.53649156839541, 35.71639926497398, -152.73662607900962, 18527.547604306899, 14901.594674131258, 486.26085932129808, 503.53786023705578, 0, 0, 4.8153333967604084
21.650000000000002, 18491.636804984286, 8961.8062189979282, 967.38726467079744, -185.67385285367305, 157.04427540395554, -112.24050895284961, 18088.361665038439, 9018.9158357333072, 716.02899239386443, -200.13202331179031, 37.943037297327542, -159.55317433949068, 18532.410212900111, 14906.630052733628, 486.26085932129808, 503.53786023705578, 0, 0, 4.8053333967604068
21.66, 18501.333860151899, 8959.9337090391982, 968.93276606449797, -186.72528153323663, 154.55013937005, -105.14286795635775, 18095.527398998882, 9016.8916463355072, 716.3919281607283, -201.65663429063014, 36.293576686390672, -152.46109788398235, 18537.272821493323, 14911.665431335998, 486.26085932129808, 503.53786023705578, 0, 0, 4.7953333967604088
21.670000000000002, 18511.046899279736, 8958.0497786676897, 970.51353054406422, -187.83711861169365, 158.0764479566252, -111.18370784570277, 18102.697100151345, 9014.8511885632106, 716.77738621786204, -203.24939624997259, 38.545805713370228, -159.27619593424618, 18542.135430086535, 14916.700809938367, 486.26085932129808, 503.53786023705578, 0, 0, 4.7853333967604073
21.68, 18520.775365904414, 8956.1557946486846, 972.06895182645496, -188.87797413756638, 155.54212823906849, -104.08555258727351, 18109.870403633664, 9012.7958678986488, 717.1460275606554, -204.77117638739313, 36.864134279330436, -152.17801374205416, 18546.998038679747, 14921.736188540737, 486.26085932129808, 503.53786023705578, 0, 0, 4.7753333967604092
21.690000000000001, 18530.519919619954, 8954.2504972277584, 973.65989831140143, -189.9791527742785, 159.09464849465144, -110.11786367121161, 18117.047735184249, 9010.7243073427362, 717.53744589261203, -206.36109585662342, 39.141833195658315, -158.9919469230305, 18551.860647272959, 14926.771567143107, 486.26085932129808, 503.53786023705578, 0, 0, 4.7653333967604077
21.699999999999999, 18540.279996601337, 8952.3352528269697, 975.22509819593813, -191.00934431069211, 156.51998845367075, -103.01915364136039, 18124.228723835346, 9008.6379132644925, 717.91172537071418, -207.8799705018248, 37.427947810211421, -151.8874645201378, 18556.723255866171, 14931.806945745477, 486.26085932129808, 503.53786023705578, 0, 0, 4.7553333967604097
21.710000000000001, 18550.056262391128, 8950.4088029019604, 976.82608538461955, -192.09977643756363, 160.09871886814216, -109.04321268715094, 18131.413800738919, 9006.5353084815979, 718.30903536181745, -209.46697569357028, 39.730999110322287, -158.70051917454623, 18561.585864459383, 14936.842324347846, 486.26085932129808, 503.53786023705578, 0, 0, 4.7453333967604081
21.719999999999999, 18559.848145777516, 8948.4725135558256, 978.40092088746633, -193.11921522147816, 157.48355028467594, -101.94387839145207, 18138.60258882587, 9004.4179002982073, 718.68888425065609, -210.98287079051173, 37.984888883863825, -151.5895096941436, 18566.448473052595, 14941.877702950216, 486.26085932129808, 503.53786023705578, 0, 0, 4.7353333967604101
21.73, 18569.656318260633, 8946.5251274091424, 980.01180583695407, -194.19881485265682, 161.08849494877373, -107.9599631178673, 18145.795524645244, 9002.2843112940991, 719.09201604173415, -212.56689053735391, 40.313179107811706, -158.40197468421832, 18571.311081645807, 14946.913081552586, 486.26085932129808, 503.53786023705578, 0, 0, 4.7253333967604085
21.740000000000002, 18579.480201214683, 8944.5680102744973, 981.59613221569327, -195.20741392726146, 158.43263787392021, -100.85990746046403, 18152.992225029437, 9000.1359497617013, 719.47736429349027, -214.07973233900572, 38.534825175612298, -151.28418016518083, 18576.173690239018, 14951.948460154956, 486.26085932129808, 503.53786023705578, 0, 0, 4.715333396760407
21.75, 18589.320472107887, 8942.5999058905381, 983.21677028548254, -196.27609690635032, 162.06380697893087, -106.86829790888655, 18160.193131909171, 8997.9714379860743, 719.88624674678499, -215.66069582149157, 40.888245329471204, -158.09634824858685, 18581.03629883223, 14956.983838757325, 486.26085932129808, 503.53786023705578, 0, 0, 4.705333396760409
21.760000000000002, 18599.176544871178, 8940.6221798118568, 984.81044098123175, -197.27377088092265, 159.36706957492407, -99.767397457234239, 18167.397856019736, 8995.792185305736, 720.27702295313566, -217.17041062967223, 39.077620635063461, -150.97148081806748, 18585.898907425442, 14962.019217359695, 486.26085932129808, 503.53786023705578, 0, 0, 4.6953333967604074
21.77, 18609.049102952973, 8938.6335768464633, 986.44068578009433, -198.3314546532466, 163.02447988625204, -105.76837723239368, 18174.606844659254, 8993.596813651955, 720.69158361901907, -218.74824712862164, 41.456066588338132, -157.78364989494179, 18590.761516018654, 14967.054595962065, 486.26085932129808, 503.53786023705578, 0, 0, 4.6853333967604094
21.780000000000001, 18618.937552809512, 8936.6354623274237, 988.04355236270681, -199.3181194869953, 160.28665826124944, -98.666483374871831, 18181.819702465793, 8991.3867334717415, 721.0877149756783, -220.25476105708861, 39.613135665918051, -150.6513928466961, 18595.624124611866, 14972.089974564435, 486.26085932129808, 503.53786023705578, 0, 0, 4.6753333967604078
21.789999999999999, 18628.842583883175, 8934.6265820814388, 989.68325569839237, -200.36472289466309, 163.97033356855908, -104.66034076677771, 18189.03688209183, 8989.1605662811071, 721.50788006095991, -221.82939972798377, 42.01650852816195, -157.46386708951647, 18600.486733205078, 14977.125353166804, 486.26085932129808, 503.53786023705578, 0, 0, 4.6653333967604098
21.800000000000001, 18638.763595121902, 8932.6083012603758, 991.29516781446512, -201.3402957024002, 161.19121160727371, -97.557280773711028, 18196.257982076531, 8986.9197237024473, 721.90929233381576, -223.33263848666851, 40.141227285590219, -150.3238758684758, 18605.34934179829, 14982.160731769174, 486.26085932129808, 503.53786023705578, 0, 0, 4.6553333967604082
21.809999999999999, 18648.701281977519, 8930.5793666568861, 992.94417964600063, -202.37573880011269, 164.90118315355485, -103.54430977124902, 18203.483460414933, 8984.6628267725682, 722.33498667145716, -224.90400815412198, 42.569433764145039, -157.13696674534592, 18610.211950391502, 14987.196110371544, 486.26085932129808, 503.53786023705578, 0, 0, 4.6453333967604102
21.82, 18658.65503585383, 8928.54114328572, 994.56498496945585, -203.34013767780104, 162.08053234552165, -96.439887768834609, 18210.712909544036, 8982.3912883605499, 722.74160416413645, -226.40389685260112, 40.661749267927782, -149.9888698479148, 18615.074558984714, 14992.231488973914, 486.26085932129808, 503.53786023705578, 0, 0, 4.6353333967604087
21.830000000000002, 18668.625558229411, 8926.4923788505967, 996.22315336182703, -204.36434156754615, 165.81683923712336, -102.4203889745104, 18217.946792790979, 8980.103728957467, 723.17275118422094, -227.97192582308961, 43.114702008449413, -156.80289704884956, 18619.937167577926, 14997.266867576283, 486.26085932129808, 503.53786023705578, 0, 0, 4.6253333967604071
21.84, 18678.612232925803, 8924.4344382768959, 997.85269754686965, -205.31748543594983, 162.95441850425769, -95.314386840369792, 18225.184696485663, 8977.8015627547084, 723.5844967069404, -229.46838879156596, 41.174552271950652, -149.64629684763585, 18624.799776171138, 15002.302246178653, 486.26085932129808, 503.53786023705578, 0, 0, 4.6153333967604091
21.850000000000001, 18688.615767467487, 8922.3660701222925, 999.51986862790625, -206.33037211889769, 166.71710810366284, -101.28866829478525, 18232.427089278259, 8975.4834096284249, 724.02101840877208, -231.0330046827911, 43.652170183164102, -156.4615891225142, 18629.66238476435, 15007.337624781023, 486.26085932129808, 503.53786023705578, 0, 0, 4.6053333967604075
21.859999999999999, 18698.63553805331, 8920.2886392741311, 1001.157995264192, -207.27218058372756, 163.81266362857582, -94.180846482989011, 18239.673551384942, 8973.1506851722042, 724.43781324836345, -232.52596530902443, 41.679483959140413, -149.29606262333201, 18634.524993357561, 15012.373003383393, 486.26085932129808, 503.53786023705578, 0, 0, 4.5953333967604095
21.870000000000001, 18708.672258274742, 8918.2008950846321, 1002.8340131835065, -208.27367282779585, 167.60179193144631, -100.14922440682787, 18246.924556771304, 8970.8020085753324, 724.87963017359414, -234.08709489441802, 44.181692523070005, -156.11295853935772, 18639.387601950773, 15017.408381985762, 486.26085932129808, 503.53786023705578, 0, 0, 4.585333396760408
21.879999999999999, 18718.725296665125, 8916.1042024579474, 1004.4805637533851, -209.20406605489123, 164.65505698785728, -93.039322709538368, 18254.179679531404, 8968.4387969176769, 725.30139406460921, -235.57647547519454, 42.17638910150427, -148.9380580776519, 18644.250210543985, 15022.443760588132, 486.26085932129808, 503.53786023705578, 0, 0, 4.57533339676041
21.890000000000001, 18728.795372906006, 8913.9973114790737, 1006.1652706432418, -210.19408727659226, 168.47068898566363, -99.002122170102467, 18261.439398940151, 8966.05966862692, 725.7484252713117, -237.13404454222868, 44.70312067025187, -155.75690670341314, 18649.112819137197, 15027.479139190502, 486.26085932129808, 503.53786023705578, 0, 0, 4.5653333967604084
21.900000000000002, 18738.881847820005, 8911.8815871272436, 1007.8200844809636, -211.11298588081641, 165.48138377217936, -91.889860422416035, 18268.703282959315, 8963.6660423574103, 726.17507636813559, -238.61976614809572, 42.665109682391204, -148.57216058670554, 18653.975427730409, 15032.514517792872, 486.26085932129808, 503.53786023705578, 0, 0, 4.5553333967604068
21.91, 18748.985447203886, 8909.7557801560451, 1009.513320418979, -212.09146004012723, 169.32359380153403, -97.847415931082736, 18275.97181616856, 8961.2565356976138, 726.62723940575938, -240.17369936918809, 45.216303762379439, -155.39332210923777, 18658.838036323621, 15037.549896395241, 486.26085932129808, 503.53786023705578, 0, 0, 4.5453333967604088
21.920000000000002, 18759.105524121867, 8907.6212556814444, 1011.1762346717777, -212.99878498677603, 166.29142527987474, -90.732494664880122, 18283.244560385367, 8958.8325689686408, 727.05869425567676, -241.6556817213023, 43.145484991732438, -148.19823521142217, 18663.700644916833, 15042.585274997611, 486.26085932129808, 503.53786023705578, 0, 0, 4.5353333967604073
21.93, 18769.242810513188, 8905.4767650589692, 1012.8778376453729, -213.96563649388855, 170.16029735951895, -96.685150711251922, 18290.522005491202, 8956.3927588392035, 727.51590514083875, -243.20590253622299, 45.721088516195088, -155.02208149206808, 18668.563253510045, 15047.620653599981, 486.26085932129808, 503.53786023705578, 0, 0, 4.5253333967604092
21.940000000000001, 18779.396651633506, 8903.3236736062663, 1014.5486872363558, -214.86130901152393, 167.08495909829196, -89.567251763538749, 18297.803707145369, 8953.9385273934713, 727.95207865801115, -244.68406389427378, 43.617351717239508, -147.81613580507891, 18673.425862103257, 15052.656032202351, 486.26085932129808, 503.53786023705578, 0, 0, 4.5153333967604077
21.949999999999999, 18789.567785593958, 8901.1607332116582, 1016.2584931089011, -215.81646264443896, 170.98058725452921, -95.515363291502325, 18305.090160529846, 8951.4684902968966, 728.41425185108733, -246.2304944030675, 46.217319307618382, -154.64305087937197, 18678.288470696469, 15057.69141080472, 486.26085932129808, 503.53786023705578, 0, 0, 4.5053333967604097
21.960000000000001, 18799.755549788937, 8898.9893094626586, 1017.9371107016962, -216.70040414815983, 167.86175927950748, -88.394150372089001, 18312.380915129961, 8948.9840714969614, 728.85505729141585, -247.70475146333874, 44.08054403285611, -147.42570602712337, 18683.151079289681, 15062.72678940709, 486.26085932129808, 503.53786023705578, 0, 0, 4.4953333967604081
21.969999999999999, 18809.960688533134, 8896.8081547086967, 1019.6549531803036, -217.6437849801849, 171.78424786074066, -94.338083202506311, 18319.676471428611, 8946.4838855693451, 729.32210567391246, -249.24731232887291, 46.704838249656952, -154.25608655341568, 18688.013687882893, 15067.76216800946, 486.26085932129808, 503.53786023705578, 0, 0, 4.4853333967604101
21.98, 18820.182531304414, 8894.6186348785304, 1021.3411691454301, -218.51591700444129, 168.62159651264997, -87.213202425639793, 18326.976372719404, 8943.9693584290162, 729.76745461076916, -250.71758013159987, 44.534893685671527, -147.02678027269732, 18692.876296476104, 15072.79754661183, 486.26085932129808, 503.53786023705578, 0, 0, 4.4753333967604085
21.990000000000002, 18830.42182865494, 8892.4195027084406, 1023.0668797503656, -219.44745034074063, 172.5710604935517, -93.153333629933542, 18334.281124788304, 8941.4391034723103, 730.23928946346155, -252.25619049093768, 47.183485269233415, -153.86103593378198, 18697.738905069316, 15077.832925214199, 486.26085932129808, 503.53786023705578, 0, 0, 4.465333396760407
22, 18840.677902088188, 8890.2121245429316, 1024.7605221333074, -220.30769448087887, 169.36423829417922, -86.02441401382444, 18341.590264717452, 8938.8945486897228, 730.68909176428417, -253.72238233619893, 44.98023008226393, -146.61918452612474, 18702.601513662528, 15082.868303816569, 486.26085932129808, 503.53786023705578, 0, 0, 4.455333396760409
22.010000000000002, 18850.951508430055, 8887.9952534282857, 1026.4939301690065, -221.22730580330204, 173.3408035699176, -91.96113224231803, 18348.904303599822, 8936.3343062056028, 731.16562274612227, -255.25695972007583, 47.65309818381418, -153.45773838768974, 18707.46412225574, 15087.903682418939, 486.26085932129808, 503.53786023705578, 0, 0, 4.4453333967604074
22.02, 18861.24196114911, 8885.770256202326, 1028.1948246599814, -222.07558366510656, 170.08944909747663, -84.82778618045063, 18356.222772284338, 8933.7598061978297, 731.61978654987661, -256.71898709153777, 45.416380375431629, -146.2027371461935, 18712.326730848952, 15092.939061021309, 486.26085932129808, 503.53786023705578, 0, 0, 4.4353333967604094
22.030000000000001, 18871.550023383625, 8883.5358861418827, 1029.9357571876644, -222.98319858459598, 174.09325276831447, -90.761491948940844, 18363.546187176755, 8931.1696594230179, 732.10092167766379, -258.24944735129327, 48.113512778719475, -153.04602597555268, 18717.189339442164, 15097.974439623678, 486.26085932129808, 503.53786023705578, 0, 0, 4.4253333967604078
22.039999999999999, 18881.875000504082, 8881.2935106586883, 1031.643727093093, -223.81943174116117, 170.796990542858, -83.623315656518628, 18370.874072868963, 8928.5652983620657, 732.55935337318465, -259.70721984719461, 45.843169552086984, -145.77724959013463, 18722.051948035376, 15103.009818226048, 486.26085932129808, 503.53786023705578, 0, 0, 4.4153333967604098
22.050000000000001, 18892.217662002193, 8879.0418831780371, 1033.3920089049866, -224.71497595710341, 174.82818118935469, -89.554421594223825, 18378.206951087126, 8925.9453323049729, 733.04499900204291, -261.23347708857796, 48.564562885822909, -152.62572413833601, 18726.914556628588, 15108.045196828418, 486.26085932129808, 503.53786023705578, 0, 0, 4.4053333967604082
22.059999999999999, 18902.577305084476, 8876.7823717691354, 1035.1068751206776, -225.53908591243331, 171.48662156910592, -82.410995532990626, 18385.544340140226, 8923.3111961550239, 733.50760320727352, -262.68690235940568, 46.260420523064667, -145.34252708277324, 18731.7771652218, 15113.080575430788, 486.26085932129808, 503.53786023705578, 0, 0, 4.3953333967604102
22.07, 18912.954705639611, 8874.5137299210219, 1036.8623287158582, -226.42248517838036, 175.54535951806687, -88.339926594704195, 18392.886767084368, 8920.6614976335804, 733.99766401191687, -264.20886888273429, 49.006080464329706, -152.19665233286145, 18736.639773815012, 15118.115954033157, 486.26085932129808, 503.53786023705578, 0, 0, 4.3853333967604087
22.080000000000002, 18923.34915264156, 8872.237326446857, 1038.5839097019327, -227.23439333717013, 172.15809860744167, -81.190815878976593, 18400.233743917619, 8917.9976741893679, 734.46434355407155, -265.65785257510032, 46.667954215464597, -144.89836923660354, 18741.502382408224, 15123.151332635527, 486.26085932129808, 503.53786023705578, 0, 0, 4.3753333967604071
22.09, 18933.761428422007, 8869.9519148120562, 1040.3463552638195, -228.1055734324099, 176.24455618868583, -87.118009523975175, 18407.585803037513, 8915.318331869923, 734.9587225109135, -267.17543882130559, 49.43789568420042, -151.75862462052541, 18746.364991001436, 15128.186711237897, 486.26085932129808, 503.53786023705578, 0, 0, 4.3653333967604091
22.100000000000001, 18944.19081365101, 8867.6588646630862, 1042.0744670214081, -228.90520107551606, 172.81117575884682, -79.962764310617274, 18414.942450101073, 8912.6249107961157, 735.42937840759487, -268.61988452758732, 47.065589668134358, -144.44457062817293, 18751.227599594647, 15133.222089840267, 486.26085932129808, 503.53786023705578, 0, 0, 4.3553333967604075
22.109999999999999, 18954.638097151856, 8865.3569293517339, 1043.8437223969361, -229.76408778202222, 176.92553755279394, -85.88867065061595, 18422.304222860701, 8909.9160152333079, 735.92797677772262, -270.13299902973279, 49.859837012774456, -151.31145021454583, 18756.090208187859, 15138.257468442636, 486.26085932129808, 503.53786023705578, 0, 0, 4.3453333967604095
22.120000000000001, 18965.102551216572, 8863.0474794499369, 1045.5781784466913, -230.551356047176, 173.44560497551711, -78.726826515377113, 18429.670620600096, 8907.1930881048102, 736.40250821903066, -271.57280824308867, 47.453144130801775, -143.98092133559129, 18760.952816781071, 15143.292847045006, 486.26085932129808, 503.53786023705578, 0, 0, 4.335333396760408
22.129999999999999, 18975.584971211247, 8860.7292681031995, 1047.3540591272065, -231.39787513151191, 177.58806805153364, -84.651908433590165, 18437.042186441984, 8904.4547317822799, 736.90522553208132, -273.08135758299181, 50.271731305060449, -150.85493399031307, 18765.815425374283, 15148.328225647376, 486.26085932129808, 503.53786023705578, 0, 0, 4.32533339676041
22.140000000000001, 18986.084620972957, 8858.4036669038742, 1049.0946704896792, -232.17270499887383, 174.06113624725884, -77.482986736191734, 18444.41841326228, 8901.7023921253331, 737.38352986375514, -274.51642965740916, 47.830433167382616, -143.50720744173404, 18770.678033967495, 15153.363604249746, 486.26085932129808, 503.53786023705578, 0, 0, 4.3153333967604084
22.150000000000002, 18996.602302464413, 8856.0694286958878, 1050.8769895936057, -233.00678219866722, 178.23191039264134, -83.4077199793402, 18451.7998495715, 8898.9346694972137, 737.89026390273693, -276.02031842704099, 50.673403898175785, -150.38887696318466, 18775.540642560707, 15158.398982852115, 486.26085932129808, 503.53786023705578, 0, 0, 4.3053333967604068
22.16, 19007.137270988016, 8853.7279261896674, 1052.6235647715403, -233.7690944808603, 174.65751779345814, -76.231228219306587, 18459.185981801143, 8896.153012831217, 738.37223661037558, -277.4505505421119, 48.197270763860715, -143.02321150708804, 18780.403251153919, 15163.434361454485, 486.26085932129808, 503.53786023705578, 0, 0, 4.2953333967604088
22.170000000000002, 19017.69033515959, 8851.3779118296388, 1054.412133028869, -234.59065549550255, 178.85682573288219, -82.156101464224562, 18466.577363869055, 8893.3560203642846, 738.88288339747851, -278.94968130948666, 51.064678710298182, -149.91307673747539, 18785.265859747131, 15168.469740056855, 486.26085932129808, 503.53786023705578, 0, 0, 4.2853333967604073
22.18, 19028.260741664319, 8849.0207595446391, 1056.1644779914825, -235.34037083179803, 175.23449626135368, -74.971533629547906, 18473.973475723447, 8890.5451442442372, 739.36841809189059, -280.37496843964789, 48.553469441204719, -142.52871301612333, 18790.128468340343, 15173.505118659225, 486.26085932129808, 503.53786023705578, 0, 0, 4.2753333967604092
22.190000000000001, 19038.849305830314, 8846.655221279043, 1057.9591037301482, -236.14934131705658, 179.46257386656362, -80.897048525855709, 18481.374876711117, 8887.7189804606514, 739.88287187533615, -281.86924171895117, 51.44537834455712, -149.42732793033116, 18794.991076933555, 15178.540497261594, 486.26085932129808, 503.53786023705578, 0, 0, 4.2653333967604077
22.199999999999999, 19049.455265640154, 8844.2826722830578, 1059.7170218994606, -236.88638017141994, 175.79181693124093, -73.703885436334843, 18488.781040255926, 8884.8789845201427, 740.3718602790733, -283.28947660695758, 48.898840373713263, -142.02348880063917, 18799.853685526767, 15183.575875863964, 486.26085932129808, 503.53786023705578, 0, 0, 4.2553333967604097
22.210000000000001, 19060.079443196162, 8841.9018638978505, 1061.5175110336677, -237.68268573768478, 180.0489134207086, -79.630556626484292, 18496.192531157347, 8882.0237500406874, 740.89001352105561, -284.77879083269522, 51.815324198225738, -148.93142257376223, 18804.716294119979, 15188.611254466334, 486.26085932129808, 503.53786023705578, 0, 0, 4.2453333967604081
22.219999999999999, 19070.721067690087, 8839.5141728005328, 1063.2808032729592, -238.40696840041852, 176.32922392915441, -72.428266273375158, 18503.608816271586, 8879.1547360353434, 741.38234545618684, -286.1938639671269, 49.233193513123958, -141.5073134431662, 18809.57890271319, 15193.646633068704, 486.26085932129808, 503.53786023705578, 0, 0, 4.2353333967604101
22.23, 19081.380968063124, 8837.1183496233207, 1065.0869592935333, -239.1905346143308, 180.61560205739386, -78.356621391227023, 18511.030465876633, 8876.2705336230974, 741.90408882196209, -287.67811547210454, 52.174336577521245, -148.42515049776313, 18814.441511306402, 15198.682011671073, 486.26085932129808, 503.53786023705578, 0, 0, 4.2253333967604085
22.240000000000002, 19092.058364625125, 8834.7157725782854, 1066.85542389801, -239.9019812070803, 176.84646044768039, -71.144659274948623, 18518.45694021551, 8873.3726054744275, 742.39965219915098, -289.08791506873951, 49.55633771889427, -140.97995966349561, 18819.304119899614, 15203.717390273443, 486.26085932129808, 503.53786023705578, 0, 0, 4.215333396760407
22.25, 19102.754093223608, 8832.3051914803764, 1068.6670478648487, -240.67273359631929, 181.16239668386046, -77.075238923899377, 18525.888815072725, 8870.4595400787857, 742.92487454733487, -290.56699806571385, 52.522234818392363, -147.90829969743604, 18824.166728492826, 15208.752768875813, 486.26085932129808, 503.53786023705578, 0, 0, 4.205333396760409
22.260000000000002, 19113.467365192602, 8829.8879861871537, 1070.440480554603, -241.37126408023221, 177.3432689754398, -69.853048391293228, 18533.325544030333, 8867.5328039183241, 743.42355535628474, -291.97141005262398, 49.868080894985859, -140.44119869101152, 18829.029337086038, 15213.788147478183, 486.26085932129808, 503.53786023705578, 0, 0, 4.1953333967604074
22.27, 19124.199023356199, 8827.4629055854366, 1072.2573710913121, -242.12912814126065, 181.68905367089758, -75.786406102844211, 18540.767708409508, 8864.5909827192954, 743.95214373042074, -293.44521661949057, 52.858837413600348, -147.38065668665914, 18833.89194567925, 15218.823526080552, 486.26085932129808, 503.53786023705578, 0, 0, 4.1853333967604094
22.280000000000001, 19134.948269975841, 8825.0313312912203, 1074.0355650066699, -242.81466232811499, 177.81939153578372, -68.553418685433513, 18548.214755081332, 8861.6355469330065, 744.45382603175563, -294.84412462574392, 50.168230133486723, -139.8908006253352, 18838.754554272462, 15223.858904682922, 486.26085932129808, 503.53786023705578, 0, 0, 4.1753333967604078
22.289999999999999, 19145.715954925268, 8822.5920111498108, 1075.8575182974701, -243.55956353670479, 182.19532908000446, -74.490120858979864, 18555.66727093597, 8858.6650793857225, 744.98566565321971, -296.31254469415074, 53.183962146404049, -146.84200684068261, 18843.617162865674, 15228.894283285292, 486.26085932129808, 503.53786023705578, 0, 0, 4.1653333967604098
22.300000000000001, 19156.501271293735, 8820.1463286509515, 1077.6402639968226, -244.23202110284106, 178.27456993524936, -67.245756613627634, 18563.124696081282, 8855.6810546585621, 745.49023157187378, -297.70583004202712, 50.456591865410928, -139.32853478763928, 18848.479771458886, 15233.929661887661, 486.26085932129808, 503.53786023705578, 0, 0, 4.1553333967604082
22.309999999999999, 19167.305076080538, 8817.6930304825582, 1079.467073785821, -244.96388492722244, 182.68097889984153, -73.186382438136718, 18570.587623010935, 8852.6820525379317, 746.02520583418539, -299.16875138932602, 53.497426231165285, -146.29213472989176, 18853.342380052098, 15238.965040490031, 486.26085932129808, 503.53786023705578, 0, 0, 4.1453333967604102
22.32, 19178.126553100301, 8815.2335021257422, 1081.2541592460443, -245.62318543013726, 178.70854602234166, -65.930050291482985, 18578.05548501508, 8849.6695518985289, 746.53253555437573, -300.55629308997476, 50.732972019030008, -138.75417006487186, 18858.20498864531, 15244.000419092401, 486.26085932129808, 503.53786023705578, 0, 0, 4.1353333967604087
22.330000000000002, 19188.966566556654, 8812.7664889926928, 1083.0856168389694, -246.34193734663356, 183.1457592924985, -71.875191649630835, 18585.528880227594, 8846.6421293439616, 747.07052601898783, -302.01360133444342, 53.799046461205201, -145.73082444686369, 18863.067597238522, 15249.035797694771, 486.26085932129808, 503.53786023705578, 0, 0, 4.1253333967604071
22.34, 19199.824290884339, 8810.293378675764, 1084.8768274585404, -246.98800024410849, 179.12106195711084, -64.606289747493406, 18593.007235064211, 8843.6012682093296, 747.58049778084808, -303.39527608693169, 50.997176186026664, -138.16747524882874, 18867.930205831733, 15254.07117629714, 486.26085932129808, 503.53786023705578, 0, 0, 4.1153333967604091
22.350000000000001, 19210.700597572952, 8807.8129151906578, 1086.7127217270406, -247.69356575513589, 183.58942685001864, -70.556551102740912, 18600.491153337924, 8840.5455417694702, 748.12138417448989, -304.84685468621728, 54.088639364182768, -145.15785992855865, 18872.792814424945, 15259.10655489951, 486.26085932129808, 503.53786023705578, 0, 0, 4.1053333967604075
22.359999999999999, 19221.594651569296, 8805.3264883630309, 1088.5078403319617, -248.32631042679398, 179.51186049211375, -63.274467165808794, 18607.980054531137, 8837.4764379897024, 748.63387427244834, -306.22253687993822, 51.24900979584541, -137.56821937209199, 18877.655423018157, 15264.14193350188, 486.26085932129808, 503.53786023705578, 0, 0, 4.0953333967604095
22.370000000000001, 19232.507331733446, 8802.8328406889486, 1090.347957720579, -249.01861508112208, 184.01173886173007, -69.230465432808501, 18615.474548177066, 8834.3925266671122, 749.17753448610176, -307.66826713269381, 54.366021365347009, -144.57302527556143, 18882.518031611369, 15269.17731210425, 486.26085932129808, 503.53786023705578, 0, 0, 4.085333396760408
22.379999999999999, 19243.437793413443, 8800.3333643515689, 1092.1467645732316, -249.63796085231994, 179.88068526526001, -61.934577119785416, 18622.974046763673, 8831.2953005699783, 749.69241726908729, -309.03782885311966, 51.48827829855756, -136.95617204258693, 18887.380640204581, 15274.212690706619, 486.26085932129808, 503.53786023705578, 0, 0, 4.07533339676041
22.390000000000001, 19254.386922927213, 8797.8268002018176, 1093.9908891091602, -250.31693026750429, 184.41245359285307, -67.89694151843436, 18630.479165587709, 8828.1833258656861, 750.2387273586769, -310.47758990382005, 54.631008958960741, -143.97610507003674, 18892.243248797793, 15279.248069308989, 486.26085932129808, 503.53786023705578, 0, 0, 4.0653333967604084
22.400000000000002, 19265.353865910471, 8795.3145429066226, 1095.7931619202107, -250.92279643548176, 180.22728110503559, -60.586616797747652, 18637.9893100794, 8825.0581003010811, 750.75587523224249, -311.84090094160399, 51.714787356555235, -136.33110377839211, 18897.105857391005, 15284.283447911359, 486.26085932129808, 503.53786023705578, 0, 0, 4.0553333967604068
22.41, 19276.339516229258, 8792.7953315439645, 1097.6410752259592, -251.58835632239305, 184.7913305748462, -66.555988691129187, 18645.505101344555, 8821.9181862589612, 751.30470942112436, -313.27456978854349, 54.883418888191507, -143.36688469394966, 18901.968465984217, 15289.318826513729, 486.26085932129808, 503.53786023705578, 0, 0, 4.0453333967604088
22.420000000000002, 19287.34300969067, 8790.2705633928072, 1099.4465891694463, -252.18066218461777, 180.55139434871654, -59.230586222472724, 18653.025937690225, 8818.765086643125, 751.82399285157908, -314.63149765198892, 51.928343045475593, -135.69278634454443, 18906.831074577429, 15294.354205116098, 486.26085932129808, 503.53786023705578, 0, 0, 4.0353333967604073
22.43, 19298.365247802001, 8787.7389756281209, 1101.2980704785268, -252.83273837400634, 185.14813090806626, -65.207618938855902, 18660.552446078989, 8815.5973598940072, 752.37522353491761, -316.05894915848097, 55.123068333848231, -142.7451506492053, 18911.693683170641, 15299.389583718468, 486.26085932129808, 503.53786023705578, 0, 0, 4.0253333967604092
22.440000000000001, 19309.405356422762, 8785.2019682711107, 1103.1065982102673, -253.41140325866232, 180.85277317404234, -57.866488465597556, 18668.084017627149, 8812.4165142534584, 752.89651105556425, -317.40935908941344, 52.128752064660326, -135.04099309324897, 18916.556291763853, 15304.424962320838, 486.26085932129808, 503.53786023705578, 0, 0, 4.0153333967604077
22.449999999999999, 19320.464244797502, 8782.6582764614577, 1104.9614243860392, -254.04992172970833, 185.48261757718421, -63.851847104601205, 18675.621285203972, 8809.2211040589318, 753.45000880668681, -318.83046599822387, 55.349775112251038, -142.11069088104477, 18921.418900357065, 15309.460340923208, 486.26085932129808, 503.53786023705578, 0, 0, 4.0053333967604097
22.460000000000001, 19331.541028716554, 8780.1093030946813, 1106.7727360654883, -254.61486502829027, 181.13116794490276, -56.494329858193424, 18683.163632665332, 8806.0126430740529, 753.97316702626199, -320.17422099131352, 52.315821957517343, -134.37549930896716, 18926.281508950276, 15314.495719525577, 486.26085932129808, 503.53786023705578, 0, 0, 3.9953333967604081
22.469999999999999, 19342.636625260577, 8777.5537811407357, 1108.630681623287, -255.23975193910189, 185.79455577987699, -62.488691081161775, 18690.711698839277, 8802.7896813698735, 754.52880060508778, -321.5888539423745, 55.563357882580981, -141.46329510609658, 18931.144117543488, 15319.531098127947, 486.26085932129808, 503.53786023705578, 0, 0, 3.9853333967604101
22.48, 19353.750140026546, 8774.993116503314, 1110.444544939003, -255.79089314108876, 181.38633157159654, -55.114120198686109, 18698.264860249528, 8799.5537384180661, 755.05369421850935, -322.92581476797244, 52.489361342159242, -133.69608255979239, 18936.0067261367, 15324.566476730317, 486.26085932129808, 503.53786023705578, 0, 0, 3.9753333967604085
22.490000000000002, 19364.882498032926, 8772.4260398461029, 1112.3053820716962, -256.40207486112138, 186.08371326932254, -61.11817200326216, 18705.823761737167, 8796.3033598571146, 755.61133058215, -324.33384231943666, 55.763636364064062, -140.8027551464198, 18940.869334729912, 15329.601855332687, 486.26085932129808, 503.53786023705578, 0, 0, 3.965333396760407
22.5, 19376.032794556628, 8769.8539602165474, 1114.1215622705579, -256.93933359071309, 181.61801988618248, -53.725872959171767, 18713.38777242001, 8793.0400710554622, 756.13782238367673, -325.66386755000053, 52.649180152668968, -133.00252305638992, 18945.731943323124, 15334.637233935056, 486.26085932129808, 503.53786023705578, 0, 0, 3.955333396760409
22.510000000000002, 19387.201962658441, 8767.2756058334744, 1115.9850608776678, -257.53673673509314, 186.34986071098746, -59.740314438002542, 18720.95754320858, 8789.7624130501717, 756.69732669931, -327.06515620270807, 55.950431563321239, -140.12886527075102, 18950.594551916336, 15339.672612537426, 486.26085932129808, 503.53786023705578, 0, 0, 3.9453333967604074
22.52, 19398.389087166022, 8764.6923890253001, 1117.8033207980027, -258.06003279000487, 181.82599203347772, -52.329605491172742, 18728.532435739056, 8786.4719172975419, 757.22527759822367, -328.38810224290586, 52.795089891372164, -132.29460401977988, 18955.457160509548, 15344.707991139796, 486.26085932129808, 503.53786023705578, 0, 0, 3.9353333967604094
22.530000000000001, 19409.59510928981, 8762.1030354254144, 1119.6692485185449, -258.64358425575114, 186.59277205423018, -58.355146574628677, 18736.11310704994, 8783.1671200617311, 757.78651325834608, -329.78251646834752, 56.123566012244247, -139.44142254416755, 18960.31976910276, 15349.743369742166, 486.26085932129808, 503.53786023705578, 0, 0, 3.9253333967604078
22.539999999999999, 19420.819103276626, 8759.5089607819718, 1121.4893486273277, -259.15283764806964, 182.01001087827632, -50.925339231849151, 18743.698911218107, 8779.8495590802395, 758.3157822972712, -331.0982375889397, 52.926903892511596, -131.57211205921556, 18965.182377695972, 15354.778748344535, 486.26085932129808, 503.53786023705578, 0, 0, 3.9153333967604098
22.550000000000001, 19432.062018596636, 8756.9088880004292, 1123.3574708765202, -259.72246465221554, 186.81222491926138, -56.962700414587374, 18751.290511470681, 8776.5177656702726, 758.87861093743891, -332.48563986081325, 56.282864016772145, -138.7402271873554, 18970.044986289184, 15359.814126946905, 486.26085932129808, 503.53786023705578, 0, 0, 3.9053333967604082
22.559999999999999, 19443.322918781916, 8754.3042363889199, 1125.1791693108134, -260.21759565133141, 182.16984342932909, -49.513099911586536, 18758.887254245696, 8773.1732840460299, 759.40905531341593, -333.79398823642634, 53.04443759770065, -130.83483756131065, 18974.907594882396, 15364.849505549275, 486.26085932129808, 503.53786023705578, 0, 0, 3.8953333967604102
22.57, 19454.602761675174, 8751.6937259806127, 1127.0492493208133, -260.77322577095885, 187.00800099997082, -55.563011962743317, 18766.489809021616, 8769.8146404012241, 759.97333683258523, -335.1742390658921, 56.428151916926581, -138.02508294657528, 18979.770203475608, 15369.884884151645, 486.26085932129808, 503.53786023705578, 0, 0, 3.8853333967604087
22.580000000000002, 19465.900599957575, 8749.078779785239, 1128.8723019336196, -261.25415494859749, 182.30526128064244, -48.092917763866581, 18774.097514516267, 8766.4433856243013, 760.50481192102075, -336.47506481680762, 53.147508843548934, -130.08257509155467, 18984.632812068819, 15374.920262754014, 486.26085932129808, 503.53786023705578, 0, 0, 3.8753333967604071
22.59, 19477.217399959882, 8746.4581148175403, 1130.7441007984512, -261.79571616280367, 187.17988648314815, -54.156121420617097, 18781.711046524229, 8763.0580406065128, 761.07040450460556, -337.84802279156168, 56.559258358479212, -137.29579747540785, 18989.495420662031, 15379.955641356384, 486.26085932129808, 503.53786023705578, 0, 0, 3.8653333967604091
22.600000000000001, 19488.552203374027, 8743.833157931751, 1132.568261209158, -262.26236444018679, 182.41604107066803, -46.664827738311942, 18789.32973596, 8759.6601631100257, 761.60276388622424, -339.14117402965508, 53.235938161866891, -129.31512380934237, 18994.358029255243, 15384.991019958754, 486.26085932129808, 503.53786023705578, 0, 0, 3.8553333967604075
22.609999999999999, 19499.905985136993, 8741.2026229763414, 1134.4415379340044, -262.78978517401168, 187.32767248463691, -52.742073382491512, 18796.954265001048, 8756.2482685423201, 762.16952403199059, -340.50669585694851, 56.676014576637854, -136.55218272934496, 18999.220637848455, 15390.026398561124, 486.26085932129808, 503.53786023705578, 0, 0, 3.8453333967604095
22.620000000000001, 19511.277775811079, 8738.5679407941443, 1136.2665575836033, -263.24207387118867, 182.50196495990394, -45.228869717695787, 18804.58395667373, 8752.8239217405662, 762.70261952291878, -341.79201873592382, 53.309549092824632, -128.53228789753007, 19004.083246441667, 15395.061777163493, 486.26085932129808, 503.53786023705578, 0, 0, 3.835333396760408
22.629999999999999, 19522.668559060239, 8735.9278219178777, 1138.1410691386325, -263.75528304154005, 187.4511555029132, -51.320917035137199, 18812.219499607163, 8749.3856324449007, 763.27040206983986, -343.14995928966567, 56.77825469210849, -135.79405537418748, 19008.945855034879, 15400.097155765863, 486.26085932129808, 503.53786023705578, 0, 0, 3.82533339676041
22.640000000000001, 19534.077354174795, 8733.2837013241515, 1139.9666973499077, -264.19313392893815, 182.56282112751563, -43.785088739809851, 18819.860208853137, 8745.9349727704521, 763.80408375495495, -344.42729805974216, 53.368168511506234, -127.73387700764555, 19013.808463628091, 15405.132534368233, 486.26085932129808, 503.53786023705578, 0, 0, 3.8153333967604084
22.650000000000002, 19545.505153668979, 8730.6342860789082, 1141.8421987288143, -264.6920609925582, 187.55013789066442, -49.892706362006109, 18827.506779563089, 8742.4704466042731, 764.37274191515451, -345.77751043183531, 56.86581601995281, -135.02123720931797, 19018.671072221303, 15410.167912970603, 486.26085932129808, 503.53786023705578, 0, 0, 3.8053333967604068
22.66, 19556.950965416909, 8727.9810154386996, 1143.6681827716893, -265.11539634480766, 182.59840428750135, -42.333535224948292, 18835.158518726286, 8738.993633543947, 764.90685818483701, -347.04670749905256, 53.411626968246694, -126.91970672172414, 19023.533680814515, 15415.203291572972, 486.26085932129808, 503.53786023705578, 0, 0, 3.7953333967604088
22.670000000000002, 19568.415790908879, 8725.3225928501979, 1145.5444270551379, -265.59997134833378, 187.62442834486302, -48.457500352612541, 18842.816128089042, 8735.5030314356154, 765.47624357875316, -348.38904305512028, 56.938539391610057, -134.23355560676967, 19028.396289407727, 15420.238670175342, 486.26085932129808, 503.53786023705578, 0, 0, 3.7853333967604073
22.68, 19579.898626456863, 8722.660461996933, 1147.3705122173872, -266.00871400043127, 182.60851622492154, -40.874265209748486, 18850.478906488686, 8732.0002275652096, 766.01064116918451, -349.64993904543746, 53.439759043139453, -126.08959903171912, 19033.258898000939, 15425.274048777712, 486.26085932129808, 503.53786023705578, 0, 0, 3.7753333967604092
22.690000000000001, 19591.400482655401, 8719.9933225524455, 1149.2472506415454, -266.47886763260931, 187.67384241582579, -47.015363217805998, 18858.147562340801, 8728.4837135481594, 766.58060386408908, -350.98424748510735, 56.996269490452669, -133.43084396699049, 19038.121506594151, 15430.309427380082, 486.26085932129808, 503.53786023705578, 0, 0, 3.7653333967604077
22.699999999999999, 19602.920344106769, 8717.322622775031, 1151.0731803050728, -266.87294103849086, 182.5929663527333, -39.407340588157552, 18865.821386239997, 8724.9550845658832, 767.11512790124027, -352.23668131348194, 53.452403715122735, -125.24338283745945, 19042.984115187362, 15435.344805982451, 486.26085932129808, 503.53786023705578, 0, 0, 3.7553333967604097
22.710000000000001, 19614.459230640274, 8714.6470584099552, 1152.9501623354306, -267.32860468460751, 187.69820303576955, -45.566364611666529, 18873.501093347291, 8721.4128258114197, 767.68551645325294, -353.56281073540418, 57.038855201264781, -132.61294219222407, 19047.846723780574, 15440.380184584821, 486.26085932129808, 503.53786023705578, 0, 0, 3.7453333967604081
22.719999999999999, 19626.016114999471, 8711.9680824387051, 1154.7756780583286, -267.70793297821092, 182.55157228980698, -37.932829360340151, 18881.185965922537, 8717.8585405698959, 768.22001050071378, -354.80661968004591, 53.449404746082912, -124.38089446417307, 19052.709332373786, 15445.415563187191, 486.26085932129808, 503.53786023705578, 0, 0, 3.7353333967604101
22.73, 19637.592026381215, 8709.2843865219438, 1156.6526514690026, -268.14903877681888, 187.69734106740933, -44.110579860797884, 18888.876725950042, 8714.2907074185187, 768.79067200045438, -356.12441665183064, 57.066149974061219, -131.77969717847273, 19057.571940966998, 15450.450941789561, 486.26085932129808, 503.53786023705578, 0, 0, 3.7253333967604085
22.740000000000002, 19649.185925519974, 8706.5974285132925, 1158.4774930736078, -268.51354683571969, 182.48416046050386, -36.450805890081583, 18896.57264726171, 8710.7109379552694, 769.32497811125722, -357.35943643383354, 53.430611080279242, -123.50197820028778, 19062.43454956021, 15455.48632039193, 486.26085932129808, 503.53786023705578, 0, 0, 3.715333396760407
22.75, 19660.798851115091, 8703.9058958314054, 1160.3542040323373, -268.94002773773514, 187.67109587295474, -42.648090201545301, 18904.274458744654, 8707.1177039464328, 769.89575823328255, -358.6687460671007, 57.078012202537707, -130.9309633267163, 19067.297158153422, 15460.5216989943, 486.26085932129808, 503.53786023705578, 0, 0, 3.705333396760409
22.760000000000002, 19672.429751740423, 8701.211251351353, 1162.1781096995012, -269.28964124945048, 182.39056671639963, -34.961351171533892, 18911.981425708575, 8703.5126255127325, 770.42971700587805, -359.8948109356661, 53.395877259544292, -122.60648685654112, 19072.159766746634, 15465.55707759667, 486.26085932129808, 503.53786023705578, 0, 0, 3.6953333967604074
22.77, 19684.079675734803, 8698.5121780914051, 1164.0543028585419, -269.70143107970995, 187.6193159040576, -41.178983025944603, 18919.694284024477, 8699.8941674129146, 771.00046006205389, -361.19547696640973, 57.074305617585523, -130.06660307436431, 19077.022375339846, 15470.59245619904, 486.26085932129808, 503.53786023705578, 0, 0, 3.6853333967604094
22.780000000000001, 19695.747559358937, 8695.8101440976425, 1165.8770092283469, -270.03607661076848, 182.27063698050458, -33.464553105855089, 18927.412290384676, 8696.2639585008983, 771.53391070059945, -362.41241978988052, 53.34506385455542, -121.69428234707915, 19081.884983933058, 15475.627834801409, 486.26085932129808, 503.53786023705578, 0, 0, 3.6753333967604078
22.789999999999999, 19707.434460730117, 8693.1038278287142, 1167.7524278214773, -270.43311013213776, 187.54185931304085, -39.703352136925957, 18935.136187726635, 8692.6204563298816, 772.10445969756097, -363.70428466435635, 57.054899696153008, -129.18648744758485, 19086.74759252627, 15480.663213403779, 486.26085932129808, 503.53786023705578, 0, 0, 3.6653333967604098
22.800000000000001, 19719.139303642518, 8690.3947026513742, 1169.5736701006219, -270.75271520002258, 182.12422791445272, -31.960506788482022, 18942.865224029298, 8688.9652986977944, 772.63724007668657, -364.91193702729061, 53.278037912564329, -120.7652362934229, 19091.610201119482, 15485.698592006149, 486.26085932129808, 503.53786023705578, 0, 0, 3.6553333967604082
22.809999999999999, 19730.863156132713, 8687.6814423046726, 1171.4480560464806, -271.13492818015737, 187.43859458585445, -38.221298013478489, 18950.600149380578, 8685.2969357530255, 773.20743677754479, -366.19484199364405, 57.019670085823556, -128.29049663534229, 19096.472809712694, 15490.733970608519, 486.26085932129808, 503.53786023705578, 0, 0, 3.6453333967604102
22.82, 19742.60492937432, 8684.9655256256501, 1173.2675681225708, -271.43942132823406, 181.95120760902807, -30.449314807667079, 18958.340202949366, 8681.6170144484913, 773.73938351176378, -367.3930343001644, 53.194673421903211, -119.81923065203603, 19101.335418305905, 15495.769349210888, 486.26085932129808, 503.53786023705578, 0, 0, 3.6353333967604087
22.830000000000002, 19754.365701465726, 8682.2456214731556, 1175.1406621345418, -271.80675060909783, 187.3094011971038, -36.732928086374415, 18966.086142059339, 8677.9239773274021, 774.30906850221788, -368.66681950602276, 56.968499045414838, -127.37852058583803, 19106.198026899117, 15500.804727813258, 486.26085932129808, 503.53786023705578, 0, 0, 3.6253333967604071
22.84, 19766.144370805516, 8679.523214303932, 1176.958176697525, -272.09606148464644, 181.75145629832997, -28.931087554860554, 18973.83719697213, 8674.2194807085871, 774.84001702015337, -369.85538108968427, 53.094851793547143, -118.85615836615207, 19111.060635492329, 15505.840106415628, 486.26085932129808, 503.53786023705578, 0, 0, 3.6153333967604091
22.850000000000001, 19777.942025698034, 8676.7969679355319, 1178.8297184003993, -272.44844505489652, 187.15417028743462, -35.238357025010131, 18981.594132333717, 8670.501959328747, 775.40902977917199, -371.11988568594404, 56.901275901867074, -126.4504596259774, 19115.923244085541, 15510.875485017998, 486.26085932129808, 503.53786023705578, 0, 0, 3.6053333967604075
22.859999999999999, 19789.757551612103, 8674.0683725934505, 1180.6449670713773, -272.72250449037108, 181.52486709779248, -27.405943547456204, 18989.356169400864, 8666.7730790832811, 775.93881440277153, -372.29864492636824, 52.978462359957312, -117.87592404241842, 19120.785852678753, 15515.910863620367, 486.26085932129808, 503.53786023705578, 0, 0, 3.5953333967604095
22.870000000000001, 19801.592047203623, 8671.3360868924919, 1182.5146951250122, -273.05988156072965, 186.97280536347546, -33.737707035856815, 18997.124080229521, 8663.0312667002527, 776.50699337800791, -373.55370717741215, 56.817897523636049, -125.50622510438868, 19125.648461271965, 15520.946242222737, 486.26085932129808, 503.53786023705578, 0, 0, 3.585333396760408
22.879999999999999, 19813.444384856888, 8668.6016069754205, 1184.3274085926755, -273.31862165837515, 181.27134676633796, -25.874009764548674, 19004.897076973735, 8659.2781978617804, 777.03544740692269, -374.72249162394252, 52.845402891481136, -116.878444653038, 19130.511069865177, 15525.981620825107, 486.26085932129808, 503.53786023705578, 0, 0, 3.57533339676041
22.890000000000001, 19825.315673726269, 8665.8635860926115, 1186.1950608228815, -273.64093274010656, 186.76522302059823, -32.231108173141365, 19012.675939188128, 8655.512291084533, 777.60263009503126, -375.96794902452893, 56.718268810855641, -124.54574005863903, 19135.373678458389, 15531.016999427477, 486.26085932129808, 503.53786023705578, 0, 0, 3.5653333967604084
22.900000000000002, 19837.204772956971, 8663.1235264519109, 1188.0049689878092, -273.88428696006855, 180.99081649278162, -24.335421996201106, 19020.459869826096, 8651.7352320467489, 778.12958589633604, -377.12658552716783, 52.69558013047908, -115.86365026388727, 19140.236287051601, 15536.052378029846, 486.26085932129808, 503.53786023705578, 0, 0, 3.5553333967604068
22.91, 19849.112802349904, 8660.3800757775116, 1189.8702825246953, -274.19147394669091, 186.53135368860626, -30.718698662233791, 19028.249656030541, 8647.9454308504919, 778.69560892836034, -378.3622749262388, 56.602303202433703, -123.56893990709862, 19145.098895644813, 15541.087756632216, 486.26085932129808, 503.53786023705578, 0, 0, 3.5453333967604088
22.920000000000002, 19861.038607657058, 8657.6347424892629, 1191.6771146517603, -274.41937719875745, 180.68321270650074, -22.790325206651701, 19036.044491456374, 8644.144583378511, 779.22089803179313, -379.51058977412856, 52.528910343281446, -114.83148478897576, 19149.961504238025, 15546.123135234586, 486.26085932129808, 503.53786023705578, 0, 0, 3.5353333967604073
22.93, 19872.983319474934, 8654.8861686234904, 1193.5398260757638, -274.71138345111899, 186.27114240035715, -29.200625236153641, 19043.845170925171, 8640.3310911147946, 779.7855972637949, -380.73634750578651, 56.469923200182052, -122.57577316579767, 19154.824112831237, 15551.158513836956, 486.26085932129808, 503.53786023705578, 0, 0, 3.5253333967604092
22.940000000000001, 19884.945770008879, 8652.1358689578919, 1195.3433109548869, -274.92377219023763, 180.34848791230144, -21.238873911861859, 19051.650878695793, 8636.5066603537216, 780.30905046269515, -381.87416657350195, 52.345319890029629, -113.78190677154495, 19159.686721424448, 15556.193892439325, 486.26085932129808, 503.53786023705578, 0, 0, 3.5153333967604077
22.949999999999999, 19896.927100800865, 8649.382479679467, 1197.2031564507195, -275.20054262509348, 185.98454958325294, -27.677043485582686, 19059.462417359555, 8632.6696837576583, 780.87226107179549, -383.08982859540754, 56.321060910035143, -121.56620219055584, 19164.54933001766, 15561.229271041695, 486.26085932129808, 503.53786023705578, 0, 0, 3.5053333967604097
22.960000000000001, 19908.926130357104, 8646.627522068331, 1199.0030225662138, -275.39735495081237, 179.98661154942135, -19.681232571892252, 19067.278961682143, 8628.8218782381755, 781.39370852992022, -384.21697749732914, 52.144745812467768, -112.71489019216048, 19169.411938610872, 15566.264649644065, 486.26085932129808, 503.53786023705578, 0, 0, 3.4953333967604081
22.969999999999999, 19920.944011315547, 8643.8696263010897, 1200.8597380849492, -275.65883613304089, 185.67155187353453, -26.148118222850925, 19075.101322116232, 8624.9616274326108, 781.95526511592448, -385.4223795367763, 56.155658600422882, -120.54020394471786, 19174.274547204084, 15571.300028246435, 486.26085932129808, 503.53786023705578, 0, 0, 3.4853333967604101
22.98, 19932.979548332027, 8641.1103203033599, 1202.6557137936925, -275.84001189302433, 179.59757087433968, -18.117575998343227, 19082.928663837858, 8621.0906590734467, 782.47453648032024, -386.53868378981451, 51.927136439570852, -111.6304253038213, 19179.137155797296, 15576.335406848804, 486.26085932129808, 503.53786023705578, 0, 0, 3.4753333967604085
22.990000000000002, 19945.033905291406, 8638.3482280808512, 1204.5090352232232, -276.08615213162562, 185.33214295306419, -24.614023860127787, 19090.761805253052, 8617.207347569929, 783.03427317309718, -387.73366149773966, 55.973669277692267, -119.49777079251463, 19183.999764390508, 15581.370785451174, 486.26085932129808, 503.53786023705578, 0, 0, 3.465333396760407
23, 19957.105872849417, 8635.5848843460681, 1206.3008489418926, -276.25163302939603, 179.18137186694196, -16.548089777039834, 19098.599901852584, 8613.3134316770283, 783.55119769320538, -388.8389466926796, 51.692452010816893, -110.5285194939966, 19188.86237298372, 15586.406164053544, 486.26085932129808, 503.53786023705578, 0, 0, 3.455333396760409
23.010000000000002, 19969.196626288998, 8632.8189067740532, 1208.1505122859742, -276.48238247741597, 184.96633440816086, -23.074944801996153, 19106.443780088106, 8609.4072763734039, 784.1089482659894, -390.02333580585923, 55.77505727839808, -118.43891131796238, 19193.724981576932, 15591.441542655914, 486.26085932129808, 503.53786023705578, 0, 0, 3.4453333967604074
23.02, 19981.30494211788, 8630.0518370036734, 1209.9378926875697, -276.63211218447793, 178.73804015955025, -14.972970706197529, 19114.292585670562, 8605.4906316356191, 784.62335491915837, -391.11742778759435, 51.440665316892591, -109.40919817351465, 19198.587590170144, 15596.476921258283, 486.26085932129808, 503.53786023705578, 0, 0, 3.4353333967604094
23.030000000000001, 19993.432007168249, 8627.2822862204503, 1211.78363425367, -276.84742294300435, 184.57415661001897, -21.531075852642161, 19122.147153189584, 8601.5618528100676, 785.17895290794104, -392.29106429928657, 55.559798878265617, -117.36365116922464, 19203.450198763356, 15601.512299860653, 486.26085932129808, 503.53786023705578, 0, 0, 3.4253333967604078
23.039999999999999, 20005.576583654085, 8624.5118031269321, 1213.5663104735518, -276.9813472155065, 178.26762198817045, -13.392427250216798, 19130.006618483018, 8597.6227012912204, 785.69067053151628, -393.37378935620728, 51.171762357519135, -108.27250569207163, 19208.312807356568, 15606.547678463023, 486.26085932129808, 503.53786023705578, 0, 0, 3.4153333967604098
23.050000000000001, 20017.739870107762, 8621.738992261382, 1215.4078670697127, -277.1811734418846, 184.15565961609002, -19.9826226378092, 19137.87182437077, 8593.6715225925691, 786.24394936069154, -394.53650969548943, 55.32788291753095, -116.27203392821397, 19213.17541594978, 15611.583057065392, 486.26085932129808, 503.53786023705578, 0, 0, 3.4053333967604082
23.059999999999999, 20029.920614306233, 8618.9654095249625, 1217.1855689213626, -277.2992402419743, 177.77018516498148, -11.806680008970261, 19145.741896725831, 8589.7100897196724, 786.75280679085017, -395.60769475828687, 50.885743015864001, -107.11850627974293, 19218.038024542991, 15616.618435667762, 486.26085932129808, 503.53786023705578, 0, 0, 3.3953333967604102
23.07, 20042.120026632561, 8616.189652652236, 1219.0226780622775, -277.48353826238827, 183.71091409149568, -18.429802041396812, 19153.617686690457, 8585.7367381537897, 787.30359990527177, -396.75933597833529, 55.07931144215425, -115.16412200484399, 19222.900633136203, 15621.653814270132, 486.26085932129808, 503.53786023705578, 0, 0, 3.3853333967604087
23.080000000000002, 20054.336840286196, 8613.4132848752815, 1220.7951362629879, -277.58569788441326, 177.2458200710285, -10.215962202497096, 19161.49831008277, 8581.7532527012536, 787.80942612276147, -397.818808828474, 50.582621748968364, -105.94728501387422, 19227.763241729415, 15626.689192872502, 486.26085932129808, 503.53786023705578, 0, 0, 3.3753333967604071
23.09, 20066.572277650663, 8610.6348969700393, 1222.6275363854827, -277.75442631097962, 183.24001224948046, -16.872842656634106, 19169.38462645905, 8577.7579586133361, 788.3575671263651, -398.95920880402736, 54.81410036036764, -114.03999755533695, 19232.625850322627, 15631.724571474871, 486.26085932129808, 503.53786023705578, 0, 0, 3.3653333967604091
23.100000000000001, 20078.825057210619, 8607.8560596289044, 1224.3944827921607, -277.84063151268788, 176.69464066780927, -8.6205201708229993, 19177.275741494559, 8573.7526526829733, 788.86019140929943, -400.00679829213169, 50.262428293438603, -104.75894881043588, 19237.488458915839, 15636.759950077241, 486.26085932129808, 503.53786023705578, 0, 0, 3.3553333967604075
23.109999999999999, 20091.096413498861, 8605.0753565159903, 1226.2219134802572, -277.99375136520359, 182.74306880965531, -15.311985251571414, 19185.172523250669, 8569.7356497355377, 789.4055142104379, -401.13579592636881, 54.532280113846632, -112.89976342371372, 19242.351067509051, 15641.795328679611, 486.26085932129808, 503.53786023705578, 0, 0, 3.3453333967604095
23.120000000000001, 20103.385050151493, 8602.2943659102548, 1227.9830813355206, -278.06395750409001, 176.11678552634413, -7.0206138886397014, 19193.074067174031, 8565.7087587321585, 789.90476629429372, -402.17133220075755, 49.925208385587752, -103.55362743887376, 19247.213676102263, 15646.830707281981, 486.26085932129808, 503.53786023705578, 0, 0, 3.335333396760408
23.129999999999999, 20115.692213998143, 8599.5116642127268, 1229.8052835552476, -278.20143233657649, 182.22022197268649, -13.747483248649161, 19200.981249921428, 8561.670283878535, 790.44710525792107, -403.28876764181297, 54.23389636273491, -111.74354410554463, 19252.076284695475, 15651.86608588435, 486.26085932129808, 503.53786023705578, 0, 0, 3.32533339676041
23.140000000000001, 20128.016593696528, 8596.7288374117361, 1231.5604077439666, -278.25559751151866, 175.51241887189349, -5.4165174942151424, 19208.893156627681, 8557.6220464809321, 790.9428155028703, -404.31208238740294, 49.571024494923897, -102.33147455899498, 19256.938893288687, 15656.90146448672, 486.26085932129808, 503.53786023705578, 0, 0, 3.3153333967604084
23.150000000000002, 20140.359448519128, 8593.9444544961389, 1233.3771240880635, -278.37739354369626, 181.67163440968153, -12.179603217761112, 19216.81067263431, 8553.5623399340475, 791.48200560970508, -405.41779725472867, 53.919010683477616, -110.57148673257024, 19261.801501881899, 15661.93684308909, 486.26085932129808, 503.53786023705578, 0, 0, 3.3053333967604068
23.16, 20152.719452019755, 8591.1601092827277, 1235.1259414044862, -278.41547874201439, 174.88173164227635, -3.8085198318101021, 19224.732872683893, 8549.4929980611832, 791.97400517540245, -406.42872394251106, 49.199956569741886, -101.09266877823616, 19266.664110475111, 15666.97222169146, 486.26085932129808, 503.53786023705578, 0, 0, 3.2953333967604088
23.170000000000002, 20165.097876057938, 8588.3743632014994, 1236.9369163471295, -278.52156499583577, 181.09749426432285, -10.608625382137433, 19232.660650890841, 8545.4123032574462, 792.50988218818532, -407.52256156327724, 53.587701278284769, -109.38376207661933, 19271.526719068323, 15672.007600293829, 486.26085932129808, 503.53786023705578, 0, 0, 3.2853333967604073
23.18, 20177.493378962794, 8585.5888180127895, 1238.6791657727056, -278.5435342459046, 174.22494255761325, -2.19692500687961, 19240.593071528143, 8541.3221020296041, 792.9980032161202, -408.52093571055309, 48.812102793492933, -99.837414727587571, 19276.389327661534, 15677.042978896199, 486.26085932129808, 503.53786023705578, 0, 0, 3.2753333967604092
23.190000000000001, 20189.907245322946, 8582.8020274437094, 1240.4841459343625, -278.6338826872684, 180.49801616567729, -9.0348441363778846, 19248.531037569857, 8537.2206655876635, 793.53040385306986, -409.60274136626492, 53.240063694968498, -108.18056557118166, 19281.251936254746, 15682.078357498569, 486.26085932129808, 503.53786023705578, 0, 0, 3.2653333967604077
23.199999999999999, 20202.338118127169, 8580.0156013088945, 1242.2195689263494, -278.63970321679625, 173.54229919870534, -0.58205295278312974, 19256.473602745442, 8533.109853282378, 794.01447965657167, -410.58840080780203, 48.407580350184752, -98.565944153712749, 19286.114544847958, 15687.113736100939, 486.26085932129808, 503.53786023705578, 0, 0, 3.2553333967604097
23.210000000000001, 20214.787294832771, 8577.2280854914407, 1244.0183033488397, -278.71428890255066, 179.87344224902739, -7.4585685754395428, 19264.42167897374, 8528.9879249565474, 794.54324177212663, -411.65802199128501, 52.876211555496965, -106.96211834829525, 19290.97715344117, 15692.149114703308, 486.26085932129808, 503.53786023705578, 0, 0, 3.2453333967604081
23.219999999999999, 20227.253402978124, 8574.4410979664135, 1245.7466441397526, -278.70393130262988, 172.8340790912838, 1.0357599920768763, 19272.374309370392, 8524.85675295908, 795.02310703409751, -412.63080716153451, 47.98652619708843, -97.278517024947121, 19295.839762034382, 15697.184493305678, 486.26085932129808, 503.53786023705578, 0, 0, 3.2353333967604101
23.23, 20239.737753025998, 8571.6531766349326, 1247.5388845715736, -278.76273253296557, 179.22404318209459, -5.880123033569788, 19280.332414882327, 8520.7145855872222, 795.5480698070138, -413.68809384441994, 52.496277291629902, -105.72866828854576, 19300.702370627594, 15702.219871908048, 486.26085932129808, 503.53786023705578, 0, 0, 3.2253333967604085
23.240000000000002, 20252.238956960333, 8568.8659477336769, 1249.2598904795011, -278.73617092798241, 172.10059079274532, 2.6561604983175044, 19288.295027945074, 8516.5633083353805, 796.02356078543983, -414.6478480709012, 47.549097842601185, -95.975422648126738, 19305.564979220806, 15707.255250510418, 486.26085932129808, 503.53786023705578, 0, 0, 3.215333396760407
23.25, 20264.758338383006, 8566.0779410472514, 1251.0453916714355, -278.77916940429895, 178.5501191934344, -4.2998476316555525, 19296.263078614862, 8512.4011577810088, 796.54456491429573, -415.69265298171399, 52.100412885594977, -104.48049108127906, 19310.427587814018, 15712.290629112787, 486.26085932129808, 503.53786023705578, 0, 0, 3.205333396760409
23.260000000000002, 20277.294493625966, 8563.2907911698567, 1252.7588134212131, -278.73638162777331, 171.34217497775171, 4.2787776525651822, 19304.235588585125, 8508.2300327040721, 797.0155196555653, -416.6392227896439, 47.095474126953867, -94.656980792992911, 19315.29019640723, 15717.326007715157, 486.26085932129808, 503.53786023705578, 0, 0, 3.1953333967604074
23.27, 20289.848759560344, 8560.5030196387543, 1254.5373334322087, -278.76356261608697, 177.85200109956097, -2.7180988313680956, 19312.213497100274, 8504.048157792482, 797.53240756170146, -417.67140170256323, 51.688790613611552, -103.21789129193364, 19320.152805000442, 15722.361386317527, 486.26085932129808, 503.53786023705578, 0, 0, 3.1853333967604094
23.280000000000001, 20302.419716775494, 8557.7162694959479, 1256.2429254873955, -278.70453039249333, 170.55920551868718, 5.9032223593648183, 19320.195815054292, 8499.8574452440334, 797.99866612173332, -418.60463713076837, 46.625856003188119, -93.323542820513779, 19325.015413593654, 15727.396764919897, 486.26085932129808, 503.53786023705578, 0, 0, 3.1753333967604078
23.289999999999999, 20315.008715538068, 8554.9290539045232, 1258.0142260006655, -278.71588289243562, 177.13005132699243, -1.135249994231728, 19328.183490956078, 8495.6561076922117, 798.51128215963149, -419.62404916509854, 51.261603789817414, -101.94120343301546, 19329.878022186866, 15732.432143522266, 486.26085932129808, 503.53786023705578, 0, 0, 3.1653333967604098
23.300000000000001, 20327.614320611658, 8552.1430244386102, 1259.7117469062298, -278.64059202503114, 169.75209055642159, 7.5290867404465587, 19336.175524847771, 8491.4460708766383, 798.97268683278594, -420.54380409320697, 46.140467315449314, -91.975492810844372, 19334.740630780077, 15737.467522124636, 486.26085932129808, 503.53786023705578, 0, 0, 3.1553333967604082
23.309999999999999, 20340.237895780458, 8549.3566857645692, 1261.4755935554788, -278.63610894446435, 176.38466492489158, 0.44830805667839968, 19344.172874576227, 8487.2255352167504, 799.48087750786385, -421.55031202355349, 50.819067507793925, -100.65079303464881, 19339.603239373289, 15742.502900727006, 486.26085932129808, 503.53786023705578, 0, 0, 3.1453333967604102
23.32, 20352.877989907047, 8546.5716980666548, 1263.1648062910454, -278.54454950912623, 168.92127355664996, 9.1559435338119215, 19352.174529284643, 8482.9964401092111, 799.93727306357903, -422.45644451041875, 45.639555571520525, -90.613248686524585, 19344.465847966501, 15747.538279329376, 486.26085932129808, 503.53786023705578, 0, 0, 3.1353333967604087
23.330000000000002, 20365.535980410543, 8543.7865573965355, 1264.9209689966835, -278.52422784437897, 175.6162705638086, 2.0321664747259973, 19360.181456228183, 8478.7569736054502, 800.44088725734673, -423.44991508752395, 50.361419376769824, -99.347057710521867, 19349.328456559713, 15752.573657931745, 486.26085932129808, 503.53786023705578, 0, 0, 3.1253333967604071
23.34, 20378.210400185661, 8541.0029326199165, 1266.601641340148, -278.41639438942252, 168.06723434644593, 10.783345495646117, 19368.192633609662, 8474.5090888650757, 800.89212118440753, -424.34228772078171, 45.123392706080921, -89.237263325777988, 19354.191065152925, 15757.609036534115, 486.26085932129808, 503.53786023705578, 0, 0, 3.1153333967604091
23.350000000000001, 20390.902640398788, 8538.2193110606968, 1268.3498946553023, -278.38023541112028, 174.82533151543254, 3.615897830224327, 19376.209038159544, 8470.2509614236351, 801.39101038689921, -425.32259200292515, 49.888920249163561, -98.030428214345719, 19359.053673746137, 15762.644415136485, 486.26085932129808, 503.53786023705578, 0, 0, 3.1053333967604075
23.359999999999999, 20403.61121791886, 8535.4373703303063, 1270.0217995565538, -278.25612716303567, 167.19049012515791, 12.410824808463119, 19384.229637104789, 8465.9845582997568, 801.83693314520735, -426.20107225952722, 44.592275830815154, -87.848025660208108, 19363.916282339349, 15767.679793738855, 486.26085932129808, 503.53786023705578, 0, 0, 3.0953333967604095
23.370000000000001, 20416.337537766416, 8532.6555889170086, 1271.7619230226314, -278.20413660746885, 174.01234660777595, 5.1990555566791983, 19392.255416714481, 8461.7080423717398, 802.33095169456521, -427.16808595434128, 49.401854935784968, -96.70136948140815, 19368.778890932561, 15772.715172341224, 486.26085932129808, 503.53786023705578, 0, 0, 3.085333396760408
23.379999999999999, 20429.080100736108, 8529.8756532348089, 1273.4248389870668, -278.06375768247898, 166.29159644353953, 14.037892498990203, 19400.285333210621, 8457.4233946029344, 802.77141697423849, -428.03254657185107, 44.046527967332814, -86.446061750978444, 19373.641499525773, 15777.750550943594, 486.26085932129808, 503.53786023705578, 0, 0, 3.07533339676041
23.390000000000001, 20441.840325803652, 8527.0960328339952, 1275.1566174985667, -277.99594594841824, 173.17785114999342, 6.7811734060725399, 19408.320382460297, 8453.1287650799677, 803.2604223032871, -428.98615038834714, 48.900532904856817, -95.360381649604193, 19378.504108118985, 15782.785929545964, 486.26085932129808, 503.53786023705578, 0, 0, 3.0653333967604084
23.400000000000002, 20454.616697650861, 8524.3184229801918, 1276.8103289800088, -277.83930556971791, 165.37114814421014, 15.664037870030924, 19416.359509658145, 8448.8261487857089, 803.69528729087006, -429.83646974671319, 43.486498758295397, -85.031935836607616, 19383.366716712197, 15787.821308148334, 486.26085932129808, 503.53786023705578, 0, 0, 3.0553333967604068
23.41, 20467.410649303336, 8521.5412841892321, 1278.5335531582116, -277.75568792054605, 172.32241782027984, 8.3617649171867328, 19424.403720324397, 8444.5136828880841, 804.17914018047486, -430.77654975724738, 48.385288960483344, -94.00800105341844, 19388.229325305409, 15792.856686750703, 486.26085932129808, 503.53786023705578, 0, 0, 3.0453333967604088
23.420000000000002, 20480.220649301955, 8518.7663206192192, 1280.1778509607759, -277.58280064104093, 164.4297802564376, 17.288727950512083, 19432.451948610975, 8440.1933764528094, 804.6082658319956, -431.61261227070202, 42.912565152069909, -83.606251345465864, 19393.09193389862, 15797.892065353073, 486.26085932129808, 503.53786023705578, 0, 0, 3.0353333967604073
23.43, 20493.048144810189, 8515.9919836612444, 1281.892317535878, -277.48339741203154, 171.44665751019912, 9.940322900941112, 19440.505209741877, 8435.8633536099242, 805.08683067095672, -432.53906028254494, 47.856483896116963, -92.644801184291964, 19397.954542491832, 15802.927443955443, 486.26085932129808, 503.53786023705578, 0, 0, 3.0253333967604092
23.440000000000001, 20505.891588210874, 8513.2199863981696, 1283.5269992242502, -277.29428334234251, 163.46816883722903, 18.911406968899854, 19448.562426818396, 8431.5256375593199, 805.51008199151181, -433.36075680119308, 42.325132055514118, -82.169651864816686, 19402.817151085044, 15807.962822557813, 486.26085932129808, 503.53786023705578, 0, 0, 3.0153333967604077
23.449999999999999, 20518.752440886135, 8510.4487710125886, 1285.2325114254286, -277.17912015286612, 170.55122011783746, 11.516318947639419, 19456.624624814078, 8427.1783392822672, 805.98322704269071, -434.27347073728936, 47.314505117895983, -91.27139360962677, 19407.679759678256, 15812.998201160182, 486.26085932129808, 503.53786023705578, 0, 0, 3.0053333967604097
23.460000000000001, 20531.629139055152, 8507.680059535438, 1286.8573817429358, -276.97380519431573, 162.48703175072052, 20.531495855040134, 19464.690715779449, 8422.8234961515864, 806.40047337218562, -435.08069895787264, 41.724632949491728, -80.722822058329072, 19412.542368271468, 15818.033579762552, 486.26085932129808, 503.53786023705578, 0, 0, 2.9953333967604081
23.469999999999999, 20544.523158391876, 8504.9122848639381, 1288.5537496957577, -276.84291316470666, 169.63679528218586, 13.089202960904686, 19472.761734478256, 8418.4592058976814, 806.86807104451282, -435.97958324630025, 46.75976723271831, -89.888428842758771, 19417.40497686468, 15823.068958364922, 486.26085932129808, 503.53786023705578, 0, 0, 2.9853333967604101
23.48, 20557.432918958239, 8502.1471779910571, 1290.168620989527, -276.62142924694274, 161.48712937693332, 22.148391776391207, 19480.836581918269, 8414.08752009194, 807.27918634912339, -436.77224813152856, 41.111530461053, -79.266488522832987, 19422.267585457892, 15828.104336967292, 486.26085932129808, 503.53786023705578, 0, 0, 2.9753333967604085
23.490000000000002, 20570.35991078509, 8499.3831624589966, 1291.8556621200298, -276.4748452197033, 168.70411305027744, 14.658402723945414, 19488.916302688649, 8409.7065231210509, 807.7411134750763, -437.65721410307992, 46.192712595285847, -88.496597155136001, 19427.130194051104, 15833.139715569661, 486.26085932129808, 503.53786023705578, 0, 0, 2.965333396760407
23.5, 20583.302537796077, 8496.6219782269563, 1293.4603547724375, -276.23723054255589, 160.4692652407727, 23.761467714738103, 19496.999786770932, 8405.3182807669345, 808.14597664393693, -438.43522830882881, 40.486316886066554, -77.801420574891495, 19431.992802644316, 15838.175094172031, 486.26085932129808, 503.53786023705578, 0, 0, 2.955333396760409
23.510000000000002, 20596.26230443547, 8493.862039420057, 1295.1378942171218, -276.07499730751675, 167.75394446843035, 16.223323503911104, 19505.088088609144, 8400.9208639894478, 808.60211476201903, -439.30619460204633, 45.613811808210954, -87.096629321749802, 19436.855411237528, 15843.210472774401, 486.26085932129808, 503.53786023705578, 0, 0, 2.9453333967604074
23.52, 20609.237598520624, 8491.1050949577948, 1296.7322370826366, -275.82129658661535, 159.43428655148105, 25.370072090142671, 19513.180087183962, 8396.5163527787845, 809.00060990857503, -440.06947891161553, 39.849514655599755, -76.328430956922546, 19441.71801983074, 15848.245851376771, 486.26085932129808, 503.53786023705578, 0, 0, 2.9353333967604094
23.530000000000001, 20622.229938956763, 8488.3495494940835, 1298.4001081035199, -275.64346310960804, 166.78710208831529, 17.783347700728783, 19521.276846817673, 8392.1028045950752, 809.45084555026313, -440.92637188451624, 45.02356416881139, -85.689297290069405, 19446.580628423952, 15853.28122997914, 486.26085932129808, 503.53786023705578, 0, 0, 2.9253333967604078
23.539999999999999, 20635.237697500495, 8485.5971608922537, 1299.9839389499427, -275.37372782521447, 158.38308464228535, 26.973528439356272, 19529.377235524687, 8387.6823136197618, 809.84286231765304, -441.67485564903632, 39.201676738990827, -74.848376452006278, 19451.443237017163, 15858.31660858151, 486.26085932129808, 503.53786023705578, 0, 0, 2.9153333967604098
23.550000000000001, 20648.262407556052, 8482.846324289183, 1301.6419833537241, -275.18034947974189, 165.8044403781231, 19.337834547258936, 19537.482327522572, 8383.2529237510571, 810.28708729821187, -442.51760979665795, 44.422498055882158, -84.275414762163621, 19456.305845610375, 15863.35198718388, 486.26085932129808, 503.53786023705578, 0, 0, 2.9053333967604082
23.559999999999999, 20661.302424878886, 8480.098806464659, 1303.2151493067208, -274.89463812817951, 157.31659529967686, 28.571135156239606, 19545.590979903602, 8378.8167433293311, 810.67252116797499, -443.25123138061906, 38.543386976314729, -73.362158396112136, 19461.168454203587, 15868.38736578625, 486.26085932129808, 503.53786023705578, 0, 0, 2.8953333967604102
23.57, 20674.359297400359, 8477.3529930013574, 1304.8632178670091, -274.68577692950038, 164.80685602882346, 20.886119867914573, 19553.70427679097, 8374.3718026398728, 811.11063288047001, -444.07978975741219, 43.811171249502628, -82.855837679312685, 19466.031062796799, 15873.422744388619, 486.26085932129808, 503.53786023705578, 0, 0, 2.8853333967604087
23.580000000000002, 20687.431364948876, 8474.6106595568581, 1306.4255758567208, -274.38415527647635, 156.23579897116304, 30.162165302400503, 19561.821064408825, 8369.9202241338371, 811.48938548379499, -444.79849698816895, 37.87526033249295, -71.870723075677631, 19470.893671390011, 15878.458122990989, 486.26085932129808, 503.53786023705578, 0, 0, 2.8753333967604071
23.59, 20700.520190000665, 8471.8701821314789, 1308.0635287381701, -274.15988011744116, 163.79528814494088, 22.427515903518184, 19569.942436789341, 8365.4600244442663, 811.92128719556001, -445.61281163414549, 43.190171176506524, -81.431464597651967, 19475.756279983223, 15883.493501593359, 486.26085932129808, 503.53786023705578, 0, 0, 2.8653333967604091
23.600000000000001, 20713.624096546173, 8469.133345210279, 1309.6149459465719, -273.84242145247634, 155.14172084017696, 31.745866496482691, 19578.067229352757, 8360.9933400686259, 812.29326662621156, -446.31656225412763, 37.197943065151307, -70.375061998216054, 19480.618888576435, 15888.528880195729, 486.26085932129808, 503.53786023705578, 0, 0, 2.8553333967604075
23.609999999999999, 20726.744661613386, 8466.3985151924353, 1311.2426531296633, -273.60280834037246, 162.77071830913147, 23.961311210385475, 19586.196546036281, 8356.5181739605432, 812.71886777695261, -447.11659462355914, 42.560115074102008, -80.003236943148295, 19485.481497169647, 15893.564258798098, 486.26085932129808, 503.53786023705578, 0, 0, 2.8453333967604095
23.620000000000001, 20739.880193459296, 8463.6674853281656, 1312.7830074372257, -273.26959373145979, 154.03543075623301, 33.321460891267414, 19594.32921153097, 8352.0366765825038, 813.08398890493129, -447.805356743787, 36.512112797869676, -68.876212022784145, 19490.344105762859, 15898.599637400468, 486.26085932129808, 503.53786023705578, 0, 0, 2.835333396760408
23.629999999999999, 20753.032283659246, 8460.9386124064476, 1314.4003491423184, -273.01472602503662, 161.73417050927884, 25.486770642315648, 19602.466339667528, 8347.5468371941952, 813.50320540556822, -448.59107813512105, 41.921650063690549, -78.57213913340658, 19495.206714356071, 15903.635016002838, 486.26085932129808, 503.53786023705578, 0, 0, 2.82533339676041
23.640000000000001, 20766.199224857119, 8458.2136983679848, 1315.9295295724032, -272.6658445725584, 152.91804300847275, 34.888145247821214, 19610.606744493358, 8343.050820124543, 813.86139019047278, -449.26483068849211, 35.818478490459391, -67.375255337103667, 19500.069322949283, 15908.670394605208, 486.26085932129808, 503.53786023705578, 0, 0, 2.8153333967604084
23.650000000000002, 20779.382623159479, 8455.491090392572, 1317.5363966815721, -272.39581321831599, 160.68671091688515, 27.003135424239289, 19618.75154971323, 8338.5466009378742, 814.274144721742, -450.03622267402983, 41.275453126923686, -77.13919855377064, 19504.931931542495, 15913.705773207577, 486.26085932129808, 503.53786023705578, 0, 0, 2.8053333967604068
23.66, 20792.580755733685, 8452.772599024056, 1319.0543038408739, -272.03136230714892, 151.79071593016755, 36.445091116705569, 19626.899558827492, 8334.036357713243, 814.62532252471647, -450.6949558667024, 35.117780297448249, -65.8733192672575, 19509.794540135706, 15918.741151809947, 486.26085932129808, 503.53786023705578, 0, 0, 2.7953333967604088
23.670000000000002, 20805.795243189219, 8450.0565618444834, 1320.6505983159238, -271.74626607387876, 159.62944750498741, 28.509623327016968, 19635.051905387387, 8329.5180523317704, 815.03154483447247, -451.45201072044591, 40.622230975602115, -75.705485374352747, 19514.657148728918, 15923.776530412317, 486.26085932129808, 503.53786023705578, 0, 0, 2.7853333967604073
23.68, 20819.024347370076, 8447.3447979005159, 1322.157144829144, -271.36635162251685, 150.65465132201848, 37.991445136189228, 19643.207382454126, 8324.9938764881808, 815.37565272753329, -452.09572647950654, 34.410789306087786, -64.371575906062773, 19519.51975732213, 15928.811909014687, 486.26085932129808, 503.53786023705578, 0, 0, 2.7753333967604092
23.690000000000001, 20832.269703347793, 8444.6356351986342, 1323.7427801240849, -271.06629733298871, 158.56352949409265, 30.005428952813574, 19651.367133389373, 8320.4617784065558, 815.77527992560476, -452.83844760145456, 39.962719807147451, -74.272112194801423, 19524.382365915342, 15933.847287617056, 486.26085932129808, 503.53786023705578, 0, 0, 2.7653333967604077
23.699999999999999, 20845.529557813086, 8441.9309011747227, 1325.2378910609023, -270.67103403840838, 149.51109368174193, 39.526329458030823, 19659.529940934699, 8315.9239632443096, 816.11226299705368, -453.46716001691038, 33.698307144890158, -62.871241545579664, 19529.244974508554, 15938.882666219426, 486.26085932129808, 503.53786023705578, 0, 0, 2.7553333967604097
23.710000000000001, 20858.805560245688, 8439.2289142929603, 1326.8127925270453, -270.3561367969977, 157.4901466142941, 31.489724141067654, 19667.69695821741, 8311.3783656091146, 816.5052398464245, -454.19556235194045, 39.297684937083481, -72.840233503005479, 19534.107583101766, 15943.918044821796, 486.26085932129808, 503.53786023705578, 0, 0, 2.7453333967604081
23.719999999999999, 20872.095942370343, 8436.5315102513377, 1328.2964058193229, -269.94564837388418, 148.36132922776494, 41.048842311349716, 19675.866957790691, 8306.8272039492094, 816.83505150096323, -454.80929811093455, 32.981165453871355, -61.373575899411605, 19538.970191694978, 15948.953423424166, 486.26085932129808, 503.53786023705578, 0, 0, 2.7353333967604101
23.73, 20885.402368007763, 8433.8369980163752, 1329.8605111010434, -269.61603178883388, 156.41052817205394, 32.961658505031806, 19684.041102493746, 8302.2683993113606, 817.22133070396444, -455.52340856027575, 38.62792030012222, -71.411044934121506, 19543.83280028819, 15953.988802026535, 486.26085932129808, 503.53786023705578, 0, 0, 2.7253333967604085
23.740000000000002, 20898.723054121478, 8431.1472214072946, 1331.3325779480901, -269.19045120167766, 147.20668470468985, 42.558058715619076, 19692.218154834565, 8297.7041832435934, 817.54393295603938, -456.12220737127564, 32.26022520749234, -59.879881099986278, 19548.695408881402, 15959.024180628905, 486.26085932129808, 503.53786023705578, 0, 0, 2.715333396760407
23.75, 20912.059678792244, 8428.4604799492936, 1332.8858373671899, -268.84624760058421, 155.32594190998179, 34.420360109347904, 19700.399287301298, 8293.1324633025324, 817.92347543415212, -456.82206519443434, 37.954247811272502, -69.98578231586967, 19553.558017474614, 15964.059559231275, 486.26085932129808, 503.53786023705578, 0, 0, 2.705333396760409
23.760000000000002, 20925.410444444809, 8425.7786254279908, 1334.3463226267797, -268.40571728705038, 146.04852595898262, 44.053031353381641, 19708.58325251202, 8288.5554839255201, 818.23883919296986, -457.40598019900153, 31.536375881771395, -58.391500456717381, 19558.420626067826, 15969.094937833645, 486.26085932129808, 503.53786023705578, 0, 0, 2.6953333967604074
23.77, 20938.777043324975, 8423.0999479955644, 1335.8886995532666, -268.04706792406324, 154.23769264869838, 35.864936298712728, 19716.771232531439, 8283.9711392654572, 818.61161435875829, -458.09163740386873, 37.277516578844036, -68.565720486719457, 19563.283234661038, 15974.130316436014, 486.26085932129808, 503.53786023705578, 0, 0, 2.6853333967604094
23.780000000000001, 20952.157663558948, 8420.4263072350659, 1337.3375821159998, -267.59174000792569, 144.88825627330965, 45.532791613752032, 19724.961970255194, 8279.3816864188739, 818.9197197033277, -458.66073557347465, 30.810534456943834, -56.909816960590511, 19568.145843254249, 15979.165695038384, 486.26085932129808, 503.53786023705578, 0, 0, 2.6753333967604078
23.789999999999999, 20965.554011448214, 8417.7559840061895, 1338.8690533229983, -267.21879526104442, 153.14712069984571, 37.294474688128915, 19733.156657242522, 8274.7850062373582, 819.28570572293893, -459.33225729220715, 36.598601961125546, -67.152171873248975, 19573.008451847461, 15984.201073640754, 486.26085932129808, 503.53786023705578, 0, 0, 2.6653333967604098
23.800000000000001, 20978.96426107861, 8415.0908455062017, 1340.3063264674854, -266.74883175286976, 143.72731444870141, 46.996350817463679, 19741.354026846388, 8270.1833682267079, 819.5865421654139, -459.88661980742029, 30.08364424749227, -55.436251521315697, 19577.871060440673, 15989.236452243123, 486.26085932129808, 503.53786023705578, 0, 0, 2.6553333967604082
23.809999999999999, 20992.390132683293, 8412.4291633953217, 1341.8268824678855, -266.36175130962033, 152.05560004002263, 38.708044324945362, 19749.555280028711, 8265.574640055911, 819.94572621000327, -460.54408465555559, 35.918404458938134, -65.746484813532447, 19582.733669033885, 15994.271830845493, 486.26085932129808, 503.53786023705578, 0, 0, 2.6453333967604102
23.82, 21005.829786583865, 8409.7728122874705, 1343.2525541941316, -265.87732429328213, 142.56717262460626, 48.442701633822423, 19757.759140791844, 8260.9611033702167, 820.23929294552238, -461.08380726479481, 29.356673551906621, -53.972260923920778, 19587.596277627097, 15999.307209447863, 486.26085932129808, 503.53786023705578, 0, 0, 2.6353333967604087
23.830000000000002, 21019.284956806241, 8407.1200547490935, 1344.7621995564941, -265.47627732295695, 150.96453623626675, 40.104697032516754, 19765.966819398564, 8256.3406127913258, 820.59167142989008, -461.72730768093589, 35.237848436771877, -64.350041614106374, 19592.458886220309, 16004.342588050233, 486.26085932129808, 503.53786023705578, 0, 0, 2.6253333967604071
23.84, 21032.753790201881, 8404.4727725988196, 1346.1762928947708, -264.97756912596009, 141.40933382767025, 49.870819699686585, 19774.177030704981, 8251.7154618141922, 820.87797757103999, -462.25250103585813, 28.630614114990159, -52.519335492226361, 19597.321494813521, 16009.377966652602, 486.26085932129808, 503.53786023705578, 0, 0, 2.6153333967604091
23.850000000000001, 21046.238034435446, 8401.829219427902, 1347.675046535915, -264.56273443650929, 149.87536411443648, 41.483468945079956, 19782.39099416279, 8247.0834921653841, 821.22355637769647, -462.88214359914417, 34.557880665645904, -62.964256328604684, 19602.184103406733, 16014.413345254972, 486.26085932129808, 503.53786023705578, 0, 0, 2.6053333967604075
23.859999999999999, 21059.73582320019, 8399.1912840333553, 1349.0775998283264, -264.04993778200827, 140.25532924111997, 51.279665450104233, 19790.607415698476, 8242.4470088799262, 821.50262117165823, -463.39293356361941, 27.906479396172497, -51.078996447524077, 19607.046711999945, 16019.448723857342, 486.26085932129808, 503.53786023705578, 0, 0, 2.5953333967604095
23.870000000000001, 21073.248917630248, 8396.5572111628717, 1350.5654952799548, -263.62150395957849, 148.78954516283494, 42.843382242979388, 19798.827523830496, 8237.8038409584533, 821.8414158584726, -464.00883928608931, 33.879468681442326, -61.590572246990845, 19611.909320593157, 16024.484102459712, 486.26085932129808, 503.53786023705578, 0, 0, 2.585333396760408
23.879999999999999, 21086.775438590324, 8393.9288963512008, 1351.9565624318345, -263.09482209788376, 139.10671518796707, 52.668186169474033, 19807.050015784476, 8233.156304646649, 822.11326888485405, -464.50536721560945, 27.185302638144954, -49.652792952014451, 19616.771929186369, 16029.519481062081, 486.26085932129808, 503.53786023705578, 0, 0, 2.57533339676041
23.890000000000001, 21100.317160499344, 8391.3045756472857, 1353.4336480784814, -262.65298762691731, 147.7085646646905, 44.183447096646752, 19815.276129013168, 8228.50221640563, 822.44530487438681, -465.10767180646434, 33.203598953274167, -60.2304590854895, 19621.634537779581, 16034.554859664451, 486.26085932129808, 503.53786023705578, 0, 0, 2.5653333967604084
23.900000000000002, 21113.872191740604, 8388.6861510687577, 1354.8132987767101, -262.11263444420661, 137.96506982287781, 54.035318271068334, 19823.50455228212, 8223.8439033427403, 822.70998622169873, -465.59009479474565, 26.468134731188542, -48.242298828131688, 19626.497146372792, 16039.590238266821, 486.26085932129808, 503.53786023705578, 0, 0, 2.5553333967604068
23.91, 21127.442319817656, 8386.0718501238898, 1356.2796380622565, -261.65760780593899, 146.63392855464917, 45.502663826762017, 19831.736531835566, 8219.1791695833126, 823.03529897027317, -466.17894889343381, 32.531274857447634, -58.885409868813113, 19631.359754966004, 16044.625616869191, 486.26085932129808, 503.53786023705578, 0, 0, 2.5453333967604088
23.920000000000002, 21141.025640996708, 8383.4635810443015, 1357.6479579575443, -261.10380790781761, 136.83198952877939, 55.379989812141041, 19839.97074823155, 8214.5103527280371, 823.29285938896669, -466.64743998289339, 25.756041869346561, -46.849108945954818, 19636.222363559216, 16049.66099547156, 486.26085932129808, 503.53786023705578, 0, 0, 2.5353333967604073
23.93, 21154.623955650284, 8380.8595629690171, 1359.1036295575002, -260.63580765494328, 145.56715999559492, 46.800025287433826, 19848.208456352608, 8209.8352447875841, 823.61149453349992, -467.22300935786637, 31.86351445331977, -57.556937497298897, 19641.084972152428, 16054.69637407393, 486.26085932129808, 503.53786023705578, 0, 0, 2.5253333967604092
23.940000000000001, 21168.235348308612, 8378.261710060955, 1360.4607204076663, -260.06879642244212, 135.70908501661413, 56.701123250114755, 19856.448328813392, 8205.1561934687143, 823.86199556346151, -467.67775771059985, 25.0501029961552, -45.474835273347971, 19645.94758074564, 16059.7317526763, 486.26085932129808, 503.53786023705578, 0, 0, 2.5153333967604077
23.949999999999999, 21181.861631982039, 8375.6682332746514, 1361.9058183644097, -259.5880512276662, 144.50979567433265, 48.074519477593597, 19864.691628971235, 8200.4709789059598, 824.17400904404985, -468.24022342053877, 31.201348058834352, -56.246570993893251, 19650.810189338852, 16064.76713127867, 486.26085932129808, 503.53786023705578, 0, 0, 2.5053333967604097
23.960000000000001, 21195.500879862251, 8373.0810524081407, 1363.2517981356957, -259.00807484322604, 134.59797712859304, 57.997638444014179, 19872.93702177273, 8195.7819585063662, 824.41752311443918, -468.68143444639298, 24.351407038935822, -44.121102585423856, 19655.672797932064, 16069.802509881039, 486.26085932129808, 503.53786023705578, 0, 0, 2.4953333967604081
23.969999999999999, 21209.154917350879, 8370.4983704295664, 1364.6864319538608, -258.51482351938068, 143.46338181650356, 49.325132384532843, 19881.185778876217, 8191.0869007841884, 824.72298127068666, -469.23099296067073, 30.545815624743128, -54.955851427775336, 19660.535406525276, 16074.837888483409, 486.26085932129808, 503.53786023705578, 0, 0, 2.4853333967604101
23.98, 21222.82180671427, 8367.9221124627584, 1366.0214348773334, -257.9221389603411, 133.50029234725375, 59.268455903957459, 19889.436557846413, 8186.3881724230068, 824.95959177000623, -469.6588883989898, 23.661049931960132, -42.789543831906343, 19665.398015118488, 16079.873267085779, 486.26085932129808, 503.53786023705578, 0, 0, 2.4753333967604085
23.990000000000002, 21236.503385483531, 8365.3504737008152, 1367.4457295765628, -257.41663044971892, 142.42946992294992, 50.5508510622195, 19897.690638458698, 8181.6835305898903, 825.25857140908386, -470.19575167412273, 29.897963907760541, -53.686327513294636, 19670.2606237117, 16084.908645688149, 486.26085932129808, 503.53786023705578, 0, 0, 2.465333396760407
24, 21250.197705428, 8362.7853842713612, 1368.7699061567184, -256.81150544682725, 132.41765801555411, 60.512500289165956, 19905.946671192505, 8176.9753508038748, 825.48837272339176, -470.61056962576436, 22.980131430794934, -41.481795164163145, 19675.123232304912, 16089.944024290518, 486.26085932129808, 503.53786023705578, 0, 0, 2.455333396760409
24.010000000000002, 21263.906615931402, 8360.2250318169354, 1370.1840022790436, -256.29399877737933, 141.40961223251634, 51.750666944792442, 19914.205943746256, 8172.2613791749845, 825.78096115783967, -471.13496513462371, 29.258843444794955, -52.439550885933144, 19679.985840898124, 16094.979402892888, 486.26085932129808, 503.53786023705578, 0, 0, 2.4453333967604074
24.02, 21277.628158708783, 8357.6713511347843, 1371.4975192517995, -255.6767117358479, 131.35169727558534, 61.728704153143411, 19922.467099820591, 8167.5439996000441, 826.00405867505708, -471.53696004088567, 22.309751721741069, -40.199490626196429, 19684.848449491335, 16100.014781495258, 486.26085932129808, 503.53786023705578, 0, 0, 2.4353333967604094
24.030000000000001, 21291.364194704838, 8355.1225225543349, 1372.9015728209845, -255.14747594190882, 140.40535691849843, 52.923579393907161, 19930.731434833142, 8162.820947438976, 826.29035372837632, -472.04913075147959, 28.629505331926229, -51.217071059393817, 19689.711058084547, 16105.050160097628, 486.26085932129808, 503.53786023705578, 0, 0, 2.4253333967604078
24.039999999999999, 21305.112756036608, 8352.5804851967059, 1374.2046130583499, -254.5183158225876, 130.30402373654212, 62.916011932123538, 19938.9975860216, 8158.094614492984, 826.50686380670027, -472.43857331665248, 21.651007832389993, -38.944256517289467, 19694.573666677759, 16110.085538699997, 486.26085932129808, 503.53786023705578, 0, 0, 2.4153333967604098
24.050000000000001, 21318.875714903646, 8350.0434123284012, 1375.5987954886382, -253.97762982782584, 139.41824302883578, 54.068599476175784, 19947.266856309339, 8153.3627256953068, 826.78697378483832, -472.93877761736405, 28.010997813802973, -50.02043007115671, 19699.436275270971, 16115.120917302367, 486.26085932129808, 503.53786023705578, 0, 0, 2.4053333967604082
24.060000000000002, 21332.651094293917, 8347.5132470377484, 1376.8915578474894, -253.33689598611795, 129.27623588511929, 64.073384170788813, 19955.537876795664, 8148.6276802633174, 826.9970236833492, -473.31595467173236, 21.004989851084577, -37.717705436828069, 19704.298883864183, 16120.156295904737, 486.26085932129808, 503.53786023705578, 0, 0, 2.3953333967604067
24.07, 21346.440777341668, 8344.9881557909812, 1378.2760557993147, -252.78504844646849, 138.44979518253979, 55.184753964945642, 19963.811957686903, 8143.887193043076, 827.27106731025731, -473.80446623999757, 27.404362690807957, -48.851156826523251, 19709.161492457395, 16125.191674507107, 486.26085932129808, 503.53786023705578, 0, 0, 2.3853333967604087
24.080000000000002, 21360.24277838635, 8342.4700852768128, 1379.5587549118691, -252.13305042671138, 128.26991125544765, 65.199801975711779, 19972.087724276549, 8139.1436701661723, 827.47479507991557, -474.1696805402616, 20.372776965829637, -36.521430026404246, 19714.024101050607, 16130.227053109476, 486.26085932129808, 503.53786023705578, 0, 0, 2.3753333967604071
24.09, 21374.058991163172, 8339.9571954359799, 1380.9337700922549, -251.57033953113856, 137.50151803857437, 56.271089557282011, 19980.366493822083, 8134.394816746596, 827.74290139545519, -474.64678815181685, 26.810631553961976, -47.710761155528033, 19718.886709643819, 16135.262431711846, 486.26085932129808, 503.53786023705578, 0, 0, 2.3653333967604091
24.100000000000001, 21387.887421854153, 8337.4514361814217, 1382.2066360960355, -250.90739681428965, 127.28660037804828, 66.294271684891356, 19988.646886151037, 8129.6430453156136, 827.94045572880395, -475.00035811608728, 19.755433334881545, -35.356996427042688, 19723.749318237031, 16140.297810314216, 486.26085932129808, 503.53786023705578, 0, 0, 2.3553333967604075
24.109999999999999, 21401.729974448695, 8334.9509612148722, 1383.5723850015918, -250.33413004133931, 136.57489055564079, 57.326677295035431, 19996.930225331602, 8124.8860516253126, 828.20276394739528, -475.46636539208419, 26.230821859137471, -46.600727599692505, 19728.611926830243, 16145.333188916586, 486.26085932129808, 503.53786023705578, 0, 0, 2.3453333967604095
24.120000000000001, 21415.584647471791, 8332.4577232889187, 1384.8356632069062, -249.66057174396116, 126.32782053145611, 67.35582973781429, 20005.215126071645, 8120.1262540807702, 828.39430398543732, -475.80862476682802, 19.154003804202247, -34.225937474384459, 19733.474535423455, 16150.368567518955, 486.26085932129808, 503.53786023705578, 0, 0, 2.335333396760408
24.129999999999999, 21429.453354807869, 8329.9698701640555, 1386.192376807559, -249.0770655722099, 135.67136006526164, 58.350617175126573, 20013.502919001428, 8115.3613394567592, 828.65096331398695, -476.26384985633138, 25.665932854963319, -45.522508950338377, 19738.337144016667, 16155.403946121325, 486.26085932129808, 503.53786023705578, 0, 0, 2.32533339676041
24.140000000000001, 21443.334087833344, 8327.4893570404929, 1387.4463273007868, -248.39323009493035, 125.39504932278263, 68.383547727956653, 20021.792214060992, 8110.5937314963476, 828.83665840887556, -476.59514731290983, 18.56950948886233, -33.129745657847906, 19743.199752609878, 16160.439324723695, 486.26085932129808, 503.53786023705578, 0, 0, 2.3153333967604084
24.150000000000002, 21457.228769956779, 8325.0143260459827, 1388.7942506626171, -247.79980966561254, 134.79233618302831, 59.342042931780952, 20030.084348186287, 8105.8211083952838, 829.08782782268167, -477.03992250854185, 25.116941380609088, -44.477519563202534, 19748.06236120309, 16165.474703326065, 486.26085932129808, 503.53786023705578, 0, 0, 2.3053333967604068
24.16, 21471.135385921123, 8322.5467344299686, 1390.0391478438944, -247.10604428945823, 124.48971812772918, 69.376537615431758, 20038.377926906, 8101.0458986903168, 829.26785725506693, -477.36062116729204, 18.002943238524917, -32.069865875019659, 19752.924969796302, 16170.510081928434, 486.26085932129808, 503.53786023705578, 0, 0, 2.2953333967604088
24.170000000000002, 21485.05586827725, 8320.0847190061195, 1391.3785396897633, -246.50304301976377, 133.93918458688813, 60.300126969446247, 20046.674293198183, 8096.2657724093724, 829.51370523059234, -477.79529245208266, 24.584797552535086, -43.467128479064975, 19757.787578389514, 16175.545460530804, 486.26085932129808, 503.53786023705578, 0, 0, 2.2853333967604073
24.18, 21498.988195654962, 8317.6302386694824, 1392.6146717439963, -245.79970344901724, 123.61320542329092, 70.333957074651195, 20054.972048540239, 8091.4831623316495, 829.68825788068398, -478.1057693322428, 17.455265009160129, -31.047688016014185, 19762.650186982726, 16180.580839133174, 486.26085932129808, 503.53786023705578, 0, 0, 2.2753333967604092
24.190000000000001, 21512.934309355507, 8315.1814252478052, 1393.9458039509354, -245.18746259479306, 133.11322069391758, 61.22408542241967, 20063.272541682101, 8086.6957307404691, 829.92896208429613, -478.53069585607687, 24.070420361215469, -42.492652383409805, 19767.512795575938, 16185.616217735544, 486.26085932129808, 503.53786023705578, 0, 0, 2.2653333967604077
24.199999999999999, 21526.892182419524, 8312.7402388740993, 1395.1734722514389, -244.47491244531582, 122.76683005033814, 71.255014947724646, 20071.57437041252, 8081.9059141009957, 830.09823605595636, -478.83134125025276, 16.927397166025408, -30.064539417588655, 19772.37540416915, 16190.651596337913, 486.26085932129808, 503.53786023705578, 0, 0, 2.2553333967604097
24.210000000000001, 21540.863764497528, 8310.3048067271429, 1396.4966292841464, -243.85378061218304, 132.31570327076059, 62.113183313277176, 20079.878888977059, 8077.1113673862264, 830.33398298797226, -479.24689473468209, 23.574693201587657, -41.555348442932512, 19777.238012762362, 16195.686974940283, 486.26085932129808, 503.53786023705578, 0, 0, 2.2453333967604081
24.219999999999999, 21554.847023567036, 8307.8770897675367, 1397.7161477286081, -243.13239084447224, 121.95184444616982, 72.138976771081389, 20088.184691839899, 8072.3145301872946, 830.49818518542361, -479.53811150698891, 16.420219745132208, -29.121677230681485, 19782.100621355574, 16200.722353542653, 486.26085932129808, 503.53786023705578, 0, 0, 2.2353333967604101
24.23, 21568.843917218524, 8305.4552108700591, 1399.0316260087648, -242.5027234466811, 131.54782801565406, 62.96673977911388, 20096.493138460657, 8067.5130506111655, 830.72916977905425, -479.94467557759282, 23.098459363062659, -40.656407060390983, 19786.963229948786, 16205.757732145023, 486.26085932129808, 503.53786023705578, 0, 0, 2.2253333967604085
24.240000000000002, 21582.852408892795, 8303.0411314111425, 1400.2433202876689, -241.77287174329027, 121.16942789040766, 72.985170339083169, 20104.802820343302, 8062.709370813277, 830.88851543608303, -480.22687838508739, 15.934565702878823, -28.220280749456407, 19791.825838541998, 16210.793110747392, 486.26085932129808, 503.53786023705578, 0, 0, 2.215333396760407
24.25, 21596.874463703844, 8300.6329703137089, 1401.5514274991995, -241.13503040997949, 130.81072115305579, 63.784133331076809, 20113.11510187529, 8057.9011324877374, 831.1149406111557, -480.62484783102224, 22.6425175072733, -39.796944593486714, 19796.68844713521, 16215.828489349762, 486.26085932129808, 503.53786023705578, 0, 0, 2.205333396760409
24.260000000000002, 21610.908041080806, 8298.2326889582982, 1402.7556342973051, -240.39710049733068, 120.42067981056367, 73.792991264881721, 20121.428571963828, 8053.0907797928639, 831.2696527730136, -480.89846226856281, 15.471216185791217, -27.361443754057714, 19801.551055728421, 16220.863867952132, 486.26085932129808, 503.53786023705578, 0, 0, 2.1953333967604074
24.27, 21624.955113238742, 8295.8384026743915, 1404.056688628152, -239.75145242623734, 130.10543308469028, 64.564807109335121, 20129.744599634134, 8048.2759484707649, 831.49172894465255, -481.28824222943655, 22.207617163893293, -38.977996087376503, 19806.413664321633, 16225.899246554502, 486.26085932129808, 503.53786023705578, 0, 0, 2.1853333967604094
24.280000000000001, 21639.013636117004, 8293.4520724364029, 1405.2537547601139, -239.00583334128197, 119.70661319618388, 74.561908495535619, 20138.061771557957, 8043.4590841234321, 831.64203790319573, -481.5537038986667, 15.030895854319514, -26.546166923014287, 19811.276272914845, 16230.934625156871, 486.26085932129808, 503.53786023705578, 0, 0, 2.1753333967604078
24.289999999999999, 21653.085588604426, 8291.0718103441031, 1406.5480840815464, -238.35275060035636, 129.43293214325718, 65.308274092560509, 20146.381461105131, 8038.6378170082344, 831.85998244596351, -481.93570897940623, 21.794454276773322, -38.200508073955412, 19816.138881508057, 16235.970003759241, 486.26085932129808, 503.53786023705578, 0, 0, 2.1653333967604098
24.300000000000001, 21667.168923667468, 8288.6995765585598, 1407.7383655632784, -237.59983590300695, 119.02814817318837, 75.291469734940478, 20154.702253069834, 8033.8145936158844, 832.0061251289311, -482.19346248315827, 14.61426829675724, -25.775350375206596, 19821.001490101269, 16241.005382361611, 486.26085932129808, 503.53786023705578, 0, 0, 2.1553333967604082
24.310000000000002, 21681.265626437875, 8286.3334803178623, 1409.0263065482545, -236.9396946808298, 128.79409849761612, 66.014122217713577, 20163.025524871147, 8028.9870391913282, 832.22016179727768, -482.56811579810653, 21.403666834662083, -37.465331494824937, 19825.864098694481, 16246.040760963981, 486.26085932129808, 503.53786023705578, 0, 0, 2.1453333967604067
24.32, 21695.373647419226, 8283.9754805670636, 1410.2101676061664, -236.17988161356897, 118.3861057911874, 75.981306726082352, 20171.349859778857, 8024.1576005653869, 832.36238111298167, -482.81861366214139, 14.221931570402401, -25.049786403485527, 19830.726707287693, 16251.07613956635, 486.26085932129808, 503.53786023705578, 0, 0, 2.1353333967604087
24.330000000000002, 21709.494977553026, 8281.6236840538331, 1411.49206478876, -235.51306141992896, 128.18971825935895, 66.682019363999274, 20179.676638964578, 8019.3238984465443, 832.57273941919959, -483.18634581021058, 21.035830621788627, -36.773214806921025, 19835.589315880905, 16256.11151816872, 486.26085932129808, 503.53786023705578, 0, 0, 2.1253333967604071
24.34, 21723.627565381226, 8279.2800481106842, 1412.6698768095539, -234.74675001652474, 117.78120207939294, 76.631140340421155, 20188.004444520855, 8014.4883794655725, 832.71128355829262, -483.43004733487322, 13.85441390929895, -24.370152466262532, 19840.451924474117, 16261.14689677109, 486.26085932129808, 503.53786023705578, 0, 0, 2.1153333967604091
24.350000000000001, 21737.773407220997, 8276.9426773682426, 1413.9460815879877, -234.07363283501118, 127.62047784337057, 67.311718151357397, 20196.334661074707, 8009.6486602726236, 832.91819810954962, -483.79129530821115, 20.69145512570077, -36.124797333789886, 19845.314533067329, 16266.18227537346, 486.26085932129808, 503.53786023705578, 0, 0, 2.1053333967604075
24.359999999999999, 21751.930450143242, 8274.6135271577059, 1415.1182220122569, -233.30122498080092, 117.21404242692296, 77.240785421025649, 20204.665869881246, 8004.8071867688659, 833.05331980593235, -484.02866535325586, 13.512169638276648, -23.737004504469009, 19850.177141660541, 16271.217653975829, 486.26085932129808, 503.53786023705578, 0, 0, 2.0953333967604095
24.370000000000001, 21766.10069540716, 8272.2907003669734, 1416.3890915986085, -232.62219437577349, 127.08695863515348, 67.903060502743813, 20212.999458726252, 7999.9615720248939, 833.25702960233355, -484.38387138252102, 20.37097964012483, -35.520602926518535, 19855.039750253753, 16276.253032578199, 486.26085932129808, 503.53786023705578, 0, 0, 2.085333396760408
24.379999999999999, 21780.282089090597, 8269.9761499465149, 1417.5559427620508, -231.84409282253182, 116.68511634422048, 77.810155324167312, 20221.334008358575, 7995.1142606954709, 833.3889853556725, -484.6153790890537, 13.195575333899658, -23.150770653270754, 19859.902358846964, 16281.288411180569, 486.26085932129808, 503.53786023705578, 0, 0, 2.07533339676041
24.390000000000001, 21794.47663696302, 8267.6679774155764, 1418.8218390822365, -231.15953300335516, 126.58963201857219, 68.455981917666918, 20229.670909427572, 7990.2628627494805, 833.58973305168718, -484.96498942905578, 20.07476960147061, -34.961034000209288, 19864.764967440176, 16286.323789782939, 486.26085932129808, 503.53786023705578, 0, 0, 2.0653333967604084
24.400000000000002, 21808.68228457274, 8265.3681329754581, 1419.9837870088604, -230.37614034232521, 116.19479266238935, 78.339266102994245, 20238.00874249703, 7985.4098210933771, 833.71878231441951, -485.19110688324474, 12.904926273233849, -22.61174541889639, 19869.627576033388, 16291.359168385308, 486.26085932129808, 503.53786023705578, 0, 0, 2.0553333967604068
24.41, 21822.901041771052, 8263.0747171493458, 1421.245075557038, -229.68643518829083, 126.12885481776092, 68.970515403438682, 20246.348900787154, 7980.5527430696429, 833.91681344639858, -485.53557054337278, 19.803113197901201, -34.446366012805591, 19874.4901846266, 16296.394546987678, 486.26085932129808, 503.53786023705578, 0, 0, 2.0453333967604088
24.420000000000002, 21837.130854023908, 8260.7896770335046, 1422.4025087093062, -228.89815278552734, 115.74331522682324, 78.82824027634733, 20254.689964986599, 7975.6940693515508, 834.04321777851135, -485.7567713872856, 12.640433211278435, -22.12008439128191, 19879.352793219812, 16301.429925590048, 486.26085932129808, 503.53786023705578, 0, 0, 2.0353333967604073
24.43, 21851.373734840781, 8258.5111125249005, 1423.6595573613718, -228.20368483542632, 125.70486520654974, 69.446795010102164, 20263.033330597129, 7970.8314051263096, 834.2387799614097, -486.09653881181958, 19.556218289837496, -33.976742453396284, 19884.215401813024, 16306.465304192418, 486.26085932129808, 503.53786023705578, 0, 0, 2.0253333967604092
24.440000000000001, 21865.627630034265, 8256.2409672730646, 1424.8128653527742, -227.41091173416544, 115.33079914024513, 79.277310126086604, 20271.377578729673, 7965.9671883682568, 834.36280215668216, -486.31329680744494, 12.402219527248494, -21.675799562537442, 19889.078010406236, 16311.500682794787, 486.26085932129808, 503.53786023705578, 0, 0, 2.0153333967604077
24.449999999999999, 21879.894556354662, 8253.97734091456, 1426.0660431441502, -226.7120611450122, 125.31777913758816, 69.885058915323867, 20279.724106882692, 7961.0990225746209, 834.55614425348369, -486.64881851150955, 19.334209680152668, -33.55217040645789, 19893.940618999448, 16316.536061397157, 486.26085932129808, 503.53786023705578, 0, 0, 2.0053333967604097
24.460000000000001, 21894.172460370246, 8251.7221733261795, 1427.2156154202335, -225.91519294033867, 114.95722760833603, 79.686820467351666, 20288.071496873043, 7956.2293425762082, 834.67804744127113, -486.86160606470622, 12.190318778739542, -21.278755319665333, 19898.80322759266, 16321.571439999527, 486.26085932129808, 503.53786023705578, 0, 0, 1.9953333967604081
24.469999999999999, 21908.463361662551, 8249.4735642445776, 1428.4652912936488, -225.21233642027286, 124.96758734153111, 70.285652006581898, 20296.42114791647, 7951.3557506380475, 834.8694187089834, -487.19333123227614, 19.137126771225812, -33.172516756989744, 19903.665836185872, 16326.606818601897, 486.26085932129808, 503.53786023705578, 0, 0, 1.9853333967604101
24.48, 21922.765207942903, 8247.2334494650004, 1429.611515788037, -224.41176411189576, 114.62244943882824, 80.057230837708602, 20304.771642804466, 7946.4806780259478, 834.98946543599709, -487.40261788405473, 12.004672701370032, -20.928665177858427, 19908.528444779084, 16331.642197204266, 486.26085932129808, 503.53786023705578, 0, 0, 1.9753333967604085
24.490000000000002, 21937.080021223726, 8244.9999291780678, 1430.858057317482, -223.705273832801, 124.65415294449417, 70.649027909476828, 20313.124382197071, 7941.6017262213427, 835.17911465244379, -487.7309929350497, 18.964921644671652, -32.83750509949558, 19913.391053372296, 16336.677575806636, 486.26085932129808, 503.53786023705578, 0, 0, 1.965333396760407
24.5, 21951.405750723487, 8242.7749348072975, 1432.001319089901, -222.90138266226572, 114.32617724189554, 80.389117053528054, 20321.477950113051, 7936.7213225285941, 835.29756594933895, -487.9372438282258, 11.845129689514899, -20.625089317611703, 19918.253661965507, 16341.712954409006, 486.26085932129808, 503.53786023705578, 0, 0, 1.955333396760409
24.510000000000002, 21965.744420495848, 8240.5565673432375, 1433.2450911873923, -222.19162515813261, 124.37720974913152, 70.975750413310209, 20329.833748391182, 7931.8370680833004, 835.4857405253158, -488.26271096233398, 18.817457597690677, -32.546713410818008, 19923.116270558719, 16346.748333011376, 486.26085932129808, 503.53786023705578, 0, 0, 1.9453333967604074
24.52, 21980.093981605678, 8238.3467535674699, 1434.3857710511436, -221.38479343727334, 114.06798637512526, 80.683172085926913, 20338.190362513003, 7926.9513858587297, 835.60285496322263, -488.46638529217267, 11.711443790682383, -20.367432983869236, 19927.978879151931, 16351.783711613745, 486.26085932129808, 503.53786023705578, 0, 0, 1.9353333967604094
24.530000000000001, 21994.456459770372, 8236.1435956072346, 1435.6271346633478, -220.67212849478423, 124.13636122041129, 71.266494248910533, 20346.549195238862, 7922.0618770699266, 835.78980004489347, -488.78938101759331, 18.694508167086674, -32.299572542066002, 19932.841487745143, 16356.819090216115, 486.26085932129808, 503.53786023705578, 0, 0, 1.9253333967604078
24.539999999999999, 22008.829808214206, 8233.9490153532188, 1436.7656078100772, -219.86272643266688, 113.84731467293702, 80.94020621173695, 20354.908833730449, 7917.1709600178801, 835.90583278733106, -488.99093047560933, 11.603274243762268, -20.154945801602274, 19937.704096338355, 16361.854468818485, 486.26085932129808, 503.53786023705578, 0, 0, 1.9153333967604098
24.550000000000001, 22023.21605395434, 8231.7611163956681, 1438.0049186122167, -219.14750598089978, 123.93108021395662, 71.522045176710009, 20363.270681421822, 7912.2762364082864, 836.09179035402906, -489.31188413142166, 18.595756669800387, -32.095365581235434, 19942.566704931567, 16366.889847420854, 486.26085932129808, 503.53786023705578, 0, 0, 1.9053333967604082
24.560000000000002, 22037.613152659913, 8229.5818155078196, 1439.1415532421568, -218.33589451688945, 113.66346299400033, 81.161146401032937, 20371.6333273532, 7907.3801195586639, 836.20699220989911, -489.51175135196962, 11.520185587005498, -19.986722054798058, 19947.429313524779, 16371.925226023224, 486.26085932129808, 503.53786023705578, 0, 0, 1.8953333967604067
24.57, 22052.023132298757, 8227.4092180575535, 1440.3791603369455, -217.61846152340055, 123.76070947887473, 71.743299348889423, 20379.998175394743, 7902.4802120609247, 836.39220017274579, -489.83108363328034, 18.520796284667373, -31.933228131072251, 19952.291922117991, 16376.960604625594, 486.26085932129808, 503.53786023705578, 0, 0, 1.8853333967604087
24.580000000000002, 22066.443951241617, 8225.2452354975558, 1441.514316303095, -216.80499117431998, 113.51559661494677, 81.347034908056287, 20388.363816643723, 7897.5789219692961, 836.50681665632487, -490.02970065297535, 11.461648357909226, -19.861701969499222, 19957.154530711203, 16381.995983227964, 486.26085932129808, 503.53786023705578, 0, 0, 1.8753333967604071
24.59, 22080.877638074093, 8223.0879752750989, 1442.7505609327154, -216.08567855517506, 123.62446296204958, 71.931261914491813, 20396.73165517989, 7892.6738531403353, 836.69150796329097, -490.34782214838236, 18.469130696614034, -31.812149540701036, 19962.017139304415, 16387.031361830333, 486.26085932129808, 503.53786023705578, 0, 0, 1.8653333967604091
24.600000000000001, 22095.322154095546, 8220.9393433436035, 1443.8845884076381, -215.27068828478536, 113.40274749227636, 81.499027038971164, 20405.100284315584, 7887.7674081177465, 836.80577836731754, -490.54560888871902, 11.427040402662209, -19.778674033667873, 19966.879747897627, 16392.066740432703, 486.26085932129808, 503.53786023705578, 0, 0, 1.8553333967604075
24.609999999999999, 22109.779528193812, 8218.7974495174822, 1445.1198026869868, -214.54981783635813, 123.52142793485126, 72.087044842724183, 20413.471108125555, 7882.8571923825912, 836.99018012051977, -490.86291863993966, 18.440175320219389, -31.730975122065576, 19971.742356490839, 16397.102119035073, 486.26085932129808, 503.53786023705578, 0, 0, 1.8453333967604095
24.620000000000001, 22124.247724793295, 8216.6641940973295, 1446.2530408610578, -213.73363395558292, 113.32381740710966, 81.618388077522383, 20421.842722274083, 7877.9456027544347, 837.10433660859621, -491.06028142371559, 11.415648807648546, -19.736278377592882, 19976.60496508405, 16402.137497637443, 486.26085932129808, 503.53786023705578, 0, 0, 1.835333396760408
24.629999999999999, 22138.728772787097, 8214.5376895373665, 1447.4875465406217, -213.01151531611336, 123.45056795637831, 72.211863946954978, 20430.216530629037, 7873.0302466787916, 837.28866919974303, -491.37716551745183, 18.43325911467608, -31.688409373622484, 19981.467573677262, 16407.172876239812, 486.26085932129808, 503.53786023705578, 0, 0, 1.82533339676041
24.640000000000001, 22153.220639889802, 8212.4198303576086, 1448.6203223606219, -212.19445042253673, 113.27758200001885, 81.706489357663941, 20438.591131321904, 7868.1135150719329, 837.40293592434489, -491.57449562974313, 11.42667246019057, -19.733011229132156, 19986.330182270474, 16412.208254842182, 486.26085932129808, 503.53786023705578, 0, 0, 1.8153333967604084
24.650000000000002, 22167.72535472241, 8210.308731908648, 1449.8544296274254, -211.4713800715412, 123.4107266803537, 72.307035099553147, 20446.967927825197, 7863.193017662602, 837.58741219431624, -491.89132583199086, 18.447626997136307, -31.683020224771539, 19991.192790863686, 16417.243633444552, 486.26085932129808, 503.53786023705578, 0, 0, 1.8053333967604068
24.66, 22182.240888423039, 8208.2062828284543, 1450.9870565843828, -210.65373203673687, 113.26269569574966, 81.764803480434537, 20455.345520830928, 7858.2711393197151, 837.70200444671968, -492.08899813647565, 11.459225240348626, -19.767230448481953, 19996.055399456898, 16422.279012046922, 486.26085932129808, 503.53786023705578, 0, 0, 1.7953333967604088
24.670000000000002, 22196.769269083758, 8206.1106016035319, 1452.2210629094407, -209.92999234038146, 123.40063250579104, 72.373969635540618, 20463.725313241823, 7853.3454923517047, 837.88682887528307, -492.40613057952953, 18.482442856335386, -31.713244305385729, 20000.91800805011, 16427.314390649291, 486.26085932129808, 503.53786023705578, 0, 0, 1.7853333967604073
24.68, 22211.30847136748, 8204.023570914931, 1453.353839884528, -209.11204335356038, 113.27769750874852, 81.794898682109007, 20472.105908381553, 7848.4184554715894, 838.00195227367487, -492.60450220088632, 11.512339839176652, -19.837162135680032, 20005.780616643322, 16432.349769251661, 486.26085932129808, 503.53786023705578, 0, 0, 1.7753333967604092
24.690000000000001, 22225.860522601935, 8201.9433126067379, 1454.5880289251595, -208.3879016640372, 123.41890406313902, 72.414168952318064, 20480.488708423265, 7843.4876438405954, 838.18732020529774, -492.92227613322524, 18.536793162287545, -31.777393233892877, 20010.643225236534, 16437.385147854031, 486.26085932129808, 503.53786023705578, 0, 0, 1.7653333967604077
24.699999999999999, 22240.423401043845, 8199.8717033549528, 1455.7212391022827, -207.56991734033929, 113.32101771232215, 81.798432369790632, 20488.872319371148, 7838.5554299430196, 838.30316992722715, -493.12168521615916, 11.58497219294007, -19.940908293390365, 20015.505833829746, 16442.420526456401, 486.26085932129808, 503.53786023705578, 0, 0, 1.7553333967604097
24.710000000000001, 22254.999133043344, 8197.8068685642975, 1456.9558796674823, -206.84562515712511, 123.46405651996747, 72.429218321416982, 20497.258142524093, 7833.6194320417217, 838.48926683884963, -493.44042182523151, 18.609691162248943, -31.873660907235749, 20020.368442422958, 16447.45590505877, 486.26085932129808, 503.53786023705578, 0, 0, 1.7453333967604081
24.719999999999999, 22269.58570048782, 8195.7506788843039, 1458.0897895209403, -206.02785371862308, 113.39098534578474, 81.777143850202719, 20505.644786593461, 7828.682016355142, 838.60602690401583, -493.64118638039457, 11.676006516620442, -20.076455516305675, 20025.23105101617, 16452.49128366114, 486.26085932129808, 503.53786023705578, 0, 0, 1.7353333967604101
24.73, 22284.185128559333, 8193.7012634641087, 1459.3251346077627, -205.30364591924956, 123.53450868224257, 72.420779937350716, 20514.033651874746, 7823.740804471573, 838.79302772048845, -493.96118769804843, 18.700081647265854, -32.000131765388574, 20030.093659609382, 16457.52666226351, 486.26085932129808, 503.53786023705578, 0, 0, 1.7253333967604085
24.740000000000002, 22298.795402780888, 8191.6604869318589, 1460.4599929730095, -204.48631745637127, 113.48583652467433, 81.732846287828167, 20522.423349791086, 7818.7981563418925, 838.91087032962128, -494.16360454471123, 11.784260913276746, -20.241684666279561, 20034.956268202593, 16462.56204086588, 486.26085932129808, 503.53786023705578, 0, 0, 1.715333396760407
24.75, 22313.418546999248, 8189.6264823450811, 1461.696278881594, -203.76241160398627, 123.62859085845389, 72.390585238501416, 20530.815279521321, 7813.8516970779465, 839.09893879229332, -494.48515244462624, 18.806846267202992, -32.154789991498092, 20039.818876795805, 16467.597419468249, 486.26085932129808, 503.53786023705578, 0, 0, 1.705333396760409
24.760000000000002, 22328.052550346591, 8187.6011083417316, 1462.8323161167107, -202.94573742461372, 113.60372351166322, 81.667417937254299, 20539.208055183273, 7808.9037803962783, 839.21802372759657, -494.68949625944799, 11.908493530324421, -20.434381482176597, 20044.681485389017, 16472.632798070619, 486.26085932129808, 503.53786023705578, 0, 0, 1.6953333967604074
24.77, 22342.699435190774, 8185.5825020314669, 1464.0697616511786, -202.22233315918135, 123.74455344678719, 72.340426543238635, 20547.603074741954, 7803.9520351042438, 839.40731182126558, -495.01285155543906, 18.928809366905732, -32.335529599104163, 20049.544093982229, 16477.668176672989, 486.26085932129808, 503.53786023705578, 0, 0, 1.6853333967604094
24.780000000000001, 22357.357194215961, 8183.5725161187811, 1465.2071888961341, -201.40650523212324, 113.74272449555056, 81.582792705811016, 20555.99895497155, 7798.9988087514803, 839.52778591352921, -495.21937403603954, 12.047409226364506, -20.65224806004565, 20054.406702575441, 16482.703555275359, 486.26085932129808, 503.53786023705578, 0, 0, 1.6753333967604078
24.789999999999999, 22372.027848191352, 8181.569291888668, 1466.4459946580923, -200.68378375157218, 123.88057619582268, 72.272148055105404, 20564.397092542331, 7794.0417339863179, 839.71843335662004, -495.54477568949142, 19.064744309082275, -32.540165345186466, 20059.269311168653, 16487.738933877728, 486.26085932129808, 503.53786023705578, 0, 0, 1.6653333967604098
24.800000000000001, 22386.709393266035, 8179.5746761936689, 1467.5850031982834, -199.86897425046854, 113.90085401910689, 81.480950110363281, 20572.796106825903, 7789.0831522921535, 839.84043002369276, -495.75370484079269, 12.199666707272462, -20.892915130128014, 20064.131919761865, 16492.774312480098, 486.26085932129808, 503.53786023705578, 0, 0, 1.6553333967604082
24.810000000000002, 22401.403848514732, 8177.5868145966087, 1468.825350979113, -199.14709788748598, 124.03477808294609, 72.187636298254517, 20581.197393133178, 7784.1207002770861, 840.03256382614074, -496.08136928478422, 19.213380244803119, -32.766444399151418, 20068.994528355077, 16497.809691082468, 486.26085932129808, 503.53786023705578, 0, 0, 1.6453333967604067
24.82, 22416.109213435622, 8175.6075482034394, 1469.9661117189862, -198.33345884046469, 114.07607398732672, 81.363904702128906, 20589.599573354353, 7779.1567134909819, 840.15620268697637, -496.29290883523583, 12.363886083560093, -21.153955045159442, 20073.857136948289, 16502.845069684838, 486.26085932129808, 503.53786023705578, 0, 0, 1.6353333967604087
24.830000000000002, 22430.827505336973, 8173.635026936543, 1471.2081639964451, -197.61257073992692, 124.20522774589838, 72.088810053776299, 20598.004041392614, 7774.1888325938262, 840.34993677983778, -496.62302942210016, 19.373409286139911, -33.012058686431033, 20078.719745541501, 16507.880448287207, 486.26085932129808, 503.53786023705578, 0, 0, 1.6253333967604071
24.84, 22445.556726922714, 8171.6710862833997, 1472.3508270482607, -196.80023378952396, 114.2663051815633, 81.233695040295899, 20606.409421558932, 7769.2193873652968, 840.47532334780294, -496.8373583759618, 12.538656796514267, -21.432895386162897, 20083.582354134713, 16512.915826889577, 486.26085932129808, 503.53786023705578, 0, 0, 1.6153333967604091
24.850000000000001, 22460.298893686355, 8169.7138805869854, 1473.5947265922316, -196.08045769078336, 124.38995439708832, 71.977609874058501, 20614.817106316514, 7764.2460225828645, 840.6707582881146, -497.17010495413706, 19.54349403116565, -33.274657817524755, 20088.444962727925, 16517.951205491947, 486.26085932129808, 503.53786023705578, 0, 0, 1.6053333967604075
24.859999999999999, 22475.052011368156, 8167.7652398659229, 1474.7394209841975, -195.26953396774323, 114.46943919658526, 81.092372304013693, 20623.225722281273, 7759.2710624483607, 840.79798374665984, -497.38737728494783, 12.72254585451919, -21.727233081078563, 20093.307571321136, 16522.986584094317, 486.26085932129808, 503.53786023705578, 0, 0, 1.5953333967604095
24.870000000000001, 22489.818093621871, 8165.8233229243342, 1475.98529057562, -194.55097409513718, 124.58695914225126, 71.855987260605673, 20631.636660460048, 7754.2921558961361, 840.99520650051716, -497.72289590997798, 19.722275385728963, -33.551862503016991, 20098.170179914348, 16528.021962696686, 486.26085932129808, 503.53786023705578, 0, 0, 1.585333396760408
24.879999999999999, 22504.595149030232, 8163.8899544816786, 1477.1321240827463, -193.7415542087609, 114.68335071262607, 80.941988637628185, 20640.048549641, 7749.3116217696979, 841.12434756369021, -497.9432403992277, 12.914106317302618, -22.034448924973546, 20103.03278850756, 16533.057341299056, 486.26085932129808, 503.53786023705578, 0, 0, 1.57533339676041
24.890000000000001, 22519.385189405053, 8161.9632978236305, 1478.380066348949, -193.02429527280393, 124.7942266202769, 71.725893595698864, 20648.462779373731, 7744.327113173953, 841.32343136991938, -498.28165318271607, 19.908380622913313, -33.841278348839275, 20107.895397100772, 16538.092719901426, 486.26085932129808, 503.53786023705578, 0, 0, 1.5653333967604084
24.900000000000002, 22534.186225955043, 8160.0451725587018, 1479.5291254490317, -192.21644941950254, 114.90591000826421, 80.784585330139976, 20656.877980470323, 7739.340943838768, 841.45455022953297, -498.50517340654324, 13.111885961356883, -22.352022382719198, 20112.758005693984, 16543.128098503796, 486.26085932129808, 503.53786023705578, 0, 0, 1.5553333967604068
24.91, 22549.000268670065, 8158.1337464548451, 1480.7792228177823, -191.50055673026262, 125.00973687506016, 71.589268923991028, 20665.295541037362, 7734.3507710282147, 841.65555454570108, -498.84657850572921, 20.100431616807214, -34.14050991859515, 20117.620614287196, 16548.163477106165, 486.26085932129808, 503.53786023705578, 0, 0, 1.5453333967604088
24.920000000000002, 22563.825331147586, 8156.2308342146825, 1481.93057277394, -190.69433492092526, 115.13499561575811, 80.622180933735436, 20673.714093748225, 7729.3589036261747, 841.78869890626845, -499.07335297122694, 13.314436056739639, -22.677446549775418, 20122.483222880408, 16553.198855708535, 486.26085932129808, 503.53786023705578, 0, 0, 1.5353333967604073
24.93, 22578.663421596932, 8154.3346080700758, 1483.1828875476017, -189.97985461408808, 125.23147736617219, 71.448030683718486, 20682.135025295265, 7724.3630030202203, 841.99166943811144, -499.41782472067484, 20.297053184297059, -34.447174944790945, 20127.34583147362, 16558.234234310905, 486.26085932129808, 503.53786023705578, 0, 0, 1.5253333967604092
24.940000000000001, 22593.512555748461, 8152.4468780378493, 1484.3365726177626, -189.17528701978961, 115.36850701609568, 80.456759429848177, 20690.556970037673, 7719.3653735365424, 842.12687263993507, -499.64790715209051, 13.520320182366699, -23.008243141568126, 20132.208440066832, 16563.269612913275, 486.26085932129808, 503.53786023705578, 0, 0, 1.5153333967604077
24.949999999999999, 22608.374740092891, 8150.5658207770248, 1485.5911471679722, -188.46224639488426, 125.45745502094431, 71.304062490535287, 20698.981313296292, 7714.363680627237, 842.33184145459143, -499.99549633774984, 20.496881465635038, -34.758918565932142, 20137.071048660044, 16568.304991515644, 486.26085932129808, 503.53786023705578, 0, 0, 1.5053333967604097
24.960000000000001, 22623.247992221161, 8148.6932418518591, 1486.747190940664, -187.65934380936335, 115.60437726918222, 80.290258552092396, 20707.406690929289, 7709.3602243672522, 842.46912268464757, -500.22891611154995, 13.728123005614181, -23.341977380011215, 20141.933657253256, 16573.340370118014, 486.26085932129808, 503.53786023705578, 0, 0, 1.4953333967604081
24.969999999999999, 22638.134316986801, 8146.8273222942271, 1488.0040480229516, -186.94775177858617, 125.68570822874705, 71.159203077719553, 20715.834486941978, 7704.3526741920168, 842.67610840738041, -500.57965038619614, 20.698572273282341, -35.073427464618845, 20146.796265846468, 16578.375748720384, 486.26085932129808, 503.53786023705578, 0, 0, 1.4853333967604101
24.98, 22653.031733554853, 8144.9698634601982, 1489.1624538776666, -186.14650619481586, 115.84058547150077, 80.12455837703024, 20724.263338494893, 7699.3433262472581, 842.81547299687986, -500.81641311262229, 13.936458949946669, -23.676272642614549, 20151.658874439679, 16583.411127322754, 486.26085932129808, 503.53786023705578, 0, 0, 1.4753333967604085
24.990000000000002, 22667.942245241433, 8143.1190506835746, 1490.4215970644191, -185.4363538398365, 125.91431867524835, 71.015235497935009, 20732.694628346264, 7694.3298538495646, 843.02448109024499, -501.17029755041062, 20.900809336510783, -35.388443778831906, 20156.521483032891, 16588.446505925123, 486.26085932129808, 503.53786023705578, 0, 0, 1.465333396760407
25, 22682.863872487418, 8141.2766813657199, 1491.5823487537621, -184.63673913692159, 116.07516893429434, 79.961470291491807, 20741.126994754268, 7689.3145495503495, 843.16592089699361, -501.41038579782264, 14.143980674862323, -24.008824741204641, 20161.384091626103, 16593.481884527493, 486.26085932129808, 503.53786023705578, 0, 0, 1.455333396760409
25.010000000000002, 22697.798617188393, 8139.4409450558542, 1492.8437629829125, -183.92800037002655, 126.14142291504493, 70.873876689502794, 20749.561819310093, 7684.2950904255722, 843.37694402069133, -501.76740358442385, 21.102312369769891, -35.701778660119118, 20166.246700219315, 16598.517263129863, 486.26085932129808, 503.53786023705578, 0, 0, 1.4453333967604074
25.02, 22712.74450075347, 8137.6136354611208, 1494.0068253326585, -183.12997310558794, 116.30623497460114, 79.802726443862653, 20757.997741158393, 7679.2737657773732, 843.52043789361221, -502.0107777413985, 14.349387292084593, -24.337415697464102, 20171.109308812527, 16603.552641732233, 486.26085932129808, 503.53786023705578, 0, 0, 1.4353333967604094
25.030000000000001, 22727.703523790333, 8135.7929462451912, 1495.2704775684617, -182.42260543049991, 126.36522358031407, 70.736767508801222, 20766.436140814065, 7674.2482563011563, 843.73345634253678, -502.37089099492425, 21.301844892462388, -36.011325352573643, 20175.971917405739, 16608.588020334602, 486.26085932129808, 503.53786023705578, 0, 0, 1.4253333967604078
25.039999999999999, 22742.67370836185, 8133.9806676863536, 1496.4357972905993, -181.626105732676, 116.53197221375591, 79.649969782392645, 20774.875658092325, 7669.2208484021739, 843.87897066497362, -502.61749026378817, 14.55143224367942, -24.659926886392938, 20180.834525998951, 16613.623398936972, 486.26085932129808, 503.53786023705578, 0, 0, 1.4153333967604098
25.050000000000001, 22757.657053934774, 8132.1749974485256, 1497.7016372918517, -180.92005109941422, 126.58400012523651, 70.605463326178338, 20783.317672532234, 7664.1892262387855, 844.09395288226779, -502.98064098049025, 21.498221729412506, -36.315071670210322, 20185.697134592163, 16618.658777539342, 486.26085932129808, 503.53786023705578, 0, 0, 1.4053333967604082
25.060000000000002, 22772.651582906885, 8130.3777226492484, 1498.8691439046534, -180.12500365162407, 116.75066128016829, 79.504744779015496, 20791.760824400673, 7659.1556736762668, 844.24144218996287, -503.23038449471824, 14.748930769507826, -24.974351422800908, 20190.559743185375, 16623.694156141712, 486.26085932129808, 503.53786023705578, 0, 0, 1.3953333967604067
25.07, 22787.659293763783, 8128.5870448265241, 1500.137105094733, -179.42018939884065, 126.7961190079705, 70.481425278341021, 20800.206492369991, 7654.1178781645567, 844.45834535119229, -503.59649561225984, 21.690316122937286, -36.611111754162771, 20195.422351778587, 16628.729534744081, 486.26085932129808, 503.53786023705578, 0, 0, 1.3853333967604087
25.080000000000002, 22802.678208917452, 8126.8047482058755, 1501.306711942907, -178.62650450953504, 116.96068481739493, 79.368488930559764, 20808.653316938537, 7649.0781213875835, 844.60775302013792, -503.84928366898424, 14.940766894567393, -25.278805672440804, 20200.284960371799, 16633.764913346451, 486.26085932129808, 503.53786023705578, 0, 0, 1.3753333967604071
25.09, 22817.710326043365, 8125.0290380626193, 1502.5767123750659, -177.92284438689671, 127.00004321589726, 70.366012263833042, 20817.102676028695, 7644.0340939023445, 844.82652368404194, -504.21826023895733, 21.877066390399388, -36.897656997310037, 20205.147568965011, 16638.800291948821, 486.26085932129808, 503.53786023705578, 0, 0, 1.3653333967604091
25.100000000000001, 22832.75366724762, 8123.2616959975185, 1503.7483177420972, -177.13041913567571, 117.16053670313606, 79.242525122100346, 20825.553210150516, 7638.9880755689883, 844.97778268274419, -504.47397563672223, 15.125899870222298, -25.571539776492429, 20210.010177558222, 16643.835670551191, 486.26085932129808, 503.53786023705578, 0, 0, 1.3553333967604075
25.109999999999999, 22847.810229576196, 8121.500930877226, 1505.0202611525392, -176.42781439806197, 127.19434104419571, 70.26047376137501, 20834.006296599651, 7633.9377598557166, 845.19835750338802, -504.84570609702922, 22.057482064378092, -37.173046030696582, 20214.872786151434, 16648.87104915356, 486.26085932129808, 503.53786023705578, 0, 0, 1.3453333967604095
25.120000000000001, 22862.87803451228, 8119.7485219414848, 1506.1937494564495, -175.63653384877679, 117.34883039101854, 79.128054928516832, 20842.460575680187, 7628.8854251526836, 845.35139120346696, -505.10421556790084, 15.303370007894284, -25.850947087159597, 20219.735394744646, 16653.90642775593, 486.26085932129808, 503.53786023705578, 0, 0, 1.335333396760408
25.129999999999999, 22877.959078660951, 8118.0026814945286, 1507.4675263968863, -174.93487441335142, 127.37769404368385, 70.165943542537775, 20850.91742418964, 7623.8287676339532, 845.5736976980362, -505.47857310464804, 22.230649456924727, -37.435753674717816, 20224.598003337858, 16658.9418063583, 486.26085932129808, 503.53786023705578, 0, 0, 1.32533339676041
25.140000000000001, 22893.051382570866, 8116.2651866733331, 1508.6427694598272, -174.1446128841425, 117.52430629408397, 79.026152920890809, 20859.375482012198, 7618.7700645670438, 845.72842073652544, -505.73972882886977, 15.472303848928417, -26.115572422176264, 20229.46061193107, 16663.97718496067, 486.26085932129808, 503.53786023705578, 0, 0, 1.3153333967604084
25.150000000000002, 22908.156942601072, 8114.5342530596427, 1509.9182585004326, -173.44377854073028, 127.54890406053653, 70.083434341222215, 20867.836125580052, 7613.7070146189399, 845.95237810246783, -506.11657281654561, 22.395736594240908, -37.684398767583559, 20234.323220524282, 16669.012563563039, 486.26085932129808, 503.53786023705578, 0, 0, 1.3053333967604068
25.16, 22923.273778061797, 8112.8116559385408, 1511.0951168817999, -172.65440092038725, 117.6858381367317, 78.937762034303972, 20876.29799414887, 7608.641894272916, 846.10869728866805, -506.38021400711494, 15.631918620016766, -26.364119056931049, 20239.185829117494, 16674.047942165409, 486.26085932129808, 503.53786023705578, 0, 0, 1.2953333967604088
25.170000000000002, 22938.40388526551, 8111.0956140043672, 1512.372185874779, -171.95426258505901, 127.70689929790801, 70.013833532823341, 20884.762463921379, 7603.5724044702256, 846.33421726340305, -506.7593915150544, 22.551997473493838, -37.917750793945928, 20244.048437710706, 16679.083320767779, 486.26085932129808, 503.53786023705578, 0, 0, 1.2853333967604073
25.18, 22953.545281989991, 8109.3879009320226, 1513.5505102568952, -171.16562568463962, 117.83243821162921, 78.863690041939634, 20893.228173322903, 7598.5008212369175, 846.49203252270854, -507.02534605891424, 15.781525930543912, -26.595454385986177, 20248.911046303918, 16684.118699370149, 486.26085932129808, 503.53786023705578, 0, 0, 1.2753333967604092
25.190000000000001, 22968.699964703461, 8107.6867383601557, 1514.8290176502826, -170.4660466859909, 127.85073933874807, 69.957899864872218, 20901.696498464469, 7593.4248475660406, 846.71902027870965, -507.40669341140421, 22.698775600106391, -38.13473524899711, 20253.77365489713, 16689.154077972518, 486.26085932129808, 503.53786023705578, 0, 0, 1.2653333967604077
25.199999999999999, 22983.865949369188, 8105.993898584371, 1516.0086502651509, -169.67800061429222, 117.96326148683031, 78.804607169868447, 20910.166076747457, 7588.3467593397972, 846.87822562545432, -507.67477955337949, 15.92053467446258, -26.808614197526694, 20258.636263490342, 16694.189456574888, 486.26085932129808, 503.53786023705578, 0, 0, 1.2553333967604097
25.210000000000001, 22999.0452328147, 8104.3076060174189, 1517.2884464559247, -168.97883800158266, 127.97961907738949, 69.916261270954649, 20918.638284329725, 7583.2642613786111, 847.10658069315218, -508.05812393022467, 22.835506769786651, -38.334437684518718, 20263.498872083554, 16699.224835177258, 486.26085932129808, 503.53786023705578, 0, 0, 1.2453333967604081
25.219999999999999, 23014.235828920537, 8102.6296317941342, 1518.4692225411281, -168.19122755284531, 118.07760852033775, 78.761044873735656, 20927.111757404622, 7578.179629718481, 847.2670652242299, -508.32815198542102, 16.048453107767802, -27.002805519632979, 20268.361480676765, 16704.260213779628, 486.26085932129808, 503.53786023705578, 0, 0, 1.2353333967604101
25.23, 23029.439735076678, 8100.9582029306739, 1519.7501512563169, -167.49233341497313, 128.0928715188839, 69.88941378721762, 20935.587872315024, 7573.0905707826669, 847.49668243490589, -508.7133130494006, 22.961721067595199, -38.516106397956463, 20273.224089269977, 16709.295592381997, 486.26085932129808, 503.53786023705578, 0, 0, 1.2253333967604085
25.240000000000002, 23044.654962828314, 8099.2950896058919, 1520.9319005278101, -166.70499945709756, 118.17492714931407, 78.733395787558138, 20944.065263872886, 7567.9993610409711, 847.65833133570254, -508.98508712950149, 16.164890079664918, -27.177408010092279, 20278.086697863189, 16714.330970984367, 486.26085932129808, 503.53786023705578, 0, 0, 1.215333396760407
25.25, 23059.883510329004, 8097.6385212695577, 1522.2138002219556, -166.0062222412941, 128.18996941454634, 69.877721580345991, 20952.545308742854, 7562.9037082966152, 847.88910177633272, -509.37187866687924, 23.077044063023408, -38.679153737777305, 20282.949306456401, 16719.366349586737, 486.26085932129808, 503.53786023705578, 0, 0, 1.205333396760409
25.260000000000002, 23075.123386553165, 8095.9902673343713, 1523.3963483512973, -165.21900309287926, 118.25481293418223, 78.721914841484136, 20961.02664019393, 7557.8058897138644, 848.05179733037892, -509.64519840565504, 16.269555404621308, -27.331973877576878, 20287.811915049613, 16724.401728189107, 486.26085932129808, 503.53786023705578, 0, 0, 1.1953333967604074
25.27, 23090.376590615535, 8094.3485595161546, 1524.6790536084432, -164.52018891204682, 128.27052571457295, 69.881418083244711, 20969.510635346811, 7552.7036142564057, 848.28360930226586, -510.03342996579175, 23.181197188697183, -38.823156013672723, 20292.674523642825, 16729.437106791476, 486.26085932129808, 503.53786023705578, 0, 0, 1.1853333967604094
25.280000000000001, 23105.641128702871, 8092.7151666352638, 1525.8622236919352, -163.73292169670725, 118.31700834920207, 78.726721533957146, 20977.995925778738, 7547.5991600227972, 848.44723189596959, -510.30809222915099, 16.362259370376982, -27.466226335921597, 20297.537132236037, 16734.472485393846, 486.26085932129808, 503.53786023705578, 0, 0, 1.1753333967604078
25.289999999999999, 23120.919001083716, 8091.0883225095304, 1527.1455666202291, -163.0339156144685, 128.33429282940136, 69.900608223875878, 20986.48388919729, 7542.4902369227038, 848.67997186894775, -510.69757074928481, 23.273997297815651, -38.947852013380476, 20302.399740829249, 16739.507863996216, 486.26085932129808, 503.53786023705578, 0, 0, 1.1653333967604098
25.300000000000001, 23136.208210960027, 8089.4697955238853, 1528.3291806274769, -162.2464375811613, 118.36140072477214, 78.747803330719677, 20994.973155352687, 7537.37912420672, 848.84440098281198, -510.97337131537989, 16.442911386419979, -27.580056609509668, 20307.262349422461, 16744.543242598585, 486.26085932129808, 503.53786023705578, 0, 0, 1.1553333967604082
25.310000000000002, 23151.510759940407, 8087.8578214388317, 1529.6129922345219, -161.54708486395725, 128.38116070449087, 69.93527172040595, 21003.465102665825, 7532.2635325225447, 849.07795453685594, -511.36390271681347, 23.35535540439955, -39.053140143357354, 20312.124958015673, 16749.578621200955, 486.26085932129808, 503.53786023705578, 0, 0, 1.1453333967604067
25.32, 23166.824648065598, 8086.2541683432146, 1530.7968724241091, -160.75923466243691, 118.38801895872162, 78.785020152033852, 21011.95835893886, 7527.1457424674481, 849.24306971471276, -511.64063791203216, 16.511517785685125, -27.673519521870347, 20316.987566608885, 16754.613999803325, 486.26085932129808, 503.53786023705578, 0, 0, 1.1353333967604087
25.330000000000002, 23182.151878462897, 8084.6570737867014, 1532.0809839613557, -160.05938198838308, 128.41115372465339, 69.985267405382132, 21020.454303427199, 7522.0234652271938, 849.47732246089549, -512.03202865427136, 23.425274618272383, -39.139074223921298, 20321.850175202097, 16759.649378405695, 486.26085932129808, 503.53786023705578, 0, 0, 1.1253333967604071
25.34, 23197.490447856864, 8083.0683056833022, 1533.2649542516258, -159.27100088940381, 118.39702902699473, 78.838109897927453, 21028.951561878628, 7516.8989829164939, 849.64300424890757, -512.30949693141804, 16.568178801212152, -27.746827714668903, 20326.712783795308, 16764.684757008064, 486.26085932129808, 503.53786023705578, 0, 0, 1.1153333967604091
25.350000000000001, 23212.842361063351, 8081.4861032251874, 1534.5491985163917, -158.57049750409635, 128.42442647657913, 70.050338530746387, 21037.451514498211, 7511.7700070684823, 849.87784272185991, -512.70155551125606, 23.483847295236274, -39.20585798379971, 20331.57539238852, 16769.720135610434, 486.26085932129808, 503.53786023705578, 0, 0, 1.1053333967604075
25.359999999999999, 23228.205611357764, 8079.9122342543887, 1535.7330857997647, -157.78143055459464, 118.38872833729393, 78.906694950172749, 21045.952784888141, 7506.6388214616854, 850.04397356934442, -512.97955895684686, 16.613084748454121, -27.800344559079612, 20336.438000981732, 16774.755514212804, 486.26085932129808, 503.53786023705578, 0, 0, 1.0953333967604095
25.370000000000001, 23243.582205404524, 8078.3449394666923, 1537.0172983838722, -157.08012936464436, 128.42125841074767, 70.130118995028369, 21054.456754311548, 7501.5031377963696, 850.27928608365869, -513.3720973399777, 23.531251431423783, -39.253838313084167, 20341.300609574944, 16779.790892815174, 486.26085932129808, 503.53786023705578, 0, 0, 1.085333396760408
25.379999999999999, 23258.97013291921, 8076.7859867164825, 1538.200933773682, -156.29022646884113, 118.36353898098308, 78.990289580323491, 21062.962044149102, 7496.3652416365949, 850.44575119817728, -513.65044309832194, 16.646511451863766, -27.834575834428303, 20346.163218168156, 16784.826271417543, 486.26085932129808, 503.53786023705578, 0, 0, 1.07533339676041
25.390000000000001, 23274.371402564066, 8075.233618072858, 1539.484954248233, -155.58798506458882, 128.40204745509996, 70.224140425231795, 21071.470036823033, 7491.2228446810095, 850.68142866156086, -514.04327807178026, 23.567746338360685, -39.2834973458354, 20351.025826761368, 16789.861650019913, 486.26085932129808, 503.53786023705578, 0, 0, 1.0653333967604084
25.400000000000002, 23289.78400040654, 8073.6896014684398, 1540.6681742477517, -154.79710198276089, 118.32199995187854, 79.088308182791849, 21079.979351431892, 7486.0782343762521, 850.8481168111947, -514.32177967441464, 16.668814963385085, -27.850160263435406, 20355.88843535458, 16794.897028622283, 486.26085932129808, 503.53786023705578, 0, 0, 1.0553333967604068
25.41, 23305.209937244414, 8072.152180224618, 1541.9518472742072, -154.093783582399, 128.36730264554396, 70.33184003618824, 21088.491371650151, 7480.929122262989, 851.08405348763313, -514.71473410898761, 23.593667643839851, -39.295443457296464, 20360.751043947792, 16799.932407224653, 486.26085932129808, 503.53786023705578, 0, 0, 1.0453333967604088
25.420000000000002, 23320.647195430916, 8070.6231223999303, 1543.1344948583164, -153.30178283995292, 118.2647584109145, 79.200074244608388, 21097.004714248869, 7475.7777977430487, 851.25085774390732, -514.99321269902975, 16.680425627415019, -27.847859004213369, 20365.613652541004, 16804.967785827022, 486.26085932129808, 503.53786023705578, 0, 0, 1.0353333967604073
25.43, 23336.097788024876, 8069.1006724569079, 1544.4176712167989, -152.59725714812026, 128.31763584824188, 70.452569183265666, 21105.520764239558, 7470.6219720558674, 851.48695196061044, -515.38611671173919, 23.609421670313829, -39.290401270944415, 20370.476261134216, 16810.003164429392, 486.26085932129808, 503.53786023705578, 0, 0, 1.0253333967604092
25.440000000000001, 23351.559693621057, 8067.5865986099197, 1545.5995968176767, -151.80400884857053, 118.19256008778649, 79.324829954973154, 21114.038136035397, 7465.4639366071187, 851.65377037615974, -515.66440215385705, 16.681841554930354, -27.828544211789215, 20375.338869727428, 16815.038543031762, 486.26085932129808, 503.53786023705578, 0, 0, 1.0153333967604077
25.449999999999999, 23367.034927652134, 8066.0791463618116, 1546.8821343442785, -151.09815282340759, 128.25375266016994, 70.585602516295864, 21122.558216061047, 7460.3014022054631, 851.88992516866233, -516.05709416168293, 23.61547925025544, -39.269200782586822, 20380.20147832064, 16820.073921634132, 486.26085932129808, 503.53786023705578, 0, 0, 1.0053333967604097
25.460000000000001, 23382.521464931415, 8064.5800840955299, 1548.0631967334816, -150.3035353598911, 118.10623892031289, 79.461746351647491, 21131.079616355968, 7455.1366622858277, 852.0566613844212, -516.33502602959834, 16.673621575892831, -27.793186791540055, 20385.064086913851, 16825.109300236501, 486.26085932129808, 503.53786023705578, 0, 0, 0.99533339676040811
25.469999999999999, 23398.021323365138, 8063.0876582640767, 1549.3449611593178, -149.59623388352199, 128.17644258362307, 70.730147636910033, 21139.603724825171, 7449.9674271106742, 852.29278507486174, -516.72735368677672, 23.612369044051565, -39.232765717834653, 20389.926695507063, 16830.144678838871, 486.26085932129808, 503.53786023705578, 0, 0, 0.9853333967604101
25.48, 23413.532473982636, 8061.6036374153255, 1550.5250282197276, -148.80013454456002, 118.00670604098566, 79.609933896195571, 21148.12915113258, 7444.7959921472848, 852.4593488523102, -517.00478212153064, 16.656377744843873, -27.742843475387417, 20394.789304100275, 16835.180057441241, 486.26085932129808, 503.53786023705578, 0, 0, 0.97533339676040853
25.490000000000002, 23429.05693725012, 8060.1262688731531, 1551.805893905514, -148.09128099299244, 128.08656857865753, 70.8853551567598, 21156.657284721667, 7439.6200670108819, 852.69535555662549, -517.39660313400373, 23.600670431523547, -39.182101247307038, 20399.651912693487, 16840.215436043611, 486.26085932129808, 503.53786023705578, 0, 0, 0.96533339676040697
25.5, 23444.592680429909, 8058.6573213312276, 1552.9848432878027, -147.29359645933982, 117.89493822886909, 79.768453365260356, 21165.186732892354, 7434.4419491830377, 852.86166323142925, -517.67338956760273, 16.630767480374463, -27.678643359903788, 20404.514521286699, 16845.25081464598, 486.26085932129808, 503.53786023705578, 0, 0, 0.95533339676040896
25.510000000000002, 23460.141726621201, 8057.1950429159915, 1554.2646938488601, -146.5830931688439, 127.98505610573437, 71.050329049590957, 21173.718886675575, 7429.2593475451831, 853.09747329196603, -518.06457237952077, 23.581006053673214, -39.118281191803263, 20409.377129879911, 16850.28619324835, 486.26085932129808, 503.53786023705578, 0, 0, 0.9453333967604074
25.52, 23475.702039354583, 8055.7412024333444, 1555.4424135083793, -145.78372989942491, 117.77196595191351, 79.936326941897661, 21182.252351031308, 7424.0745615552805, 853.26344814620325, -518.34059012003797, 16.597485423726255, -27.601774051719111, 20414.239738473123, 16855.32157185072, 486.26085932129808, 503.53786023705578, 0, 0, 0.93533339676040939
25.530000000000001, 23491.275644421934, 8054.2940487549286, 1556.7211423261533, -145.0714885275529, 127.8728817774074, 71.22413718720108, 21190.788518617883, 7418.8852992888515, 853.49898848705936, -518.7310144685938, 23.55403408561623, -39.042434855588063, 20419.102347066335, 16860.35695045309, 486.26085932129808, 503.53786023705578, 0, 0, 0.92533339676040782
25.539999999999999, 23506.860501674364, 8052.8553507520619, 1557.8975309374471, -144.27036303365435, 117.63886112938482, 80.112549389855957, 21199.32599209102, 7413.6938621240297, 853.66456103810742, -519.00614914428638, 16.557255104808714, -27.513467569253852, 20423.964955659547, 16865.392329055459, 486.26085932129808, 503.53786023705578, 0, 0, 0.91533339676040981
25.550000000000001, 23522.458639642999, 8051.4233579950178, 1559.1750415548702, -143.55630481417143, 127.75106174231172, 71.40582194829193, 21207.866165767449, 7408.4979572725424, 853.899765441353, -519.3957064805802, 23.520440324562408, -38.955733629380333, 20428.827564252759, 16870.427707657829, 486.26085932129808, 503.53786023705578, 0, 0, 0.90533339676040825
25.560000000000002, 23538.06801456726, 8049.9998393617552, 1560.3500088023618, -142.75334382224963, 117.49672474915916, 80.296099192178019, 21216.407640044938, 7403.2998879598135, 854.06487364642555, -519.6698563421196, 16.510820507258806, -27.414986153935423, 20433.690172845971, 16875.463086260199, 486.26085932129808, 503.53786023705578, 0, 0, 0.89533339676040669
25.57, 23553.690657751271, 8048.5830450851508, 1561.626215201657, -142.03739971437116, 127.62063992951217, 71.594410787847977, 21224.951810920928, 7398.0973604897663, 854.29968294822459, -520.0584501172051, 23.480930179898042, -38.859377508546586, 20438.552781439183, 16880.498464862569, 486.26085932129808, 503.53786023705578, 0, 0, 0.88533339676040868
25.580000000000002, 23569.324521904458, 8047.1747439804376, 1562.7996819464172, -141.2325402190001, 117.34667447600748, 80.48594953710672, 21233.497276591053, 7392.8926798473731, 854.46427232447479, -520.33152619864597, 16.458937625021406, -27.307608144084284, 20443.415390032394, 16885.533843464938, 486.26085932129808, 503.53786023705578, 0, 0, 0.87533339676040711
25.59, 23584.971641125365, 8045.7731869172458, 1564.074508709243, -140.51465095243765, 127.48267628258401, 71.788926656243774, 21242.045434747397, 7387.6835513981359, 854.69863453100731, -520.71907201536612, 23.43622065325458, -38.754581672015775, 20448.277998625606, 16890.569222067308, 486.26085932129808, 503.53786023705578, 0, 0, 0.8653333967604091
25.600000000000001, 23600.629964687316, 8044.3801425695765, 1565.2464070331348, -139.70784016208714, 117.1898323891898, 80.681079035051965, 21250.594881447621, 7382.4722817858728, 854.86265819205107, -520.99099815602312, 16.402366104376433, -27.192614065696439, 20453.140607218818, 16895.604600669678, 486.26085932129808, 503.53786023705578, 0, 0, 0.85533339676040754
25.609999999999999, 23616.301529492914, 8042.9938624276792, 1566.5197893842837, -138.9879561805065, 127.33823511488313, 71.988398158062409, 21259.1470160844, 7377.2565754198222, 855.09652851602948, -521.37742378870723, 23.38703239784364, -38.642563268408274, 20458.00321581203, 16900.639979272048, 486.26085932129808, 503.53786023705578, 0, 0, 0.84533339676040953
25.620000000000001, 23631.984281483703, 8041.6161149381824, 1567.690062514132, -138.17915135995301, 117.02731298482007, 80.880482055349447, 21267.700432648719, 7372.0387404909716, 855.25994712666306, -521.64813651960526, 16.341861063355744, -27.07127308979922, 20462.865824405242, 16905.675357874417, 486.26085932129808, 503.53786023705578, 0, 0, 0.83533339676040796
25.629999999999999, 23647.680260364901, 8040.2451522049851, 1568.9619462512794, -137.45723266649938, 127.18837371475007, 72.191869345364296, 21276.256532232277, 7366.8164804464932, 855.49328794610778, -522.0333818051206, 23.334081944473375, -38.524528551536974, 20467.728432998454, 16910.710736476787, 486.26085932129808, 503.53786023705578, 0, 0, 0.82533339676040995
25.640000000000001, 23663.387408859151, 8038.8827423551065, 1570.1305483670635, -136.64640088076052, 116.86021157841409, 81.083178573884737, 21284.813906836516, 7361.5921049039416, 855.65606959791251, -522.30283010516871, 16.278165180471696, -26.944830004807365, 20472.591041591666, 16915.746115079157, 486.26085932129808, 503.53786023705578, 0, 0, 0.81533339676040839
25.650000000000002, 23679.10776946252, 8037.5271381076554, 1571.4008896803568, -135.92241679033648, 127.03413132934199, 72.398409042404097, 21293.373959243621, 7356.3633163538143, 855.88885033972906, -522.68684671023107, 23.278074181659878, -38.401660506239615, 20477.453650184878, 16920.781493681527, 486.26085932129808, 503.53786023705578, 0, 0, 0.80533339676040683
25.66, 23694.839281798308, 8036.1801071732671, 1572.567785612717, -135.10953455602885, 116.68959323602162, 81.288223430763537, 21301.93527954719, 7351.1324257127853, 856.05097035112829, -522.95499163866475, 16.212001139918566, -26.814492843363162, 20482.31625877809, 16925.816872283896, 486.26085932129808, 503.53786023705578, 0, 0, 0.79533339676040882
25.670000000000002, 23710.583991132233, 8034.8399028956474, 1573.8365507992082, -134.38346335996371, 126.87651864912766, 72.60711960651453, 21310.499272204976, 7345.8971345303344, 856.28316730285565, -523.33774270963465, 23.219695172741634, -38.275107096994198, 20487.178867371302, 16930.852250886266, 486.26085932129808, 503.53786023705578, 0, 0, 0.78533339676040725
25.68, 23726.339834112579, 8033.5082924692833, 1575.0017156227884, -133.56851621093634, 116.51648235801652, 81.49471490273632, 21319.064525487684, 7340.6597548900436, 856.44460794803081, -523.60455692260848, 16.144064517519105, -26.681421297387544, 20492.041475964514, 16935.887629488636, 486.26085932129808, 503.53786023705578, 0, 0, 0.77533339676040924
25.690000000000001, 23742.108858744992, 8032.1835298789292, 1576.2688807018981, -132.84034476058486, 126.71650791096694, 72.81714503514678, 21327.632445507974, 7335.4179874252777, 856.67620400193255, -523.98601662527142, 23.159605390176658, -38.145970266289744, 20496.904084557726, 16940.923008091006, 486.26085932129808, 503.53786023705578, 0, 0, 0.76533339676040768
25.699999999999999, 23757.888998829967, 8030.8673817016988, 1577.4322992322166, -132.02332673555182, 116.34185303185048, 81.701802503303725, 21336.201618800573, 7330.174145251618, 856.83695417379727, -524.25148378572749, 16.075017186468333, -26.546716045603308, 20501.766693150937, 16945.958386693375, 486.26085932129808, 503.53786023705578, 0, 0, 0.75533339676040967
25.710000000000001, 23773.68230507585, 8029.5581025860938, 1578.6978494695197, -131.29304995218303, 126.55502373031547, 73.027678336878637, 21344.773453107326, 7324.9259281193908, 857.06793850821987, -524.6316367437347, 23.098433442257466, -38.015295800722726, 20506.629301744149, 16950.993765295745, 486.26085932129808, 503.53786023705578, 0, 0, 0.74533339676040811
25.719999999999999, 23789.486708563585, 8028.2574583906617, 1579.8595156721085, -130.47396301284019, 116.16662025888448, 81.908693934285196, 21353.346533314605, 7319.6756500405882, 857.22799332136367, -524.89575083478132, 16.005481314385136, -26.411409104658127, 20511.491910337361, 16956.029143898115, 486.26085932129808, 503.53786023705578, 0, 0, 0.7353333967604101
25.73, 23805.30426266052, 8026.9637044557476, 1581.1234450197333, -129.74158333189501, 126.39293476246735, 73.23796809451791, 21361.922268763374, 7314.4210099226148, 857.45836102496696, -525.27459147648437, 23.036770360327381, -37.884064170303944, 20516.354518930573, 16961.064522500485, 486.26085932129808, 503.53786023705578, 0, 0, 0.72533339676040853
25.740000000000002, 23821.132895855539, 8025.6786058215966, 1582.2833613412531, -128.92043672068669, 115.99163215199063, 82.114661120830789, 21370.499242778726, 7309.1643225395537, 857.61772136514253, -525.53735602953554, 15.936034017556175, -26.27645530511321, 20521.217127523785, 16966.099901102854, 486.26085932129808, 503.53786023705578, 0, 0, 0.71533339676040697
25.75, 23836.974664125893, 8024.400418553013, 1583.5456718041005, -128.18596347912444, 126.23104628474745, 73.44732415622498, 21379.078866267053, 7303.9032860018924, 857.84747301023503, -525.91488785390641, 22.975164509248174, -37.753182437084334, 20526.079736116997, 16971.135279705224, 486.26085932129808, 503.53786023705578, 0, 0, 0.70533339676040896
25.760000000000002, 23852.827493493412, 8023.1309067750135, 1584.7038484359539, -127.3627730263682, 115.81766318534416, 82.319045275623438, 21387.659721077565, 7298.6402157146067, 858.00614503751456, -526.17631510366823, 15.867202727951002, -26.142724976184624, 20530.942344710209, 16976.170658307594, 486.26085932129808, 503.53786023705578, 0, 0, 0.6953333967604074
25.77, 23868.69344249184, 8021.8683273131101, 1585.9645493737246, -126.6262218023317, 126.07009377706424, 73.655122403650779, 21396.243219645516, 7293.3728090419727, 858.23528620925549, -526.55254987679518, 22.914117174087991, -37.623477312691691, 20535.804953303421, 16981.206036909964, 486.26085932129808, 503.53786023705578, 0, 0, 0.68533339676040939
25.780000000000001, 23884.57043479686, 8020.6144432842293, 1587.1210034593828, -125.80100919284467, 115.64540856583002, 82.521260948701993, 21404.827942426808, 7288.1033818935184, 858.39328082246084, -526.81265985589084, 15.799461320532544, -26.010997909570797, 20540.667561896633, 16986.241415512333, 486.26085932129808, 503.53786023705578, 0, 0, 0.67533339676040782
25.789999999999999, 23900.460531442088, 8019.3675123135845, 1588.3801108350513, -125.06240110728235, 125.91073756684307, 73.860808556232229, 21413.415303346861, 7282.8296309415446, 858.62182161114436, -527.18761675020573, 22.854078868353554, -37.495689431489645, 20545.530170489845, 16991.276794114703, 486.26085932129808, 503.53786023705578, 0, 0, 0.66533339676040981
25.800000000000001, 23916.361653872405, 8018.1292964223667, 1589.5348656328633, -124.23519311696512, 115.47547978119633, 82.720799031723629, 21422.003881547029, 7277.5538724802436, 858.77915388153201, -527.44643633677288, 15.733227038762333, -25.881958656712715, 20550.392779083057, 16996.312172717073, 486.26085932129808, 503.53786023705578, 0, 0, 0.65533339676040825
25.810000000000002, 23932.275865562522, 8016.8980540763441, 1590.7924012187711, -123.49455410713965, 125.75355859079109, 74.063900982547466, 21430.595092402804, 7272.2738025465424, 859.00710834553149, -527.82014102568166, 22.795446399952347, -37.370468890878257, 20555.255387676269, 17001.347551319443, 486.26085932129808, 503.53786023705578, 0, 0, 0.64533339676040669
25.82, 23948.201085834913, 8015.675546119578, 1591.9454852323831, -122.66538182012442, 115.30840136118792, 82.917228701522163, 21439.187513814995, 7266.991737707307, 859.16379692796568, -528.07770295760997, 15.668858243415301, -25.756193192830974, 20560.11799626948, 17006.382929921812, 486.26085932129808, 503.53786023705578, 0, 0, 0.63533339676040868
25.830000000000002, 23964.139380545534, 8014.4600319002529, 1593.2014757854631, -121.92274189507593, 125.59905530800349, 74.263992504849526, 21447.782562568384, 7261.7053734219171, 859.39118253515494, -528.45018667851298, 22.738560718927811, -37.248372090301238, 20564.980604862692, 17011.418308524182, 486.26085932129808, 503.53786023705578, 0, 0, 0.62533339676040711
25.84, 23980.088666994718, 8013.2532710110472, 1594.3529218742085, -121.09163991208685, 115.14460887454295, 83.110198298908458, 21456.378815391687, 7256.417026427087, 859.54724906516321, -528.70652854817695, 15.60665300082584, -25.634186966398197, 20569.843213455904, 17016.453687126552, 486.26085932129808, 503.53786023705578, 0, 0, 0.6153333967604091
25.850000000000001, 23996.051013359727, 8012.0535237246049, 1595.6073982920709, -120.34703240015268, 125.44764178624749, 74.460751193416954, 21464.977690438172, 7251.1243916626227, 859.77408612078784, -529.07782714704263, 22.683705562467473, -37.129859886572348, 20574.705822049116, 17021.489065728922, 486.26085932129808, 503.53786023705578, 0, 0, 0.60533339676040754
25.859999999999999, 24012.024335009872, 8010.8625483158767, 1596.7572427737298, -119.51403804861062, 114.98444816588014, 83.299435154206492, 21473.577763326659, 7245.829785942502, 859.92955460592691, -529.3329903903624, 15.546848513910923, -25.516324331972605, 20579.568430642328, 17026.524444331291, 486.26085932129808, 503.53786023705578, 0, 0, 0.59533339676040953
25.870000000000001, 24028.010702384654, 8009.6786060234144, 1598.0102392433835, -118.76749884698957, 125.29964696536152, 74.653920162105237, 21482.180453538753, 7240.5309037440393, 860.15586567493233, -529.70314336099682, 22.631106900545124, -37.015297063437899, 20584.43103923554, 17031.559822933661, 486.26085932129808, 503.53786023705578, 0, 0, 0.58533339676040796
25.879999999999999, 24044.00802900346, 8008.5034537466026, 1599.158521001573, -117.93265140313711, 114.82817581895586, 83.484744385245477, 21490.784335638709, 7235.2300618770278, 860.3107618888065, -529.95717225444821, 15.489621387419129, -25.402889345142313, 20589.293647828752, 17036.595201536031, 486.26085932129808, 503.53786023705578, 0, 0, 0.57533339676040995
25.890000000000001, 24060.01838751074, 8007.33535373003, 1600.4100741524235, -117.18421823923745, 125.15531508504915, 74.843316389966361, 21499.390830397573, 7229.9249544115191, 860.53657122054904, -530.32622178539896, 22.580933174251637, -36.904953095076877, 20594.156256421964, 17041.630580138401, 486.26085932129808, 503.53786023705578, 0, 0, 0.56533339676040839
25.900000000000002, 24076.039689646386, 8006.1760614486438, 1601.5568337605835, -116.34755817216839, 114.67596081600836, 83.666006706906089, 21507.998511373084, 7224.6178980834829, 860.69092210762381, -530.57916246420007, 15.435088707475842, -25.294067880106532, 20599.018865015176, 17046.66595874077, 486.26085932129808, 503.53786023705578, 0, 0, 0.55533339676040683
25.91, 24092.07401020508, 8005.0238401912129, 1602.8069818330678, -115.59726988610358, 125.01480724843563, 75.028828606481937, 21516.608800588605, 7219.3065866082161, 860.91625507070432, -530.94715250585944, 22.533296308052794, -36.799004165931407, 20603.881473608388, 17051.70133734314, 486.26085932129808, 503.53786023705578, 0, 0, 0.54533339676040882
25.920000000000002, 24108.119259206513, 8003.8804439686473, 1603.9522607065276, -114.75883813305686, 114.52788734598278, 83.843175304672542, 21525.220270635797, 7213.9933365905054, 861.07008816974417, -531.19905201598021, 15.383309903984754, -25.189951012083124, 20608.7440822016, 17056.73671594551, 486.26085932129808, 503.53786023705578, 0, 0, 0.53533339676040725
25.93, 24124.177513544189, 8002.7441371494606, 1605.2010427472944, -114.00673399015086, 124.87820407668804, 75.210414290599886, 21533.834344755513, 7208.6758414398864, 861.29497070440686, -531.56602737989863, 22.488253466269015, -36.697536391845496, 20613.606690794812, 17061.77209454788, 486.26085932129808, 503.53786023705578, 0, 0, 0.52533339676040924
25.940000000000001, 24140.246681565466, 8001.6166722503349, 1606.344882334261, -113.16657127176551, 114.38395869666911, 84.016271838536312, 21542.449594605958, 7203.3564175851498, 861.44831359793022, -531.81693277577392, 15.334289352341509, -25.090539587527338, 20618.469299388024, 17066.807473150249, 486.26085932129808, 503.53786023705578, 0, 0, 0.51533339676040768
25.949999999999999, 24156.328842215218, 8000.4963147519939, 1607.5923374281924, -112.41269031329631, 124.74550939313791, 75.388095846920265, 21551.067444613363, 7198.032758174867, 861.67277169305589, -532.18293827746641, 22.445809512561745, -36.600550169251456, 20623.331907981235, 17071.842851752619, 486.26085932129808, 503.53786023705578, 0, 0, 0.50533339676040967
25.960000000000001, 24172.421902204824, 7999.3848156561089, 1608.7347784497151, -111.57083649675833, 114.24410215226632, 84.185381653797151, 21559.686465527244, 7192.7071794296089, 861.82565148967285, -532.43289577637347, 15.287979661690116, -24.995749890701539, 20628.194516574447, 17076.878230354989, 486.26085932129808, 503.53786023705578, 0, 0, 0.49533339676040811
25.969999999999999, 24188.527942487552, 7998.2804415845458, 1609.9809449983402, -110.81521693643815, 124.61665486250702, 75.561956032018202, 21568.308082930158, 7187.3773742770099, 862.0497106908972, -532.79797543202778, 22.405920122434253, -36.507965565428847, 20633.057125167659, 17081.913608957359, 486.26085932129808, 503.53786023705578, 0, 0, 0.4853333967604101
25.98, 24204.644868163756, 7997.1849420124245, 1611.1220267463439, -109.9717104535508, 114.10817480035773, 84.350648288735627, 21576.930866679904, 7182.0456587096451, 862.2021535467469, -533.04702963499074, 15.244285584966661, -24.905420296290458, 20637.919733760871, 17086.948987559728, 486.26085932129808, 503.53786023705578, 0, 0, 0.47533339676040853
25.990000000000002, 24220.774762157042, 7996.0965847277967, 1612.3669418012857, -109.21438912638489, 124.4915054941923, 75.732132716591366, 21585.556243489696, 7176.7097254689988, 862.42583850162043, -533.4112259214404, 22.368495487352838, -36.41962864496606, 20642.782342354083, 17091.984366162098, 486.26085932129808, 503.53786023705578, 0, 0, 0.46533339676040697
26, 24236.915527970577, 7995.0171176766389, 1613.5067015027123, -108.36926645262649, 113.97597014265111, 84.51226737584021, 21594.182782334985, 7171.3718903119661, 862.57786918641409, -533.65941910931747, 15.203068479368222, -24.819318787703093, 20647.644950947295, 17097.019744764468, 486.26085932129808, 503.53786023705578, 0, 0, 0.45533339676040896
26.010000000000002, 24253.069250465491, 7993.9448098340736, 1614.7504001618065, -107.61027832187207, 124.36986590941484, 75.898813075441524, 21602.81191103753, 7166.02984582308, 862.80120323184212, -534.02277229549759, 22.333404542801645, -36.335318618014163, 20652.507559540507, 17102.055123366838, 486.26085932129808, 503.53786023705578, 0, 0, 0.4453333967604074
26.02, 24269.233831550919, 7992.8814076228618, 1615.8888724157009, -106.76357352143337, 113.84722538944077, 84.670480043870185, 21611.442197692533, 7160.6859075274442, 862.95284474420214, -534.27014380755156, 15.164151236004793, -24.737151205401865, 20657.370168133719, 17107.090501969207, 486.26085932129808, 503.53786023705578, 0, 0, 0.43533339676040939
26.030000000000001, 24285.411357998164, 7991.8251812217432, 1617.1313872882845, -106.00295124836036, 124.25148725836073, 76.062227307301384, 21620.075071211922, 7155.3377678760162, 863.17584954063398, -534.63269136436554, 22.300479643180108, -36.254755681397796, 20662.232776726931, 17112.125880571577, 486.26085932129808, 503.53786023705578, 0, 0, 0.42533339676040782
26.039999999999999, 24301.599730115442, 7990.7778755441495, 1618.2686035813779, -105.15469558902488, 113.72162930933219, 84.825565933547722, 21628.709098805866, 7149.9877421768606, 863.32712277655082, -534.87927706517507, 15.127323591684231, -24.658570080950575, 20667.095385320143, 17117.161259173947, 486.26085932129808, 503.53786023705578, 0, 0, 0.41533339676040981
26.050000000000001, 24317.801036562454, 7989.7377619845583, 1619.5099643280323, -104.39246916910794, 124.13607466543843, 76.222641991694474, 21637.345710461872, 7144.6335227647969, 863.54981799255995, -535.24105315932945, 22.269521600915656, -36.177609415443072, 20671.957993913355, 17122.196637776316, 486.26085932129808, 503.53786023705578, 0, 0, 0.40533339676040825
26.060000000000002, 24334.013176030308, 7988.7065839682591, 1620.6459526330202, -103.54269080966864, 113.59883049878898, 84.977835943929676, 21645.983472493957, 7139.2774247556181, 863.7007414698694, -535.48688499838374, 15.092347730944486, -24.583183905431405, 20676.820602506567, 17127.232016378686, 486.26085932129808, 503.53786023705578, 0, 0, 0.39533339676040669
26.07, 24350.238239050901, 7987.6826141131414, 1621.8861855837615, -102.77888727772869, 124.02329507413714, 76.380353193995617, 21654.623815954408, 7133.9171403794953, 863.92314451989489, -535.84792007431076, 22.240305002550297, -36.103507592705206, 20681.683211099778, 17132.267394981056, 486.26085932129808, 503.53786023705578, 0, 0, 0.38533339676040868
26.080000000000002, 24366.47412267363, 7986.6675943840883, 1623.0209700430598, -101.92761102942778, 113.4784459298331, 85.127624830089985, 21663.265306244219, 7128.5549845937512, 864.07373416071607, -536.09302574105766, 15.058964082114796, -24.510566674685393, 20686.54581969299, 17137.302773583426, 486.26085932129808, 503.53786023705578, 0, 0, 0.37533339676040711
26.09, 24382.722919291864, 7985.6597986257093, 1624.2600978966302, -101.16225423509583, 123.91278535703935, 76.535679433195327, 21671.909375473384, 7123.188649529553, 864.29585999782034, -536.45334619354674, 22.212583710423306, -36.032045248905327, 20691.408428286202, 17142.338152185795, 486.26085932129808, 503.53786023705578, 0, 0, 0.3653333967604091
26.100000000000001, 24398.982524281277, 7984.660967375924, 1625.3936985929495, -100.30950139736561, 113.36006963193277, 85.275283773022494, 21680.554588107945, 7117.8204500274851, 864.44612896991566, -536.69774886906669, 15.026897209537523, -24.440267551989542, 20696.271036879414, 17147.373530788165, 486.26085932129808, 503.53786023705578, 0, 0, 0.35533339676040754
26.109999999999999, 24415.255031891291, 7983.6693757051444, 1626.6317401984929, -99.542611851094875, 123.80416055434304, 76.688954627073571, 21689.202377312115, 7112.4480781197144, 864.66798993448549, -537.05737680771313, 22.186096456984266, -35.962793864649377, 20701.133645472626, 17152.408909390535, 486.26085932129808, 503.53786023705578, 0, 0, 0.34533339676040953
26.120000000000001, 24431.538335785481, 7982.6867627625898, 1627.7641730121245, -98.688400120676519, 113.24328136315202, 85.421173041835658, 21697.851306590714, 7107.0738485785641, 864.81794855151895, -537.30109501259733, 14.995861703342033, -24.371820488418109, 20705.996254065838, 17157.444287992905, 486.26085932129808, 503.53786023705578, 0, 0, 0.33533339676040796
26.129999999999999, 24447.834532068919, 7981.7114048395524, 1629.0011432331578, -97.919994909390226, 123.6970221033185, 76.840521128629632, 21706.502810162096, 7101.6954533318622, 865.03955427589938, -537.66004811765902, 22.160572438046692, -35.895310506167483, 20710.85886265905, 17162.479666595274, 486.26085932129808, 503.53786023705578, 0, 0, 0.32533339676040995
26.140000000000001, 24464.141512649519, 7980.7450397386883, 1630.1324197844413, -97.064338360745694, 113.12765512833811, 85.565654864453748, 21715.155450540049, 7096.3152071376389, 865.18920995559859, -537.90309565410701, 14.965567969921349, -24.304753644797284, 20715.721471252262, 17167.515045197644, 486.26085932129808, 503.53786023705578, 0, 0, 0.31533339676040839
26.150000000000002, 24480.461375492254, 7979.7859449635253, 1631.368329443678, -96.294431131106748, 123.59096592366882, 76.990722963895266, 21723.810663000128, 7090.9308018090815, 865.41056732372806, -538.26138712187503, 22.135736812944256, -35.829146776803199, 20720.584079845474, 17172.550423800014, 486.26085932129808, 503.53786023705578, 0, 0, 0.30533339676040683
26.16, 24496.7920107018, 7978.8358570152068, 1632.4984571177449, -95.437340264929944, 113.012767406693, 85.70908661768101, 21732.467009032538, 7085.5445521480933, 865.55992460202106, -538.50377310652368, 14.935727829301074, -24.238598464865689, 20725.446688438686, 17177.585802402384, 486.26085932129808, 503.53786023705578, 0, 0, 0.29533339676040882
26.170000000000002, 24513.13551811151, 7977.8930545974636, 1633.7333130200257, -94.665941271168791, 123.48559022808436, 77.139899376115466, 21741.125924975961, 7080.1541498384122, 865.78103776224521, -538.86141168088784, 22.111316022419015, -35.763857436412081, 20730.309297031898, 17182.621181004753, 486.26085932129808, 503.53786023705578, 0, 0, 0.28533339676040725
26.18, 24529.489785972455, 7976.9592729569176, 1634.8622950695919, -93.80742312675504, 112.89820495663095, 85.85181444137524, 21749.785971262558, 7074.7619097868646, 865.93009836053818, -539.1031406634479, 14.906059829300663, -24.172898256010193, 20735.17190562511, 17187.656559607123, 486.26085932129808, 503.53786023705578, 0, 0, 0.27533339676040924
26.190000000000001, 24545.856915998593, 7976.0327919824667, 1636.0961000989173, -93.034539339000759, 123.38050293253389, 77.288378775427788, 21758.448585302587, 7069.3655235289471, 866.15096878892393, -539.46013074897053, 22.087042838578537, -35.699008552259713, 20740.034514218321, 17192.691938209493, 486.26085932129808, 503.53786023705578, 0, 0, 0.26533339676040768
26.199999999999999, 24562.234794535394, 7975.1153457141827, 1637.2239358196912, -92.174597665295735, 112.78357207739847, 85.994167370501927, 21767.112326434606, 7063.9673061390349, 866.29973173086603, -539.70120291044339, 14.876294194214367, -24.107216147283069, 20744.897122811533, 17197.727316811863, 486.26085932129808, 503.53786023705578, 0, 0, 0.25533339676040967
26.210000000000001, 24578.625525192874, 7974.2052152085071, 1638.4566891052093, -91.400232933468629, 123.27532855180746, 77.436473182711225, 21775.778633151076, 7058.5649489821717, 866.52035834155276, -540.05754476102027, 22.06266106867805, -35.634185057689386, 20749.759731404745, 17202.762695414232, 486.26085932129808, 503.53786023705578, 0, 0, 0.24533339676040811
26.219999999999999, 24595.026992358507, 7973.3041333469828, 1639.5833740773771, -90.538868412774406, 112.66849721677687, 86.136452069422688, 21784.446063661093, 7053.1607673632152, 866.66882011487667, -540.29795618407809, 14.846177332386372, -24.041142305780891, 20754.622339997957, 17207.798074016602, 486.26085932129808, 503.53786023705578, 0, 0, 0.2353333967604101
26.23, 24611.441301556453, 7972.4103823338419, 1640.8150712221286, -89.763023680301444, 123.16971447515377, 77.584473247295577, 21793.116057551717, 7047.7524524517339, 866.88919941328447, -540.65364616013449, 22.037929840784159, -35.568997605644654, 20759.484948591169, 17212.833452618972, 486.26085932129808, 503.53786023705578, 0, 0, 0.22533339676040853
26.240000000000002, 24627.866335164497, 7971.5256939392748, 1641.9405976104126, -88.900234197902336, 112.55263882839805, 86.27894823991079, 21801.787171867225, 7042.3423198450864, 867.03735417165137, -540.89338916322015, 14.815475836688449, -23.974300308571166, 20764.347557184381, 17217.868831221342, 486.26085932129808, 503.53786023705578, 0, 0, 0.21533339676040697
26.25, 24644.30420064108, 7970.6483514938818, 1643.1712309757158, -88.122907758842487, 123.06333653033199, 77.732643905985285, 21810.460847303053, 7036.9280604901614, 867.25748044573652, -541.24842004941456, 22.012627408516131, -35.503088619440732, 20769.210165777593, 17222.904209823711, 486.26085932129808, 503.53786023705578, 0, 0, 0.20533339676040896
26.260000000000002, 24660.752778304395, 7969.7800857020075, 1644.2955878796879, -87.258688711231798, 112.43569039719878, 86.421904761068461, 21819.135639704498, 7031.5119903367795, 867.40532024495735, -541.48748357525687, 14.783979922080732, -23.906352584234519, 20774.072774370805, 17227.939588426081, 486.26085932129808, 503.53786023705578, 0, 0, 0.1953333967604074
26.27, 24677.214177568756, 7968.9191809980057, 1645.525146917274, -86.479876503849923, 122.95590375862166, 77.88122073818792, 21827.81299089011, 7026.0918000804077, 867.62518578917445, -541.84184494984913, 21.986554421714207, -35.436137459222955, 20778.935382964017, 17232.974967028451, 486.26085932129808, 503.53786023705578, 0, 0, 0.18533339676040939
26.280000000000001, 24693.686276645614, 7968.0673670634578, 1646.6483207629569, -85.614221137802318, 112.31738456829572, 86.565536604760155, 21836.491455473941, 7020.6698060801809, 867.77270085173257, -542.08021499841732, 14.751506255816544, -23.837004856814012, 20783.797991557229, 17238.010345630821, 486.26085932129808, 503.53786023705578, 0, 0, 0.17533339676040782
26.289999999999999, 24710.171186927593, 7967.2229294131384, 1647.8767923863493, -84.833917067221265, 122.84716233923311, 78.030407058104686, 21845.17247641295, 7015.2436987505007, 867.9922962179395, -542.43389364482073, 21.959536620687778, -35.367864640343655, 20788.660600150441, 17243.04572423319, 486.26085932129808, 503.53786023705578, 0, 0, 0.16533339676040981
26.300000000000001, 24726.666784475907, 7966.3875967458498, 1648.9987673496751, -83.966816841673051, 112.19749633257443, 86.710022554820995, 21853.854607060151, 7009.8157949126207, 868.13947521942043, -542.67155374027027, 14.717900148091033, -23.766009544954962, 20793.523208743653, 17248.08110283556, 486.26085932129808, 503.53786023705578, 0, 0, 0.15533339676040825
26.310000000000002, 24743.175182684197, 7965.5596556331984, 1650.2261363358616, -83.185013123969441, 122.73689861865509, 78.180371770361745, 21862.539291526384, 7004.3837846699589, 868.35878948865366, -543.02453409085911, 21.931426923317822, -35.298035058884736, 20798.385817336864, 17253.11648143793, 486.26085932129808, 503.53786023705578, 0, 0, 0.14533339676040669
26.32, 24759.694255424343, 7964.74083382752, 1651.3468947882711, -82.316458086542909, 112.07584524094813, 86.85550374265317, 21871.225081876833, 6998.9499853538373, 868.50561985948991, -543.2614657717553, 14.683037083621414, -23.693168089614723, 20803.248425930076, 17258.1518600403, 486.26085932129808, 503.53786023705578, 0, 0, 0.13533339676040868
26.330000000000002, 24776.226118113409, 7963.9294189338543, 1652.573144200453, -81.533145606536735, 122.62494121818926, 78.331248000616881, 21879.913423391463, 6993.5120867270898, 868.72464092835332, -543.61373037374653, 21.902106886339073, -35.226460199121568, 20808.111034523288, 17263.187238642669, 486.26085932129808, 503.53786023705578, 0, 0, 0.12533339676040711
26.34, 24792.768642399908, 7963.1271377902385, 1653.6926671668296, -80.663124776570413, 111.95229663765599, 87.002082996632367, 21888.602866824283, 6988.072406673522, 868.871109164225, -543.84991369578586, 14.646823587167935, -23.618332203929917, 20812.9736431165, 17268.222617245039, 486.26085932129808, 503.53786023705578, 0, 0, 0.1153333967604091
26.350000000000001, 24809.323945745906, 7962.3322790123475, 1654.9177787889337, -79.878293451587709, 122.51116221040402, 78.483132498270777, 21897.294858639056, 6982.6286345866665, 869.0898240395652, -544.20144368895512, 21.871487534022446, -35.152999316922127, 20817.836251709712, 17273.257995847409, 486.26085932129808, 503.53786023705578, 0, 0, 0.10533339676040754
26.359999999999999, 24825.889897548084, 7961.5465685515792, 1656.0360464081671, -79.006795201725453, 111.82676192333803, 87.149824986225241, 21905.987948259066, 6977.1830889391676, 869.23591601386386, -544.43685772956565, 14.609197429863066, -23.541404061052994, 20822.698860302924, 17278.293374449779, 486.26085932129808, 503.53786023705578, 0, 0, 0.095333396760409528
26.370000000000001, 24842.468617333772, 7960.7682960124312, 1657.2600011819129, -78.220434343797891, 122.39547737457809, 78.636085792756234, 21914.683583345639, 6971.7334587279302, 869.45431110947027, -544.78763332570747, 21.83950956064643, -35.077559614187102, 20827.561468896136, 17283.328753052148, 486.26085932129808, 503.53786023705578, 0, 0, 0.085333396760407965
26.379999999999999, 24859.057972225273, 7959.9991864825624, 1658.3769931606741, -77.347446772520058, 111.69919787613131, 87.298757127783801, 21923.380311975812, 6966.2820630443548, 869.60001238142149, -545.02225668025494, 14.570127195126663, -23.462335454751262, 20832.424077489348, 17288.364131654518, 486.26085932129808, 503.53786023705578, 0, 0, 0.075333396760409954
26.390000000000001, 24875.660083833714, 7959.2375305347978, 1659.5997716162524, -76.559545441803238, 122.27784555783057, 78.790133071681382, 21932.079583021066, 6960.8265904632362, 869.81807381066619, -545.37225763462959, 21.806142924465931, -35.000095437466413, 20837.28668608256, 17293.399510256888, 486.26085932129808, 503.53786023705578, 0, 0, 0.065333396760408391
26.400000000000002, 24892.27281699064, 7958.4850524110607, 1660.7154676670305, -75.685056729760674, 111.56960507781305, 87.448871204256918, 21940.779943200858, 6955.3693607179921, 869.96336992302349, -545.60606889450787, 14.529611235729449, -23.381125987822454, 20842.149294675772, 17298.434888859258, 486.26085932129808, 503.53786023705578, 0, 0, 0.055333396760406828
26.41, 24908.898295407387, 7957.7400436336229, 1661.9370503388952, -74.895604072409029, 122.15826718647216, 78.945265735165094, 21949.482842607966, 6949.9080619380638, 870.18108378165391, -545.95527496003922, 21.771385863039932, -34.920606553130959, 20847.011903268984, 17303.470267461627, 486.26085932129808, 503.53786023705578, 0, 0, 0.045333396760408817
26.420000000000002, 24925.534381614601, 7957.0042276117447, 1663.051430593986, -74.019602816029362, 111.43802550908416, 87.600125637966897, 21958.186826597193, 6944.4450145154096, 870.32596054230578, -546.18825316365587, 14.487676065186534, -23.297820361660879, 20851.874511862196, 17308.505646063997, 486.26085932129808, 503.53786023705578, 0, 0, 0.035333396760407254
26.43, 24942.183201437838, 7956.2758968001199, 1664.2717984138692, -73.228588380346167, 122.03678198832384, 79.101443568319993, 21966.893346492121, 6938.9779061134377, 870.54331317601407, -546.53664451934424, 21.735263370827514, -34.839135568838735, 20856.737120455407, 17313.541024666367, 486.26085932129808, 503.53786023705578, 0, 0, 0.025333396760409244
26.440000000000001, 24958.842615102887, 7955.5567737835681, 1665.3848438077987, -72.351063896901209, 111.30453939295425, 87.75244834449623, 21975.600946280018, 6933.5090577925157, 870.68775691838198, -546.76876956790522, 14.444374236789503, -23.212504856099464, 20861.599729048619, 17318.576403268737, 486.26085932129808, 503.53786023705578, 0, 0, 0.01533339676040768
26.449999999999999, 24975.514750560866, 7954.8451519342188, 1666.6039784678076, -71.558477922267727, 121.91346600087709, 79.258597463348451, 21984.31107852298, 6928.0361567321488, 870.90473517027795, -547.11632721376554, 21.697825189593882, -34.7557645860294, 20866.462337641831, 17323.611781871106, 486.26085932129808, 503.53786023705578, 0, 0, 0.0053333967604096699
