time (s), estimated missile position x (m), estimated missile position y (m), estimated missile velocity x (m/s), estimated missile velocity y (m/s), estimated missile acceleration x (m/s^2), estimated missile acceleration y (m/s^2), true missile position x (m), true missile position y (m), true missile velocity x (m/s), true missile velocity y (m/s), true missile acceleration x (m/s^2), true missile acceleration y (m/s^2), true target position x (m), true target position y (m), true target velocity x (m/s), true target velocity y (m/s), true target acceleration x (m/s^2), true target acceleration y (m/s^2), time_to_go (s) 
0, 0, 0, 866.02540378443871, 499.99999999999994, 0, 0, 0, 0, 866.02540378443871, 499.99999999999994, 0, 0, 8000, 4000, 486.26085932129808, 503.53786023705578, 0, 0, 26.455333396760409
0, 8.6603276053368354, 5.0001274226347041, 866.03030828393526, 500.00849484231361, 0.49044994965343058, 0.84948423136933982, 8.6603276053368354, 5.0001274226347041, 866.03030828393526, 500.00849484231361, 0.49044994965343053, 0.84948423136933982, 8004.8626085932128, 4005.0353786023707, 486.26085932129808, 503.53786023705578, 0, 0, 26.455333396760409
0.01, 17.320700578557709, 10.000333421935263, 866.03496764270335, 500.01656490080842, 0.46593587680436305, 0.80700584948075504, 17.320700577339071, 10.000333422638851, 866.0349675614608, 500.01656494771436, 0.46592775255342939, 0.80701054007302686, 8009.7252171864257, 4010.0707572047413, 486.26085932129808, 503.53786023705578, 0, 0, 26.445333396760407
0.02, 25.981190224888369, 15.000741495013401, 866.04429896961187, 500.03272650547859, 0.93313269084786565, 1.6161604670166509, 25.981190219349848, 15.000741498211132, 866.04429865453869, 500.03272668739021, 0.9331093077871081, 1.6161739675874847, 8014.5878257796385, 4015.106135807112, 486.26085932129808, 503.53786023705578, 0, 0, 26.435333396760409
0.029999999999999999, 34.641766190717341, 20.001299060793578, 866.05316404513542, 500.04807988717141, 0.88650755235321965, 1.5353381692831127, 34.64176617422563, 20.001299070315401, 866.05316320989846, 500.04808036941461, 0.88645553597295557, 1.5353682024384199, 8019.4504343728513, 4020.1415144094826, 486.26085932129808, 503.53786023705578, 0, 0, 26.425333396760408
0.040000000000000001, 43.302497658697547, 25.002125925528144, 866.06648588039207, 500.07115094469486, 1.3321835256666665, 2.3071057523475886, 43.302497618754423, 25.002125948590507, 866.06648403855218, 500.07115200814525, 1.3320828653752748, 2.3071638730658615, 8024.3130429660641, 4025.1768930118533, 486.26085932129808, 503.53786023705578, 0, 0, 26.41533339676041
0.050000000000000003, 51.963352363633724, 30.003166193437014, 866.07914228920924, 500.09306817548958, 1.2656408817214282, 2.1917230794699152, 51.963352281664925, 30.003166240765051, 866.07913887355085, 500.09307014768473, 1.265483499865321, 2.1918139539486301, 8029.175651559277, 4030.2122716142239, 486.26085932129808, 503.53786023705578, 0, 0, 26.405333396760408
0.059999999999999998, 60.624397493989321, 35.004536196535234, 866.09605612010932, 500.12235626504435, 1.6913830900088955, 2.9288089554779893, 60.624397339995063, 35.004536285452097, 866.09605017985973, 500.12235969503121, 1.691130630890584, 2.9289547346499232, 8034.0382601524898, 4035.2476502165946, 486.26085932129808, 503.53786023705578, 0, 0, 26.39533339676041
0.070000000000000007, 69.285599093978149, 40.006177108280127, 866.11212537262509, 500.15017953800742, 1.6069252515807291, 2.7823272963081709, 69.285598829407462, 40.006177261047831, 866.11211602077947, 500.15018493805945, 1.6065840919696166, 2.7825243028262339, 8038.9008687457026, 4040.2830288189652, 486.26085932129808, 503.53786023705578, 0, 0, 26.385333396760409
0.080000000000000002, 77.9470224759296, 45.008201986475441, 866.13226725430548, 500.1850517256903, 2.0141881680374056, 3.4872187682898379, 77.947022044089039, 45.008202235834432, 866.13225298569773, 500.18505996512658, 2.0136964918249776, 3.4875027067155595, 8043.7634773389154, 4045.3184074213359, 486.26085932129808, 503.53786023705578, 0, 0, 26.375333396760411
0.089999999999999997, 86.608632194888969, 50.010549424309595, 866.15140368205959, 500.21817976417384, 1.9136427754168424, 3.3128038483519076, 86.608631528343494, 50.010549809205699, 866.15138327886325, 500.21819154646016, 1.9130293165523038, 3.3131581333564903, 8048.6260859321283, 4050.3537860237066, 486.26085932129808, 503.53786023705578, 0, 0, 26.365333396760409
0.10000000000000001, 95.270491795673337, 55.013329390137393, 866.17444127964416, 500.25805764324468, 2.3037597584583294, 3.9877879070868825, 95.270490801312008, 55.013329964348443, 866.17441262418902, 500.25807419166949, 2.3029345325781487, 3.98826452093037, 8053.4886945253411, 4055.3891646260772, 486.26085932129808, 503.53786023705578, 0, 0, 26.355333396760408
0.11, 103.93256452770341, 60.016478216694217, 866.19632922855237, 500.29594098486984, 2.1887948908271637, 3.7883341625161808, 103.93256309991807, 60.016479041219846, 866.19629078180037, 500.29596318864992, 2.1878157611390243, 3.7888996980412841, 8058.3513031185539, 4060.4245432284479, 486.26085932129808, 503.53786023705578, 0, 0, 26.34533339676041
0.12, 112.59491226828618, 65.020102953612167, 866.22195911503536, 500.34029612281967, 2.5629886482950708, 4.4355137949832804, 112.59491026771514, 65.020104108953973, 866.22190811373798, 500.34032557849173, 2.5617331937597561, 4.436238984183607, 8063.2139117117667, 4065.4599218308185, 486.26085932129808, 503.53786023705578, 0, 0, 26.335333396760408
0.13, 121.25749712842649, 70.024137964859079, 866.2463103810328, 500.3824327907339, 2.4351265997400557, 4.2136667914224457, 121.25749440198776, 70.024139539450289, 866.24624498942057, 500.38247055925211, 2.4336875682559382, 4.2144980760398649, 8068.0765203049796, 4070.4953004331892, 486.26085932129808, 503.53786023705578, 0, 0, 26.32533339676041
0.14000000000000001, 129.92037941004551, 75.028687539164977, 866.27425556827814, 500.43078255063745, 2.7945187245336789, 4.8349759903520706, 129.92037576249862, 75.028689645802316, 866.2741723638652, 500.43083060988585, 2.7927374444671695, 4.8360050633735456, 8072.9391288981924, 4075.5306790355598, 486.26085932129808, 503.53786023705578, 0, 0, 26.315333396760408
0.14999999999999999, 138.58352023801359, 80.033684337626724, 866.30080705396506, 500.47671408099592, 2.6551485686891456, 4.5931530358498325, 138.58351545976467, 80.033687097408617, 866.30070393902417, 500.47677364371486, 2.6531575158974738, 4.5943033829034245, 8077.8017374914052, 4080.5660576379305, 486.26085932129808, 503.53786023705578, 0, 0, 26.30533339676041
0.16, 147.24697842378797, 85.039230034027952, 866.33081473627942, 500.52861778708029, 3.0007682314397042, 5.1903706084366492, 147.24697225452388, 85.039233597370668, 866.33068763028825, 500.52869121204156, 2.9983691264124168, 5.1917568326683483, 8082.664346084618, 4085.6014362403012, 486.26085932129808, 503.53786023705578, 0, 0, 26.295333396760409
0.17000000000000001, 155.91071424474353, 90.045255828853655, 866.35932630913032, 500.57792558407351, 2.8511572850956459, 4.9307796993195705, 155.91070640978052, 90.045260354490253, 866.35917289387089, 500.57801421198644, 2.8485263582617013, 4.9322999944861499, 8087.5269546778309, 4090.6368148426718, 486.26085932129808, 503.53786023705578, 0, 0, 26.285333396760407
0.17999999999999999, 164.574785100209, 95.05186091598938, 866.39116580074165, 500.6329810037397, 3.1839491611287407, 5.5055419666177636, 164.57477526556175, 95.051866596940727, 866.39098135003917, 500.63308756736012, 3.1808456168316672, 5.5073355373675543, 8092.3895632710437, 4095.6721934450425, 486.26085932129808, 503.53786023705578, 0, 0, 26.275333396760409
0.19, 173.23915054623339, 100.05897525590613, 866.42141833520702, 500.68528299569658, 3.0252534465334482, 5.2301991956887965, 173.23913836414718, 100.05898229316843, 866.4212003557077, 500.68540893763344, 3.0219005668507122, 5.2321370273310146, 8097.2521718642565, 4100.7075720474131, 486.26085932129808, 503.53786023705578, 0, 0, 26.265333396760408
0.20000000000000001, 181.9038666423275, 105.0666956876133, 866.45487918467609, 500.74312311237674, 3.3460849469075296, 5.7840116680143598, 181.90385169724615, 105.06670432139606, 866.45462232516741, 500.74327152771957, 3.3421969459675367, 5.7862590086112409, 8102.1147804574694, 4105.7429506497838, 486.26085932129808, 503.53786023705578, 0, 0, 26.25533339676041
0.20999999999999999, 190.56889233798572, 110.07495113231937, 866.48667277210586, 500.79807068452965, 3.1793587429803045, 5.4947572152892246, 190.56887420178802, 110.07496161011808, 866.48637441118103, 500.7982430907075, 3.1752086013599268, 5.4971562987937403, 8106.9773890506822, 4110.7783292521544, 486.26085932129808, 503.53786023705578, 0, 0, 26.245333396760408
0.22, 199.23428241969867, 115.08383618996312, 866.52156303823267, 500.85836073775977, 3.4890266126854503, 6.0290053230101233, 199.23426058812402, 115.08384880332186, 866.52121722612583, 500.85856057715461, 3.4842814944805736, 6.0317486447109356, 8111.839997643895, 4115.8137078545251, 486.26085932129808, 503.53786023705578, 0, 0, 26.23533339676041
0.23000000000000001, 207.89999533475753, 120.09327892506181, 866.55471535000083, 500.91563591916531, 3.3152311768171581, 5.7275181405539506, 207.89996929275975, 120.09329397178928, 866.55431938442382, 500.91586475687961, 3.3102158297983606, 5.7304179725003941, 8116.7026062371078, 4120.8490864568957, 486.26085932129808, 503.53786023705578, 0, 0, 26.225333396760409
0.23999999999999999, 216.56608465838514, 125.10337180581756, 866.5908600251729, 500.97807069010548, 3.6144675172070042, 6.2434770940143531, 216.56605380666196, 125.10338963248174, 866.5904073882881, 500.97833229845736, 3.6088003864237512, 6.2467541577747578, 8121.5652148303207, 4125.8844650592664, 486.26085932129808, 503.53786023705578, 0, 0, 26.215333396760411
0.25, 225.23250843049462, 130.11404220597686, 866.62520481568947, 501.03738357398839, 3.4344790516563375, 5.9312883882900511, 225.23247216127604, 130.11406316407806, 866.62469277036803, 501.03767953924125, 3.4285382079880153, 5.9347240783893813, 8126.4278234235335, 4130.9198436616371, 486.26085932129808, 503.53786023705578, 0, 0, 26.205333396760409
0.26000000000000001, 233.89931907217434, 135.12538056155205, 866.66244438387753, 501.10168489634162, 3.7239568188062009, 6.4301322353226826, 233.89927668558238, 135.12540505591076, 866.66186587721188, 501.10201930192636, 3.717310684388321, 6.4339762685123292, 8131.2904320167463, 4135.9552222640077, 486.26085932129808, 503.53786023705578, 0, 0, 26.195333396760407
0.27000000000000002, 242.56647430207542, 140.13731370619189, 866.69783012136543, 501.16277127476951, 3.538573748793751, 6.1086378427900758, 242.5664250925775, 140.13734214494224, 866.69718242541148, 501.1631457027413, 3.5316548199614175, 6.1126400814967106, 8136.1530406099591, 4140.9906008663784, 486.26085932129808, 503.53786023705578, 0, 0, 26.185333396760409
0.28000000000000003, 251.23402544005526, 145.14993013610766, 866.73601923911156, 501.22868575264181, 3.8189117746102905, 6.5914477872309716, 251.23396860245438, 145.14996298509726, 866.73529480026161, 501.22910457791573, 3.8112374850075468, 6.5958875174452789, 8141.015649203172, 4146.025979468749, 486.26085932129808, 503.53786023705578, 0, 0, 26.175333396760408
0.28999999999999998, 259.90192996165621, 150.16315628156383, 866.77230785310155, 501.29130494795936, 3.6288613990002609, 6.2619195317552343, 259.90186468836293, 150.16319400807538, 866.77150399398897, 501.29176972451228, 3.6209193727402442, 6.2665146596560071, 8145.8782577963848, 4151.0613580711197, 486.26085932129808, 503.53786023705578, 0, 0, 26.16533339676041
0.29999999999999999, 268.57023813453384, 155.17707878477918, 866.81131414287711, 501.35860186367631, 3.9006289775585916, 6.7296915716971553, 268.57016351105364, 155.17712191802258, 866.81042284404134, 501.359117237985, 3.8918850052315017, 6.7347513472739786, 8150.7408663895976, 4156.0967366734903, 486.26085932129808, 503.53786023705578, 0, 0, 26.155333396760408
0.31, 277.23890726199471, 160.19162379656879, 866.84837987835124, 501.42253474053234, 3.7065735474150627, 6.3932876856046343, 277.23882237510378, 160.19167286507803, 866.84739855135695, 501.42310221635921, 3.6975707315566364, 6.3984978374200896, 8155.6034749828104, 4161.132115275861, 486.26085932129808, 503.53786023705578, 0, 0, 26.14533339676041
0.32000000000000001, 285.907986604972, 165.20687618491797, 866.88808282460172, 501.49100413678929, 3.970294625053477, 6.8469396256946995, 285.90789042762873, 165.20693178318143, 866.88700301878248, 501.49162861234578, 3.9604467425544456, 6.8526395986591444, 8160.4660835760233, 4166.1674938782317, 486.26085932129808, 503.53786023705578, 0, 0, 26.135333396760409
0.33000000000000002, 294.57743335875307, 170.22276193343237, 866.92581119360477, 501.55605127988969, 3.7728369002997093, 6.5047143100380822, 294.57732486920276, 170.22282465294663, 866.92463044452927, 501.55673418846169, 3.7627425746768357, 6.510557611588486, 8165.3286921692361, 4171.2028724806023, 486.26085932129808, 503.53786023705578, 0, 0, 26.125333396760411
0.34000000000000002, 303.24729581977476, 175.23936421006096, 866.96610113264956, 501.62550220187006, 4.0289939044747811, 6.9450921980375302, 303.24717387586588, 175.23943471211376, 866.96481059238636, 501.62624867396369, 4.0180147857135236, 6.9514485502024606, 8170.1913007624489, 4176.238251082973, 486.26085932129808, 503.53786023705578, 0, 0, 26.115333396760409
0.35000000000000003, 311.9175311334364, 180.25660893273843, 867.00438795499281, 501.69148224578805, 3.8286822343211226, 6.5980043917962066, 311.91739460262585, 180.25668787313231, 867.0029853147928, 501.69229362589164, 3.8174722406400972, 6.6044951927949977, 8175.0539093556617, 4181.2736296853436, 486.26085932129808, 503.53786023705578, 0, 0, 26.105333396760408
0.35999999999999999, 320.58818667092225, 185.27457763846019, 867.04516515072294, 501.76174113004555, 4.0777195730090154, 7.0258884257489846, 320.5880342940257, 185.27466574643464, 867.0436411982547, 501.76262276211946, 4.0655883461914861, 7.0329136227837834, 8179.9165179488746, 4186.3090082877143, 486.26085932129808, 503.53786023705578, 0, 0, 26.09533339676041
0.37, 329.25921958031074, 190.29319627123789, 867.08391567613978, 501.82848922852804, 3.8750525416828712, 6.6748098482507734, 329.25905011233345, 190.29329426790244, 867.08226828660293, 501.8294423518941, 3.862708834821309, 6.6819589774660066, 8184.7791265420874, 4191.3443868900849, 486.26085932129808, 503.53786023705578, 0, 0, 26.085333396760408
0.38, 337.93067634404247, 195.31254480149272, 867.12508947416211, 501.89939842649846, 4.1173798022301122, 7.0909197970443731, 337.93048840743575, 195.31265348485019, 867.12330910235448, 501.90042858048059, 4.1040815751607829, 7.098622858649934, 8189.6417351353002, 4196.3797654924556, 486.26085932129808, 503.53786023705578, 0, 0, 26.07533339676041
0.39000000000000001, 346.60251416035578, 200.33254928210613, 867.16421757894022, 501.96676484972699, 3.9128104778090895, 6.7366423228546486, 346.60230639655782, 200.33266943925827, 867.16230230892256, 501.9678731540323, 3.8993206568055796, 6.7444573551691427, 8194.504343728513, 4201.4151440948262, 486.26085932129808, 503.53786023705578, 0, 0, 26.065333396760408
0.40000000000000002, 355.27477865694789, 205.35328817697834, 867.20570563245542, 502.03818127472323, 4.1488053515186492, 7.1416424996243135, 355.27454956925584, 205.35342067519008, 867.20364561617498, 502.03937344679883, 4.1343307252467776, 7.1500292766506286, 8199.3669523217268, 4206.4505226971969, 486.26085932129808, 503.53786023705578, 0, 0, 26.05533339676041
0.41000000000000003, 363.94742712504831, 210.37468772246365, 867.24513308417829, 502.10603012392789, 3.9427451722833791, 6.7848849204661761, 363.94717524071837, 210.37483341522523, 867.24292663622543, 502.10730715127676, 3.9281020050478146, 6.7933704477900845, 8204.2295609149405, 4211.4859012995676, 486.26085932129808, 503.53786023705578, 0, 0, 26.045333396760409
0.41999999999999998, 372.6205043693094, 215.39682493201471, 867.2868606454648, 502.17782401137993, 4.1727561286557311, 7.1793887452040259, 372.62022807218739, 215.3969847560675, 867.28449764334175, 502.17919177324404, 4.1571007116366729, 7.1884621967285147, 8209.0921695081543, 4216.5212799019382, 486.26085932129808, 503.53786023705578, 0, 0, 26.035333396760407
0.42999999999999999, 381.2939678125328, 220.41962629257387, 867.32651643004795, 502.24603204107132, 3.9655784583140119, 6.820802969140316, 381.29366551553238, 220.4198011679303, 867.3239954374485, 502.24749138193488, 3.9497794106728494, 6.8299608690857125, 8213.954778101368, 4221.5566585043089, 486.26085932129808, 503.53786023705578, 0, 0, 26.025333396760409
0.44, 389.96786146591188, 225.44316741955768, 867.3684157019552, 502.3180858126114, 4.1899271907222815, 7.2053771540101037, 389.96753143357523, 225.44335835239252, 867.36572634867446, 502.31964275812641, 4.1730911225960883, 7.2151376191514611, 8218.8173866945817, 4226.5920371066795, 486.26085932129808, 503.53786023705578, 0, 0, 26.015333396760408
0.45000000000000001, 398.6421429185171, 230.46737511076702, 867.40823540766598, 502.38654135149244, 3.9819705710739655, 6.8455538881042131, 398.64178344966416, 230.46758308751168, 867.4053765221546, 502.38819659398541, 3.9650173480183746, 6.8553835859031729, 8223.6799952877955, 4231.6274157090502, 486.26085932129808, 503.53786023705578, 0, 0, 26.00533339676041
0.46000000000000002, 407.31685541572881, 235.4923236326234, 867.45024495000303, 502.45874857425542, 4.2009542337049997, 7.2207222763000303, 407.31646465614449, 235.49254972861209, 867.44720593940792, 502.46050827135491, 4.1829417253347412, 7.2311677369500327, 8228.5426038810092, 4236.6627943114208, 486.26085932129808, 503.53786023705578, 0, 0, 25.995333396760408
0.47000000000000003, 415.99195674403296, 240.51794014780126, 867.490170203611, 502.52735053660814, 3.9925253607979245, 6.8601962352723707, 415.99153287905841, 240.51818541556898, 867.48695017406396, 502.52921522091168, 3.974423465606383, 6.8706949556768606, 8233.4052124742229, 4241.6981729137915, 486.26085932129808, 503.53786023705578, 0, 0, 25.98533339676041
0.47999999999999998, 424.66748940886129, 245.5442976196656, 867.53223438976033, 502.59961496982618, 4.2064186149307394, 7.2264433218060757, 424.66703046642544, 245.54456320322615, 867.52882254915778, 502.60159091744754, 4.1872375093826095, 7.237569653583364, 8238.2678210674367, 4246.7335515161622, 486.26085932129808, 503.53786023705578, 0, 0, 25.975333396760409
0.48999999999999999, 433.34341142201828, 250.57132362406412, 867.57221234038491, 502.66827194984381, 3.9977950624591867, 6.8656980017662246, 433.34291547492364, 250.57161064155193, 867.56860808293402, 502.67035952753423, 3.9785533776201762, 6.8768610086669719, 8243.1304296606504, 4251.7689301185328, 486.26085932129808, 503.53786023705578, 0, 0, 25.965333396760411
0.5, 442.01976457321439, 255.59908986438691, 867.61428085987052, 502.7405066714669, 4.2068519485609635, 7.2234721623110412, 442.01922953274891, 255.59939952783307, 867.61047321599563, 502.74271226125353, 4.1865133061564688, 7.2352733719285993, 8247.9930382538641, 4256.8043087209035, 486.26085932129808, 503.53786023705578, 0, 0, 25.955333396760409
0.51000000000000001, 450.6965071245121, 260.62752437273389, 867.65426370647231, 502.80913611362183, 3.998284660181278, 6.8629442154947808, 450.69593095216675, 260.62785786520129, 867.6502523665223, 502.8114599116314, 3.9779150526640175, 6.874765037784476, 8252.8556468470779, 4261.8396873232741, 486.26085932129808, 503.53786023705578, 0, 0, 25.945333396760407
0.52000000000000002, 459.37368017262344, 265.65669763297018, 867.69629110958056, 502.88126272029461, 4.2027403108291459, 7.2126606672809652, 459.37306066453499, 265.6570562336849, 867.69206494672414, 502.88371120278356, 4.1812580201814349, 7.2251291152160677, 8257.7182554402916, 4266.8750659256448, 486.26085932129808, 503.53786023705578, 0, 0, 25.935333396760409
0.53000000000000003, 468.05124225210142, 270.68653817175976, 867.73623566839228, 502.94979015940265, 3.9944558811714583, 6.8527439108027801, 468.05057725992725, 270.6869231278958, 867.73179467505929, 502.95236334831981, 3.9729728335151084, 6.8652145536255471, 8262.5808640335053, 4271.9104445280154, 486.26085932129808, 503.53786023705578, 0, 0, 25.925333396760408
0.54000000000000004, 476.72923378799862, 275.71711529146796, 867.77818094927738, 503.02173803367918, 4.194528088505348, 7.1947874276537123, 476.7285209944535, 275.7175279484843, 867.77351386010434, 503.02444248867533, 4.1719185045047054, 7.2079140355510081, 8267.4434726267191, 4276.9458231303861, 486.26085932129808, 503.53786023705578, 0, 0, 25.91533339676041
0.55000000000000004, 485.40761360711906, 280.74835804728224, 867.8180482577867, 503.09009639884516, 3.9867308509361101, 6.835836516595756, 485.40685075572236, 280.74879971551968, 867.81315537129228, 503.09293196525135, 3.9641511187940854, 6.848947657602011, 8272.3060812199328, 4281.9812017327567, 486.26085932129808, 503.53786023705578, 0, 0, 25.905333396760408
0.56000000000000005, 494.08642148292211, 285.78033459585845, 867.8598744727982, 503.16180203802924, 4.1826215011501251, 7.1705639184100542, 494.08560614490182, 285.78080668592634, 867.85474440239364, 503.16477534886201, 4.158903110136583, 7.1843383610648095, 8277.1686898131466, 4287.0165803351274, 486.26085932129808, 503.53786023705578, 0, 0, 25.89533339676041
0.57000000000000006, 502.76561655196588, 290.81297455089543, 867.89962942718591, 503.22993101514015, 3.9754954387719326, 6.8128977110931661, 502.76474636458602, 290.81347843524719, 867.8942627797428, 503.23304173767883, 3.9518377349116038, 6.8266388816835075, 8282.0312984063603, 4292.0519589374981, 486.26085932129808, 503.53786023705578, 0, 0, 25.885333396760409
0.57999999999999996, 511.44523795501152, 295.84634495706877, 867.94130334543627, 503.3013374166041, 4.1673918250371358, 7.1406401463919753, 511.44431038012397, 295.84688211027827, 867.93568862911127, 503.30459224796357, 4.1425849368486727, 7.155051028475282, 8286.893906999574, 4297.0873375398687, 486.26085932129808, 503.53786023705578, 0, 0, 25.875333396760411
0.58999999999999997, 520.12524515381392, 300.88037601295292, 867.98091436863615, 503.36918286447809, 3.9611023199866517, 6.7845447873993505, 520.12425772446875, 300.8809478684388, 867.97505249935398, 503.37258129335572, 3.9363870242674359, 6.7989045392146368, 8291.7565155927878, 4302.1227161422394, 486.26085932129808, 503.53786023705578, 0, 0, 25.865333396760409
0.59999999999999998, 528.80567667425191, 305.91513368307159, 868.02240615207847, 503.44023896273893, 4.1491783442305374, 7.1056098260849998, 528.8046267451839, 305.91574177809895, 868.0162855474581, 503.4437877417958, 4.1233048104086576, 7.1206448440061259, 8296.6191241860015, 4307.15809474461, 486.26085932129808, 503.53786023705578, 0, 0, 25.855333396760408
0.60999999999999999, 537.48649231683953, 310.95054877393454, 868.06184488986878, 503.50775237844397, 3.9438737790311276, 6.751341570506205, 537.48537731905947, 310.95119460166103, 868.05546677419341, 503.51145081807203, 3.9181226735343557, 6.7663076276217407, 8301.4817327792152, 4312.1934733469807, 486.26085932129808, 503.53786023705578, 0, 0, 25.84533339676041
0.62, 546.167730009396, 315.98668619998739, 868.10312780038953, 503.57841252966949, 4.1282910520773237, 7.0660151225513905, 546.16654719290284, 315.98737135902354, 868.09648051428564, 503.58226743019225, 4.101374009219275, 7.0816612120205118, 8306.344341372429, 4317.2288519493513, 486.26085932129808, 503.53786023705578, 0, 0, 25.835333396760408
0.63, 554.84934990304123, 321.02347739572252, 868.14236884314573, 503.64555055889934, 3.9241042756187312, 6.7138029229876297, 554.84809659909126, 321.02420343767352, 868.13545391732418, 503.64956105339638, 3.8973403038548722, 6.7293623204118704, 8311.2069499656427, 4322.264230551722, 486.26085932129808, 503.53786023705578, 0, 0, 25.82533339676041
0.64000000000000001, 563.53138934344133, 326.06098625396112, 868.18341897438938, 503.71577406887428, 4.1050131243683659, 7.0223509974911336, 563.53006269977868, 326.06175483737758, 868.17622468493835, 503.71994699807101, 4.0770767614135259, 7.0385944674620173, 8316.0695585588564, 4327.2996091540926, 486.26085932129808, 503.53786023705578, 0, 0, 25.815333396760408
0.65000000000000002, 572.21380884260429, 331.09914485448093, 868.22243960232947, 503.78249805761016, 3.9020627940035513, 6.6723988735868085, 572.21240609310451, 331.09995758807071, 868.21496778336791, 503.78683237889862, 3.8743098429553715, 6.6885380827614851, 8320.9321671520702, 4332.3349877564633, 486.26085932129808, 503.53786023705578, 0, 0, 25.80533339676041
0.66000000000000003, 580.89664517910512, 336.13801609543577, 868.26323563416543, 503.85224874952479, 4.0796031835994446, 6.975069191466253, 580.89516337181794, 336.13887469623648, 868.25547450868498, 503.85675133735077, 4.0506725317072361, 6.9918958452138407, 8325.7947757452839, 4337.370366358834, 486.26085932129808, 503.53786023705578, 0, 0, 25.795333396760409
0.67000000000000004, 589.57985923469585, 341.17753271669102, 868.30201558410408, 503.91852433352574, 3.877994993860634, 6.6275584000976018, 589.57829550855945, 341.17843884912634, 868.29396728566019, 503.92319397177232, 3.8492776975171976, 6.6442634421563209, 8330.6573843384976, 4342.4057449612046, 486.26085932129808, 503.53786023705578, 0, 0, 25.785333396760407
0.68000000000000005, 598.26348723514275, 346.21775664730717, 868.34253855782481, 503.98777015225147, 4.052297372075186, 6.924581872573877, 598.26183854113344, 346.21871208541154, 868.33419126681702, 503.9926137429394, 4.0223981156777375, 6.941977116705135, 8335.5199929317114, 4347.4411235635753, 486.26085932129808, 503.53786023705578, 0, 0, 25.775333396760409
0.69000000000000006, 606.94749043949798, 351.258621299764, 868.38105980962098, 504.05356688120486, 3.852125179616829, 6.5796728953363095, 606.94575382411301, 351.25962776225737, 868.37241595424302, 504.05858303736852, 3.8224687425991584, 6.5969294429106968, 8340.3826015249251, 4352.4765021659459, 486.26085932129808, 503.53786023705578, 0, 0, 25.765333396760408
0.70000000000000007, 615.63190453428172, 356.30018765832295, 868.42129292212189, 504.12227953099864, 4.0233112500896935, 6.871264979379422, 615.63007685408911, 356.30124697471928, 868.41234064981973, 504.12747517658448, 3.9924695576716474, 6.8892139215944788, 8345.2452101181389, 4357.5118807683166, 486.26085932129808, 503.53786023705578, 0, 0, 25.75533339676041
0.70999999999999996, 624.31669116221849, 361.34238981853434, 868.45953950315823, 504.18757052442487, 3.8246581036368177, 6.5290993426246677, 624.31476937380887, 361.34350376040675, 868.45028153125475, 504.19294410469445, 3.7940881434999025, 6.5468928109972477, 8350.1078187113526, 4362.5472593706872, 486.26085932129808, 503.53786023705578, 0, 0, 25.745333396760408
0.71999999999999997, 633.00188548348012, 366.38528784297114, 868.49946791849834, 504.25572513726081, 3.9928415340099059, 6.8154612835948729, 632.99986635170751, 366.38645829377668, 868.4898923703264, 504.26128359289459, 3.9610839071700301, 6.8339488200151566, 8354.9704273045663, 4367.5826379730579, 486.26085932129808, 503.53786023705578, 0, 0, 25.73533339676041
0.72999999999999998, 641.68744952975771, 371.42881651882749, 868.53742572467183, 504.32048676951098, 3.7957806173462325, 6.4761632250142656, 641.6853299238644, 371.43004530153365, 868.52753560056794, 504.32622838142868, 3.7643230241548404, 6.4944788534109996, 8359.8330358977801, 4372.6180165754286, 486.26085932129808, 503.53786023705578, 0, 0, 25.725333396760409
0.73999999999999999, 650.37341794715758, 376.47303500900199, 868.57703640155023, 504.38806160147016, 3.9610676878427693, 6.7574831959189039, 650.3711945429942, 376.47432405946125, 868.56681980884014, 504.39399332231653, 3.9284208272189969, 6.7764940887845917, 8364.6956444909938, 4377.6533951777992, 486.26085932129808, 503.53786023705578, 0, 0, 25.715333396760411
0.75, 659.05975316065053, 381.51787879919527, 868.61469303338208, 504.45227321337518, 3.7656631831851985, 6.4211611905029198, 659.05742274268187, 381.51922999030154, 868.60415324879011, 504.4583931634595, 3.7333439949950802, 6.4399841142997341, 8369.5582530842075, 4382.6887737801699, 486.26085932129808, 503.53786023705578, 0, 0, 25.705333396760409
0.76000000000000001, 667.74648931399145, 386.56340617362952, 868.65397456718881, 504.51924936673981, 3.928153380676588, 6.6976153364632225, 667.74404847177982, 386.56482149207858, 868.64309968946372, 504.5255645062893, 3.8946440673613307, 6.717134282977395, 8374.4208616774213, 4387.7241523825405, 486.26085932129808, 503.53786023705578, 0, 0, 25.695333396760407
0.77000000000000002, 676.43358922885216, 391.60955332182095, 868.69131917978041, 504.58289300167581, 3.7344612591579205, 6.3643634936026716, 676.43103466465732, 391.61103468896272, 868.68011275498452, 504.58940129437121, 3.7013065520837327, 6.38367880819278, 8379.283470270635, 4392.7595309849112, 486.26085932129808, 503.53786023705578, 0, 0, 25.685333396760409
0.78000000000000003, 685.12108655782322, 396.65637766937112, 868.73026165799399, 504.64925417057037, 3.8942478213559233, 6.6361168894571421, 685.11841477762903, 396.65792712119384, 868.71871178310937, 504.65596258019644, 3.8599028124865051, 6.6561285825217977, 8384.1460788638487, 4397.7949095872818, 486.26085932129808, 503.53786023705578, 0, 0, 25.675333396760408
0.79000000000000004, 693.80894452188818, 401.70381611351161, 868.76728482366161, 504.71231433289012, 3.7023165667654085, 6.306016231971709, 693.80615214831391, 401.70543561835314, 868.75539530669312, 504.71922067068652, 3.6683523583771382, 6.3258090490068248, 8389.0086874570625, 4402.8302881896525, 486.26085932129808, 503.53786023705578, 0, 0, 25.66533339676041
0.80000000000000004, 702.4971962931719, 406.75192524040455, 868.80587969346925, 504.77804657049262, 3.8594869807592205, 6.5732237602487196, 702.49427975131857, 406.75361688200127, 868.79363863587344, 504.78515780010451, 3.8243329180349543, 6.593712941800522, 8393.8712960502762, 4407.8656667920231, 486.26085932129808, 503.53786023705578, 0, 0, 25.655333396760408
0.81000000000000005, 711.18580549384444, 411.80064265761877, 868.84257327599096, 504.84051000444492, 3.6693582521695465, 6.2463433952329135, 711.18276132923984, 411.80240844983609, 868.82998474004376, 504.84782378902366, 3.634610417026777, 6.266598891913671, 8398.73390464349, 4412.9010453943938, 486.26085932129808, 503.53786023705578, 0, 0, 25.64533339676041
0.82000000000000006, 719.874804825811, 416.85002413024591, 868.88081322310279, 504.90560150995651, 3.8239947111856334, 6.5091505511569636, 719.87162938534641, 416.85186620303517, 868.86786532045505, 504.91312480961136, 3.7880580411350775, 6.5301020587702432, 8403.5965132367037, 4417.9364239967645, 486.26085932129808, 503.53786023705578, 0, 0, 25.635333396760409
0.83000000000000007, 728.56415831363449, 421.90000797765674, 868.91717026259892, 504.96745699737357, 3.6357039496154799, 6.1855487417061301, 728.56084806827289, 421.90192838896184, 868.90386730191324, 504.97518733164895, 3.6001981458204981, 6.2062522037567618, 8408.4591218299174, 4422.9718025991351, 486.26085932129808, 503.53786023705578, 0, 0, 25.625333396760411
0.83999999999999997, 737.25389819882616, 426.95064916148618, 868.95504910031423, 505.0318979210868, 3.7878837715313791, 6.4440923713212381, 737.25044941989347, 426.95265008595516, 868.94137920867752, 505.039842243436, 3.7511906764281093, 6.4654911787037346, 8413.3217304231312, 4428.0071812015058, 486.26085932129808, 503.53786023705578, 0, 0, 25.615333396760409
0.84999999999999998, 745.94398890894263, 432.00188671332467, 868.99106370786785, 505.09313609626128, 3.6014607553590587, 6.1238175174494014, 745.94039799533437, 432.00397025154598, 868.9770314322883, 505.10129178719973, 3.56522236108338, 6.1449543763704053, 8418.1843390163449, 4433.0425598038764, 486.26085932129808, 503.53786023705578, 0, 0, 25.605333396760408
0.85999999999999999, 754.63446223453627, 437.05377480826144, 869.02857627552999, 505.1569183612059, 3.7512567662142393, 6.3782264944592768, 754.63072538462291, 437.05594317807993, 869.01416976333439, 505.16529236466397, 3.7138331046150617, 6.4000577464235935, 8423.0469476095586, 4438.0779384062471, 486.26085932129808, 503.53786023705578, 0, 0, 25.59533339676041
0.87, 763.32528300620947, 442.10625318957813, 869.06424353672651, 505.21753154151406, 3.5667261196535258, 6.0613180308181063, 763.32139654928301, 442.10850853281096, 869.04946756512106, 505.22612110362365, 3.5297801786660683, 6.0828738959691329, 8427.9095562027724, 4443.1133170086177, 486.26085932129808, 503.53786023705578, 0, 0, 25.585333396760408
0.88, 772.01648257262752, 447.15937526207483, 869.10138560677763, 505.28064868028662, 3.7142070051120548, 6.3117138772556807, 772.01244263667343, 447.16171983828514, 869.08622834773178, 505.28946073282071, 3.6760782610664813, 6.3339629197071998, 8432.7721647959861, 4448.1486956109884, 486.26085932129808, 503.53786023705578, 0, 0, 25.57533339676041
0.89000000000000001, 780.70802616699484, 452.21308147934189, 869.13670149341465, 505.34063071123302, 3.5315886637029501, 5.9982030946394316, 780.70382901412654, 452.21551747018043, 869.12116794612177, 505.34966237062736, 3.4939598390006443, 6.020163780663748, 8437.6347733891998, 4453.1840742133591, 486.26085932129808, 503.53786023705578, 0, 0, 25.565333396760408
0.90000000000000002, 789.3999447048227, 457.26742449153676, 869.17346968632648, 505.40307771673372, 3.6768192911805611, 6.2447005500682247, 789.39558639516747, 457.26995419683004, 869.15754805143411, 505.41233590018243, 3.6380105312334301, 6.2673529555090708, 8442.4973819824136, 4458.2194528157297, 486.26085932129808, 503.53786023705578, 0, 0, 25.55533339676041
0.91000000000000003, 798.09220382102512, 462.32234546040615, 869.20843097560555, 505.46242383020473, 3.4961289279098282, 5.9346113470993682, 798.08768055190126, 462.32497110026645, 869.19212646606036, 505.47190552915401, 3.4578414626218184, 5.9569628971615547, 8447.3599905756273, 4463.2548314181004, 486.26085932129808, 503.53786023705578, 0, 0, 25.545333396760409
0.92000000000000004, 806.78483400637742, 467.37789629654179, 869.24482268202405, 505.52419701911128, 3.639170641845566, 6.1773188906539636, 806.78014177253374, 467.38062020962997, 869.22812353085055, 505.53390913395066, 3.5997064790250968, 6.2003604796628107, 8452.222599168841, 4468.290210020471, 486.26085932129808, 503.53786023705578, 0, 0, 25.535333396760407
0.93000000000000005, 815.47780129620628, 472.43401886700212, 869.27942688259611, 505.5829037037264, 3.4604200572066226, 5.8706684615097604, 815.47293623250357, 472.43684331054448, 869.26233850827066, 505.59284310561844, 3.4214977420107648, 5.893397166780117, 8457.0852077620548, 4473.3255886228417, 486.26085932129808, 503.53786023705578, 0, 0, 25.525333396760409
0.94000000000000006, 824.17113576467466, 477.49076435735799, 869.31544019209355, 505.64400059163353, 3.601330949743029, 6.1096887907138644, 824.16609380291334, 477.49369170744814, 869.29795086340857, 505.6541741621167, 3.5612355137938905, 6.1331056498234293, 8461.9478163552685, 4478.3609672252123, 486.26085932129808, 503.53786023705578, 0, 0, 25.515333396760408
0.95000000000000007, 832.86480384585991, 482.54807533651245, 869.34968547638118, 505.70206547417615, 3.4245284287659059, 5.806488254264778, 832.85958106073372, 482.5511078861698, 869.33180080915974, 505.71246996881717, 3.3849945751206092, 5.8295806700476298, 8466.8104249484823, 4483.396345827583, 486.26085932129808, 503.53786023705578, 0, 0, 25.50533339676041
0.95999999999999996, 841.55883520516193, 487.60600227906286, 869.38531911226039, 505.76248466141868, 3.5633635879180843, 6.0419187242511585, 841.55342746790052, 487.60914244044108, 869.36702741417082, 505.77312694102329, 3.5226605011026777, 6.0656972206091906, 8471.673033541696, 4488.4317244299536, 486.26085932129808, 503.53786023705578, 0, 0, 25.495333396760408
0.96999999999999997, 850.25319667341853, 492.66448845173198, 869.41920425452986, 505.81990639841405, 3.3885142269468727, 5.7421736995365809, 850.24760000078902, 492.66773855235004, 869.40051133062582, 505.83078310760737, 3.3483916455019638, 5.7656166584053015, 8476.5356421349097, 4493.4671030323243, 486.26085932129808, 503.53786023705578, 0, 0, 25.48533339676041
0.97999999999999998, 858.94791751485843, 497.72358363172503, 869.45445751417139, 505.87964746567377, 3.5253259641545069, 5.9741067259737095, 858.9421277198436, 497.72694611845401, 869.43535171384588, 505.89076544279879, 3.484038322005619, 5.9982335191394345, 8481.3982507281235, 4498.502481634695, 486.26085932129808, 503.53786023705578, 0, 0, 25.475333396760409
0.98999999999999999, 867.64296495479562, 502.78323177906054, 869.48798183387044, 505.93642564425892, 3.3524319699092748, 5.6778178585173213, 867.6369779984251, 502.78670901265411, 869.46846914338107, 505.94778142760669, 3.3117429535166045, 5.7015984807866884, 8486.2608593213372, 4503.5378602370656, 486.26085932129808, 503.53786023705578, 0, 0, 25.465333396760411
1, 876.33836786363861, 507.84348198669625, 869.52285453415755, 505.99548905713175, 3.4872700287116487, 5.9063412872825829, 876.33217950291669, 507.84707644743094, 869.50292334723281, 506.00708946099149, 3.4454203851756438, 5.9308033384787935, 8491.1234679145509, 4508.5732388394363, 486.26085932129808, 503.53786023705578, 0, 0, 25.455333396760409
1.01, 885.03409385862903, 512.90427890297713, 869.55601784407725, 506.05162410443569, 3.3163309919690112, 5.6135047303913304, 885.0277000009844, 512.90799298360571, 869.53567432026045, 506.06346556531378, 3.2750973027666426, 5.6376104322276914, 8495.9860765077647, 4513.6086174418069, 486.26085932129808, 503.53786023705578, 0, 0, 25.445333396760407
1.02, 893.73017142348067, 517.96567094934801, 869.59051027147132, 506.11001112620357, 3.4492427394022656, 5.8387021767876739, 893.72356777215134, 517.96950716227218, 869.56974285121908, 506.12210043287274, 3.4068530958640588, 5.8634867558992196, 8500.8486851009784, 4518.6439960441776, 486.26085932129808, 503.53786023705578, 0, 0, 25.435333396760409
1.03, 902.42656856457825, 523.02760345711476, 869.62331283032552, 506.16550422651966, 3.2802558854185366, 5.5493100316077095, 902.41975097547538, 523.03156422588052, 869.60212783867416, 506.17783771818324, 3.2384987455117247, 5.5737285310495217, 8505.7112936941921, 4523.6793746465482, 486.26085932129808, 503.53786023705578, 0, 0, 25.425333396760408
1.04, 911.12331338585466, 528.09012418855866, 869.65742569520125, 506.22321683843614, 3.411286487576632, 5.7712611916486782, 911.11627751060496, 528.09421205644469, 869.63581162152718, 506.23580127700552, 3.3683782853061293, 5.7963558822305945, 8510.5739022874059, 4528.7147532489189, 486.26085932129808, 503.53786023705578, 0, 0, 25.41533339676041
1.05, 919.82037427984244, 533.15317915222943, 869.68986816425331, 506.27806985753068, 3.2442469052096832, 5.4853019094540887, 919.81311592486884, 533.15739657239931, 869.66783149143237, 506.29090148931141, 3.2019869905176201, 5.5100212305894001, 8515.4365108806196, 4533.7501318512896, 486.26085932129808, 503.53786023705578, 0, 0, 25.405333396760408
1.0600000000000001, 928.51777897740817, 538.21681546323157, 869.72360255913645, 506.33511068598648, 3.3734394883158165, 5.7040828455773003, 928.5102937448238, 538.22116500862467, 869.70113182747161, 506.34819624479252, 3.330033603920008, 5.7294755481106314, 8520.2991194738333, 4538.7855104536602, 486.26085932129808, 503.53786023705578, 0, 0, 25.39533339676041
1.0700000000000001, 937.21549625405044, 543.28097980133077, 869.75568596253277, 506.38932610194115, 3.2083403396333621, 5.4215415954695212, 937.20777990276497, 543.28546395358319, 869.73278780523674, 506.40266174550243, 3.165597776512715, 5.4465500709931325, 8525.1617280670471, 4543.8208890560309, 486.26085932129808, 503.53786023705578, 0, 0, 25.385333396760409
1.0800000000000001, 945.91355347409649, 548.34571864609995, 869.78904332391107, 506.4456983519292, 3.3357361378346706, 5.6372249988070733, 945.90560155874959, 548.35034000662813, 869.76570633405015, 506.45929078482658, 3.2918528813406578, 5.6629039324170707, 8530.0243366602608, 4548.8562676584015, 486.26085932129808, 503.53786023705578, 0, 0, 25.375333396760411
1.0900000000000001, 954.61191979266312, 553.41097934221978, 869.82076901240953, 506.49927919196654, 3.172568849845073, 5.3580840037340822, 954.60372802657218, 553.41574042001776, 869.79699996619161, 506.51312448758745, 3.1293632141400738, 5.3833702760851461, 8534.8869452534746, 4553.8916462607722, 486.26085932129808, 503.53786023705578, 0, 0, 25.365333396760409
1.1000000000000001, 963.31062221388834, 558.47680774505466, 869.85375108581798, 506.55498658631552, 3.2982073408473123, 5.570739434901073, 963.3021861062025, 558.48171116886431, 869.82953863075238, 506.56909141896477, 3.253866456079209, 5.5966931377311164, 8539.7495538466883, 4558.9270248631428, 486.26085932129808, 503.53786023705578, 0, 0, 25.355333396760408
1.1100000000000001, 972.00963026901366, 563.54315185765961, 869.88512070362651, 506.60793636910216, 3.1369617808535977, 5.2949782786651616, 972.00094548932486, 563.54820016274891, 869.86047175174292, 506.62229673196401, 3.0933120990579335, 5.320531299925789, 8544.612162439902, 4563.9624034655135, 486.26085932129808, 503.53786023705578, 0, 0, 25.34533339676041
1.1200000000000001, 980.70897060817151, 568.61005692220897, 869.91772951173073, 506.66298309299088, 3.2608808104242821, 5.5046723888737255, 980.70003262206387, 568.6152527635262, 869.89263276651661, 506.67760562913691, 3.2161014773713297, 5.5308897172887272, 8549.4747710331158, 4568.9977820678841, 486.26085932129808, 503.53786023705578, 0, 0, 25.335333396760408
1.1300000000000001, 989.40861313510572, 573.67747159338342, 869.94874496619445, 506.71530577595661, 3.1015454463748613, 5.2322682965707621, 989.39941757025883, 573.68281753141662, 869.92320746850282, 506.7301864024098, 3.0574701986229735, 5.2580773272878609, 8554.3373796263295, 4574.0331606702548, 486.26085932129808, 503.53786023705578, 0, 0, 25.32533339676041
1.1400000000000001, 998.10858415196901, 578.74544051089754, 869.98098277962094, 506.76969642626369, 3.223781342646765, 5.4390650307091022, 998.09912643227108, 578.75093922571432, 869.95499329031838, 506.78484175398467, 3.178582181551465, 5.4655351574842861, 8559.1999882195432, 4579.0685392726255, 486.26085932129808, 503.53786023705578, 0, 0, 25.315333396760408
1.1500000000000001, 1006.8088539312737, 583.81391297412893, 870.01164621351836, 506.82139635751213, 3.0663433897432091, 5.1699931248410005, 1006.7991296442514, 583.81956705041398, 869.98521189546216, 506.83680223130381, 3.0218605143781652, 5.1960477319167149, 8564.062596812757, 4584.1039178749961, 486.26085932129808, 503.53786023705578, 0, 0, 25.30533339676041
1.1599999999999999, 1015.5094484330691, 588.88293303079024, 870.04351552420007, 506.87513589659233, 3.1869310681722709, 5.3739539080209573, 1015.4994529627278, 588.88874517267493, 870.01662519691308, 506.89080889450037, 3.1413301450959672, 5.4006663196556115, 8568.9252054059707, 4589.1392964773668, 486.26085932129808, 503.53786023705578, 0, 0, 25.295333396760409
1.1699999999999999, 1024.2103382948046, 593.9524506178725, 870.07382929042888, 506.92621777101562, 3.0313766228844443, 5.1081874423277025, 1024.2000671902254, 593.95842343324432, 870.04649023213688, 506.94215366946145, 2.9865035223764651, 5.1344774961085351, 8573.7878139991844, 4594.1746750797374, 486.26085932129808, 503.53786023705578, 0, 0, 25.285333396760407
1.1799999999999999, 1032.9115491401612, 599.0225092012854, 870.10533278725541, 506.97931148452858, 3.150349682655357, 5.3093713512976484, 1032.9009977472242, 599.0286454173156, 870.07753387729997, 506.99551682790724, 3.1043645163046514, 5.3363158445786656, 8578.6504225923982, 4599.2100536821081, 486.26085932129808, 503.53786023705578, 0, 0, 25.275333396760409
1.1899999999999999, 1041.6130519676105, 604.09305934841927, 870.13529942570744, 507.02978030377051, 2.9966638452014975, 5.0468819241899725, 1041.6022157986063, 604.09936159523386, 870.10704805123214, 507.04625080385597, 2.9514173932155483, 5.0733975948707979, 8583.5130311856119, 4604.2454322844787, 486.26085932129808, 503.53786023705578, 0, 0, 25.265333396760408
1.2, 1050.3148720700663, 609.16414395333368, 870.16643997228539, 507.08223376221918, 3.1140546577931789, 5.2453458448686776, 1050.3037464344527, 609.17061498015084, 870.13772507350632, 507.09897592908391, 3.0677022274141961, 5.272512522795247, 8588.3756397788256, 4609.2808108868494, 486.26085932129808, 503.53786023705578, 0, 0, 25.25533339676041
1.21, 1059.0169808030357, 614.235714206495, 870.19606218872593, 507.13209479816101, 2.9622216440522671, 4.9861035941819427, 1059.0055611779169, 614.24235666474385, 870.16689125544121, 507.14910428256019, 2.916618193485272, 5.0128353476285108, 8593.2382483720394, 4614.3161894892201, 486.26085932129808, 503.53786023705578, 0, 0, 25.245333396760408
1.22, 1067.7194031341382, 619.30781243983154, 870.22684280307215, 507.18391382182568, 3.0780614346190309, 5.181902366470073, 1067.7076847941996, 619.31462909981451, 870.19720483732908, 507.20119709889656, 3.0313581887878858, 5.209281633638704, 8598.1008569652531, 4619.3515680915907, 486.26085932129808, 503.53786023705578, 0, 0, 25.23533339676041
1.23, 1076.4221107718706, 624.38039045947187, 870.25612344985575, 507.23317258329689, 2.9280646783638158, 4.9258761471191574, 1076.4100891605835, 624.38738399301451, 870.22602603803102, 507.25072524629854, 2.8821200701920482, 4.952814740201263, 8602.9634655584669, 4624.3869466939614, 486.26085932129808, 503.53786023705578, 0, 0, 25.225333396760409
1.24, 1085.1251283639092, 629.4534900447095, 870.28654728586116, 507.28436321027749, 3.0423836005410845, 5.1190626980622449, 1085.112798722784, 629.46066324226581, 870.25597949269797, 507.30219169885453, 2.9953454666981552, 5.1466452556003306, 8607.8260741516806, 4629.422325296332, 486.26085932129808, 503.53786023705578, 0, 0, 25.215333396760411
1.25, 1093.8284279676448, 634.52706360984882, 870.31548934432919, 507.33302541271786, 2.8942058468001473, 4.8662202440351381, 1093.8157857080239, 634.53441916276233, 870.28445884689393, 507.35112526605008, 2.8479354195953821, 4.8933567195523677, 8612.6886827448943, 4634.4577038987027, 486.26085932129808, 503.53786023705578, 0, 0, 25.205333396760409
1.26, 1102.5320339160457, 639.60115239083257, 870.34555967484403, 507.38359386982097, 3.0070330514850738, 5.0568457103096387, 1102.5190742478098, 639.60869310880537, 870.31405560135465, 507.40197149155443, 2.9596754460781005, 5.0846225504358191, 8617.5512913381081, 4639.4930825010733, 486.26085932129808, 503.53786023705578, 0, 0, 25.195333396760407
1.27, 1111.2359186112606, 644.67570940259816, 870.37416623926185, 507.43166540764423, 2.8606564417801787, 4.8071537823263384, 1111.2226369150796, 644.68343799564047, 870.34219635177237, 507.4503162861904, 2.8140750417694584, 4.8344794635989787, 8622.4138999313218, 4644.528461103444, 486.26085932129808, 503.53786023705578, 0, 0, 25.185333396760409
1.28, 1119.9401060766743, 649.75077534681805, 870.4038864406657, 507.48161808387357, 2.9720201403887212, 4.9952676229347777, 1119.9264975322942, 649.75869464300581, 870.37143993156747, 507.50054858642255, 2.9243579795054346, 5.0232300232153699, 8627.2765085245355, 4649.5638397058146, 486.26085932129808, 503.53786023705578, 0, 0, 25.175333396760408
1.29, 1128.6445690550245, 654.82630383147819, 870.43216070357096, 507.52910500530345, 2.827426290531212, 4.7486921429866511, 1128.6306290138523, 654.83441655866432, 870.39924541438836, 507.54831057270434, 2.7805482820897334, 4.7761986281759929, 8632.1391171177493, 4654.5992183081853, 486.26085932129808, 503.53786023705578, 0, 0, 25.16533339676041
1.3, 1137.3493312651322, 659.90233503286765, 870.46153424170291, 507.57844842773324, 2.9373538131937442, 4.9343422429782819, 1137.3350548782248, 659.91064403665541, 870.42813942962414, 507.59793539030773, 2.8894015235788268, 4.9624817603410367, 8637.001725710963, 4659.634596910556, 486.26085932129808, 503.53786023705578, 0, 0, 25.155333396760408
1.3100000000000001, 1146.0543657861317, 664.97882314440756, 870.48947948054547, 507.62535691190175, 2.7945238842606637, 4.6908484168511864, 1146.0397483769952, 664.98733116969447, 870.45561306123159, 507.64512066603839, 2.7473631607405018, 4.7185275730658782, 8641.8643343041767, 4664.6699755129266, 486.26085932129808, 503.53786023705578, 0, 0, 25.14533339676041
1.3200000000000001, 1154.7596960371973, 670.05580782570405, 870.51850989787931, 507.67409772373003, 2.9030417333856056, 4.8740811828268384, 1154.7447327295972, 670.06451773480194, 870.48416119386911, 507.69414456251224, 2.8548132637494152, 4.9023896473859825, 8646.7269428973905, 4669.7053541152973, 486.26085932129808, 503.53786023705578, 0, 0, 25.135333396760409
1.3300000000000001, 1163.4652954296505, 675.13324384798307, 870.54612946284385, 507.72043405984635, 2.7619564964510324, 4.6336336116300814, 1163.4499815205097, 675.14215840206236, 870.51130645878175, 507.74075933820092, 2.7145264912601474, 4.6614775688684764, 8651.5895514906042, 4674.7407327176679, 486.26085932129808, 503.53786023705578, 0, 0, 25.125333396760411
1.3400000000000001, 1172.1711870878382, 680.2111703626905, 870.57482036680426, 507.76857900044337, 2.8690903960365719, 4.8144940597037591, 1172.1555176749819, 680.22029243997963, 870.53951245106748, 507.78918897388536, 2.8205992285744519, 4.8429635684438095, 8656.4521600838179, 4679.7761113200386, 486.26085932129808, 503.53786023705578, 0, 0, 25.115333396760409
1.3500000000000001, 1180.87734475105, 685.28954271122109, 870.60211766971611, 507.8143495688567, 2.7297302911809473, 4.5770568413334658, 1180.8613151060908, 685.29887508841648, 870.56633289095782, 507.83523955374841, 2.682043989037604, 4.6050579863057903, 8661.3147686770317, 4684.8114899224092, 486.26085932129808, 503.53786023705578, 0, 0, 25.105333396760408
1.3600000000000001, 1189.5837912535321, 690.36839954521133, 870.63047272203846, 507.86190545563858, 2.8355052322361218, 4.7555886781892118, 1189.5673964496596, 690.37794511569223, 870.59420053490066, 507.8830816696339, 2.7867643942872586, 4.7842115885491854, 8666.1773772702454, 4689.8468685247799, 486.26085932129808, 503.53786023705578, 0, 0, 25.09533339676041
1.3700000000000001, 1198.2905006583158, 695.44769676859266, 870.65745122626163, 507.9071167106344, 2.6978504223149371, 4.5211254995805801, 1198.2737359430641, 695.45745832385899, 870.62069973860673, 507.92857443432837, 2.6499203706120662, 4.54927646944933, 8671.0399858634592, 4694.8822471271505, 486.26085932129808, 503.53786023705578, 0, 0, 25.085333396760408
1.3800000000000001, 1206.997495514184, 700.52747254137853, 870.68547413330873, 507.95409042260627, 2.8022907047094416, 4.6973711971900638, 1206.9803559373672, 700.53745298922036, 870.64823286641172, 507.97583583553421, 2.7533127804933577, 4.7261401205844953, 8675.9025944566729, 4699.9176257295212, 486.26085932129808, 503.53786023705578, 0, 0, 25.07533339676041
1.3900000000000001, 1215.7047502036858, 705.6076833224173, 870.71213734455193, 507.99874887678766, 2.6663211243219416, 4.4658454181405034, 1215.6872309899479, 705.61788546843979, 870.67441446085718, 508.02077722647635, 2.6181594445444967, 4.4941390942125867, 8680.7652030498866, 4704.9530043318919, 486.26085932129808, 503.53786023705578, 0, 0, 25.065333396760408
1.4000000000000001, 1224.4122869946905, 710.68836678812761, 870.73983184850567, 508.04514733961452, 2.7694503953717295, 4.639846282684073, 1224.3943831716872, 710.69879355381624, 870.7016169362347, 508.0674647672563, 2.7202475377485484, 4.6687540779926149, 8685.6278116431004, 4709.9883829342625, 486.26085932129808, 503.53786023705578, 0, 0, 25.05533339676041
1.4099999999999999, 1233.1200805850449, 715.7694799446756, 870.76618330645999, 508.08925954973409, 2.6351457954313031, 4.4112210119598796, 1233.1017873556787, 715.78013414906582, 870.72748457818045, 508.11186127238989, 2.5867641945771735, 4.4396505133597328, 8690.4904202363141, 4715.0237615366332, 486.26085932129808, 503.53786023705578, 0, 0, 25.045333396760409
1.4199999999999999, 1241.8281529661724, 720.85105999276004, 870.79355317731483, 508.13508972220825, 2.736987085481124, 4.5830172474142161, 1241.8094653371147, 720.86194457034185, 870.75436028845729, 508.15798184253458, 2.6875710276890885, 4.6120570144673536, 8695.3530288295278, 4720.0591401390038, 486.26085932129808, 503.53786023705578, 0, 0, 25.035333396760407
1.4299999999999999, 1250.5364791470067, 725.93306447829389, 870.81959644805238, 508.17866227632629, 2.6043270737602038, 4.3572554118015976, 1250.5173923005277, 725.94418226088055, 870.77991765701449, 508.20183998342611, 2.5557368557220297, 4.3858140891505419, 8700.2156374227416, 4725.0945187413745, 486.26085932129808, 503.53786023705578, 0, 0, 25.025333396760409
1.4399999999999999, 1259.2450808469116, 731.01553013398393, 870.84664547634259, 508.22393113811285, 2.7049028290236841, 4.5268861786545926, 1259.2255897698324, 731.02688406840252, 870.80647050597804, 508.24740049594351, 2.6552848963537525, 4.5560512517393601, 8705.0782460159553, 4730.1298973437451, 486.26085932129808, 503.53786023705578, 0, 0, 25.015333396760408
1.45, 1267.9539333817111, 736.09841503795292, 870.87238414541264, 508.26697064396836, 2.5738669070088198, 4.3039505855501856, 1267.9340332367397, 736.11000796816415, 870.83172129581681, 508.29072681609023, 2.5250789838800061, 4.3326320146738961, 8709.940854609169, 4735.1652759461158, 486.26085932129808, 503.53786023705578, 0, 0, 25.00533339676041
1.46, 1276.6630582030182, 741.18175546250086, 870.89911613561151, 508.31168518451869, 2.6731990198850473, 4.4714540550315558, 1276.6427439582189, 741.1935903470245, 870.85795519722944, 508.3357341960546, 2.6233901412582252, 4.5007379964377838, 8714.8034632023828, 4740.2006545484865, 486.26085932129808, 503.53786023705578, 0, 0, 24.995333396760408
1.47, 1285.3724309293668, 746.26551001046346, 870.9245538017741, 508.35419825900993, 2.5437666162552004, 4.2513074491267808, 1285.3516977289191, 746.27758970479874, 870.88290311242474, 508.37853525030272, 2.4947915195287957, 4.28010542480963, 8719.6660717955965, 4745.2360331508571, 486.26085932129808, 503.53786023705578, 0, 0, 24.98533339676041
1.48, 1294.0820727488526, 751.34971450118155, 870.95097256630743, 508.39836546754333, 2.6418764533381367, 4.4167208533371198, 1294.0609155431193, 751.36204197491884, 870.90882198415227, 508.42299642477235, 2.5918871727562203, 4.4461174469618063, 8724.5286803888102, 4750.2714117532278, 486.26085932129808, 503.53786023705578, 0, 0, 24.975333396760409
1.49, 1302.7919595785588, 756.4343280547522, 870.97611283585093, 508.4403587272223, 2.5140269543486631, 4.1993259678966277, 1302.7703734941877, 756.44690617434117, 870.93347073261214, 508.46527876974932, 2.4648748459824721, 4.2282344976989314, 8729.391288982024, 4755.3067903555984, 486.26085932129808, 503.53786023705578, 0, 0, 24.965333396760411
1.5, 1311.5021123472247, 761.51938604487134, 871.00222218967417, 508.48398558368405, 2.6109353823217281, 4.3626856461756409, 1311.4800923178943, 761.53221779037233, 870.95907849131379, 508.50920065866131, 2.5607758701666734, 4.3921888912004494, 8734.2538975752377, 4760.3421689579691, 486.26085932129808, 503.53786023705578, 0, 0, 24.955333396760409
1.51, 1320.2125072663455, 766.60484810149558, 871.02706867126778, 508.52546563617778, 2.4846481593567882, 4.1480052493746076, 1320.1900484021339, 766.61793634974106, 870.98343177974061, 508.5509708441366, 2.4353288426822366, 4.1770185475264174, 8739.1165061684515, 4765.3775475603397, 486.26085932129808, 503.53786023705578, 0, 0, 24.945333396760407
1.52, 1328.9231650093934, 771.69074915986107, 871.05287242695715, 508.56855910308985, 2.5803755689406218, 4.3093466912068408, 1328.9002622282762, 771.7040969008018, 871.0087323360716, 508.59436035209524, 2.5300556331017732, 4.3389507958613747, 8743.9791147616652, 4770.4129261627104, 486.26085932129808, 503.53786023705578, 0, 0, 24.935333396760409
1.53, 1337.6340620781634, 776.77704935243617, 871.07742872699191, 508.60953253936935, 2.4556300034719349, 4.0973436279479767, 1337.610710474577, 776.79065947273921, 871.03279386541089, 508.63562491318856, 2.4061529339279955, 4.1264561093308449, 8748.8417233548789, 4775.448304765081, 486.26085932129808, 503.53786023705578, 0, 0, 24.925333396760408
1.54, 1346.3452188948831, 781.86378318305674, 871.10293069030786, 508.65209955449643, 2.550196331594949, 4.2567015127060097, 1346.3214133720453, 781.87765868200427, 871.05779111969491, 508.67848892206985, 2.4997254284068551, 4.286400888127484, 8753.7043319480927, 4780.4836833674517, 486.26085932129808, 503.53786023705578, 0, 0, 24.91533339676041
1.55, 1355.0566122475618, 786.95091127941305, 871.12720040868555, 508.69257294191948, 2.4269718377654081, 4.0473387423024878, 1355.0323478851622, 786.96505505297739, 871.08156458102928, 508.71925437223513, 2.3773461334420762, 4.0765450165287858, 8758.5669405413064, 4785.5190619698224, 486.26085932129808, 503.53786023705578, 0, 0, 24.905333396760408
1.5600000000000001, 1363.7682623111368, 792.03846772087866, 871.15240437456657, 508.73462041168034, 2.520396588101133, 4.2047469760831326, 1363.7435339985475, 792.0528827771343, 871.10626241936006, 508.76159973453792, 2.4697838330777984, 4.2345362302812424, 8763.4295491345201, 4790.554440572193, 486.26085932129808, 503.53786023705578, 0, 0, 24.89533339676041
1.5700000000000001, 1372.4801461557774, 797.12641362313639, 871.17639110089794, 508.77460028774198, 2.3986726331354324, 3.997987606164414, 1372.4549489588039, 797.14110286685047, 871.12975149021122, 508.80187255925557, 2.3489070851141558, 4.0272824717620912, 8768.2921577277339, 4795.5898191745637, 486.26085932129808, 503.53786023705578, 0, 0, 24.885333396760409
1.5800000000000001, 1381.1922837130207, 802.21478264791722, 871.2013008498493, 508.81613508130147, 2.4909748951376396, 4.1534793559504726, 1381.1666125080671, 802.2297490954362, 871.1541537809461, 508.84370609213443, 2.440229073491841, 4.1833532878846533, 8773.1547663209476, 4800.6251977769343, 486.26085932129808, 503.53786023705578, 0, 0, 24.875333396760411
1.5900000000000001, 1389.904652331172, 807.3035363917312, 871.22500816002696, 508.85562794803059, 2.370731017762914, 3.9492866729141154, 1389.8785021709916, 807.31878295612432, 871.17736212194859, 508.88349274325066, 2.3208341002439359, 3.978665111623287, 8778.0173749141613, 4805.660576379305, 486.26085932129808, 503.53786023705578, 0, 0, 24.865333396760409
1.6000000000000001, 1398.6172717021948, 812.3927081053713, 871.24962745487028, 508.89665689201354, 2.4619294843316477, 4.1028943982970389, 1398.5906374510703, 812.40823781075562, 871.20147271256133, 508.92482122317136, 2.4110590612702705, 4.1328479920719277, 8782.8799835073751, 4810.6959549816756, 486.26085932129808, 503.53786023705578, 0, 0, 24.855333396760408
1.6100000000000001, 1407.3301194485402, 817.48225985907561, 871.27305890798402, 508.93566921095953, 2.343145311374891, 3.9012318946007634, 1407.3029961469747, 817.49807562634726, 871.22440396447712, 508.96412811382925, 2.2931251915836341, 3.9306890657872469, 8787.7425921005888, 4815.7313335840463, 486.26085932129808, 503.53786023705578, 0, 0, 24.84533339676041
1.6200000000000001, 1416.0432150263644, 822.57222449929179, 871.29739149093666, 508.97619908473206, 2.4332582952583808, 4.0529873772510507, 1416.0155975273333, 822.58832935985504, 871.24822667873764, 509.00495827179361, 2.3822714260469238, 4.0830157964346894, 8792.6052006938025, 4820.766712186417, 486.26085932129808, 503.53786023705578, 0, 0, 24.835333396760408
1.6300000000000001, 1424.7565363283072, 827.66256456295548, 871.3205506265025, 509.01473727249032, 2.3159135565811821, 3.8538187758276305, 1424.7284196608364, 827.67896144507461, 871.27088445978211, 509.04379177190378, 2.265778104447759, 3.8833500110174057, 8797.4678092870163, 4825.8020907887876, 486.26085932129808, 503.53786023705578, 0, 0, 24.82533339676041
1.6400000000000001, 1433.4701025784232, 832.75331249865246, 871.34460021655866, 509.05477480395933, 2.404959005618807, 4.0037531468994167, 1433.4414815849659, 832.77000444055295, 871.2944230952362, 509.08413028919347, 2.3538635454099919, 4.0338517289676741, 8802.33041788023, 4830.8374693911583, 486.26085932129808, 503.53786023705578, 0, 0, 24.815333396760408
1.6500000000000001, 1442.183891935621, 837.84443130305544, 871.36749055203393, 509.09284522818865, 2.2890335475232706, 3.8070424229306861, 1442.1547616344701, 837.86142123992795, 871.31681099868752, 509.12249672139814, 2.2387903451309481, 3.8366432204682139, 8807.1930264734438, 4835.8728479935289, 486.26085932129808, 503.53786023705578, 0, 0, 24.80533339676041
1.6600000000000001, 1450.8979233955001, 842.9359530332656, 871.39126084262216, 509.13239709007439, 2.3770290588281262, 3.9551861885750879, 1450.8682786193428, 842.95324400970787, 871.34006932441002, 509.16235022579298, 2.325832572251179, 3.9853504394848249, 8812.0556350666575, 4840.9082265958996, 486.26085932129808, 503.53786023705578, 0, 0, 24.795333396760409
1.6699999999999999, 1459.6121753793548, 848.02784113880466, 871.41388587118286, 509.17000606596304, 2.2625028560688603, 3.7608975888621221, 1459.5820111364681, 848.04543609650716, 871.36219091647877, 509.2002558618799, 2.2121592068687219, 3.7905636086946393, 8816.9182436598712, 4845.9436051982702, 486.26085932129808, 503.53786023705578, 0, 0, 24.785333396760407
1.6799999999999999, 1468.32666665792, 853.12012729156243, 871.43738052807521, 509.20907887250303, 2.3494656892352297, 3.9072806540008291, 1468.2959777719518, 853.13802928106236, 871.38517267107625, 509.23963092430881, 2.2981754597437773, 3.937506242893511, 8821.780852253085, 4850.9789838006409, 486.26085932129808, 503.53786023705578, 0, 0, 24.775333396760409
1.6899999999999999, 1477.041375911029, 858.21277538709455, 871.45974371663272, 509.24623265964442, 2.2363188557557416, 3.7153787141384305, 1477.0101573809316, 858.23098735617134, 871.40703148901173, 509.27708198203607, 2.1858817935460819, 3.7451057727275572, 8826.6434608462987, 4856.0143624030115, 486.26085932129808, 503.53786023705578, 0, 0, 24.765333396760408
1.7, 1485.7563216880872, 863.30581671825166, 871.48296637608439, 509.2848329636908, 2.3222659451699426, 3.860030404636928, 1485.7245683291694, 863.32434172296553, 871.42974037885324, 509.31598511362279, 2.2708889841476858, 3.8903131586736546, 8831.5060694395124, 4861.0497410053822, 486.26085932129808, 503.53786023705578, 0, 0, 24.75533339676041
1.71, 1494.4714829236596, 868.39921561988319, 871.50507116352105, 509.32153776333263, 2.2104787436705822, 3.670479964180787, 1494.4391897262142, 868.4180566137062, 871.45133992926662, 509.35298775391823, 2.1599550413406994, 3.7002640295421108, 8836.3686780327262, 4866.0851196077529, 486.26085932129808, 503.53786023705578, 0, 0, 24.745333396760408
1.72, 1503.1868779493013, 873.49300301187361, 871.52802543062103, 509.35967205380808, 2.2954267099953158, 3.8134290475459434, 1503.1540397209717, 873.51216305598746, 871.47377962692281, 509.39142540338696, 2.2439697656197422, 3.8437649468742388, 8841.2312866259399, 4871.1204982101235, 486.26085932129808, 503.53786023705578, 0, 0, 24.73533339676041
1.73, 1511.9024859505416, 878.58714366170125, 871.54987522622537, 509.39593400644156, 2.1849795604331801, 3.6261952633487056, 1511.8690976736018, 878.60662571488888, 871.49512338430748, 509.42798572788917, 2.1343757384722224, 3.656032450219429, 8846.0938952191536, 4876.1558768124942, 486.26085932129808, 503.53786023705578, 0, 0, 24.725333396760409
1.74, 1520.6183250445122, 883.68166812226093, 871.57256467343882, 509.43360870612241, 2.2689447213420935, 3.7674699680860448, 1520.5843815195879, 883.70147525043888, 871.51729752717949, 509.46596427929853, 2.2174142872072617, 3.7978551409382471, 8850.9565038123674, 4881.1912554148648, 486.26085932129808, 503.53786023705578, 0, 0, 24.715333396760411
1.75, 1529.3343746639778, 888.77654158707105, 871.59416285552334, 509.46943388938206, 2.1598182084557713, 3.582518325965129, 1529.2998708659411, 888.79667675396547, 871.53838893261172, 509.50208832820954, 2.1091405432279928, 3.6124048910994229, 8855.8191124055811, 4886.2266340172355, 486.26085932129808, 503.53786023705578, 0, 0, 24.705333396760409
1.76, 1538.0506527150212, 893.87179424791884, 871.61659102141004, 509.50665535297895, 2.2428165886719462, 3.7221463596918483, 1538.0155834381039, 893.89226052380923, 871.56030112173346, 509.53961409898568, 2.191218912172241, 3.7525770776144465, 8860.6817209987948, 4891.2620126196061, 486.26085932129808, 503.53786023705578, 0, 0, 24.695333396760407
1.77, 1546.7671388739557, 898.96739171785134, 871.63794093609624, 509.54204977982471, 2.134991468616199, 3.5394426845779874, 1546.7314990862212, 898.98819207105237, 871.58114358173748, 509.57530784920738, 2.0842460004047365, 3.5693750221692544, 8865.5443295920086, 4896.2973912219768, 486.26085932129808, 503.53786023705578, 0, 0, 24.685333396760409
1.78, 1555.4838508391381, 904.06336383333723, 871.6601113241893, 509.57882429233456, 2.2170388093086162, 3.6774512509878683, 1555.4476353290236, 904.08450133813312, 871.6027973807353, 509.6123870884494, 2.1653798997859903, 3.707923924200752, 8870.4069381852223, 4901.3327698243475, 486.26085932129808, 503.53786023705578, 0, 0, 24.675333396760408
1.79, 1564.2007685267822, 909.15967662051798, 871.68121628434403, 509.61379390949133, 2.1104960154704187, 3.4969617156797721, 1564.1639722561144, 909.18115424947052, 871.62339426629819, 509.64765645197849, 2.0596885562923624, 3.5269363529086077, 8875.2695467784361, 4906.3681484267181, 486.26085932129808, 503.53786023705578, 0, 0, 24.66533339676041
1.8, 1572.9179094307931, 914.25635956624251, 871.70313236217464, 509.65012768479596, 2.1916077830661753, 3.6333775304620803, 1572.8805271827905, 914.27818039729584, 871.64479320049543, 509.68429533901195, 2.1398934197239581, 3.6638887033463061, 8880.1321553716498, 4911.4035270290888, 486.26085932129808, 503.53786023705578, 0, 0, 24.655333396760408
1.8100000000000001, 1581.6352537036796, 919.3533791033899, 871.72399564648606, 509.6846783714272, 2.0863284311391901, 3.4550686631215939, 1581.5972804344813, 919.37554611302437, 871.66514784621882, 509.71914616157022, 2.0354645723351026, 3.4850822558280097, 8884.9947639648635, 4916.4389056314594, 486.26085932129808, 503.53786023705578, 0, 0, 24.64533339676041
1.8200000000000001, 1590.3528186381184, 924.45076437479952, 871.74566084474202, 509.72057755111638, 2.1665198255982268, 3.5899179689170486, 1590.3142491262781, 924.47328064428746, 871.68629540187067, 509.7553508047265, 2.1147555651849701, 3.6204643156295075, 8889.8573725580773, 4921.4742842338301, 486.26085932129808, 503.53786023705578, 0, 0, 24.635333396760409
1.8300000000000001, 1599.0705846193484, 929.54848221380962, 871.76628569692173, 509.75471511771048, 2.0624852179762301, 3.4137566594107369, 1599.0314138158474, 929.57135072323285, 871.70641110524639, 509.78978886460538, 2.0115703375777025, 3.4438059878889287, 8894.719981151291, 4926.5096628362007, 486.26085932129808, 503.53786023705578, 0, 0, 24.625333396760411
1.8400000000000001, 1607.7885687419948, 934.6465614247727, 871.78770340872734, 509.79018577010919, 2.1417711805660589, 3.5470652398716935, 1607.7487914212545, 934.66978525841296, 871.72731072889474, 509.82556530020622, 2.0899623648333674, 3.5776435600847578, 8899.5825897445047, 4931.5450414385714, 486.26085932129808, 503.53786023705578, 0, 0, 24.615333396760409
1.8500000000000001, 1616.5067516205036, 939.74496923528557, 871.8080930368285, 509.82391595755979, 2.0389628101140658, 3.3730187450613824, 1616.4663627288555, 939.76855137652149, 871.74719074969471, 509.85959630730599, 1.9880020799933089, 3.4031007099750816, 8904.4451983377185, 4936.580420040942, 486.26085932129808, 503.53786023705578, 0, 0, 24.605333396760408
1.8600000000000001, 1625.2251501545766, 944.84373411665183, 871.82926661713577, 509.85896407694071, 2.1173580307258573, 3.5048119380895804, 1625.1841444628215, 944.86767765246748, 871.76784584763141, 509.89495049883453, 2.0655097936644369, 3.535419152853617, 8909.3078069309322, 4941.6157986433127, 486.26085932129808, 503.53786023705578, 0, 0, 24.59533339676041
1.8700000000000001, 1633.9437451843855, 949.94282368460415, 871.84942419297568, 509.8922925558025, 2.0157575839893647, 3.3328478861768192, 1633.9021176346944, 949.96713160138154, 871.78749340739932, 509.92858009388044, 1.9647559767950307, 3.3629595045931215, 8914.1704155241459, 4946.6511772456834, 486.26085932129808, 503.53786023705578, 0, 0, 24.585333396760408
1.8800000000000001, 1642.6625534177915, 955.04226608275167, 871.87035695805605, 509.92692406176661, 2.0932765080372393, 3.4631505964125759, 1642.6202987778358, 955.06694146988195, 871.80790734522827, 509.96351793132186, 2.0413937828955482, 3.4937837441391295, 8919.0330241173597, 4951.686555848054, 486.26085932129808, 503.53786023705578, 0, 0, 24.57533339676041
1.8900000000000001, 1651.3815559172522, 960.14202930891793, 871.89028561673535, 509.95985643167069, 1.9928658679295879, 3.2932369904071432, 1651.3386691255128, 960.16707515550399, 871.82732562686635, 509.99675168524135, 1.9418281638132724, 3.3233753919465676, 8923.8956327105734, 4956.7219344504247, 486.26085932129808, 503.53786023705578, 0, 0, 24.565333396760408
1.9000000000000001, 1660.100769201825, 965.24214118428984, 871.91098084376392, 509.99407716868092, 2.0695227028624359, 3.4220737010225095, 1660.0572450233158, 965.2675605818464, 871.84750172915585, 510.03127898457723, 2.0176102289526332, 3.4527299335857418, 8928.7582413037871, 4961.7573130527953, 486.26085932129808, 503.53786023705578, 0, 0, 24.55533339676041
1.9100000000000001, 1668.8201745528552, 970.34257008281486, 871.93068368327272, 510.02661895789521, 1.9702839508847649, 3.2541789214292174, 1668.776007922819, 970.36836602289384, 871.86669387659606, 510.0641223980225, 1.9192147440227594, 3.2843413445296363, 8933.6208498970009, 4966.792691655166, 486.26085932129808, 503.53786023705578, 0, 0, 24.545333396760409
1.9199999999999999, 1677.5397883035887, 975.44334350844963, 871.95114460999605, 510.06043469494796, 2.0460926723371142, 3.38157370527261, 1677.4949739848353, 975.46951908441667, 871.88663542661243, 510.09824490086476, 1.9941550016331158, 3.4122502842265163, 8938.4834584902146, 4971.8280702575366, 486.26085932129808, 503.53786023705578, 0, 0, 24.535333396760407
1.9299999999999999, 1686.2595919509022, 980.54443020537587, 871.97062469089974, 510.09259136006858, 1.9480080903675967, 3.2156665120603334, 1686.2141248758708, 980.57098841097036, 871.90560454456522, 510.13070340386827, 1.8969117952826768, 3.2458503003522989, 8943.3460670834284, 4976.8634488599073, 486.26085932129808, 503.53786023705578, 0, 0, 24.525333396760409
1.9399999999999999, 1694.9796016451783, 985.6458573654329, 871.99085451537962, 510.12600779049069, 2.0229824479834533, 3.3416430422124654, 1694.933476574909, 985.67280129560936, 871.92531478408034, 510.16442677721949, 1.9710239515159906, 3.3723373351213159, 8948.2086756766421, 4981.8988274622779, 486.26085932129808, 503.53786023705578, 0, 0, 24.515333396760408
1.95, 1703.6997990955101, 990.74759409722424, 872.01011486057644, 510.15778471625202, 1.9260345196756044, 3.1776925761343207, 1703.6530109600565, 990.77492674765779, 871.94406393785403, 510.19650572896876, 1.8749153773636558, 3.2078951749252771, 8953.0712842698558, 4986.9342060646486, 486.26085932129808, 503.53786023705578, 0, 0, 24.50533339676041
1.96, 1712.4202002723223, 995.84966728550717, 872.03011674100276, 510.19080745761119, 2.0001880426275891, 3.302274135915467, 1712.3727438313724, 995.87739175248942, 871.96354606702084, 510.22983556509672, 1.9482129166812685, 3.3329836127948442, 8957.9338928630696, 4991.9695846670193, 486.26085932129808, 503.53786023705578, 0, 0, 24.495333396760408
1.97, 1721.1407870936505, 1000.9520463975712, 872.0491603355473, 510.22220995680357, 1.9043594544527773, 3.1402499192409419, 1721.0926572752733, 1000.9801656784712, 871.98207828240402, 510.26154025381777, 1.8532215383191439, 3.1704688721057428, 8962.7965014562833, 4997.0049632693899, 486.26085932129808, 503.53786023705578, 0, 0, 24.48533339676041
1.98, 1729.8615753528245, 1006.054758016051, 872.06893739011412, 510.25484455092072, 1.9777054566831236, 3.263459411716533, 1729.8127669157566, 1006.0832752082556, 872.00133545969197, 510.29448207023358, 1.925717728800485, 3.2941816415823335, 8967.659110049497, 5002.0403418717606, 486.26085932129808, 503.53786023705578, 0, 0, 24.475333396760409
1.99, 1738.5825471735905, 1011.1577719612625, 872.08776718110062, 510.28587786440505, 1.882979098650359, 3.1033313484326985, 1738.5330550443016, 1011.186690063602, 872.01965372289453, 510.32581771317268, 1.8318263202607936, 3.1335642939078605, 8972.5217186427108, 5007.0757204741312, 486.26085932129808, 503.53786023705578, 0, 0, 24.465333396760411
2, 1747.303718175004, 1016.2611145186023, 872.10732248793909, 510.31812977745955, 1.9555306838506785, 3.2251913054477992, 1747.2535371116633, 1016.2904366293267, 872.03868906508103, 510.35837695270237, 1.90353421864831, 3.2559239529705097, 8977.3843272359245, 5012.1110990765019, 486.26085932129808, 503.53786023705578, 0, 0, 24.455333396760409
2.0100000000000002, 1756.0250706833308, 1021.364755855829, 872.12594138443842, 510.34879907426932, 1.8618896499307334, 3.0669296809763837, 1755.9741956111789, 1021.3944849750061, 872.05679632272688, 510.38934869619595, 1.8107257645819004, 3.0971743493554391, 8982.2469358291382, 5017.1464776788725, 486.26085932129808, 503.53786023705578, 0, 0, 24.445333396760407
2.02, 1764.7466201461327, 1026.4687219659124, 872.14527798160123, 510.38067369698695, 1.9336597162841489, 3.1874622717607353, 1764.6950458231393, 1026.4988611924321, 872.07561290493777, 510.4215307271362, 1.8816582210858912, 3.2182030940223001, 8987.109544422352, 5022.1818562812432, 486.26085932129808, 503.53786023705578, 0, 0, 24.435333396760409
2.0300000000000002, 1773.4683490890445, 1031.5729833585451, 872.16368885464692, 510.41098407450937, 1.8410873045665352, 3.0310377522401475, 1773.4160704395761, 1031.6035356934979, 872.09351206410463, 510.45214364676087, 1.7899159166809444, 3.0612919624674828, 8991.9721530155657, 5027.2172348836139, 486.26085932129808, 503.53786023705578, 0, 0, 24.425333396760408
2.04, 1782.1902727908735, 1036.677565739009, 872.18280974013953, 510.44248672242543, 1.9120885492656843, 3.1502647916082847, 1782.1372845730541, 1036.7085342817106, 872.11211291990026, 510.48395376311043, 1.8600855795579627, 3.1810116349588591, 8996.8347616087794, 5032.2526134859845, 486.26085932129808, 503.53786023705578, 0, 0, 24.41533339676041
2.0499999999999998, 1790.9123739735141, 1041.7824399534966, 872.20101542275825, 510.47244320665328, 1.8205682618750736, 2.9956484227862488, 1790.8586711111777, 1041.8138277058536, 872.12980684820252, 510.5142128639049, 1.7693928302253261, 3.0259100794468163, 9001.6973702019932, 5037.2879920883552, 486.26085932129808, 503.53786023705578, 0, 0, 24.405333396760408
2.0600000000000001, 1799.6346677497195, 1046.88763142427, 872.21992355461259, 510.50357912044302, 1.8908131854395989, 3.1135913789741161, 1799.5802450014824, 1046.9194414858191, 872.14819496970404, 510.54565628566479, 1.8388121501537942, 3.1443421759860799, 9006.5599787952069, 5042.3233706907258, 486.26085932129808, 503.53786023705578, 0, 0, 24.39533339676041
2.0699999999999998, 1808.3571370345749, 1051.9931113286621, 872.23792684189493, 510.53318666629042, 1.8003287282299403, 2.9607545847423808, 1808.3019893240651, 1052.025346701927, 872.16568649541398, 510.57556650241622, 1.7491525709970819, 2.9910216751447054, 9011.4225873884207, 5047.3587492930965, 486.26085932129808, 503.53786023705578, 0, 0, 24.385333396760409
2.0800000000000001, 1817.0797967774397, 1057.098904810513, 872.25662513828127, 510.56396101215938, 1.8698296386319184, 3.0774345868961941, 1817.0239188640901, 1057.1315685950542, 872.1838648334666, 510.60664837595033, 1.8178338052587313, 3.1081873534127364, 9016.2851959816344, 5052.3941278954671, 486.26085932129808, 503.53786023705578, 0, 0, 24.375333396760411
2.0899999999999999, 1825.8026300835606, 1062.2049833730098, 872.27442878748809, 510.59322450383445, 1.7803649206820569, 2.926349167508028, 1825.7460168911077, 1062.2380785717776, 872.20115674567012, 510.63621457353889, 1.7291912203528175, 2.9566197588579191, 9021.1478045748481, 5057.4295064978378, 486.26085932129808, 503.53786023705578, 0, 0, 24.365333396760409
2.1000000000000001, 1834.5256517415262, 1067.3113718861, 872.29292012686108, 510.62364237396298, 1.8491339372966618, 3.041787012855929, 1834.4682980305299, 1067.3449015984897, 872.21912821003855, 510.66693997199019, 1.7971464368373107, 3.0725398451315953, 9026.0104131680619, 5062.4648851002084, 486.26085932129808, 503.53786023705578, 0, 0, 24.355333396760408
2.1099999999999999, 1843.2488450437554, 1072.418042173611, 872.31052685756333, 510.65256662539161, 1.7606730702275017, 2.8924251428606373, 1843.190745738362, 1072.4520094028167, 872.23622325882195, 510.69616694578542, 1.7095048783350857, 2.9226973795230906, 9030.8730217612756, 5067.5002637025791, 486.26085932129808, 503.53786023705578, 0, 0, 24.34533339676041
2.1200000000000001, 1851.9722246206502, 1077.5250188360603, 872.32881407883951, 510.68263303842753, 1.8287221276213148, 3.0066413035893405, 1851.9133744828441, 1077.5594266811308, 872.25399071841571, 510.7265408695406, 1.7767459593803119, 3.0373923755199685, 9035.7356303544893, 5072.5356423049498, 486.26085932129808, 503.53786023705578, 0, 0, 24.335333396760408
2.1299999999999999, 1860.6957739488523, 1082.6322740127741, 872.34622657308705, 510.71122279372258, 1.7412494247480774, 2.8589755295070081, 1860.6361679034783, 1082.6671254769708, 872.27089161508036, 510.75543334584415, 1.6900896664611287, 2.8892476303537795, 9040.5982389477031, 5077.5710209073204, 486.26085932129808, 503.53786023705578, 0, 0, 24.32533339676041
2.1400000000000001, 1869.4195075031246, 1087.7398320392354, 872.36431247585017, 510.74094269531622, 1.8085902763153148, 2.971990159361948, 1869.359140313876, 1087.7751302210872, 872.28845789820571, 510.78546072304215, 1.7566283125395317, 3.0027377198014205, 9045.4608475409168, 5082.6063995096911, 486.26085932129808, 503.53786023705578, 0, 0, 24.315333396760408
2.1499999999999999, 1878.1434089414208, 1092.8476653651981, 872.38153337836673, 510.76920262928758, 1.7220902516562069, 2.8259933971346052, 1878.0822755341176, 1092.8834132678655, 872.3051673155079, 510.81402335957188, 1.6709417302204477, 2.8562636529750098, 9050.3234561341305, 5087.6417781120617, 486.26085932129808, 503.53786023705578, 0, 0, 24.30533339676041
2.1600000000000001, 1886.8674925853754, 1097.9557980654415, 872.39942072309782, 510.7985808926652, 1.7887344731118666, 2.937826337759875, 1886.8055877256922, 1097.9919987867675, 872.32253521014275, 510.8437090466511, 1.7367894634804886, 2.968568707921194, 9055.1860647273443, 5092.6771567144324, 486.26085932129808, 503.53786023705578, 0, 0, 24.295333396760409
2.1699999999999999, 1895.5917422713824, 1103.0642028951486, 872.41645264150043, 510.82651561136515, 1.7031918402628055, 2.7934718699955332, 1895.52906088638, 1103.1008594380301, 872.33905578255576, 510.87194643306196, 1.6520572412998287, 2.8237386410880245, 9060.048673320558, 5097.712535316803, 486.26085932129808, 503.53786023705578, 0, 0, 24.285333396760407
2.1800000000000002, 1904.3161721704223, 1108.1729036726608, 872.43414414983056, 510.85555703793563, 1.7691508330104526, 2.9041426570444839, 1904.2527090280169, 1108.2100191340949, 872.35622803664558, 510.9012952153418, 1.7172254089802728, 2.9348782279827219, 9064.9112819137717, 5102.7479139191737, 486.26085932129808, 503.53786023705578, 0, 0, 24.275333396760409
2.1899999999999999, 1913.0407662944963, 1113.2818734536597, 872.45098965486955, 510.88317107923643, 1.684550503900877, 2.7614041300794949, 1912.9765163232432, 1113.3194508361248, 872.37256236064127, 510.92921187377902, 1.6334323995683733, 2.7916658437216837, 9069.7738905069855, 5107.7832925215444, 486.26085932129808, 503.53786023705578, 0, 0, 24.265333396760408
2.2000000000000002, 1921.7655386663698, 1118.3911358042519, 872.46848800985231, 510.91188039922747, 1.7498354982797464, 2.8709319991048545, 1921.7004966366762, 1118.4291782037469, 872.38954168241412, 510.95822846607183, 1.6979321772901974, 2.901659229279582, 9074.6364991001992, 5112.818671123915, 486.26085932129808, 503.53786023705578, 0, 0, 24.25533339676041
2.21, 1930.4904734708557, 1123.5006640757572, 872.4851496356705, 510.9391782334265, 1.6661625818216794, 2.7297834199051398, 1930.4246343130155, 1123.5391744941928, 872.4056923167625, 510.98582885175284, 1.6150634348393256, 2.7600385680999362, 9079.499107693413, 5117.8540497262857, 486.26085932129808, 503.53786023705578, 0, 0, 24.245333396760408
2.2200000000000002, 1939.2155845849084, 1128.6104815861881, 872.50245748207283, 510.96756010654678, 1.7307846402309262, 2.8381873120258958, 1939.1489430720576, 1128.6494631184191, 872.42248137506022, 511.01451789900227, 1.6789058297732429, 2.8689047249406716, 9084.3617162866267, 5122.8894283286563, 486.26085932129808, 503.53786023705578, 0, 0, 24.23533339676041
2.23, 1947.9408563633951, 1133.7205619777103, 872.51893772648157, 510.99454613699635, 1.6480244408771063, 2.6986030449537095, 1947.8734074277995, 1133.7600176249364, 872.43845084114446, 511.04180640082376, 1.5969466084223094, 2.7288501821492877, 9089.2243248798404, 5127.924806931027, 486.26085932129808, 503.53786023705578, 0, 0, 24.225333396760409
2.2400000000000002, 1956.6663025398291, 1138.830928324322, 872.53605767108957, 511.0226051531198, 1.7119944608050681, 2.8059016123465095, 1956.5980409575802, 1138.8708611801137, 872.45505226576802, 511.07017247876638, 1.6601424623596144, 2.8366077942632213, 9094.0869334730542, 5132.9601855333976, 486.26085932129808, 503.53786023705578, 0, 0, 24.215333396760407
2.25, 1965.3919076364116, 1143.9415545543095, 872.55235899585978, 511.04928371687771, 1.630132477015646, 2.667856375791839, 1965.3228283419701, 1143.9819676190189, 872.47084304791292, 511.09715341993331, 1.5790782144931215, 2.6980941166932326, 9098.9495420662679, 5137.9955641357683, 486.26085932129808, 503.53786023705578, 0, 0, 24.205333396760409
2.2600000000000002, 1974.1176852455492, 1149.0524635016764, 872.56929360779941, 511.07702439674762, 1.6934611939639908, 2.7740679869906586, 1974.0477830181803, 1149.093359867456, 872.48725942998101, 511.12520103578049, 1.6416382068099689, 2.8047615847163789, 9103.8121506594816, 5143.0309427381389, 486.26085932129808, 503.53786023705578, 0, 0, 24.195333396760407
2.27, 1982.8436200540946, 1154.1636293761712, 872.58541843896546, 511.10339976524665, 1.6124831166033584, 2.6375368499035017, 1982.7728898306673, 1154.2050120423939, 872.50287397579393, 511.15187867445405, 1.561454581292486, 2.667763867353663, 9108.6747592526954, 5148.0663213405096, 486.26085932129808, 503.53786023705578, 0, 0, 24.185333396760409
2.2800000000000002, 1991.5697255156504, 1159.275074775763, 872.60217025003465, 511.13082656119599, 1.6751811069214266, 2.742679594934069, 1991.4981620788101, 1159.3169468330354, 872.5191078681122, 511.17961226759081, 1.6233892318228627, 2.7733593136782937, 9113.5373678459091, 5153.1016999428803, 486.26085932129808, 503.53786023705578, 0, 0, 24.175333396760408
2.29, 2000.2959864790732, 1164.3867741870708, 872.61812097821053, 511.1569029409286, 1.5950728175862363, 2.6076379732592367, 2000.2235847683021, 1164.4291386336608, 872.5345485888339, 511.20599079755266, 1.5440720721699965, 2.6378529961874522, 9118.3999764391228, 5158.1370785452509, 486.26085932129808, 503.53786023705578, 0, 0, 24.16533339676041
2.3000000000000003, 2009.0224162614306, 1169.4987499759304, 872.63469248322269, 511.18402023761473, 1.6571505012188343, 2.7117296686143861, 2008.949171062952, 1169.5416099007768, 872.55060250627378, 511.23341474025182, 1.6053917439907204, 2.7423942699144974, 9123.2625850323366, 5163.1724571476216, 486.26085932129808, 503.53786023705578, 0, 0, 24.155333396760408
2.3100000000000001, 2017.7489998709734, 1174.6109769013049, 872.65047146392772, 511.20980177083118, 1.5778980705067553, 2.5781533216447698, 2017.6749061270777, 1174.6543353014492, 872.56587177713868, 511.25949829158264, 1.5269270864859774, 2.6083551330803814, 9128.1251936255503, 5168.2078357499922, 486.26085932129808, 503.53786023705578, 0, 0, 24.14533339676041
2.3199999999999998, 2026.4757504904696, 1179.7234771007404, 872.66686512106435, 511.23661388598225, 1.6393657136597681, 2.6812115151087195, 2026.4008029911474, 1179.7673370633372, 872.58174819702481, 511.28661688973085, 1.5876419886181488, 2.7118598148215893, 9132.987802218764, 5173.2432143523629, 486.26085932129808, 503.53786023705578, 0, 0, 24.135333396760409
2.3300000000000001, 2035.2026532849902, 1184.8362256010814, 872.68247467505819, 511.26210465139997, 1.5609553993868592, 2.5490765417700834, 2035.1268469755266, 1184.8805901218311, 872.59684835762869, 511.31240952950003, 1.5100160603833923, 2.5792639769195032, 9137.8504108119778, 5178.2785929547335, 486.26085932129808, 503.53786023705578, 0, 0, 24.125333396760411
2.3399999999999999, 2043.9297213052084, 1189.9492443153729, 872.69869290622933, 511.28861583657101, 1.6218231171180106, 2.6511185171045701, 2043.8530509795405, 1189.9941164795337, 872.61254972013285, 511.33922702333467, 1.570136250417647, 2.6817493834622823, 9142.7130194051915, 5183.3139715571042, 486.26085932129808, 503.53786023705578, 0, 0, 24.115333396760409
2.3500000000000001, 2052.6569398704751, 1195.0625085339414, 872.71413531985422, 511.31381985009284, 1.5442413624900435, 2.5204013521806465, 2052.5794004770619, 1195.1078913357615, 872.62748307480729, 511.36473275630033, 1.4933354674423649, 2.5505732965657328, 9147.5756279984053, 5188.3493501594749, 486.26085932129808, 503.53786023705578, 0, 0, 24.105333396760408
2.3599999999999999, 2061.3843219015416, 1200.1760399490624, 872.73018051106646, 511.34003429142962, 1.6045191212265728, 2.6214441336764582, 2061.305908238438, 1200.2219364717973, 872.64301178334813, 511.39125332115435, 1.5528708540897624, 2.6520564854041644, 9152.438236591619, 5193.3847287618455, 486.26085932129808, 503.53786023705578, 0, 0, 24.09533339676041
2.3700000000000001, 2070.1118528695351, 1205.2898141102082, 872.74545803659623, 511.36495550686953, 1.5277525529754363, 2.492121543992845, 2070.0325598885443, 1205.3362273465486, 872.65778060154048, 511.41647609047084, 1.4768818192300668, 2.5222769316487503, 9157.3008451848327, 5198.4201073642162, 486.26085932129808, 503.53786023705578, 0, 0, 24.085333396760408
2.3799999999999999, 2078.8395455674272, 1210.403852492562, 872.76133253832586, 511.39087732587853, 1.5874501729663519, 2.5921819009001581, 2078.7593680708842, 1210.4507855236591, 872.67313902318858, 511.44270383752479, 1.5358421648062843, 2.6227747053941943, 9162.1634537780465, 5203.4554859665868, 486.26085932129808, 503.53786023705578, 0, 0, 24.07533339676041
2.3900000000000001, 2087.5673856156504, 1215.5181309004681, 872.77644739432037, 511.4155196356931, 1.511485599446813, 2.4642309814588184, 2087.4863185588661, 1215.5655867173532, 872.68774553984611, 511.4676475254567, 1.460651665748895, 2.4943687931894596, 9167.0260623712602, 5208.4908645689575, 486.26085932129808, 503.53786023705578, 0, 0, 24.065333396760408
2.3999999999999999, 2096.295385681507, 1220.6326705956399, 872.79215352189192, 511.4411528900161, 1.5706127571499127, 2.5633254322971775, 2096.2134238712529, 1220.6806522772633, 872.702936005732, 511.4935865024953, 1.5190465885919926, 2.5938977038615216, 9171.8886709644739, 5213.5262431713281, 486.26085932129808, 503.53786023705578, 0, 0, 24.05533339676041
2.4100000000000001, 2105.0235315323007, 1225.7474476330804, 872.80710789355601, 511.46552012604002, 1.4954371664133734, 2.4367236023892791, 2104.9406699275496, 1225.7959581687178, 872.71738242168999, 511.51825493113608, 1.4446415957995817, 2.4668428640786568, 9176.7512795576877, 5218.5616217736988, 486.26085932129808, 503.53786023705578, 0, 0, 24.045333396760409
2.4199999999999999, 2113.7518357117456, 1230.8624830646036, 872.82264792752426, 511.49086881023146, 1.5540033968219134, 2.534868419145873, 2113.6680691238525, 1230.9115255309118, 872.73240722741627, 511.54390912330894, 1.5024805726262427, 2.5654192172851773, 9181.6138881509014, 5223.5970003760694, 486.26085932129808, 503.53786023705578, 0, 0, 24.035333396760407
2.4300000000000002, 2122.4802841316141, 1235.9777531917186, 872.83744396707084, 511.51496474441581, 1.4796039546619384, 2.4095934184338881, 2122.3956075233623, 1236.0273305761248, 872.74669570978881, 511.56830605530303, 1.4288482372588795, 2.4396931994114976, 9186.4764967441151, 5228.6323789784401, 486.26085932129808, 503.53786023705578, 0, 0, 24.025333396760409
2.4399999999999999, 2131.2088892140828, 1241.0932788598575, 872.85282015360667, 511.54003279072248, 1.537618653579377, 2.5068046306647496, 2131.1232974015511, 1241.1433942366366, 872.76155711584352, 511.59367938588736, 1.4861406054675323, 2.5373330584321874, 9191.3391053373289, 5233.6677575808108, 486.26085932129808, 503.53786023705578, 0, 0, 24.015333396760408
2.4500000000000002, 2139.937637013024, 1246.2090366129421, 872.86745998062224, 511.56386113587502, 1.4639827015607947, 2.382834515253387, 2139.8511249629482, 1246.2596929675844, 872.77568979841647, 511.61780852515449, 1.413268257291828, 2.4129139267120885, 9196.2017139305426, 5238.7031361831814, 486.26085932129808, 503.53786023705578, 0, 0, 24.00533339676041
2.46, 2148.6665398310993, 1251.3250470934879, 872.88267453190042, 511.58865241501582, 1.5214551278174135, 2.4791279140774973, 2148.5791023644151, 1251.3762474978034, 872.79039003058858, 511.64290485631926, 1.470023217206587, 2.509633116475718, 9201.0643225237563, 5243.7385147855521, 486.26085932129808, 503.53786023705578, 0, 0, 23.995333396760408
2.4700000000000002, 2157.3955838619454, 1256.4412870837959, 872.89716023371329, 511.61221682554151, 1.4485701812867928, 2.3564410525694695, 2157.3072159494754, 1256.4930345212535, 872.80436901421353, 511.66676984877961, 1.3978983624902706, 2.3864992460341363, 9205.9269311169701, 5248.7738933879227, 486.26085932129808, 503.53786023705578, 0, 0, 23.98533339676041
2.48, 2166.1247812907013, 1261.5577770268806, 872.9122153283023, 511.63673514748717, 1.5055094589037965, 2.4518321945655992, 2166.0354777583643, 1261.610074566745, 872.81891026400899, 511.69159298234962, 1.4541249795513034, 2.4823133569991014, 9210.7895397101838, 5253.8092719902934, 486.26085932129808, 503.53786023705578, 0, 0, 23.975333396760409
2.4900000000000002, 2174.8541184484652, 1266.674493939445, 872.92654896035219, 511.66003922012834, 1.4333632049901543, 2.3304072641168085, 2174.7638742712993, 1266.7273445630829, 872.83273761699854, 511.71519741664923, 1.3827352989519095, 2.3604434299621744, 9215.6521483033976, 5258.844650592664, 486.26085932129808, 503.53786023705578, 0, 0, 23.965333396760407
2.5, 2183.5836074048175, 1271.7914580683675, 872.94144674360518, 511.68428833487974, 1.4897783253002568, 2.4249114751385816, 2183.492417413845, 1271.8448648424226, 872.84712204205721, 511.73975109486838, 1.438442505861196, 2.455367821915956, 9220.5147568966113, 5263.8800291950347, 486.26085932129808, 503.53786023705578, 0, 0, 23.955333396760409
2.5100000000000002, 2192.3132346260468, 1276.9086466608351, 872.9556303298142, 511.70733560945484, 1.4183586209045369, 2.3047274575099626, 2192.2210938006433, 1276.9626125644947, 872.86079980058025, 511.76309850310366, 1.3677758523073276, 2.3347408235261486, 9225.377365489825, 5268.9154077974054, 486.26085932129808, 503.53786023705578, 0, 0, 23.945333396760407
2.52, 2201.0430120681117, 1282.0260797709052, 872.97037291426045, 511.73131920781896, 1.4742584446240568, 2.3983598364111347, 2200.9499152445169, 1282.0806078681201, 872.87502952509146, 511.78738640939662, 1.422972451124946, 2.4287906292955888, 9230.2399740830388, 5273.950786399776, 486.26085932129808, 503.53786023705578, 0, 0, 23.935333396760409
2.5300000000000002, 2209.7729263302513, 1287.1437348723855, 872.98440844740446, 511.75411316795925, 1.403553314403877, 2.2793960140277583, 2209.6788684922949, 1287.1988281400907, 872.88855969356848, 511.81048026783697, 1.353016847696457, 2.3093858440319894, 9235.1025826762525, 5278.9861650021467, 486.26085932129808, 503.53786023705578, 0, 0, 23.925333396760408
2.54, 2218.5029892567113, 1292.2616318297805, 872.99899791314101, 511.77783488232228, 1.4589465736605502, 2.3721714363051278, 2218.4079652459573, 1292.3172933291651, 872.90263680868736, 511.83450602756807, 1.4077115118916175, 2.4025759731117855, 9239.9651912694662, 5284.0215436045173, 486.26085932129808, 503.53786023705578, 0, 0, 23.91533339676041
2.5500000000000003, 2227.2331875774739, 1297.379748339712, 873.0128873552211, 511.80037895620552, 1.3889442080108696, 2.2544073883233438, 2227.1371923823167, 1297.435981045388, 872.91602136018435, 511.85734975737626, 1.3384551496992727, 2.2843729808163955, 9244.82779986268, 5289.056922206888, 486.26085932129808, 503.53786023705578, 0, 0, 23.905333396760408
2.5600000000000001, 2235.9635330269525, 1302.4981040803505, 873.02732575030439, 511.82384236130235, 1.4438395083319542, 2.346340509685267, 2235.8665614943825, 1302.5549110506802, 872.92994792444597, 511.88111693860549, 1.3926564261606675, 2.3767181229238004, 9249.6904084558937, 5294.0923008092586, 486.26085932129808, 503.53786023705578, 0, 0, 23.89533339676041
2.5699999999999998, 2244.6940124636949, 1307.6166769673796, 873.04107103291801, 511.84613992238303, 1.3745282613634024, 2.2297561080705037, 2244.5960595867764, 1307.6740611745854, 872.94318880106823, 511.90371390655486, 1.3240876622269186, 2.2596967949364855, 9254.5530170491074, 5299.1276794116293, 486.26085932129808, 503.53786023705578, 0, 0, 23.885333396760409
2.5800000000000001, 2253.4246375141365, 1312.7354864958086, 873.05536037375418, 511.86934853606232, 1.4289340836216096, 2.3208613679271961, 2253.3256981453833, 1312.7934509953645, 872.95696684080053, 511.92722602078976, 1.3778039732300089, 2.3512114234883357, 9259.4156256423212, 5304.1630580139999, 486.26085932129808, 503.53786023705578, 0, 0, 23.875333396760411
2.5899999999999999, 2262.1553951632445, 1317.8545107966852, 873.0689633984656, 511.89140290379783, 1.3603024711411866, 2.2054367735499856, 2262.0554643004907, 1317.9130585583603, 872.97006595408425, 511.94957953997772, 1.3099113283754567, 2.2353519187981039, 9264.2782342355349, 5309.1984366163706, 486.26085932129808, 503.53786023705578, 0, 0, 23.865333396760409
2.6000000000000001, 2270.886296931305, 1322.973769184983, 873.08310567020021, 511.91436018778217, 1.4142271734634901, 2.2957283984343633, 2270.7853694326777, 1323.0329032613042, 872.98369746381934, 511.97284004292089, 1.3631509735117318, 2.3260502943189416, 9269.1408428287486, 5314.2338152187413, 486.26085932129808, 503.53786023705578, 0, 0, 23.855333396760408
2.6099999999999999, 2279.6173299275874, 1328.0932400034694, 873.09656830890981, 511.93617462835402, 1.3462638709573957, 2.1814440571838949, 2279.5154007957854, 1328.1529633616917, 872.99665669512183, 511.99495337347821, 1.2959231302469578, 2.2113330557308761, 9274.0034514219624, 5319.2691938211119, 486.26085932129808, 503.53786023705578, 0, 0, 23.84533339676041
2.6200000000000001, 2288.3485055680303, 1333.2129423901627, 873.11056546581574, 511.95888398899507, 1.3997156905978605, 2.2709360641051402, 2288.2455696668799, 1333.2732580798108, 873.01014363800505, 512.01796566577013, 1.3486942883163406, 2.3012292291943246, 9278.8660600151761, 5324.3045724234826, 486.26085932129808, 503.53786023705578, 0, 0, 23.835333396760408
2.6299999999999999, 2297.0798110841183, 1338.332854895958, 873.12388956112795, 511.98046171602533, 1.3324095312197604, 2.1577727030255618, 2296.9758634212731, 1338.3937658817154, 873.02296483889245, 512.03984201556534, 1.2821200887422959, 2.187634979517469, 9283.7286686083899, 5329.3399510258532, 486.26085932129808, 503.53786023705578, 0, 0, 23.82533339676041
2.6400000000000001, 2305.8112577892175, 1343.4529964849537, 873.13774352699193, 512.00292650505287, 1.3853965863964108, 2.2464789027557086, 2305.7062932342851, 1343.5145058132903, 873.03630914708856, 512.06260944352152, 1.3344308196087635, 2.2767427956211361, 9288.5912772016036, 5334.3753296282239, 486.26085932129808, 503.53786023705578, 0, 0, 23.815333396760408
2.6499999999999999, 2314.5428330349714, 1348.5733459126332, 873.15093089258153, 512.02427068031488, 1.3187365589615465, 2.1344175262055414, 2314.4368466006454, 1348.6354565456056, 873.0489941397218, 512.08425196886026, 1.2684992633260279, 2.1642525338777414, 9293.4538857948173, 5339.4107082305945, 486.26085932129808, 503.53786023705578, 0, 0, 23.80533339676041
2.6600000000000001, 2323.2745480339249, 1353.6939219721653, 873.16464356108816, 512.04649419557995, 1.3712668506610344, 2.2223515265056268, 2323.1675345956692, 1353.7566369531394, 873.06219771481915, 512.10677782520281, 1.3203575097401996, 2.2525856342581987, 9298.3164943880311, 5344.4460868329652, 486.26085932129808, 503.53786023705578, 0, 0, 23.795333396760409
2.6699999999999999, 2332.0063902558504, 1358.8147036201331, 873.17769598206462, 512.0676079297034, 1.3052420976484889, 2.1113734123438737, 2331.8983448314802, 1358.8780259084863, 873.07474829233684, 512.12818963152199, 1.2550577517693322, 2.1411806319179729, 9303.1791029812448, 5349.4814654353358, 486.26085932129808, 503.53786023705578, 0, 0, 23.785333396760407
2.6800000000000002, 2340.7383708141979, 1363.9357094817233, 873.1912692171785, 512.08959341591458, 1.3573235113929532, 2.1985486211204837, 2340.6292882851048, 1363.9996421176702, 873.08781300574833, 512.15047715610501, 1.3064713411525233, 2.2287524582965652, 9308.0417115744585, 5354.5168440377065, 486.26085932129808, 503.53786023705578, 0, 0, 23.775333396760409
2.6899999999999999, 2349.4704772948685, 1369.0569187111801, 873.2041884504481, 512.11047976908378, 1.2919233269583417, 2.0886353169229182, 2349.3603526840657, 1369.1214646513695, 873.10023093264704, 512.17166129866041, 1.2417926898676592, 2.1184142555394705, 9312.9043201676723, 5359.5522226400772, 486.26085932129808, 503.53786023705578, 0, 0, 23.765333396760408
2.7000000000000002, 2358.2027207139181, 1374.1783497686126, 873.21762408679353, 512.13223041853712, 1.3435636345465511, 2.1750649453356363, 2358.0915489087924, 1374.2435120500641, 873.1131586260077, 512.19371367918859, 1.2927693360693946, 2.2052380528195434, 9317.766928760886, 5364.5876012424478, 486.26085932129808, 503.53786023705578, 0, 0, 23.75533339676041
2.71, 2366.9350887714054, 1379.2999820025377, 873.23041186141893, 512.15289240118352, 1.2787774625422181, 2.0661982646360686, 2366.82286480024, 1379.3657635791242, 873.12544563851907, 512.21467316373685, 1.2287012511421291, 2.0959484548219618, 9322.6295373540997, 5369.6229798448185, 486.26085932129808, 503.53786023705578, 0, 0, 23.745333396760408
2.7200000000000002, 2375.6675923876683, 1384.4218337108491, 873.24371170465656, 512.17441135448496, 1.3299843237593143, 2.1518953301464991, 2375.5543111439088, 1384.4882376163528, 873.13823812408077, 512.23649353647818, 1.2792485561655276, 2.1820372741280969, 9327.4921459473135, 5374.6583584471891, 486.26085932129808, 503.53786023705578, 0, 0, 23.73533339676041
2.73, 2384.4002193749784, 1389.5438844329963, 873.25636972221423, 512.19485192797208, 1.2658017557687535, 2.0440573487139893, 2384.2858758922466, 1389.6109136184696, 873.15039593054598, 512.25723131995198, 1.2157806465256547, 2.0737783473834224, 9332.3547545405272, 5379.6937370495598, 486.26085932129808, 503.53786023705578, 0, 0, 23.725333396760409
2.7400000000000002, 2393.1329805596088, 1394.6661523074777, 873.26953554941485, 512.21614227475288, 1.3165827200648115, 2.129034678076926, 2393.0175697374675, 1394.7338098034265, 873.16305499156817, 512.27882277044239, 1.265906102220943, 2.1591450490432473, 9337.2173631337409, 5384.7291156519304, 486.26085932129808, 503.53786023705578, 0, 0, 23.715333396760407
2.75, 2401.8658638641268, 1399.7886170613847, 873.28206548434935, 512.23636435205515, 1.2529934934488165, 2.022207730224455, 2401.7493807416017, 1399.8569058159985, 873.17508527280847, 512.29934176161953, 1.2030281240315048, 2.051899117712439, 9342.0799717269547, 5389.7644942543011, 486.26085932129808, 503.53786023705578, 0, 0, 23.705333396760409
2.7600000000000002, 2410.5988800223704, 1404.9112966765997, 873.2950990443652, 512.25742913167949, 1.3033560015907844, 2.1064779624290337, 2410.481319505197, 1404.9802197170709, 873.18761266394608, 512.32070732536147, 1.2527391137621966, 2.1365563741888538, 9346.9425803201684, 5394.7998728566718, 486.26085932129808, 503.53786023705578, 0, 0, 23.695333396760407
2.77, 2419.3320170653137, 1410.0341710646121, 873.30750254434065, 512.27743557805309, 1.2403499975472856, 2.000644637356626, 2419.2133741979819, 1410.1037313362269, 873.1995170736302, 512.34101038552626, 1.1904409684107111, 2.030306016483995, 9351.8051889133822, 5399.8352514590424, 486.26085932129808, 503.53786023705578, 0, 0, 23.685333396760409
2.7800000000000002, 2428.0652856359648, 1415.1572580534266, 873.32040555817309, 512.29827778031824, 1.2903013832436208, 2.0842202265165048, 2427.9455553304333, 1415.2274585800294, 873.21191452131711, 512.36215304867881, 1.2397447686918102, 2.1142663152568373, 9356.6677975065959, 5404.8706300614131, 486.26085932129808, 503.53786023705578, 0, 0, 23.675333396760408
2.79, 2436.79867387184, 1420.2805377357345, 873.3326842444219, 512.31807141396507, 1.2278686248800235, 1.9793633646865147, 2436.6778511781217, 1420.3513814596702, 873.22369468632508, 512.38224299227738, 1.1780165007964321, 2.0089943598554529, 9361.5304060998096, 5409.9060086637837, 486.26085932129808, 503.53786023705578, 0, 0, 23.66533339676041
2.8000000000000003, 2445.5321923267015, 1425.4040277883616, 873.34545840558565, 512.3386939797939, 1.2774161163796871, 2.0622565828820405, 2445.4102721630275, 1425.4755177300938, 873.23596388915416, 512.40316569233994, 1.2269202829063368, 2.0922700062555526, 9366.3930146930234, 5414.9413872661544, 486.26085932129808, 503.53786023705578, 0, 0, 23.655333396760408
2.8100000000000001, 2454.2658292427723, 1430.5277084820505, 873.35761387325363, 512.3582775725182, 1.2155467668026623, 1.9583592724346284, 2454.1428066647309, 1430.5998475809465, 873.24762140993755, 512.42304528762747, 1.1657520783417743, 1.9879595287537739, 9371.2556232862371, 5419.976765868525, 486.26085932129808, 503.53786023705578, 0, 0, 23.64533339676041
2.8199999999999998, 2462.999595086128, 1435.6515973451076, 873.37026084813829, 512.37868339464319, 1.2646974884619615, 2.0405822124962452, 2462.8754650182668, 1435.72438861822, 873.25976403903655, 512.44375091411484, 1.2142629099014761, 2.070562648738588, 9376.1182318794508, 5425.0121444708957, 486.26085932129808, 503.53786023705578, 0, 0, 23.635333396760409
2.8300000000000001, 2471.7334782018866, 1440.7756748232218, 873.3822946666271, 512.39805967250015, 1.2033818488812251, 1.9376277856989452, 2471.6082357054211, 1440.8491212069064, 873.27130048997492, 512.46342288379617, 1.1536450938411771, 1.9671969681370889, 9380.9808404726646, 5430.0475230732663, 486.26085932129808, 503.53786023705578, 0, 0, 23.625333396760411
2.8399999999999999, 2480.4674889699763, 1445.8999582988015, 873.39481609485426, 512.41825159613973, 1.2521428227157985, 2.0191923639609999, 2480.3411289758119, 1445.9740628066711, 873.28331818937875, 512.48391427890658, 1.2017699403778723, 2.04913951103718, 9385.8434490658783, 5435.082901675637, 486.26085932129808, 503.53786023705578, 0, 0, 23.615333396760409
2.8500000000000001, 2489.2016158366246, 1451.0244283894219, 873.40672980815987, 512.43742324007667, 1.1913713305647764, 1.9171643936969636, 2489.0741334116519, 1451.099193954788, 873.29473511913227, 512.50338130076921, 1.1416929753552691, 1.9467021862645213, 9390.706057659092, 5440.1182802780077, 486.26085932129808, 503.53786023705578, 0, 0, 23.605333396760408
2.8599999999999999, 2497.935869097128, 1456.1491023341755, 873.41912730293757, 512.45740406360358, 1.2397494777686116, 1.9980823526917073, 2497.8072591786486, 1456.2245319671849, 873.30662950615056, 512.52366126004392, 1.1894387018325188, 2.0279959274705264, 9395.5686662523058, 5445.1536588803783, 486.26085932129808, 503.53786023705578, 0, 0, 23.59533339676041
2.8700000000000001, 2506.6702372970631, 1461.2739609195089, 873.43092242998603, 512.47637371009341, 1.1795127048406886, 1.8969646489841687, 2506.5404949576878, 1461.3500575503986, 873.31792843800872, 512.5429259675833, 1.1298931858199894, 1.9264707539414874, 9400.4312748455195, 5450.189037482749, 486.26085932129808, 503.53786023705578, 0, 0, 23.585333396760408
2.8799999999999999, 2515.40473064859, 1466.3990212437438, 873.44319757845892, 512.49614618569433, 1.2275148472843196, 1.9772475600964563, 2515.2738508320517, 1466.475787879169, 873.3297011035902, 512.56299724055884, 1.1772665581464545, 2.0071272975521586, 9405.2938834387332, 5455.2244160851196, 486.26085932129808, 503.53786023705578, 0, 0, 23.57533339676041
2.8900000000000001, 2524.1393377948993, 1471.5242642592259, 873.45487561343782, 512.51491642736107, 1.1678034978869609, 1.8770241666729943, 2524.0073155795712, 1471.6017038263201, 873.34088353581672, 512.58206222359649, 1.1182432226541938, 1.9064983037646763, 9410.156492031947, 5460.2597946874903, 486.26085932129808, 503.53786023705578, 0, 0, 23.565333396760408
2.8999999999999999, 2532.8740688664875, 1476.6497069260145, 873.4670299770338, 512.53448326168859, 1.2154363595951847, 1.9566834327564036, 2532.7408992025657, 1476.7278224279189, 873.35253604490845, 512.60192751444845, 1.1652509091713072, 1.9865290851966928, 9415.0191006251607, 5465.2951732898609, 486.26085932129808, 503.53786023705578, 0, 0, 23.55533339676041
2.9100000000000001, 2541.6089126024481, 1481.775330359425, 873.47859238972103, 512.55305664792513, 1.156241268721885, 1.8573386236526566, 2541.4745905741074, 1481.8541247201429, 873.3636034510821, 512.62079531974211, 1.1067406173659993, 1.8867805293671045, 9419.8817092183745, 5470.3305518922316, 486.26085932129808, 503.53786023705578, 0, 0, 23.545333396760409
2.9199999999999999, 2550.3438790530668, 1486.9011513837265, 873.49062750449423, 512.57242050274101, 1.2035114773228637, 1.9363854815935231, 2550.2083996169968, 1486.980627602863, 873.37513734298511, 512.64045728792121, 1.1533891903065656, 1.9661968179130849, 9424.7443178115882, 5475.3659304946023, 486.26085932129808, 503.53786023705578, 0, 0, 23.535333396760407
2.9300000000000002, 2559.0789570516531, 1492.0271512743177, 873.50207574058265, 512.59079954031893, 1.1448236088413968, 1.8379037577935453, 2558.942315297867, 1492.10731227272, 873.38609117233659, 512.65913041976762, 1.095382935148294, 1.8673131846468844, 9429.6069264048019, 5480.4013090969729, 486.26085932129808, 503.53786023705578, 0, 0, 23.525333396760409
2.9399999999999999, 2567.8141565697133, 1497.1533467221132, 873.51399311755267, 512.60996303312936, 1.1917376970010205, 1.9163492810463081, 2567.6763474614213, 1497.2341954958306, 873.39750796105739, 512.67859168062762, 1.1416788720797473, 1.9461260860050749, 9434.4695349980157, 5485.4366876993436, 486.26085932129808, 503.53786023705578, 0, 0, 23.515333396760408
2.9500000000000002, 2576.5494665331103, 1502.2797191597494, 873.52532859897133, 512.62815018680101, 1.1335481418609505, 1.8187153671642804, 2576.4104851661982, 1502.3612586264494, 873.40834963880218, 512.69707260145765, 1.0841677744800051, 1.8480920830079537, 9439.3321435912294, 5490.4720663017142, 486.26085932129808, 503.53786023705578, 0, 0, 23.50533339676041
2.96, 2585.2848968359822, 1507.4062851471876, 873.53712972445817, 512.64711589148339, 1.1801125486889323, 1.8965704682355811, 2585.144738180205, 1507.4885182993453, 873.41965081339936, 512.71633572687529, 1.1301174597189827, 1.9263125417609277, 9444.1947521844431, 5495.5074449040849, 486.26085932129808, 503.53786023705578, 0, 0, 23.495333396760408
2.9700000000000002, 2594.0204364951051, 1512.5330262714988, 873.54835384968965, 512.66511358457581, 1.1224125231469808, 1.799769309236277, 2593.8790956522539, 1512.6159560235785, 873.43038174106653, 512.73462685784114, 1.0730927667183401, 1.8291130965875173, 9449.0573607776569, 5500.5428235064555, 486.26085932129808, 503.53786023705578, 0, 0, 23.48533339676041
2.98, 2602.7560953286411, 1517.6599589640559, 873.56004018564556, 512.6838840319972, 1.168633595586779, 1.877044742138219, 2602.6135672750383, 1517.7435883049418, 873.44156876599379, 512.75369437682764, 1.1187024927285469, 1.9067518986503618, 9453.9199693708706, 5505.5782021088262, 486.26085932129808, 503.53786023705578, 0, 0, 23.475333396760409
2.9900000000000002, 2611.4918624426637, 1522.7870649636009, 873.57115433004003, 512.70169464699813, 1.1114144394497438, 1.7810615000954759, 2611.3481422860345, 1522.8713968045333, 873.45219032175078, 512.77179809838253, 1.0621555756936156, 1.8103721554899623, 9458.7825779640843, 5510.6135807111968, 486.26085932129808, 503.53786023705578, 0, 0, 23.465333396760407
3, 2620.2277475807291, 1527.9143605752502, 873.58272731437648, 512.72027232562561, 1.1572984336430878, 1.857767862752687, 2620.0828303039839, 1527.9993979015067, 873.46326463719538, 512.79067249768764, 1.1074315444578844, 1.88743993051252, 9463.6451865572981, 5515.6489593135675, 486.26085932129808, 503.53786023705578, 0, 0, 23.455333396760409
3.0100000000000002, 2628.9637399366143, 1533.0418276866935, 873.59373283046182, 512.73789820476213, 1.1005516085313969, 1.7625879136508169, 2628.8176206534404, 1533.1275734062706, 873.47377817616837, 512.80859115015778, 1.051353897300576, 1.7918652470168046, 9468.5077951505118, 5520.6843379159382, 486.26085932129808, 503.53786023705578, 0, 0, 23.445333396760407
3.02, 2637.6998491806226, 1538.1694824790886, 873.60519387737349, 512.75628556126492, 1.1461046911692863, 1.8387356502813295, 2637.5525228805354, 1538.2559395736428, 873.48474119838511, 512.82727487486534, 1.0963022216788725, 1.8683724707600537, 9473.3704037437255, 5525.7197165183088, 486.26085932129808, 503.53786023705578, 0, 0, 23.435333396760409
3.0300000000000002, 2646.4360645926631, 1543.2973069863883, 873.61609209516143, 512.77372900707348, 1.0898217787976165, 1.7443445808532529, 2646.2875263953383, 1543.3844783606537, 873.49514805297611, 512.84501075901437, 1.0406854590943617, 1.77358841490653, 9478.2330123369393, 5530.7550951206795, 486.26085932129808, 503.53786023705578, 0, 0, 23.425333396760408
3.04, 2655.1723957711188, 1548.4253172680567, 873.62744259544581, 512.79192844691647, 1.1350500284434719, 1.8199439842993173, 2655.0226406726929, 1548.5132059000555, 873.50600117461761, 512.86350621313011, 1.085312164153611, 1.8495454115691055, 9483.095620930153, 5535.7904737230501, 486.26085932129808, 503.53786023705578, 0, 0, 23.41533339676041
3.0500000000000003, 2663.9088320804826, 1553.5534955016642, 873.63823482273506, 512.80919172280551, 1.0792227289210323, 1.7263275889055671, 2663.757855206642, 1553.6421042928505, 873.5163026548164, 512.88106159071572, 1.0301480198795316, 1.7555377585645346, 9487.9582295233668, 5540.8258523254208, 486.26085932129808, 503.53786023705578, 0, 0, 23.405333396760408
3.0600000000000001, 2672.6453830485307, 1558.6818576272126, 873.64947614410823, 512.82720561083488, 1.1241321373208106, 1.8013888029393066, 2672.4931794020467, 1558.7711895519631, 873.52704724525847, 512.89937113774658, 1.0744590442099096, 1.8309547030843909, 9492.8208381165805, 5545.8612309277914, 486.26085932129808, 503.53786023705578, 0, 0, 23.39533339676041
3.0700000000000003, 2681.382038122812, 1563.8103859632831, 873.66016366678298, 512.84429094163977, 1.0687522674695875, 1.7085330804848142, 2681.2286028354047, 1563.9004439197554, 873.53724463895151, 512.91674823206961, 1.0197393693050416, 1.7377094323050961, 9497.6834467097942, 5550.8966095301621, 486.26085932129808, 503.53786023705578, 0, 0, 23.385333396760409
3.0800000000000001, 2690.1188067617909, 1568.9390963326148, 873.67129715419139, 512.86212160266052, 1.1133487408405722, 1.7830661020749494, 2689.964134842879, 1569.0298832915289, 873.54788204461465, 512.93487419559585, 1.0637405663145709, 1.8125963526224707, 9502.546055303008, 5555.9319881325328, 486.26085932129808, 503.53786023705578, 0, 0, 23.375333396760411
3.0899999999999999, 2698.8556784945677, 1574.0679711922294, 873.68188123651669, 512.87903117519022, 1.0584082325350628, 1.6909572529693231, 2698.6997650819244, 1574.1594900484315, 873.55797661788927, 512.95207519204178, 1.0094573274604572, 1.7200996445972905, 9507.4086638962217, 5560.9673667349034, 486.26085932129808, 503.53786023705578, 0, 0, 23.365333396760409
3.1000000000000001, 2707.5926627115718, 1579.1970262497714, 873.69290821244499, 512.89668089453528, 1.1026975928339695, 1.7649719345101311, 2707.4355028212731, 1579.2892799703154, 873.56850816255576, 512.9700198562806, 1.0531544666485537, 1.7944664238801249, 9512.2712724894354, 5566.0027453372741, 486.26085932129808, 503.53786023705578, 0, 0, 23.355333396760408
3.1099999999999999, 2716.3297490219702, 1584.3262440981705, 873.70339009735858, 512.91341685811187, 1.0481884913566881, 1.6735963576616342, 2716.1713377978604, 1584.4192355745768, 873.57850116000043, 512.98704690285365, 0.99929974446834913, 1.7027046573062115, 9517.1338810826492, 5571.0381239396447, 486.26085932129808, 503.53786023705578, 0, 0, 23.34533339676041
3.1200000000000001, 2725.0669467494154, 1589.455640332113, 873.71431186213385, 512.93088788220359, 1.0921764775321186, 1.7471024091726692, 2724.9072792142374, 1589.5493725277606, 873.58892814512728, 513.00481251321514, 1.0426985126833115, 1.7765610361465842, 9521.9964896758629, 5576.0735025420154, 486.26085932129808, 503.53786023705578, 0, 0, 23.335333396760408
3.1299999999999999, 2733.8042455816776, 1594.58519767794, 873.72469277153334, 512.9474523491939, 1.0380909399512346, 1.6564466990263582, 2733.6433168853637, 1594.6796734810105, 873.59882079012812, 513.02166772106466, 0.9892645000841056, 1.6855207849485776, 9526.8590982690766, 5581.108881144386, 486.26085932129808, 503.53786023705578, 0, 0, 23.32533339676041
3.1400000000000001, 2742.5416547768741, 1599.7149316194855, 873.73551060362513, 512.96474688609715, 1.0817832091791133, 1.729453690320732, 2742.3794599488406, 1599.8101539896757, 873.60914449515576, 513.03925648469999, 1.0323705027632104, 1.7588763635279241, 9531.7217068622904, 5586.1442597467567, 486.26085932129808, 503.53786023705578, 0, 0, 23.315333396760408
3.1499999999999999, 2751.2791640999358, 1604.8448250140416, 873.74579173865254, 512.98114193243646, 1.0281135027422676, 1.6395046339305754, 2751.1156982962175, 1604.9407968361818, 873.61893799018867, 513.05594192863953, 0.97934950329588988, 1.6685443939503075, 9536.5843154555041, 5591.1796383491273, 486.26085932129808, 503.53786023705578, 0, 0, 23.30533339676041
3.1600000000000001, 2760.0167827446671, 1609.9748932366654, 873.75650689496888, 512.99826215240387, 1.0715156316386854, 1.7120219967425589, 2759.8520410013593, 1610.0716174667632, 873.6291596728455, 513.07335601498119, 1.0221682656826121, 1.7414086341641393, 9541.4469240487178, 5596.215016951498, 486.26085932129808, 503.53786023705578, 0, 0, 23.295333396760409
3.1699999999999999, 2768.7545005517368, 1615.105119273175, 873.76668943629079, 513.01448981811268, 1.0182541321865877, 1.622766570883392, 2768.5884780309916, 1615.2025987926984, 873.63885519976475, 513.08987373400021, 0.96955269192278482, 1.6517719019026789, 9546.3095326419316, 5601.2503955538687, 486.26085932129808, 503.53786023705578, 0, 0, 23.285333396760407
3.1800000000000002, 2777.4923266518422, 1620.2355183918962, 873.77730315247095, 513.03143785412249, 1.0613716180112227, 1.6948036009774641, 2777.3250183964383, 1620.3337561531578, 873.64897609636751, 513.10711527529486, 1.0120896602741576, 1.724154129467018, 9551.1721412351453, 5606.2857741562393, 486.26085932129808, 503.53786023705578, 0, 0, 23.275333396760409
3.1899999999999999, 2786.2302509599881, 1625.3660737047828, 873.78738826055508, 513.04750014381545, 1.008510808411706, 1.6062289692977112, 2786.0616521382067, 1625.4650725858774, 873.65857481668979, 513.12346727306328, 0.95987203222475603, 1.635199776840252, 9556.0347498283591, 5611.32115275861, 486.26085932129808, 503.53786023705578, 0, 0, 23.265333396760408
3.2000000000000002, 2794.968282544954, 1630.4968003754452, 873.79790175125754, 513.06427809210072, 1.0513490702448856, 1.6777948285307922, 2794.7983882062599, 1630.5965633249855, 873.6685961424397, 513.14053836489677, 1.0021325749921641, 1.7071091833513741, 9560.8973584215728, 5616.3565313609806, 486.26085932129808, 503.53786023705578, 0, 0, 23.25533339676041
3.21, 2803.7064113946976, 1635.6276816396171, 873.80789056664605, 513.08017697548814, 0.99888153884583186, 1.5898883387431229, 2803.535216713512, 1635.7282115323148, 873.67809919762476, 513.1567266102619, 0.95030551850612399, 1.6188245365093312, 9565.7599670147865, 5621.3919099633513, 486.26085932129808, 503.53786023705578, 0, 0, 23.245333396760408
3.2200000000000002, 2812.4446465172518, 1640.7587325581806, 873.81830502583352, 513.09678689605914, 1.0414459187516447, 1.6609920571008461, 2812.2721465497275, 1640.8600323389446, 873.68802214689981, 513.17362931207663, 0.99229492750180426, 1.6902701814777632, 9570.6225756080003, 5626.4272885657219, 486.26085932129808, 503.53786023705578, 0, 0, 23.23533339676041
3.23, 2821.1829779721638, 1645.8899364883268, 873.82819866941202, 513.11252430844127, 0.98936435785039678, 1.5737412382066016, 2821.0091678988724, 1645.9920090284775, 873.69743065862701, 513.18965573955302, 0.94085117272242258, 1.6026427476437477, 9575.485184201214, 5631.4626671680926, 486.26085932129808, 503.53786023705578, 0, 0, 23.225333396760409
3.2400000000000002, 2829.9214147078765, 1651.0213083901685, 873.83851527063234, 513.12896822559946, 1.031660122029723, 1.6443917158201684, 2829.7462895916583, 1651.124156630907, 873.70725640526973, 513.20639207515808, 0.98257466427549911, 1.67363356050908, 9580.3477927944277, 5636.4980457704632, 486.26085932129808, 503.53786023705578, 0, 0, 23.215333396760407
3.25, 2838.6599468541817, 1656.1528317400659, 873.84831484389599, 513.14454606835318, 0.97995732636397404, 1.5577842753757318, 2838.4835018817676, 1656.2564585493124, 873.71657147571068, 513.22225858541071, 0.93150704409935869, 1.586651025262761, 9585.2104013876415, 5641.5334243728339, 486.26085932129808, 503.53786023705578, 0, 0, 23.205333396760409
3.2600000000000002, 2847.3985833010706, 1661.2845213992921, 873.85853474055887, 513.16082597119816, 1.0219896662841723, 1.6279902844972285, 2847.2208135419887, 1661.3889297145377, 873.72630117331255, 513.23883054348437, 0.97296976018833525, 1.6571958073670481, 9590.0730099808552, 5646.5688029752046, 486.26085932129808, 503.53786023705578, 0, 0, 23.195333396760407
3.27, 2856.1373142472557, 1666.4163609611201, 873.86824132587424, 513.17624611225733, 0.97065853153932247, 1.5420141059137913, 2855.9582148944032, 1666.5215536468772, 873.73552388539997, 513.25453900380398, 0.92227120874581137, 1.570846031960289, 9594.9356185740689, 5651.6041815775752, 486.26085932129808, 503.53786023705578, 0, 0, 23.185333396760409
3.2800000000000002, 2864.8761485253995, 1671.5483651898865, 873.87836565152475, 513.19236395518601, 1.012432565048178, 1.6117842928627792, 2864.6957146549898, 1671.6543451799341, 873.74515866758111, 513.27094853838889, 0.96347821811504697, 1.6409534584928926, 9599.7982271672827, 5656.6395601799459, 486.26085932129808, 503.53786023705578, 0, 0, 23.175333396760408
3.29, 2873.6150764018275, 1676.6805177935532, 873.88798031238855, 513.20762822951349, 0.96146608638419084, 1.5264274327444105, 2873.4333032129312, 1676.7872879489896, 873.75429008527385, 513.28650078316093, 0.91314176927135371, 1.5552244772032731, 9604.6608357604964, 5661.6749387823165, 486.26085932129808, 503.53786023705578, 0, 0, 23.16533339676041
3.3000000000000003, 2882.3541066529801, 1681.8128334413964, 873.89801018097671, 513.22358593271179, 1.0029868588109028, 1.5957703198304953, 2882.1709892284944, 1681.9203966922862, 873.76383106595915, 513.30274981415221, 0.95409806853427226, 1.6249030991218727, 9609.5234443537101, 5666.7103173846872, 486.26085932129808, 503.53786023705578, 0, 0, 23.155333396760408
3.3100000000000001, 2891.0932296115093, 1686.9452959538744, 873.9075339622708, 513.23869614276532, 0.95237812940848443, 1.5110210053500599, 2890.9087631566822, 1687.0536551578953, 873.77287223450321, 513.31814764531862, 0.90411685441083345, 1.5397831166434652, 9614.3860529469239, 5671.7456959870578, 486.26085932129808, 503.53786023705578, 0, 0, 23.14533339676041
3.3200000000000003, 2899.8324539987243, 1692.077919907051, 873.91747046841726, 513.25449559269293, 0.99365061464778615, 1.5799449927649782, 2899.6466336031326, 1692.1870779905528, 873.78232050819452, 513.33423805894427, 0.94482736913602861, 1.6090413625647335, 9619.2486615401376, 5676.7810745894285, 486.26085932129808, 503.53786023705578, 0, 0, 23.135333396760409
3.3300000000000001, 2908.571770212332, 1697.2106892317208, 873.92690439666001, 513.26945350888366, 0.94339282427059468, 1.4957916190722409, 2908.3845910874074, 1697.3206490489549, 873.79127245438099, 513.34948324645859, 0.89519461864889371, 1.5245187514304748, 9624.1112701333514, 5681.8164531917992, 486.26085932129808, 503.53786023705578, 0, 0, 23.125333396760411
3.3399999999999999, 2917.3111869195873, 1702.3436184125576, 873.93674861591853, 513.28509655875121, 0.9844219258550776, 1.5643049867600107, 2917.1226441615818, 1702.454382886159, 873.80062909642538, 513.36541689575358, 0.93566420443414555, 1.5933649294989953, 9628.9738787265651, 5686.8518317941698, 486.26085932129808, 503.53786023705578, 0, 0, 23.115333396760409
3.3500000000000001, 2926.0506945820002, 1707.4766914885622, 873.94609369951286, 513.29990391989554, 0.93450835943255217, 1.4807361144294495, 2925.8607834085324, 1707.5882634693507, 873.80949282884387, 513.380511178029, 0.88637324185393873, 1.5094282275422206, 9633.8364873197788, 5691.8872103965405, 486.26085932129808, 503.53786023705578, 0, 0, 23.105333396760408
3.3599999999999999, 2934.7903018138322, 1712.6099228548148, 873.95584668862864, 513.31539239013466, 0.97529891158001047, 1.5488470239126007, 2934.5990173278237, 1712.7223052617101, 873.81875889569767, 513.39628988330151, 0.92660668537514168, 1.5778705272555562, 9638.6990959129926, 5696.9225889989111, 486.26085932129808, 503.53786023705578, 0, 0, 23.09533339676041
3.3700000000000001, 2943.5299991391607, 1717.7432966564227, 873.96510391810671, 513.33005090389895, 0.92572294780935527, 1.4658513764283336, 2943.3373365644202, 1717.8564923368083, 873.82753540498675, 513.4112349676526, 0.87765092890707175, 1.4945084351081195, 9643.5617045062063, 5701.9579676012818, 486.26085932129808, 503.53786023705578, 0, 0, 23.085333396760408
3.3799999999999999, 2952.2697951202995, 1722.8768272006425, 873.97476671527136, 513.34538658262522, 0.96627971646516853, 1.5335678726237589, 2952.0757495664125, 1722.9908390697242, 873.8367119344764, 513.42686051694398, 0.91765294896184568, 1.5625549291317162, 9648.42431309942, 5706.9933462036524, 486.26085932129808, 503.53786023705578, 0, 0, 23.07533339676041
3.3900000000000001, 2961.0096803426763, 1728.010498736619, 873.98393706353556, 513.35989792596411, 0.91703482642593848, 1.4511343338904832, 2960.8142470396438, 1728.1253296383397, 873.84540219356984, 513.4416580800214, 0.86902590933927137, 1.4797563077475562, 9653.2869216926338, 5712.0287248060231, 486.26085932129808, 503.53786023705578, 0, 0, 23.065333396760408
3.3999999999999999, 2969.7496633176884, 1733.1443254855305, 873.99351068863848, 513.37508256943306, 0.95736251028784236, 1.5184643468938128, 2969.5528373817533, 1733.2599783313831, 873.85449020514852, 513.4571322295584, 0.9088011578727816, 1.5474149536982853, 9658.1495302858475, 5717.0641034083937, 486.26085932129808, 503.53786023705578, 0, 0, 23.05533339676041
3.4100000000000001, 2978.4897346909133, 1738.2782917985187, 874.0025951111993, 513.38944838902103, 0.90844225607945595, 1.4365819587908815, 2978.2915113582703, 1738.3947694290021, 873.86309516951826, 513.47178391777754, 0.86049643697449374, 1.4651688219196626, 9663.0121388790612, 5722.0994820107644, 486.26085932129808, 503.53786023705578, 0, 0, 23.045333396760409
3.4199999999999999, 2987.2299029238484, 1743.4124118124048, 874.01208056607538, 513.40448372207732, 0.94854548760754875, 1.5035333056342022, 2987.0302773173903, 1743.5297171352995, 873.87209566451918, 513.4871083924188, 0.90004950009029971, 1.5324474641228318, 9667.874747472275, 5727.1348606131351, 486.26085932129808, 503.53786023705578, 0, 0, 23.035333396760407
3.4300000000000002, 2995.9701587210375, 1748.5466699783153, 874.02108000128544, 513.41870563473333, 0.89994352100208386, 1.4221912655999183, 2995.7691260831539, 1748.6648058306732, 873.88061627241495, 513.50161582238161, 0.85206078957394338, 1.4507429962762814, 9672.7373560654887, 5732.1702392155057, 486.26085932129808, 503.53786023705578, 0, 0, 23.025333396760409
3.4399999999999999, 3004.7105104950806, 1753.6810803504104, 874.03047826995953, 513.43359335125308, 0.93982686741283461, 1.4887716519808329, 3004.5080659553064, 1753.8000496363022, 873.8895302343002, 513.51679231605658, 0.89139618852867408, 1.5176493674940987, 9677.5999646587024, 5737.2056178178764, 486.26085932129808, 503.53786023705578, 0, 0, 23.015333396760408
3.4500000000000002, 3013.4509490083196, 1758.8156274778196, 874.03939363924474, 513.4476729443594, 0.89153692852577082, 1.4079593106312946, 3013.2470878152399, 1758.9354330308465, 873.897967406985, 513.53115707496681, 0.84371726848291217, 1.4364758910204567, 9682.4625732519162, 5742.240996420247, 486.26085932129808, 503.53786023705578, 0, 0, 23.00533339676041
3.46, 3022.191482625446, 1763.9503253337132, 874.0487056881725, 513.46241470768564, 0.93120489277519658, 1.4741763326220128, 3021.986199915229, 1764.0709700542384, 873.90679580159167, 513.54618725110845, 0.88283946066987373, 1.5030176141606684, 9687.3251818451299, 5747.2763750226177, 486.26085932129808, 503.53786023705578, 0, 0, 22.995333396760408
3.4700000000000002, 3030.9321021654491, 1769.0851585632688, 874.0575378962601, 513.4763535395997, 0.8832208087552017, 1.3938831914061955, 3030.7253931928749, 1769.2066452814406, 873.91515044357459, 513.56041089718121, 0.83546419828634222, 1.4223646072809015, 9692.1877904383437, 5752.3117536249883, 486.26085932129808, 503.53786023705578, 0, 0, 22.98533339676041
3.48, 3039.6728159460863, 1774.2201410603154, 874.06676467456509, 513.49095098297096, 0.92267783050405749, 1.4597443371307479, 3039.4646758539475, 1774.3424726727919, 873.92389421935661, 513.57529638915196, 0.87437757820100948, 1.4885491970736364, 9697.0503990315574, 5757.347132227359, 486.26085932129808, 503.53786023705578, 0, 0, 22.975333396760409
3.4900000000000002, 3048.4136148418593, 1779.355257564152, 874.07551460970751, 513.50475058343113, 0.87499351423703386, 1.3799600460137209, 3048.20403889113, 1779.4784368976264, 873.9321672186212, 513.58938045201683, 0.82729992646131723, 1.4084062864823359, 9701.9130076247711, 5762.3825108297297, 486.26085932129808, 503.53786023705578, 0, 0, 22.965333396760407
3.5, 3057.1545071245519, 1784.4905218908909, 874.08465704941557, 513.51920531040423, 0.91424397080675868, 1.4454726973079626, 3056.94349046464, 1784.6145518383191, 873.94082730688774, 513.60412286352823, 0.86600882665734646, 1.4742411511398836, 9706.7756162179849, 5767.4178894321003, 486.26085932129808, 503.53786023705578, 0, 0, 22.955333396760409
3.5100000000000002, 3065.895483723059, 1789.6259188720528, 874.093325583612, 513.53286718092909, 0.86685341963937701, 1.3661870524908479, 3065.6830216211324, 1789.7508022566708, 873.94901953511817, 513.61806884462555, 0.81922282304025085, 1.3945981097350963, 9711.6382248111986, 5772.453268034471, 486.26085932129808, 503.53786023705578, 0, 0, 22.945333396760407
3.52, 3074.636552864139, 1794.7614622476351, 874.10238459988147, 513.54718076579445, 0.9059016269517236, 1.431358486533483, 3074.4226404762107, 1794.8872019587, 873.95759685026883, 513.63266975015142, 0.85773151506904433, 1.4600905525827861, 9716.5008334044123, 5777.4886466368416, 486.26085932129808, 503.53786023705578, 0, 0, 22.935333396760409
3.5300000000000002, 3083.3777055299761, 1799.8971369395074, 874.11097258909581, 513.56070638007645, 0.85879892142968239, 1.3525614282020741, 3083.1623381294053, 1800.023735796796, 873.96570916307155, 513.64647912312364, 0.81123128027307434, 1.3809372972240794, 9721.3634419976261, 5782.5240252392123, 486.26085932129808, 503.53786023705578, 0, 0, 22.925333396760408
3.54, 3092.1189499032371, 1805.0329566131311, 874.11994908044517, 513.57488036826771, 0.89764913493625453, 1.4173988191271476, 3091.9021226526324, 1805.1604175022051, 873.97420460282763, 513.66094006830679, 0.84954397561304984, 1.4460945183127558, 9726.2260505908398, 5787.5594038415829, 486.26085932129808, 503.53786023705578, 0, 0, 22.91533339676041
3.5500000000000003, 3100.860277018307, 1810.1689062788782, 874.12845736482075, 513.5882711725601, 0.85082843756089277, 1.3390804292351499, 3100.6419851972178, 1810.2972320160543, 873.98223783995059, 513.67461427938292, 0.80332371229813304, 1.3674211076135154, 9731.0886591840535, 5792.5947824439536, 486.26085932129808, 503.53786023705578, 0, 0, 22.905333396760408
3.5600000000000001, 3109.6016950146832, 1815.3049995292313, 874.1373522133523, 513.60230708105723, 0.88948485315358616, 1.4035908497110092, 3109.3819337923019, 1815.4341929963789, 873.99065228558322, 513.68893678143593, 0.8414445632648192, 1.4322502052985306, 9735.9512677772673, 5797.6301610463242, 486.26085932129808, 503.53786023705578, 0, 0, 22.89533339676041
3.5700000000000003, 3118.3431949778778, 1820.4412214612444, 874.14578161742384, 513.6155644945552, 0.84294040715440399, 1.3257413497936905, 3118.121959639941, 1820.571285471219, 873.99860727113128, 513.70247724981039, 0.79549855481047294, 1.3540468374482824, 9740.813876370481, 5802.6655396486949, 486.26085932129808, 503.53786023705578, 0, 0, 22.885333396760409
3.5800000000000001, 3127.0847850051264, 1825.5775855959557, 874.15459568904453, 513.62946381228107, 0.88140716207121339, 1.3899317725926337, 3126.8620707274008, 1825.7085230269386, 874.0069415876859, 513.71666279790998, 0.83343165546171583, 1.4185548099593324, 9745.6764849636947, 5807.7009182510656, 486.26085932129808, 503.53786023705578, 0, 0, 22.875333396760411
3.5899999999999999, 3135.8264562320105, 1830.7140771153067, 874.16294702194648, 513.64258922749718, 0.83513329019500471, 1.3125415216119605, 3135.6022583064173, 1830.8458907766908, 874.01481913033331, 513.73007091611578, 0.78775426474247201, 1.3408118205771793, 9750.5390935569085, 5812.7362968534362, 486.26085932129808, 503.53786023705578, 0, 0, 22.865333396760409
3.6000000000000001, 3144.5682167143996, 1835.8507094704048, 874.17168116658547, 513.65635341570862, 0.8734144639036785, 1.376418821141336, 3144.3425303232684, 1835.9834022366872, 874.02307416685096, 513.74412097179129, 0.82550365176147034, 1.4050055675496074, 9755.4017021501222, 5817.7716754558069, 486.26085932129808, 503.53786023705578, 0, 0, 22.855333396760408
3.6099999999999999, 3153.3100576369006, 1840.9874679263089, 874.17995522225772, 513.66934819884227, 0.82740556722067671, 1.2994783133631582, 3153.0828780783349, 1841.1210426034193, 874.03087506005033, 513.75739810606694, 0.78008931993990838, 1.3277134275693638, 9760.264310743336, 5822.8070540581775, 486.26085932129808, 503.53786023705578, 0, 0, 22.84533339676041
3.6200000000000001, 3162.0519870149005, 1846.1243658656874, 874.1886102740807, 513.68297869151411, 0.86550518229686024, 1.363049267185775, 3161.8233094777815, 1846.2588253244426, 874.03905164978551, 513.77131410358254, 0.8176589735125106, 1.3915997515649106, 9765.1269193365497, 5827.8424326605482, 486.26085932129808, 503.53786023705578, 0, 0, 22.835333396760408
3.6299999999999999, 3170.7939960810022, 1851.261388634972, 874.19680783147089, 513.69584418281488, 0.81975573901944931, 1.2865491300815226, 3170.5638158696124, 1851.3967356778383, 874.04677667197393, 513.78446159423402, 0.77250221884548276, 1.314749065144375, 9769.9895279297634, 5832.8778112629188, 486.26085932129808, 503.53786023705578, 0, 0, 22.82533339676041
3.6400000000000001, 3179.5360928109812, 1856.3985495498632, 874.20538460909097, 513.70934238701898, 0.8576777620112408, 1.3498204204119069, 3179.3044051207416, 1856.5347870439816, 874.0548756326092, 513.79824494096545, 0.80989606352378218, 1.3783346731478499, 9774.8521365229772, 5837.9131898652895, 486.26085932129808, 503.53786023705578, 0, 0, 22.815333396760408
3.6499999999999999, 3188.278268484421, 1861.5358340364453, 874.21350643235428, 513.72207990114498, 0.81218232633303478, 1.2737514125977401, 3188.0450686257896, 1861.6729647808177, 874.06252554741104, 513.81126410272157, 0.76499148018951091, 1.3019161756152322, 9779.7147451161909, 5842.9485684676602, 486.26085932129808, 503.53786023705578, 0, 0, 22.80533339676041
3.6600000000000001, 3197.0205310383449, 1866.673255344901, 874.22200573904036, 513.73544719742267, 0.84993066861221733, 1.3367296277747278, 3196.7858142132714, 1866.8112822029971, 874.07054768126841, 513.82491617952667, 0.80221338574200896, 1.3652076805075881, 9784.5773537094046, 5847.9839470700308, 486.26085932129808, 503.53786023705578, 0, 0, 22.795333396760409
3.6699999999999999, 3205.7628717983157, 1871.8107989792709, 874.23005257773593, 513.7480580237924, 0.80468386956000426, 1.2610826369755046, 3205.5266333234304, 1871.9497247466277, 874.07812323769519, 513.83780830188994, 0.75755564268062991, 1.2892122363324099, 9789.4399623026184, 5853.0193256724015, 486.26085932129808, 503.53786023705578, 0, 0, 22.785333396760407
3.6800000000000002, 3214.5052986634514, 1876.9484781256497, 874.23847520161758, 513.76129576652147, 0.8422623881594129, 1.3237742729103077, 3214.267533747221, 1877.0883056620703, 874.08606933194449, 513.85133046347335, 0.79460942492844244, 1.3522161583393473, 9794.3025708958321, 5858.0547042747721, 486.26085932129808, 503.53786023705578, 0, 0, 22.775333396760409
3.6899999999999999, 3223.2478030043067, 1882.086278364362, 874.24644779090215, 513.77378116966099, 0.79725892846274171, 1.2485403139562534, 3223.0085069695301, 1882.227010461919, 874.09357126459145, 513.86409681106466, 0.75019326470068337, 1.2766347591357494, 9799.1651794890458, 5863.0900828771428, 486.26085932129808, 503.53786023705578, 0, 0, 22.765333396760408
3.7000000000000002, 3231.9903926829297, 1887.224212818825, 874.25479450517128, 513.78689068741664, 0.83467142690668916, 1.3109517755675957, 3231.749560744579, 1887.3658523336587, 874.10144209145494, 513.87749038633729, 0.78708268634662681, 1.3393575272635043, 9804.0277880822596, 5868.1254614795134, 486.26085932129808, 503.53786023705578, 0, 0, 22.75533339676041
3.71, 3240.7330591138939, 1892.3622671439973, 874.26269356599005, 513.7992519073008, 0.78990608187938505, 1.2361219884140455, 3240.4906866009319, 1892.5048168647156, 874.10887112069497, 513.8901321992355, 0.74290292400496816, 1.2641812898163001, 9808.8903966754733, 5873.1608400818841, 486.26085932129808, 503.53786023705578, 0, 0, 22.745333396760408
3.7200000000000002, 3249.4758101230004, 1897.5004544020089, 874.27096512909998, 513.81223450321113, 0.82715631099526787, 1.2982595910305716, 3249.2318922568929, 1897.6439171810944, 874.11666743764943, 513.90339849166799, 0.77963169544381572, 1.3266292432547127, 9813.753005268687, 5878.1962186842547, 486.26085932129808, 503.53786023705578, 0, 0, 22.73533339676041
3.73, 3258.2186371678804, 1902.6387603208268, 874.2787913683743, 513.82447275559923, 0.78262392743637321, 1.2238252388132129, 3257.9731692837522, 1902.7831389434223, 874.12402426982362, 513.91591698574382, 0.73568321742350573, 1.2518494075806839, 9818.6156138619008, 5883.2315972866254, 486.26085932129808, 503.53786023705578, 0, 0, 22.725333396760409
3.7400000000000002, 3266.961548038902, 1907.7771979026643, 874.28698852423588, 513.83732970769495, 0.81971558616261531, 1.285695209568523, 3266.7145253647, 1907.9224952175994, 874.1317468197991, 513.92905727371476, 0.77225499754837224, 1.3140287970990172, 9823.4782224551145, 5888.2669758889961, 486.26085932129808, 503.53786023705578, 0, 0, 22.715333396760407
3.75, 3275.7045342358065, 1912.9157529468928, 874.29474263504858, 513.84944618446173, 0.77541108126796443, 1.2116476766793671, 3275.4559521128122, 1913.0619717358452, 874.13903214740481, 513.94145364096005, 0.72853276056960625, 1.2396367245286275, 9828.3408310483283, 5893.3023544913667, 486.26085932129808, 503.53786023705578, 0, 0, 22.705333396760409
3.7600000000000002, 3284.4476035143298, 1918.0544383971608, 874.30286611322299, 513.8621787460205, 0.81234781744429529, 1.2732561558763187, 3284.1974571769597, 1918.2015815053119, 874.14668165898036, 513.95446917809841, 0.76495115756065712, 1.3015537138406685, 9833.203439641542, 5898.3377330937374, 486.26085932129808, 503.53786023705578, 0, 0, 22.695333396760407
3.77, 3293.1907474153886, 1923.1932401226629, 874.31054877500037, 513.87417461548125, 0.76826617773676387, 1.1995869460737527, 3292.9390322110776, 1923.3413103282257, 874.15389616085588, 513.96674458694974, 0.72145018754983103, 1.2275408851336136, 9838.0660482347557, 5903.373111696108, 486.26085932129808, 503.53786023705578, 0, 0, 22.685333396760409
3.7800000000000002, 3301.9339736608767, 1928.332171009816, 874.31859929088921, 513.88678401536663, 0.80505158888843842, 1.2609399885374561, 3301.6806848305, 1928.481171154328, 874.16147334845243, 513.97963660247228, 0.75771875965677049, 1.2892015522515636, 9842.9286568279695, 5908.4084902984787, 486.26085932129808, 503.53786023705578, 0, 0, 22.675333396760408
3.79, 3310.677273831966, 1933.4712169960781, 874.3262111695808, 513.89866042259746, 0.76118786916052006, 1.1876407230796837, 3310.422406729107, 1933.6211498542875, 874.16861768995921, 513.99179219812959, 0.71443415068053084, 1.2155595657354343, 9847.7912654211832, 5913.4438689008493, 486.26085932129808, 503.53786023705578, 0, 0, 22.66533339676041
3.8000000000000003, 3319.4206556174872, 1938.610390911949, 874.33418942461344, 513.91114786559228, 0.79782550326480273, 1.2487442994797238, 3319.1642054894678, 1938.7612593217546, 874.17612325402911, 514.00456189717249, 0.75055640698735959, 1.2769699042930283, 9852.6538740143969, 5918.47924750322, 486.26085932129808, 503.53786023705578, 0, 0, 22.655333396760408
3.8100000000000001, 3328.164110637957, 1943.7496787616121, 874.34173117286878, 513.92290593274515, 0.75417482553511261, 1.1758067152841909, 3327.9060728445061, 1943.9014854942973, 874.18319808723106, 514.01659880191278, 0.7074833202010089, 1.2036904740277039, 9857.5164826076107, 5923.5146261055907, 486.26085932129808, 503.53786023705578, 0, 0, 22.64533339676041
3.8200000000000003, 3336.9076465499129, 1948.8890933209466, 874.34963785468665, 513.93527259987957, 0.79066818178240861, 1.2366667134467795, 3336.6480163447868, 1949.0418412107756, 874.19063271444486, 514.02924736585874, 0.74346272138526881, 1.264856394593356, 9862.3790912008244, 5928.5500047079613, 486.26085932129808, 503.53786023705578, 0, 0, 22.635333396760409
3.8300000000000001, 3345.6512550123198, 1954.0286206593446, 874.35711011202932, 513.94691342649242, 0.74722573427038841, 1.1640826612826509, 3345.3900277613889, 1954.1823124741366, 874.19763867828487, 514.04116667934443, 0.7005963839997269, 1.1919313485682337, 9867.2416997940381, 5933.585383310332, 486.26085932129808, 503.53786023705578, 0, 0, 22.625333396760411
3.8399999999999999, 3354.3949436501798, 1959.1682734993426, 874.36494589466747, 513.9591604753673, 0.78357826381519247, 1.2247048874846793, 3354.1321146136233, 1959.322912069732, 874.20500304171571, 514.05369526614379, 0.73643634308147765, 1.2528586799401391, 9872.1043083872519, 5938.6207619127026, 486.26085932129808, 503.53786023705578, 0, 0, 22.615333396760409
3.8500000000000001, 3363.1387041600215, 1964.3080379740459, 874.37234928766668, 513.97068513866918, 0.74033929992506065, 1.1524663301833236, 3362.8742687098475, 1964.4636260643872, 874.2119407621891, 514.06549806572673, 0.69377204733994369, 1.1802799582891019, 9876.9669169804656, 5943.6561405150733, 486.26085932129808, 503.53786023705578, 0, 0, 22.605333396760408
3.8599999999999999, 3371.8825441360591, 1969.4479267539091, 874.38011483173284, 513.98281370377333, 0.77655440661968034, 1.212856510416592, 3371.6164975388588, 1969.6044671912118, 874.21923552149326, 514.07790781021436, 0.72947593041353143, 1.2409744487605079, 9881.8295255736793, 5948.6915191174439, 486.26085932129808, 503.53786023705578, 0, 0, 22.59533339676041
3.8700000000000001, 3380.6264553115129, 1974.5879260342749, 874.38744997417223, 513.99422325898445, 0.73351424393945153, 1.1409555211097384, 3380.3587929454284, 1974.7454215794294, 874.22610561181909, 514.08959515123445, 0.6870090325835797, 1.1687341020043476, 9886.6921341668931, 5953.7268977198146, 486.26085932129808, 503.53786023705578, 0, 0, 22.585333396760408
3.8799999999999999, 3389.3704452505476, 1979.72804843476, 874.3951459270229, 514.00623445200779, 0.76959528506428621, 1.2011193023383917, 3389.1011623885706, 1979.8865019111547, 874.23333141341459, 514.10188716544064, 0.72258015954579324, 1.2292014206221313, 9891.5547427601068, 5958.7622763221852, 486.26085932129808, 503.53786023705578, 0, 0, 22.57533339676041
3.8900000000000001, 3398.1145057222134, 1984.8682802114895, 874.40241342006675, 514.01752993263506, 0.72674930438314223, 1.1295480627293584, 3397.8435977486165, 1985.0276943765502, 874.24013447420384, 514.11346008152009, 0.68030607893012052, 1.1572916079438627, 9896.4173513533206, 5963.7976549245559, 486.26085932129808, 503.53786023705578, 0, 0, 22.565333396760408
3.8999999999999999, 3406.8586442613528, 1990.008633934468, 874.41004041598035, 514.02942484277628, 0.76269959136387289, 1.1894910141244646, 3406.586106455517, 1990.1690116079674, 874.24729195144585, 514.12563545497756, 0.7157477241952328, 1.2175373457442735, 9901.2799599465343, 5968.8330335269266, 486.26085932129808, 503.53786023705578, 0, 0, 22.55533339676041
3.9100000000000001, 3415.6028526719979, 1995.1490959191676, 874.41724084833731, 514.04060726090404, 0.72004323569668516, 1.1182418127736953, 3415.3286804243226, 1995.3104398550672, 874.25402857086738, 514.13709495831029, 0.67366194214999497, 1.1459503332784944, 9906.142568539748, 5973.8684121292972, 486.26085932129808, 503.53786023705578, 0, 0, 22.545333396760409
3.9199999999999999, 3424.3471384603863, 2000.2896786871906, 874.4247995086854, 514.05238695517335, 0.75586603480963077, 1.1779694269270824, 3424.0713270566316, 2000.451991701651, 874.2611183442209, 514.14915475835528, 0.70897733535292884, 1.2059800045021782, 9911.0051771329618, 5978.9037907316679, 486.26085932129808, 503.53786023705578, 0, 0, 22.535333396760407
3.9300000000000002, 3433.0914934646944, 2005.430368611941, 874.4319334567698, 514.06345730174905, 0.71339480843984215, 1.1070346575706353, 3432.8140383013829, 2005.5936534554592, 874.26778909816414, 514.16050183999187, 0.66707539432470808, 1.1347081636572218, 9915.8677857261755, 5983.9391693340385, 486.26085932129808, 503.53786023705578, 0, 0, 22.525333396760409
3.9399999999999999, 3441.8359251632633, 2010.5711781678112, 874.43942439018485, 514.07512282526602, 0.74909334150859641, 1.1665523516932199, 3441.5568215325225, 2010.7354376529402, 874.27481177537425, 514.17244711206138, 0.7022677210154078, 1.1945272069487878, 9920.7303943193892, 5988.9745479364092, 486.26085932129808, 503.53786023705578, 0, 0, 22.515333396760408
3.9500000000000002, 3450.5804254275863, 2015.7120937847405, 874.44649241827528, 514.08608207038174, 0.70680280903907933, 1.0959245115768093, 3450.2996687320597, 2015.8773306585126, 874.28141722761006, 514.18368274218881, 0.66054522358655254, 1.1235630127441882, 9925.593002912603, 5994.0099265387798, 486.26085932129808, 503.53786023705578, 0, 0, 22.50533339676041
3.96, 3459.3250017088071, 2020.8531278910887, 874.4539162208165, 514.09763444666851, 0.74238025412246178, 1.1552376286814952, 3459.0425872469796, 2021.0193449624533, 874.28837340386917, 514.19551451011216, 0.6956176259155975, 1.1831767923363898, 9930.4556115058167, 5999.0453051411505, 486.26085932129808, 503.53786023705578, 0, 0, 22.495333396760408
3.9700000000000002, 3468.0696459109213, 2025.9942669719528, 874.46091888121191, 514.10848353983783, 0.70026603954643685, 1.0849093169301913, 3467.7855690915535, 2026.1614669844776, 874.2949141062079, 514.20663963832988, 0.65407023386984053, 1.1125128217758777, 9935.3182200990304, 6004.0806837435211, 486.26085932129808, 503.53786023705578, 0, 0, 22.48533339676041
3.98, 3476.8143654585633, 2031.1355234108203, 874.46827613652806, 514.11992377110778, 0.73572553161450749, 1.1440231269939398, 3476.5286215864871, 2031.3037091698552, 874.30180436432056, 514.21835890461637, 0.68902581126209972, 1.1719266286529799, 9940.1808286922442, 6009.1160623458918, 486.26085932129808, 503.53786023705578, 0, 0, 22.475333396760409
3.9900000000000002, 3485.5591522874261, 2036.2768837465878, 874.47521396970205, 514.13066364153769, 0.69378331739401633, 1.0739870429965945, 3485.2717367775172, 2036.4460579922352, 874.30828085676717, 514.22937446020751, 0.64764924465810503, 1.1015555591119779, 9945.0434372854579, 6014.1514409482625, 486.26085932129808, 503.53786023705578, 0, 0, 22.465333396760407
4, 3494.3040137963153, 2041.4183603190147, 874.48250524919206, 514.14199270897882, 0.72912794899643885, 1.1329067441088441, 3494.0149219597429, 2041.5885258530291, 874.31510576731193, 514.24098220632914, 0.68249105447866532, 1.1607746121595217, 9949.9060458786716, 6019.1868195506331, 486.26085932129808, 503.53786023705578, 0, 0, 22.455333396760409
4.0099999999999998, 3503.0489419518285, 2046.5599397194574, 874.48937878394361, 514.15262426583809, 0.68735347515622247, 1.0631556859302844, 3502.7581692095796, 2046.7310992784753, 874.3215185782193, 514.25188909852716, 0.64128109073923478, 1.0906892198002576, 9954.7686544718854, 6024.2221981530038, 486.26085932129808, 503.53786023705578, 0, 0, 22.445333396760411
4.0200000000000005, 3511.7939441276126, 2051.7016342450765, 874.49660464691442, 514.16384312989226, 0.72258629707854038, 1.1218864054203395, 3511.5014857971842, 2051.8737906272604, 874.32827869970879, 514.26338628519648, 0.67601214894723238, 1.149718666933804, 9959.6312630650991, 6029.2575767553744, 486.26085932129808, 503.53786023705578, 0, 0, 22.435333396760409
4.0300000000000002, 3520.5390123203856, 2056.8434305383657, 874.5034144005175, 514.17436726257461, 0.68097536031081385, 1.0524132682337433, 3520.2448638288747, 2057.016586476886, 874.33462834592842, 514.27418540344786, 0.63496462195970882, 1.0799118251404225, 9964.4938716583129, 6034.2929553577451, 486.26085932129808, 503.53786023705578, 0, 0, 22.425333396760408
4.04, 3529.2841538792982, 2061.9853408550011, 874.51057539433975, 514.18547686321244, 0.71609938222255365, 1.1109600637836907, 3528.9883105505196, 2062.1594991444322, 874.341324224966, 514.28557297089208, 0.66958790375392896, 1.1387567444198576, 9969.3564802515266, 6039.3283339601157, 486.26085932129808, 503.53786023705578, 0, 0, 22.41533339676041
4.0499999999999998, 3538.0293608304169, 2067.127351887309, 874.51732187268976, 514.19589444159567, 0.67464783500459014, 1.041757838326288, 3537.7318180975749, 2067.3025152573546, 874.34761121199585, 514.29626518511463, 0.62869870298367503, 1.0692214222567018, 9974.2190888447403, 6044.3637125624864, 486.26085932129808, 503.53786023705578, 0, 0, 22.405333396760408
4.0600000000000005, 3546.7746404990476, 2072.26947585058, 874.52441853295079, 514.20689569858644, 0.70966602610061447, 1.1001256990718389, 3546.4753936922662, 2072.4456470922291, 874.35424338343023, 514.30754405334449, 0.66321714344132865, 1.1278868229885151, 9979.0816974379541, 6049.3990911648571, 486.26085932129808, 503.53786023705578, 0, 0, 22.395333396760407
4.0700000000000003, 3555.5199849398437, 2077.4116994856863, 874.53110223070905, 514.21720757328774, 0.66836977582681012, 1.0311874701266579, 3555.2190294984325, 2077.588881325175, 874.36046820556078, 514.31813021418134, 0.62248221305991058, 1.0586160836843166, 9983.9443060311678, 6054.4344697672277, 486.26085932129808, 503.53786023705578, 0, 0, 22.385333396760409
4.0800000000000001, 3564.2654014549107, 2082.5540349686166, 874.53813508136363, 514.22810138646503, 0.70328506545287317, 1.0893813177308351, 3563.9627327152944, 2082.7322301933527, 874.36703719263835, 514.32930128325631, 0.65689870775966852, 1.1171069074966948, 9988.8069146243815, 6059.4698483695984, 486.26085932129808, 503.53786023705578, 0, 0, 22.375333396760411
4.0899999999999999, 3573.0108821267354, 2087.6964690875207, 874.54475648209939, 514.23830838909134, 0.6621400735767532, 1.0207002626268822, 3572.7064955343276, 2087.8756804202712, 874.37320033309618, 514.33978222232577, 0.61631404578326154, 1.0480939069470285, 9993.6695232175953, 6064.505226971969, 486.26085932129808, 503.53786023705578, 0, 0, 22.365333396760409
4.0999999999999996, 3581.7564342348592, 2092.8390139801545, 874.551726035618, 514.2490956386149, 0.69695535185658686, 1.0787249523554954, 3581.4503251323763, 2093.0192442047487, 874.37970664761042, 514.35084637261446, 0.65063145142964063, 1.1064150288668444, 9998.532131810809, 6069.5406055743397, 486.26085932129808, 503.53786023705578, 0, 0, 22.355333396760408
4.1100000000000003, 3590.5020498888603, 2097.9816564806915, 874.55828561194846, 514.25919858200973, 0.65595763304382704, 1.0102943394880937, 3590.1942137278188, 2098.1629083164271, 874.38580857869908, 514.36122290275603, 0.61019310886869926, 1.0376530141565934, 10003.394740404023, 6074.5759841767103, 486.26085932129808, 503.53786023705578, 0, 0, 22.34533339676041
4.1200000000000001, 3599.2477363463427, 2103.1244086897109, 874.56519236946326, 514.26988012862228, 0.69067575148543636, 1.0681546612497776, 3598.9381684757423, 2103.3066849168413, 874.39225272113799, 514.37218099519248, 0.64441424389579205, 1.0958092436508795, 10008.257348997236, 6079.611362779081, 486.26085932129808, 503.53786023705578, 0, 0, 22.335333396760408
4.1299999999999999, 3607.9934857432431, 2108.2672574861745, 874.57169058319107, 514.27987980710861, 0.64982137278217222, 0.99996784862815324, 3607.6821816207021, 2108.4505608205259, 874.39829390437717, 514.38245391070848, 0.60411832392019083, 1.0272915516038372, 10013.11995759045, 6084.6467413814516, 486.26085932129808, 503.53786023705578, 0, 0, 22.32533339676041
4.1399999999999997, 3616.7393053158467, 2113.4102149345249, 874.57853503463991, 514.29045649238878, 0.68444514488359676, 1.0576685280127849, 3616.426260296641, 2113.5945481527779, 874.40467636406811, 514.39330678704471, 0.63824596909471876, 1.0852876336197272, 10017.982566183664, 6089.6821199838223, 486.26085932129808, 503.53786023705578, 0, 0, 22.315333396760408
4.1500000000000004, 3625.4851872257268, 2118.553267957293, 874.58497233688888, 514.30035368200697, 0.64373022489320353, 0.98971896182346975, 3625.1703967735757, 2118.7386337718017, 874.41065725033013, 514.40347686393829, 0.59808862620762604, 1.0170076893638587, 10022.845174776878, 6094.717498586193, 486.26085932129808, 503.53786023705578, 0, 0, 22.30533339676041
4.1600000000000001, 3634.2311386884599, 2123.6964285838121, 874.5917549611562, 514.31082632861819, 0.67826242673546844, 1.0472646611185099, 3633.9145981649076, 2123.8828297676869, 874.41697850558228, 514.41422534699177, 0.63212552521921517, 1.0748483053464328, 10027.707783370091, 6099.7528771885636, 486.26085932129808, 503.53786023705578, 0, 0, 22.295333396760409
4.1699999999999999, 3642.9771518905418, 2128.8396837789796, 874.59813179250432, 514.32062178736135, 0.63768313480856553, 0.97954587431244899, 3642.658856765408, 2129.0271230410999, 874.42289953522675, 514.42429334320082, 0.59210296444437949, 1.006799620902727, 10032.570391963305, 6104.7882557909343, 486.26085932129808, 503.53786023705578, 0, 0, 22.285333396760407
4.1799999999999997, 3651.7232340274427, 2133.9830455380325, 874.60485305756072, 514.33099119929648, 0.67212650564422649, 1.0369411935112363, 3651.403179668534, 2134.1715256479406, 874.42916005347161, 514.43493823709889, 0.62605182449134822, 1.0644893898048637, 10037.433000556519, 6109.8236343933049, 486.26085932129808, 503.53786023705578, 0, 0, 22.275333396760409
4.1900000000000004, 3660.4693773098775, 2139.1265008670462, 874.61116984817147, 514.34068566734061, 0.63167906107919614, 0.96944680441002917, 3660.1475591931139, 2139.316024530146, 874.43502165647726, 514.44490489272584, 0.58616030057111279, 0.99666556269519124, 10042.295609149733, 6114.8590129956756, 486.26085932129808, 503.53786023705578, 0, 0, 22.265333396760408
4.2000000000000002, 3669.2155889138048, 2144.2700617281621, 874.6178302112105, 514.35095263016262, 0.66603630390690804, 1.0266962821960952, 3668.8920024132476, 2144.4606317104294, 874.44122189440657, 514.45544698314552, 0.620023792932341, 1.0542090419634058, 10047.158217742946, 6119.8943915980462, 486.26085932129808, 503.53786023705578, 0, 0, 22.25533339676041
4.21, 3677.9618610734633, 2149.4137151674627, 874.62408738096212, 514.36054683009388, 0.62571697516295155, 0.95941999312070303, 3677.6365016711329, 2149.6053341708239, 874.44702449050192, 514.46531302068388, 0.58025960953837263, 0.9866037538407354, 10052.02082633616, 6124.9297702004169, 486.26085932129808, 503.53786023705578, 0, 0, 22.245333396760408
4.2199999999999998, 3686.7082009458863, 2154.55747311498, 874.63068728853511, 514.37071211117234, 0.65999075729638101, 1.0165281078419979, 3686.3810640220936, 2154.750143901847, 874.45316489420327, 514.47575307508782, 0.614040370139459, 1.0440054403909633, 10056.883434929374, 6129.9651488027876, 486.26085932129808, 503.53786023705578, 0, 0, 22.23533339676041
4.2300000000000004, 3695.4546007881509, 2159.7013226556473, 874.63688524714723, 514.38020674820996, 0.61979586121657482, 0.94946370375963418, 3695.1256818310176, 2159.8950479244663, 874.45890889299426, 514.48551919964473, 0.57439987909367607, 0.97661245568764232, 10061.746043522588, 6135.0005274051582, 486.26085932129808, 503.53786023705578, 0, 0, 22.225333396760409
4.2400000000000002, 3704.2010677389444, 2164.8452756883607, 874.64342513529573, 514.39027109695382, 0.65398881484655569, 1.0064348743908447, 3703.8703621350237, 2165.0400581979807, 874.46498989808492, 514.49585796751342, 0.60810050906630109, 1.0338767868691403, 10066.608652115801, 6140.0359060075289, 486.26085932129808, 503.53786023705578, 0, 0, 22.215333396760407
4.25, 3712.9475940775046, 2169.9893193357634, 874.64956428245466, 514.39966685916966, 0.61391471589081337, 0.93957622157985976, 3712.615097321021, 2170.1851617811485, 874.47067569918067, 514.50552486702804, 0.56858010957190341, 0.96668995146305181, 10071.471260709015, 6145.0712846098995, 486.26085932129808, 503.53786023705578, 0, 0, 22.205333396760409
4.2599999999999998, 3721.6941869247448, 2175.1334654665766, 874.65604457684105, 514.40963100725639, 0.64802943863941609, 0.99641480867062093, 3721.3598944084893, 2175.3303706030147, 874.47669773093878, 514.51576308008816, 0.60220317580509186, 1.0238213060082022, 10076.333869302229, 6150.1066632122702, 486.26085932129808, 503.53786023705578, 0, 0, 22.195333396760411
4.2700000000000005, 3730.4408385813954, 2180.277701240027, 874.66212530232235, 514.41892856579045, 0.60807254812967326, 0.92975585340719236, 3730.1047458056955, 2180.4756717589976, 874.48232572407574, 514.52533142554728, 0.56279931368996139, 0.95683454591063621, 10081.196477895443, 6155.1420418146408, 486.26085932129808, 503.53786023705578, 0, 0, 22.185333396760409
4.2800000000000002, 3739.1875561511592, 2185.4220384956088, 874.66854641835823, 514.42879322739054, 0.64211160359278396, 0.98646616001053666, 3738.8496585150388, 2185.62107714884, 874.48828919756943, 514.53546979799592, 0.59634734936989275, 1.0138372448649686, 10086.059086488656, 6160.1774204170115, 486.26085932129808, 503.53786023705578, 0, 0, 22.175333396760408
4.29, 3747.9343319555996, 2190.5664644280218, 874.67456910214787, 514.43799323666326, 0.60226837896876029, 0.92000092727438687, 3747.5946249654917, 2190.7665739035046, 874.49385976273288, 514.54494024364521, 0.55705651634073861, 0.94704456492742184, 10090.92169508187, 6165.2127990193821, 486.26085932129808, 503.53786023705578, 0, 0, 22.16533339676041
4.2999999999999998, 3756.6811730817658, 2195.7109908484686, 874.68093144512045, 514.4477591086619, 0.63623429725504044, 0.97658719986856668, 3756.3396521429222, 2195.9121738943718, 874.49976508294776, 514.55497947237097, 0.59053202148686568, 1.003922872573052, 10095.784303675084, 6170.2481776217528, 486.26085932129808, 503.53786023705578, 0, 0, 22.155333396760408
4.3100000000000005, 3765.4280718714031, 2200.855604986024, 874.68689645753386, 514.45686220658263, 0.59650124134103855, 0.91030979206843188, 3765.0847324963647, 2201.0578642868486, 874.50527859049168, 514.56435265592313, 0.55135075439455405, 0.93731835521368723, 10100.646912268297, 6175.2835562241235, 486.26085932129808, 503.53786023705578, 0, 0, 22.145333396760407
4.3200000000000003, 3774.1750353954562, 2206.0003186245231, 874.69320042272989, 514.4665299687972, 0.63039651959903309, 0.96677622145841124, 3773.8298729956991, 2206.2036569248799, 874.51112615245552, 514.57429342072282, 0.58475619638392029, 0.99407647997239623, 10105.509520861511, 6180.3189348264941, 486.26085932129808, 503.53786023705578, 0, 0, 22.135333396760409
4.3300000000000001, 3782.9220560152107, 2211.1451190263338, 874.69910812452872, 514.47553677696897, 0.59077017987858016, 0.90068081717189996, 3782.5750661093853, 2211.3495390072299, 874.51658296322046, 514.58356996356201, 0.54568107649683451, 0.92765428391678084, 10110.372129454725, 6185.3543134288648, 486.26085932129808, 503.53786023705578, 0, 0, 22.125333396760411
4.3399999999999999, 3791.6691407860485, 2216.2900179488342, 874.70535409735692, 514.4851070923628, 0.62459728282116833, 0.95703153938585706, 3791.3203187918512, 2216.4955223513225, 874.52237315212631, 514.59341292735451, 0.57901889058565681, 0.98429637924815472, 10115.234738047939, 6190.3896920312354, 486.26085932129808, 503.53786023705578, 0, 0, 22.115333396760409
4.3500000000000005, 3800.4162820881597, 2221.4350026866168, 874.71120483986419, 514.49401821628408, 0.58507425072536201, 0.8911123921234283, 3800.0656235303541, 2221.6415941882069, 874.52777361755511, 514.6025934347374, 0.54004654287685416, 0.91805073829406059, 10120.097346641152, 6195.4250706336061, 486.26085932129808, 503.53786023705578, 0, 0, 22.105333396760408
4.3600000000000003, 3809.1634869619002, 2226.5800849715029, 874.71739319597566, 514.50349173117695, 0.61883561114116326, 0.94735148928696633, 3808.8109872643995, 2226.7877663096897, 874.53350680888218, 514.61233924377314, 0.57331913270913126, 0.97458090357129512, 10124.959955234366, 6200.4604492359767, 486.26085932129808, 503.53786023705578, 0, 0, 22.09533339676041
4.3700000000000001, 3817.9107478057381, 2231.7252521292535, 874.72318732118913, 514.51230776043963, 0.57941252134565258, 0.88160292627154757, 3817.5564024994219, 2231.9340259780461, 874.53885127113369, 514.62142430502684, 0.5344462251522949, 0.90850612536904185, 10129.82256382758, 6205.4958278383474, 486.26085932129808, 503.53786023705578, 0, 0, 22.085333396760408
4.3799999999999999, 3826.658071645531, 2236.8705158670218, 874.72931842659523, 514.52168510471438, 0.61311054060560799, 0.93773442747333635, 3826.3018761605276, 2237.0803849603572, 874.54452783076636, 514.63107358909429, 0.56765596326355316, 0.96492840674620561, 10134.685172420794, 6210.5312064407181, 486.26085932129808, 503.53786023705578, 0, 0, 22.07533339676041
4.3899999999999997, 3835.4054508974073, 2242.015863540696, 874.73505626729855, 514.53040661319869, 0.57378407033385315, 0.87215084843161306, 3835.0474007707162, 2242.2268305490788, 874.54981662282773, 514.64006377781016, 0.52887920613540573, 0.8990188715905657, 10139.547781014007, 6215.5665850430887, 486.26085932129808, 503.53786023705578, 0, 0, 22.065333396760408
4.4000000000000004, 3844.1528925732482, 2247.1613068336378, 874.74113047848743, 514.53968840050447, 0.60742111889363537, 0.92817873058156031, 3843.7929832412096, 2247.3733744874462, 874.55543690717229, 514.64961715043876, 0.56202843445222395, 0.95533726286242016, 10144.410389607221, 6220.6019636454594, 486.26085932129808, 503.53786023705578, 0, 0, 22.05533339676041
4.4100000000000001, 3852.9003891062312, 2252.3068331308336, 874.74681235835976, 514.54831594657014, 0.56818798723570296, 0.86275460656233249, 3852.5386161119682, 2252.520004097064, 874.56067035296883, 514.65851302466388, 0.52334457965052028, 0.88958742251156275, 10149.272998200435, 6225.63734224783, 486.26085932129808, 503.53786023705578, 0, 0, 22.045333396760409
4.4199999999999999, 3861.6479474947755, 2257.4524540927187, 874.75283002241099, 514.55750277452239, 0.60176640512465474, 0.91868279522679985, 3861.2843062808392, 2257.6667310981907, 874.56623470906857, 514.66797108332332, 0.55643560997667207, 0.9458058659503783, 10154.135606793649, 6230.6727208502007, 486.26085932129808, 503.53786023705578, 0, 0, 22.035333396760407
4.4299999999999997, 3870.3955601885054, 2262.5981571323641, 874.75845625613465, 514.56603690119675, 0.56262337236345994, 0.85341266743289312, 3870.0300463041476, 2262.8135428405603, 874.57141312357203, 514.67677318574795, 0.51784145034579177, 0.88021024245827606, 10158.998215386862, 6235.7080994525713, 486.26085932129808, 503.53786023705578, 0, 0, 22.025333396760409
4.4400000000000004, 3879.1432341728873, 2267.7439538881317, 874.76441771083137, 514.57512935157342, 0.59614546967035031, 0.90924503766411924, 3878.7758430668682, 2267.9604510223121, 874.57692188922044, 514.68613651204441, 0.55087656484514969, 0.93633262964488828, 10163.860823980076, 6240.743478054942, 486.26085932129808, 503.53786023705578, 0, 0, 22.015333396760408
4.4500000000000002, 3887.890961913396, 2272.8898318001748, 874.76998860419758, 514.58357058673641, 0.55708933661591176, 0.84412351629875815, 3887.5216891411005, 2273.1074430203048, 874.58204557855549, 514.6948453701865, 0.51236893350983825, 0.87088581420810462, 10168.72343257329, 6245.7788566573126, 486.26085932129808, 503.53786023705578, 0, 0, 22.00533339676041
4.46, 3896.638750383047, 2278.0358024856259, 874.77589417813726, 514.5925692256709, 0.59055739396885609, 0.89986389345408124, 3896.267591399444, 2278.2545305114045, 874.58749908240736, 514.70411453005499, 0.5453503851834266, 0.92691598685278054, 10173.586041166503, 6250.8142352596833, 486.26085932129808, 503.53786023705578, 0, 0, 21.995333396760408
4.4699999999999998, 3905.3865920625785, 2283.181853410731, 874.78141002815028, 514.60091808223672, 0.55158500130334787, 0.83488565658633296, 3905.0135424291911, 2283.4017008986007, 874.59256834395626, 514.71273065644175, 0.50692615489342185, 0.86161263867627103, 10178.448649759717, 6255.849613862054, 486.26085932129808, 503.53786023705578, 0, 0, 21.98533339676041
4.4800000000000004, 3914.1344939130504, 2288.327996172226, 874.78726004085365, 514.60982346040805, 0.58500127033907723, 0.89053781712919799, 3913.7595490910558, 2288.5489658383235, 874.59796690563667, 514.72190620033598, 0.53985616804587533, 0.91755438942132872, 10183.311258352931, 6260.8849924644246, 486.26085932129808, 503.53786023705578, 0, 0, 21.975333396760409
4.4900000000000002, 3922.8824484298834, 2293.4742182614714, 874.7927211358334, 514.61808043650387, 0.54610949797209873, 0.82569760957749583, 3922.5056039869496, 2293.6963127587119, 874.60298202814192, 514.73043009268201, 0.50151225053084492, 0.85238923460226812, 10188.173866946145, 6265.9203710667953, 486.26085932129808, 503.53786023705578, 0, 0, 21.965333396760407
4.5, 3931.6304625626722, 2298.6205312556285, 874.79851589785142, 514.62689308932261, 0.57947620180029535, 0.88126528186979181, 3931.2517139661841, 2298.843753296585, 874.60832595835427, 514.73951255576014, 0.53439302123191013, 0.90824630781604032, 10193.036475539358, 6270.9557496691659, 486.26085932129808, 503.53786023705578, 0, 0, 21.955333396760409
4.5099999999999998, 3940.378528820946, 2303.7669226702087, 874.80392251753369, 514.63505866846356, 0.54066196823127588, 0.81655791409836243, 3939.9978716447226, 2303.9912749042633, 874.61328722201995, 514.74794469714254, 0.49612636656365, 0.84321413824047553, 10197.899084132572, 6275.9911282715366, 486.26085932129808, 503.53786023705578, 0, 0, 21.945333396760411
4.5200000000000005, 3949.1266541433165, 2308.9134040636104, 874.80966233055256, 514.64377911625536, 0.5739813018904516, 0.87204477917822598, 3948.7440838609523, 2309.1388891997694, 874.61857682265099, 514.75693459945046, 0.52896006310126054, 0.89899023079672324, 10202.761692725786, 6281.0265068739072, 486.26085932129808, 503.53786023705578, 0, 0, 21.935333396760409
4.5300000000000002, 3957.8748310528567, 2314.059962974542, 874.81501474618835, 514.65185376751754, 0.53524156358161878, 0.80746512621211164, 3957.4903432443275, 2314.2865836586493, 874.62348449924161, 514.76527545848103, 0.49076765906652958, 0.8340859030547767, 10207.624301319, 6286.0618854762779, 486.26085932129808, 503.53786023705578, 0, 0, 21.925333396760408
4.54, 3966.6230664776726, 2319.20661094344, 874.82069990313335, 514.66048251570328, 0.56851569449383355, 0.8628748185693742, 3966.2366566227834, 2319.4343698809339, 874.62872006346561, 514.77417330513208, 0.52355642239864986, 0.88978466510978982, 10212.486909912213, 6291.0972640786485, 486.26085932129808, 503.53786023705578, 0, 0, 21.91533339676041
4.5499999999999998, 3975.3713529538209, 2324.3533355312697, 874.82599837758585, 514.66846669389247, 0.52984744525031413, 0.79841781892230124, 3974.9830166387119, 2324.5822353644503, 874.63357441640437, 514.78242333612627, 0.48543529387925255, 0.8250030994236387, 10217.349518505427, 6296.1326426810192, 486.26085932129808, 503.53786023705578, 0, 0, 21.905333396760408
4.5600000000000005, 3984.1196973993738, 2329.5001482612979, 874.83162916272249, 514.67700423316501, 0.56307851366362582, 0.85375392725307342, 3983.7294301100615, 2329.7301916920319, 874.63875622878516, 514.79122961747805, 0.51818123807354122, 0.88062813517242244, 10222.212127098641, 6301.1680212833899, 486.26085932129808, 503.53786023705578, 0, 0, 21.895333396760407
4.5700000000000003, 3992.8680923628185, 2334.6470367158167, 874.83687395056268, 514.68489837898369, 0.5244787840233518, 0.78941458187259372, 3992.4758896916164, 2334.8782263828539, 874.64355751324956, 514.79938926062152, 0.48012844643628666, 0.81596431434150973, 10227.074735691855, 6306.2033998857605, 486.26085932129808, 503.53786023705578, 0, 0, 21.885333396760409
4.5800000000000001, 4001.6165447526596, 2339.7940124017041, 874.84245063959713, 514.69334518548192, 0.55766890344880116, 0.84468064982434432, 4001.2224021917978, 2340.0263510033374, 874.6486858498406, 514.80810445244913, 0.51283365910429157, 0.87151918276446905, 10231.937344285068, 6311.2387784881312, 486.26085932129808, 503.53786023705578, 0, 0, 21.875333396760411
4.5899999999999999, 4010.3650471292694, 2344.9410629216623, 874.8476419871979, 514.70114972569252, 0.51913476008245674, 0.78045402105461437, 4009.9689602772414, 2345.1745530930843, 874.65343431285658, 514.81617413396043, 0.47484630160105284, 0.80696815112831144, 10236.799952878282, 6316.2741570905018, 486.26085932129808, 503.53786023705578, 0, 0, 21.865333396760409
4.6000000000000005, 4019.1136063920439, 2350.0881997669512, 874.85316484737518, 514.70950626117212, 0.55228601772703123, 0.83565354796415214, 4018.7155707472966, 2350.322844202879, 874.65850944129988, 514.82479869762778, 0.50751284432835908, 0.86245636673085457, 10241.662561471496, 6321.3095356928725, 486.26085932129808, 503.53786023705578, 0, 0, 21.855333396760408
4.6100000000000003, 4027.862215112702, 2355.2354105597769, 874.85830299300358, 514.71722160875731, 0.51381456284397398, 0.77153475851954845, 4027.4622262799176, 2355.4712118918396, 874.66320532183488, 514.83277882991922, 0.46958805350222138, 0.79801322914262096, 10246.52517006471, 6326.3449142952431, 486.26085932129808, 503.53786023705578, 0, 0, 21.84533339676041
4.6200000000000001, 4036.6108801819851, 2360.3827067765446, 874.86377228320396, 514.7254883207587, 0.54692902003452482, 0.82667120013555306, 4036.20893366583, 2360.6196676958784, 874.66822750145752, 514.84131321254597, 0.50221796226960591, 0.85343826267928202, 10251.387778657923, 6331.3802928976138, 486.26085932129808, 503.53786023705578, 0, 0, 21.835333396760408
4.6299999999999999, 4045.3595941824256, 2365.5300760580672, 874.86885745711197, 514.73311487507965, 0.50851739079770752, 0.76265543209014308, 4044.9556855937803, 2365.7681991927316, 874.67287103051126, 514.84920419438095, 0.46435290537007962, 0.78909818349518501, 10256.250387251137, 6336.4156714999845, 486.26085932129808, 503.53786023705578, 0, 0, 21.82533339676041
4.6399999999999997, 4054.1083639965591, 2370.677529866648, 874.87427342794604, 514.74129219709255, 0.54159708340088841, 0.81773220128869106, 4053.7024888463143, 2370.9168179041949, 874.67784051242097, 514.85764882900776, 0.49694819097066434, 0.84446346268675543, 10261.112995844351, 6341.4510501023551, 486.26085932129808, 503.53786023705578, 0, 0, 21.815333396760408
4.6500000000000004, 4062.8571822172062, 2375.8250558608233, 874.87930585245954, 514.74883034404343, 0.50324245135291923, 0.75381469508509114, 4062.449336122449, 2376.0655114257347, 874.68243191311478, 514.8654510456555, 0.45914006938006374, 0.78022166477481447, 10265.975604437564, 6346.4864287047258, 486.26085932129808, 503.53786023705578, 0, 0, 21.80533339676041
4.6600000000000001, 4071.6060557191395, 2380.972665489538, 874.8846687463614, 514.75691869566913, 0.53628939018813682, 0.80883516257317978, 4071.1962341969879, 2381.2142912657773, 874.68734894029308, 514.87380635140562, 0.49170271782950797, 0.83553057501345818, 10270.838213030778, 6351.5218073070964, 486.26085932129808, 503.53786023705578, 0, 0, 21.795333396760409
4.6699999999999999, 4080.354977104947, 2386.1203464281771, 874.88964863596823, 514.76436880782956, 0.49798896068104953, 0.74501121603840481, 4079.9431757787056, 2386.363145036642, 874.69188842795802, 514.88152017479331, 0.45394876649316951, 0.77138233876917484, 10275.700821623992, 6356.5571859094671, 486.26085932129808, 503.53786023705578, 0, 0, 21.785333396760407
4.6799999999999997, 4089.1039532420764, 2391.268110113062, 874.8949586872875, 514.77236859494008, 0.53100513192787058, 0.79997871104788787, 4088.6901676350963, 2391.5120842341234, 874.69675323535239, 514.88978655703147, 0.48648073943432496, 0.82663822381395202, 10280.563430217206, 6361.5925645118377, 486.26085932129808, 503.53786023705578, 0, 0, 21.775333396760409
4.6900000000000004, 4097.8529767423706, 2396.4159442355631, 874.89988624872308, 514.7797310317244, 0.49275614356285147, 0.73624367842657601, 4097.4372024841841, 2396.6610964865267, 874.70124101761542, 514.89741234589337, 0.44877822630081704, 0.76257888619333891, 10285.426038810419, 6366.6279431142084, 486.26085932129808, 503.53786023705578, 0, 0, 21.765333396760408
4.7000000000000002, 4106.6020544663843, 2401.5638602201038, 874.90514368381469, 514.78764264661834, 0.52574350916250467, 0.79116148939791819, 4106.1842870865794, 2401.8101932777431, 874.70605383222949, 514.90559019638192, 0.48128146140249095, 0.81778504885554182, 10290.288647403633, 6371.663321716579, 486.26085932129808, 503.53786023705578, 0, 0, 21.75533339676041
4.71, 4115.3511790347075, 2406.7118457731872, 874.91001911614705, 514.79491775442239, 0.48754323323928755, 0.72751078040242123, 4114.9314141690547, 2406.9593622512075, 874.71049010909826, 514.91312829640617, 0.44362768687352305, 0.75381000242499729, 10295.151255996847, 6376.6987003189497, 486.26085932129808, 503.53786023705578, 0, 0, 21.745333396760408
4.7199999999999998, 4124.1003573014286, 2411.8599123080548, 874.91522415345992, 514.80274157597898, 0.5205037312886367, 0.78238215565557956, 4123.6785904857607, 2412.1086148796276, 874.71525115008046, 514.92121799345853, 0.47610409822175259, 0.8089697052405892, 10300.013864590061, 6381.7340789213204, 486.26085932129808, 503.53786023705578, 0, 0, 21.73533339676041
4.7300000000000004, 4132.8495818953843, 2417.0080475454997, 874.9200476481725, 514.80992968832425, 0.48234947126080857, 0.71881123452664653, 4132.4258087717208, 2417.2579388207218, 874.71963611402657, 514.92866873743094, 0.43849639460807938, 0.74507439723731372, 10304.876473183274, 6386.769457523691, 486.26085932129808, 503.53786023705578, 0, 0, 21.725333396760409
4.7400000000000002, 4141.5988596646184, 2422.1562628882903, 874.92520049833649, 514.81766608215355, 0.51528501640307267, 0.77363938292620393, 4141.173075775042, 2422.4073455367256, 874.72434559275746, 514.93667064606223, 0.4709478730941315, 0.80019086313363574, 10309.739081776488, 6391.8048361260617, 486.26085932129808, 503.53786023705578, 0, 0, 21.715333396760407
4.75, 4150.3481832457182, 2427.3045460706771, 874.92997223940995, 514.82476751982858, 0.47717410734147875, 0.71014376750787267, 4149.9203842385105, 2427.5568226988053, 874.72867942879827, 514.94403435400761, 0.43338360407960003, 0.73637079454022913, 10314.601690369702, 6396.8402147284323, 486.26085932129808, 503.53786023705578, 0, 0, 21.705333396760409
4.7599999999999998, 4159.0975594811007, 2432.4529084856545, 874.93507310532141, 514.8324168384197, 0.51008659114950317, 0.76493185911545347, 4158.6677409046015, 2432.7063817594267, 874.73333754897612, 514.95194882608246, 0.46581201778056563, 0.791447207489962, 10319.464298962916, 6401.875593330803, 486.26085932129808, 503.53786023705578, 0, 0, 21.695333396760411
4.7700000000000005, 4167.8469810146134, 2437.6013378801067, 874.93979326931355, 514.83943190961907, 0.47201639921135596, 0.70150711994014736, 4167.4151385233781, 2437.8560104023773, 874.73762043475506, 514.95922580540366, 0.42828857789194369, 0.72769793211917844, 10324.326907556129, 6406.9109719331736, 486.26085932129808, 503.53786023705578, 0, 0, 21.685333396760409
4.7800000000000002, 4176.5964546834603, 2442.7498456379458, 874.94484234621927, 514.84699449248569, 0.50490769056769402, 0.75625828666120698, 4176.1625838320915, 2443.0057200710471, 874.74222739247955, 514.9670531797816, 0.46069577244812276, 0.78273743778869243, 10329.189516149343, 6411.9463505355443, 486.26085932129808, 503.53786023705578, 0, 0, 21.675333396760408
4.79, 4185.3459731382645, 2447.8984195178778, 874.9495111023441, 514.85392349294625, 0.46687561247737608, 0.69290004605498634, 4184.9100695876041, 2448.1554984610293, 874.74645949834496, 514.97424372539547, 0.42321058653660393, 0.71905456138835999, 10334.052124742557, 6416.981729137915, 486.26085932129808, 503.53786023705578, 0, 0, 21.66533339676041
4.7999999999999998, 4194.0955432114215, 2453.0470708954144, 874.95450857792355, 514.86139966676899, 0.49974755794582182, 0.747617382271067, 4193.6576025223458, 2453.3053570073234, 874.75101548220016, 514.98198432807317, 0.45559838552040488, 0.77406026777149395, 10338.914733335771, 6422.0171077402856, 486.26085932129808, 503.53786023705578, 0, 0, 21.655333396760408
4.8100000000000005, 4202.8451575598538, 2458.1957875402791, 874.9591260881283, 514.86824287990362, 0.46175102048034428, 0.68432131346729785, 4202.4051753995036, 2458.4552834165211, 874.75519697128266, 514.98908872254458, 0.41814890824785167, 0.71043944713779994, 10343.777341928984, 6427.0524863426563, 486.26085932129808, 503.53786023705578, 0, 0, 21.645333396760407
4.8200000000000003, 4211.5948230115519, 2463.3445808202596, 874.96407214257499, 514.87563295867017, 0.49460544467105105, 0.73900787665730749, 4211.1527949470837, 2463.6052891159102, 874.75970216241797, 514.99674286679635, 0.45051911352630702, 0.76541442517864566, 10348.639950522198, 6432.0878649450269, 486.26085932129808, 503.53786023705578, 0, 0, 21.635333396760409
4.8300000000000001, 4220.3445322292637, 2468.4934385153019, 874.96863856161656, 514.8823906556994, 0.45664190415112715, 0.67576970292032335, 4219.9004539341322, 2468.7553618222832, 874.76383319070658, 515.0037613804692, 0.4131028288571722, 0.70185136727937714, 10353.502559115412, 6437.1232435473976, 486.26085932129808, 503.53786023705578, 0, 0, 21.625333396760411
4.8399999999999999, 4229.0942920369716, 2473.6423719861359, 874.97353336771744, 514.88969494084222, 0.48948061008816179, 0.73042851428559086, 4228.6481590846224, 2473.9055129558856, 874.7682877629162, 515.01132936698423, 0.44545722095679752, 0.7567986514988958, 10358.365167708625, 6442.1586221497682, 486.26085932129808, 503.53786023705578, 0, 0, 21.615333396760409
4.8500000000000005, 4237.8440951027815, 2478.7913690221453, 874.97804884323625, 514.89636738092281, 0.45154755188066731, 0.66724400805393924, 4237.3959031729983, 2479.0557302429224, 874.77236847933284, 515.01826225811044, 0.40807164166140691, 0.69328911261627968, 10363.227776301839, 6447.1940007521389, 486.26085932129808, 503.53786023705578, 0, 0, 21.605333396760408
4.8600000000000003, 4246.5939482470621, 2483.9404409776625, 874.98289256644978, 514.90358616145397, 0.48437232135586344, 0.72187805312017295, 4246.1436929195888, 2484.2060250972586, 874.77677259913401, 515.0257443751276, 0.44041198011949823, 0.74821170171573981, 10368.090384895053, 6452.2293793545095, 486.26085932129808, 503.53786023705578, 0, 0, 21.59533339676041
4.8700000000000001, 4255.3438441428152, 2489.0895756507325, 874.9873572390436, 514.91017359180557, 0.44646725938047932, 0.65874303515743571, 4254.8915211037774, 2489.3563852537327, 874.7808031456068, 515.03259188999357, 0.40305464728159246, 0.6847514865968084, 10372.952993488267, 6457.2647579568802, 486.26085932129808, 503.53786023705578, 0, 0, 21.585333396760408
4.8799999999999999, 4264.0937896071837, 2494.2387843899401, 874.99215003757661, 514.9173071444493, 0.47927985330390344, 0.71335526437077523, 4263.6393944426345, 2494.5068221204842, 874.78515697231671, 515.03998841343412, 0.43538267099413125, 0.73965234405532143, 10377.81560208148, 6462.3001365592509, 486.26085932129808, 503.53786023705578, 0, 0, 21.57533339676041
4.8899999999999997, 4272.8437773176092, 2499.388055001225, 874.99656404087204, 514.92380980047858, 0.44140032954763275, 0.65026560293008706, 4272.3873057200308, 2499.6573234402144, 874.78913748385196, 515.04675078648484, 0.39805115352629883, 0.67623730507596558, 10382.678210674694, 6467.3355151616215, 486.26085932129808, 503.53786023705578, 0, 0, 21.565333396760408
4.9000000000000004, 4281.5938140883909, 2504.5373988280694, 875.00130606575499, 514.93085838980107, 0.47420248829714617, 0.70485893225138951, 4281.1352616501563, 2504.8079006159833, 874.79344116966286, 515.05406198008234, 0.430368581094911, 0.73111935974627995, 10387.540819267908, 6472.3708937639922, 486.26085932129808, 503.53786023705578, 0, 0, 21.55533339676041
4.9100000000000001, 4290.3438926009594, 2509.6868036835485, 875.0056695264783, 514.93727649522361, 0.43634607233522194, 0.64181054225116907, 4289.8832550209245, 2509.9585413975933, 874.79737177441541, 515.06073943404317, 0.39306047526044796, 0.66774539608649308, 10392.403427861122, 6477.4062723663628, 486.26085932129808, 503.53786023705578, 0, 0, 21.545333396760409
4.9199999999999999, 4299.0940196671518, 2514.8362809066789, 875.01036092163929, 514.94424037376098, 0.46913951609562671, 0.6963878537326943, 4298.6312925440197, 2515.1092571836652, 874.80162546446866, 515.06796554947096, 0.42536900532904537, 0.72261154277313178, 10397.266036454335, 6482.4416509687335, 486.26085932129808, 503.53786023705578, 0, 0, 21.535333396760407
4.9299999999999997, 4307.8441879719385, 2519.9858183169208, 875.01467395968552, 514.95057414072039, 0.43130380461889117, 0.63337669594370682, 4307.3793670109544, 2520.26003573035, 874.80550628381138, 515.074558295467, 0.38808193427031717, 0.65927459960356494, 10402.128645047549, 6487.4770295711041, 486.26085932129808, 503.53786023705578, 0, 0, 21.525333396760409
4.9400000000000004, 4316.5944043250702, 2525.1354272494536, 875.01931486202272, 514.95745354910343, 0.46409023372054448, 0.68794083830467212, 4316.1274851312792, 2525.4108884324596, 874.80971011627003, 515.08169957246344, 0.42038324586116382, 0.71412769963985712, 10406.991253640763, 6492.5124081734748, 486.26085932129808, 503.53786023705578, 0, 0, 21.515333396760408
4.9500000000000002, 4325.3446614146178, 2530.2850955293825, 875.02357759052347, 514.96370317828894, 0.42627285007043664, 0.62496291855029684, 4324.8756396996705, 2530.5618030517494, 874.81354126486133, 515.08820781013662, 0.38311485913558541, 0.6508237673215731, 10411.853862233977, 6497.5477867758455, 486.26085932129808, 503.53786023705578, 0, 0, 21.50533339676041
4.96, 4334.0949660486149, 2535.4348344886716, 875.02816812997662, 514.97049834536631, 0.45905394531956523, 0.67951670773837203, 4333.623837423911, 2535.7127909798483, 874.81769537098114, 515.0952644766279, 0.41541061197713441, 0.70566664913258537, 10416.71647082719, 6502.5831653782161, 486.26085932129808, 503.53786023705578, 0, 0, 21.495333396760408
4.9699999999999998, 4342.8453109177954, 2540.5846319573366, 875.03238065536686, 514.97666402612742, 0.42125253902939047, 0.61656807610585107, 4342.3720711014084, 2540.863839983379, 874.82147695683216, 515.10168839425216, 0.37815858509945832, 0.64239176242777762, 10421.579079420404, 6507.6185439805868, 486.26085932129808, 503.53786023705578, 0, 0, 21.48533339676041
4.9800000000000004, 4351.5957028288431, 2545.7344992647422, 875.03692095498718, 514.983375169086, 0.45402996203499935, 0.67111429585274862, 4351.1203474385402, 2546.0149614514048, 874.82558146103167, 515.10866066647304, 0.41045041995078413, 0.69722722208734067, 10426.441688013618, 6512.6539225829574, 486.26085932129808, 503.53786023705578, 0, 0, 21.475333396760409
4.9900000000000002, 4360.3461344747238, 2550.88442424509, 875.041083377071, 514.9894570795451, 0.41624220837674308, 0.60819104591417428, 4359.8686592350186, 2551.1661431546886, 874.82931358557107, 515.11500044106685, 0.37321245394096536, 0.63397745937976901, 10431.304296606831, 6517.6893011853281, 486.26085932129808, 503.53786023705578, 0, 0, 21.465333396760407
5, 4369.0966126611347, 2556.0344182257527, 875.04557355308975, 514.99608440402801, 0.44901760187433598, 0.66273244828570421, 4368.6170131961735, 2556.3173964803386, 874.83336860550025, 515.12188852367842, 0.40550199291300676, 0.68880826116197058, 10436.166905200045, 6522.7246797876987, 486.26085932129808, 503.53786023705578, 0, 0, 21.455333396760409
5.0099999999999998, 4377.847130082846, 2561.1844690444004, 875.04968596510389, 515.00208271119129, 0.41124120141168513, 0.59983071632983109, 4377.3654021236007, 2561.468709202537, 874.83705136363881, 515.12814432111531, 0.3682758138502954, 0.62557974368821068, 10441.029513793259, 6527.7600583900694, 486.26085932129808, 503.53786023705578, 0, 0, 21.445333396760411
5.0200000000000005, 4386.5976935449253, 2566.3345880270158, 875.05412612699968, 515.00862641141396, 0.44401618958149602, 0.65437002226659613, 4386.113832721936, 2566.6200927070413, 874.841057010246, 515.13494840732142, 0.40056466072164287, 0.68040862060950813, 10445.892122386473, 6532.79543699244, 486.26085932129808, 503.53786023705578, 0, 0, 21.435333396760409
5.0300000000000002, 4395.3482957435253, 2571.484763014028, 875.05818861567707, 515.01454127127943, 0.40624886773354901, 0.59148598654892548, 4394.8622977942414, 2571.7715347707413, 874.84469049043912, 515.14112038243854, 0.36334801930931598, 0.61719751170850023, 10450.754730979686, 6537.8308155948107, 486.26085932129808, 503.53786023705578, 0, 0, 21.425333396760408
5.04, 4404.098943483441, 2576.6350053306237, 875.06257886624212, 515.02100153014339, 0.43902505650990686, 0.6460258863920415, 4403.6108040448098, 2576.9230467786406, 874.84864686803746, 515.14784065409913, 0.39563775983321864, 0.67202716605481005, 10455.6173395729, 6542.8661941971814, 486.26085932129808, 503.53786023705578, 0, 0, 21.41533339676041
5.0499999999999998, 4412.849629461788, 2581.7853028192899, 875.0665915118733, 515.02683308780729, 0.40126456311563341, 0.5831557663866157, 4412.3593442777546, 2582.0746165096321, 874.85223115234714, 515.15392895080333, 0.35842843096415472, 0.60882967041906189, 10460.479948166114, 6547.901572799552, 486.26085932129808, 503.53786023705578, 0, 0, 21.405333396760408
5.0600000000000005, 4421.6003604834377, 2586.9356668050059, 875.07093194727827, 515.0332100770114, 0.43404354049995214, 0.63769892040925602, 4421.1079251973733, 2587.2262553485562, 874.85613835867889, 515.16056557854608, 0.39072063317905331, 0.66366277427872999, 10465.342556759328, 6552.9369514019227, 486.26085932129808, 503.53786023705578, 0, 0, 21.395333396760407
5.0700000000000003, 4430.351129246058, 2592.0860851316224, 875.07489482377218, 515.0389584667721, 0.39628764938917649, 0.57483897607176082, 4429.8565396084223, 2592.3779510756121, 874.85967352283399, 515.16657032991827, 0.35351641550783591, 0.60047513721682455, 10470.205165352541, 6557.9723300042933, 486.26085932129808, 503.53786023705578, 0, 0, 21.385333396760409
5.0800000000000001, 4439.1019425549439, 2597.2365691244922, 875.0791855336297, 515.04525234692198, 0.42907098574936392, 0.62938801498789154, 4438.6051942155455, 2597.5297150760612, 874.8635316491343, 515.17312347324821, 0.3858126300344733, 0.65531433299069608, 10475.067773945755, 6563.007708606664, 486.26085932129808, 503.53786023705578, 0, 0, 21.375333396760411
5.0899999999999999, 4447.8527931079043, 2602.3871066281436, 875.08309870857295, 515.05091769238231, 0.39131749432422647, 0.566534546036637, 4447.3538818237384, 2602.6815351307196, 874.86701776258985, 515.17904480164532, 0.34861134555991635, 0.59213283970770858, 10479.930382538969, 6568.0430872090346, 486.26085932129808, 503.53786023705578, 0, 0, 21.365333396760409
5.1000000000000005, 4456.6036877110018, 2607.5377089688782, 875.08733977599991, 515.05712861309746, 0.42410674269652698, 0.62109207151360424, 4456.1026091383301, 2607.8334226258471, 874.87082689364888, 515.18551460905155, 0.38091310590080285, 0.64698074062309552, 10484.792991132183, 6573.0784658114053, 486.26085932129808, 503.53786023705578, 0, 0, 21.355333396760408
5.1100000000000003, 4465.3546190617826, 2612.6883639912216, 875.09120331071506, 515.06271102726453, 0.38635347151325217, 0.55824141671143646, 4464.8513689641568, 2612.9853653421951, 874.87426401964433, 515.19135262620659, 0.34371259954887323, 0.5838017155018882, 10489.655599725396, 6578.113844413776, 486.26085932129808, 503.53786023705578, 0, 0, 21.34533339676041
5.1200000000000001, 4474.1055939674152, 2617.8390830229946, 875.09539481239403, 515.06883912728324, 0.41915016789786685, 0.61281000187200574, 4473.6001680075669, 2618.1373746675931, 874.87802423386813, 515.1977392352677, 0.37602142238158165, 0.63866090611595916, 10494.51820831861, 6583.1492230161466, 486.26085932129808, 503.53786023705578, 0, 0, 21.335333396760408
5.1299999999999999, 4482.8566051247835, 2622.9898539080482, 875.09920876199658, 515.07433871266653, 0.38139496025939268, 0.54995853832670516, 4482.3489990728394, 2623.2894383820526, 874.88141242948416, 515.20349404238789, 0.33881956159911464, 0.57548071201700235, 10499.380816911824, 6588.1846016185173, 486.26085932129808, 503.53786023705578, 0, 0, 21.32533339676041
5.1399999999999997, 4491.6076593424968, 2628.140687976284, 875.10335076823571, 515.08038411994892, 0.4142006239110716, 0.60454072824254346, 4491.097868867676, 2628.4415678755386, 874.88512379895485, 515.20979757987504, 0.37113694706458145, 0.630353748711596, 10504.243425505038, 6593.2199802208879, 486.26085932129808, 503.53786023705578, 0, 0, 21.315333396760408
5.1500000000000004, 4500.3587493163814, 2633.2915730702139, 875.10711518169035, 515.08580096865603, 0.37644134546079711, 0.54168487070948301, 4499.8467701954087, 2633.593750926655, 874.88846311516897, 515.21546926773783, 0.33393162141418725, 0.56716878627500267, 10509.106034098251, 6598.2553588232586, 486.26085932129808, 503.53786023705578, 0, 0, 21.30533339676041
5.1600000000000001, 4509.1098818568198, 2638.4425205223779, 875.11120775648214, 515.09176380048496, 0.4092574791758351, 0.59628318288847415, 4508.5957097654182, 2638.7459989280619, 874.89212570570294, 515.22168984971529, 0.36625905340143189, 0.62205819774526516, 10513.968642691465, 6603.2907374256292, 486.26085932129808, 503.53786023705578, 0, 0, 21.295333396760409
5.1699999999999999, 4517.8610496581869, 2643.5935181732902, 875.1149226766571, 515.09709799431585, 0.37149201750002148, 0.53341938308806147, 4517.3446803797015, 2643.898299656295, 874.89541618744454, 515.22727849876242, 0.32904817416501436, 0.55886490470763672, 10518.831251284679, 6608.3261160279999, 486.26085932129808, 503.53786023705578, 0, 0, 21.285333396760407
5.1799999999999997, 4526.6122595329698, 2648.7445773586796, 875.11896587773606, 515.10297835739539, 0.40432010789943712, 0.58803630795509287, 4526.0936887496437, 2649.0506645072614, 874.89903005865051, 515.23341623068688, 0.3613871205920613, 0.61377319244412032, 10523.693859877892, 6613.3614946303705, 486.26085932129808, 503.53786023705578, 0, 0, 21.275333396760409
5.1900000000000004, 4535.3635041737034, 2653.8956859164118, 875.12263134145746, 515.10822996793434, 0.36654637213511465, 0.52516105389974888, 4534.8427276755228, 2654.2030812547746, 874.90227174485426, 515.23892191111656, 0.32416862037984445, 0.55056804296492445, 10528.556468471106, 6618.3968732327412, 486.26085932129808, 503.53786023705578, 0, 0, 21.265333396760408
5.2000000000000002, 4544.1147903953015, 2659.0468551859494, 875.12662522035691, 515.11402795848699, 0.39938788994208113, 0.57979905526775966, 4543.5918038710515, 2659.3555612985379, 874.90583695018893, 515.24497688793383, 0.35652053346894458, 0.60549768172591856, 10533.41907706432, 6623.4322518351119, 486.26085932129808, 503.53786023705578, 0, 0, 21.25533339676041
5.21, 4552.8661108880769, 2664.1980730018649, 875.13024125846084, 515.11919704719298, 0.36160381038969597, 0.5169088705971453, 4552.3409101344087, 2664.5080924089953, 874.90902987384732, 515.25039965979101, 0.31929236583324994, 0.54227718572210848, 10538.281685657534, 6628.4676304374825, 486.26085932129808, 503.53786023705578, 0, 0, 21.245333396760408
5.2199999999999998, 4561.617472469693, 2669.3493507078947, 875.13418586056787, 515.12491275105435, 0.39446021070524062, 0.57157038613512789, 4561.0900531819498, 2669.6606859901867, 874.91254646067114, 515.256371966031, 0.35165868238436265, 0.59723062400293103, 10543.144294250747, 6633.5030090398532, 486.26085932129808, 503.53786023705578, 0, 0, 21.23533339676041
5.2300000000000004, 4570.3688678278595, 2674.5006761346795, 875.13775249795231, 515.12999936934887, 0.35666373844382482, 0.50866182945591887, 4569.83922580938, 2674.8133298085459, 874.91569064888552, 515.26171187929583, 0.31441882143595101, 0.53399132648808789, 10548.006902843961, 6638.5383876422238, 486.26085932129808, 503.53786023705578, 0, 0, 21.225333396760409
5.2400000000000002, 4579.1203037833084, 2679.6520606307636, 875.14164786256242, 515.13563286206033, 0.38953646101656825, 0.56334927114683842, 4578.5884347360134, 2679.966035272987, 874.91915865851649, 515.26760158916568, 0.34680096309431824, 0.58897098698026251, 10552.869511437175, 6643.5737662445945, 486.26085932129808, 503.53786023705578, 0, 0, 21.215333396760407
5.25, 4587.8717730207691, 2684.8034920222244, 875.14516511823774, 515.14063705141427, 0.3517255675330781, 0.50041893539641513, 4587.3376727547093, 2685.1187901452986, 874.92225413254778, 515.2728586838399, 0.30954740313276513, 0.52570946742773139, 10557.732120030389, 6648.6091448469651, 486.26085932129808, 503.53786023705578, 0, 0, 21.205333396760409
5.2599999999999998, 4596.6232823643568, 2689.9549816629419, 875.14901127860799, 515.14618839831417, 0.38461603702479041, 0.55513468998801152, 4596.0869465880514, 2690.2716058397991, 874.92567360031433, 515.27866586131461, 0.34194677665233153, 0.58071774747103078, 10562.594728623602, 6653.6445234493358, 486.26085932129808, 503.53786023705578, 0, 0, 21.195333396760411
5.2700000000000005, 4605.3748244954495, 2695.1065173738052, 875.1524791657464, 515.15111019033202, 0.34678871383766768, 0.49217920178886249, 4604.8362490256841, 2695.4244701130051, 874.92872037563222, 515.28384016750624, 0.30467753179078549, 0.51743061916767585, 10567.457337216816, 6658.6799020517064, 486.26085932129808, 503.53786023705578, 0, 0, 21.185333396760409
5.2800000000000002, 4614.1264062418577, 2700.2581105145532, 875.15627614914729, 515.1565794466444, 0.3796983400880154, 0.54692563124295435, 4613.5855867937698, 2700.5773943851636, 874.93209133092523, 515.28956486641823, 0.3370955292967891, 0.57246989120067926, 10572.31994581003, 6663.7152806540771, 486.26085932129808, 503.53786023705578, 0, 0, 21.175333396760408
5.29, 4622.8780202812386, 2705.409748900267, 875.15969467513116, 515.16141886314722, 0.3418525983825243, 0.48394165027698954, 4622.3349526783741, 2705.7303664068977, 874.93508941725622, 515.29465640442447, 0.29980863309840072, 0.50915380062060944, 10577.182554403244, 6668.7506592564478, 486.26085932129808, 503.53786023705578, 0, 0, 21.16533339676041
5.2999999999999998, 4631.6296734454063, 2710.5614438970624, 875.16344250289785, 515.16680607406931, 0.37478277666787846, 0.53872109220874553, 4631.0843534095411, 2710.8833976049036, 874.93841188357965, 515.30029866855068, 0.33224663234408103, 0.56422641262119555, 10582.045162996457, 6673.7860378588184, 486.26085932129808, 503.53786023705578, 0, 0, 21.155333396760408
5.3100000000000005, 4640.3813584079326, 2715.7131833135995, 875.16681166936723, 515.17156312717532, 0.33691664693546841, 0.47570531059861537, 4639.8337817693973, 2716.0364757232951, 874.94136128495427, 515.30530744893872, 0.29494013746246706, 0.50087803880648918, 10586.907771589671, 6678.8214164611891, 486.26085932129808, 503.53786023705578, 0, 0, 21.145333396760407
5.3200000000000003, 4649.1330820049398, 2720.8649785228831, 875.17051035694942, 515.17686832796244, 0.36986875822380938, 0.53052007870918871, 4648.5832444921725, 2721.1896121957316, 874.94463527997505, 515.31086731208597, 0.32739950208189711, 0.55598631472567506, 10591.770380182885, 6683.8567950635597, 486.26085932129808, 503.53786023705578, 0, 0, 21.135333396760409
5.3300000000000001, 4657.8848369055531, 2726.0168173265456, 875.17383015984842, 515.18154302016649, 0.33198028990538281, 0.46746922040639516, 4657.3327343556939, 2726.3427947592077, 874.94753599477406, 515.3157933357727, 0.29007147990551818, 0.49260236867389273, 10596.632988776099, 6688.8921736659304, 486.26085932129808, 503.53786023705578, 0, 0, 21.125333396760411
5.3399999999999999, 4666.6366299505071, 2731.1687111049882, 875.17747971685947, 515.18676623621559, 0.36495570110842834, 0.52232160491079827, 4666.082258098676, 2731.4960348548566, 874.95076153037064, 515.32127082186139, 0.32255355966367127, 0.54774860886490628, 10601.495597369312, 6693.927552268301, 486.26085932129808, 503.53786023705578, 0, 0, 21.115333396760409
5.3500000000000005, 4675.3884538041202, 2736.3206476522141, 875.18075014648196, 515.1913585604666, 0.32704296224650387, 0.45923242509889095, 4674.8318084942948, 2736.64932021195, 874.95361355137038, 515.32611408019068, 0.28520209996903578, 0.4843258329317276, 10606.358205962526, 6698.9629308706717, 486.26085932129808, 503.53786023705578, 0, 0, 21.105333396760408
5.3600000000000003, 4684.1403153120391, 2741.4726383565226, 875.18435057674662, 515.19649980739803, 0.36004302646748221, 0.5141246931464879, 4683.5813922860434, 2741.8026622795992, 874.9567906336805, 515.3315092033364, 0.31770823100753309, 0.53951231457167881, 10611.22081455574, 6703.9983094730424, 486.26085932129808, 503.53786023705578, 0, 0, 21.09533339676041
5.3700000000000001, 4692.8922071334218, 2746.624671003693, 875.18757161778012, 515.20100974717445, 0.32210410335502054, 0.45099397763898463, 4692.3310022420965, 2746.9560487787548, 874.95959394809654, 515.33626967815508, 0.2803314416091755, 0.4760474818681969, 10616.083423148953, 6709.033688075413, 486.26085932129808, 503.53786023705578, 0, 0, 21.085333396760408
5.3799999999999999, 4701.6441361191237, 2751.7767569904208, 875.19112291938143, 515.20606903091175, 0.35513016013266335, 0.5059283737275635, 4701.0806451110193, 2752.1094911670052, 874.96272257756345, 515.34158244274886, 0.31286294668828168, 0.53127645937331081, 10620.946031742167, 6714.0690666777837, 486.26085932129808, 503.53786023705578, 0, 0, 21.07533339676041
5.3899999999999997, 4710.3960949227912, 2756.9288840936706, 875.19429455095121, 515.21049656029561, 0.31716315697330899, 0.44275293838513008, 4709.8303136556378, 2757.2629771563888, 874.96547716709449, 515.34626010648071, 0.27545895310004648, 0.46776637318265096, 10625.808640335381, 6719.1044452801543, 486.26085932129808, 503.53786023705578, 0, 0, 21.065333396760408
5.4000000000000004, 4719.1480904007803, 2762.0810637190261, 875.19779671627646, 515.21547387714327, 0.35021653252314161, 0.49773168477035085, 4718.5800146298798, 2762.4165182134652, 874.96855733851282, 515.35149050726693, 0.30801714183797479, 0.52304007861886925, 10630.671248928595, 6724.139823882525, 486.26085932129808, 503.53786023705578, 0, 0, 21.05533339676041
5.4100000000000001, 4727.9001152008786, 2767.2332836340538, 875.2009189119874, 515.21981896089255, 0.31221957109703868, 0.4345083749275106, 4727.3297407908776, 2767.5701020407737, 874.97126317938228, 515.35608532298511, 0.27058408693984892, 0.45948157182235261, 10635.533857521808, 6729.1752024848956, 486.26085932129808, 503.53786023705578, 0, 0, 21.045333396760409
5.4199999999999999, 4736.6521761852355, 2772.3855552537134, 875.20437192777285, 515.22471429761276, 0.34530157854883875, 0.4895336720258569, 4736.0794988982097, 2772.7237401143357, 874.9742948819428, 515.3612333451382, 0.30317025604826686, 0.51480221530942227, 10640.396466115022, 6734.2105810872663, 486.26085932129808, 503.53786023705578, 0, 0, 21.035333396760407
5.4299999999999997, 4745.404265995433, 2777.5378663355937, 875.2074446557516, 515.22897689123192, 0.30727279787680711, 0.42625936191521907, 4744.8292817029742, 2777.8774201266096, 874.97695194494031, 515.36574526663628, 0.26570629975165122, 0.45119214981019984, 10645.259074708236, 6739.2459596896369, 486.26085932129808, 503.53786023705578, 0, 0, 21.025333396760409
5.4400000000000004, 4754.1563914997014, 2782.6902283045142, 875.21084850312673, 515.23379022511892, 0.34038473751056031, 0.48133338870432685, 4753.5790959706837, 2783.0311535635642, 874.97993516227302, 515.37081088583557, 0.29832173326967759, 0.50656191992313904, 10650.12168330145, 6744.2813382920076, 486.26085932129808, 503.53786023705578, 0, 0, 21.015333396760408
5.4500000000000002, 4762.9085453330763, 2787.8426289075123, 875.21387172606205, 515.23797027492787, 0.30232229352916418, 0.41800498089917709, 4762.3289344460645, 2788.1849281070004, 874.98254341279494, 515.37523985769644, 0.26082505219344349, 0.44289718608825235, 10654.984291894663, 6749.3167168943783, 486.26085932129808, 503.53786023705578, 0, 0, 21.00533339676041
5.46, 4771.6607343701553, 2792.9950795797458, 875.21722638059214, 515.24270157388094, 0.33546545300376546, 0.47312989530598093, 4771.0788039008457, 2793.338755253315, 874.98547812301206, 515.38022304019887, 0.2934710217144762, 0.49831825024658749, 10659.846900487877, 6754.3520954967489, 486.26085932129808, 503.53786023705578, 0, 0, 20.995333396760408
5.4699999999999998, 4780.4129512390891, 2798.1475680571325, 875.22020005577451, 515.24679901708259, 0.29736751824182905, 0.40974432016550649, 4779.8286970730469, 2798.4926226730818, 874.98803752110064, 515.3845689978624, 0.25593980886249701, 0.43459576635164548, 10664.709509081091, 6759.3874740991196, 486.26085932129808, 503.53786023705578, 0, 0, 20.98533339676041
5.4800000000000004, 4789.1652028211229, 2803.3001057856422, 875.22350548750273, 515.25144823967719, 0.3305431728239494, 0.46492225945454801, 4788.5786207408937, 2803.6465418736011, 874.99092369683819, 515.38946970057452, 0.28861757376117814, 0.49007027120882402, 10669.572117674305, 6764.4228527014902, 486.26085932129808, 503.53786023705578, 0, 0, 20.975333396760409
5.4900000000000002, 4797.9174817371886, 2808.4526804895104, 875.22642956686354, 515.25546300442295, 0.29240793608264565, 0.40147647457522928, 4797.328567635368, 2808.8005005136542, 874.99343419722027, 515.39373257040336, 0.25105003820343064, 0.42628698288884836, 10674.434726267518, 6769.4582313038609, 486.26085932129808, 503.53786023705578, 0, 0, 20.965333396760407
5.5, 4806.66979487546, 2813.6053036259882, 875.22968574035224, 515.26003009998021, 0.32561734886779459, 0.45670955572387462, 4806.0785445414667, 2813.9545101119165, 874.99627180567882, 515.39855074095044, 0.28376084585490097, 0.4818170547085075, 10679.297334860732, 6774.4936099062315, 486.26085932129808, 503.53786023705578, 0, 0, 20.955333396760409
5.5099999999999998, 4815.4221348493156, 2818.7579629070697, 875.2325601705013, 515.26396210543419, 0.28744301490777036, 0.39320054540279636, 4814.8285441828057, 2819.108558314816, 874.99873335780296, 515.4027304402947, 0.24615521241554633, 0.41796993442073138, 10684.159943453946, 6779.5289885086022, 486.26085932129808, 503.53786023705578, 0, 0, 20.945333396760411
5.5200000000000005, 4824.1745085541361, 2823.910669801754, 875.23576704487175, 515.26844701408902, 0.32068743704647212, 0.44849086548485462, 4823.5785733514285, 2824.2626566528711, 875.00152236078713, 515.40746601708929, 0.27890029841971409, 0.4735576794614263, 10689.022552047159, 6784.5643671109729, 486.26085932129808, 503.53786023705578, 0, 0, 20.935333396760409
5.5300000000000002, 4832.9269085954184, 2829.0634120092409, 875.23859176713449, 515.2722961704909, 0.28247222627861041, 0.38491564018926888, 4832.3286247632577, 2829.4167927596009, 875.00393490886086, 515.41156245434888, 0.24125480736880517, 0.4096437259543495, 10693.885160640373, 6789.5997457133435, 486.26085932129808, 503.53786023705578, 0, 0, 20.925333396760408
5.54, 4841.6793418760244, 2834.2162010107372, 875.24174929610638, 515.27669882325824, 0.31575289718924482, 0.44026527673632671, 4841.0787052176556, 2834.5709781778291, 875.00667526281848, 515.41621536665718, 0.27403539576145658, 0.46529123083189239, 10698.747769233587, 6794.6351243157142, 486.26085932129808, 503.53786023705578, 0, 0, 20.91533339676041
5.5499999999999998, 4850.4318009932422, 2839.3690244921008, 875.2445242465601, 515.28046503198402, 0.27749504536721881, 0.37662087257639565, 4849.8288074225293, 2839.7252005276159, 875.00903874584355, 515.4202284413434, 0.23634830250845557, 0.40130746861750566, 10703.610377826801, 6799.6705029180848, 486.26085932129808, 503.53786023705578, 0, 0, 20.905333396760408
5.5600000000000005, 4859.1842928576871, 2844.5218939472034, 875.2476323784897, 515.28478535082354, 0.31081319295428006, 0.43203188394806408, 4858.578938184829, 2844.8794713645493, 875.01173040190338, 515.4247986093502, 0.26916560597768041, 0.4570168006762792, 10708.472986420014, 6804.7058815204555, 486.26085932129808, 503.53786023705578, 0, 0, 20.895333396760407
5.5700000000000003, 4867.936810058115, 2849.674797048016, 875.25035748799849, 515.28846850444518, 0.27251095087380028, 0.36831536216092375, 4867.3290902041254, 2850.0337782946849, 875.01404475371112, 515.4287282121453, 0.23143518077161088, 0.39296027951364426, 10713.335595013228, 6809.7412601228261, 486.26085932129808, 503.53786023705578, 0, 0, 20.885333396760409
5.5800000000000001, 4876.6893595131642, 2854.8277453015285, 875.25341616591584, 515.29270640232426, 0.30586779173853906, 0.42378978790232225, 4876.0792702952222, 2855.1881328868294, 875.01668765771979, 515.4332155470172, 0.26429040086670524, 0.44873348718509615, 10718.198203606442, 6814.7766387251968, 486.26085932129808, 503.53786023705578, 0, 0, 20.875333396760411
5.5899999999999999, 4885.4419338027374, 2859.980726365287, 875.25609136016521, 515.29630638466767, 0.26751942494061909, 0.35999823434301292, 4884.8294711490389, 2860.3425227324919, 875.01895280700478, 515.43706155983296, 0.22651492850030264, 0.38460128157080253, 10723.060812199656, 6819.8120173275674, 486.26085932129808, 503.53786023705578, 0, 0, 20.865333396760409
5.6000000000000005, 4894.1945398537637, 2865.1337517598481, 875.25910052181109, 515.30046176562303, 0.30091616458833514, 0.41553809553658805, 4893.5796995884975, 2865.4969594141494, 875.02154689956319, 515.44146596378027, 0.25940925583735125, 0.44044039472625807, 10727.923420792869, 6824.8473959299381, 486.26085932129808, 503.53786023705578, 0, 0, 20.855333396760408
5.6100000000000003, 4902.9471702369747, 2870.2868091277974, 875.2617257213418, 515.30397845182472, 0.26251995306573861, 0.35166862017444778, 4902.3299482955481, 2870.6514305082278, 875.02376276991674, 515.44522825981414, 0.22158703535438537, 0.37622960339034928, 10732.786029386083, 6829.8827745323088, 486.26085932129808, 503.53786023705578, 0, 0, 20.84533339676041
5.6200000000000001, 4911.6998318878559, 2875.4399100037035, 875.26468529920294, 515.30805121102264, 0.29595778611324552, 0.40727591979199101, 4911.0802241014944, 2875.8059476113208, 875.02630798641496, 515.44954962615111, 0.25452164982199432, 0.43213663369403521, 10737.648637979297, 6834.9181531346794, 486.26085932129808, 503.53786023705578, 0, 0, 20.835333396760408
5.6299999999999999, 4920.4525173676511, 2880.5930420146624, 875.26726041944312, 515.31148446758482, 0.25751202401998607, 0.34332565621229566, 4919.8305196790079, 2880.9604982842393, 875.02847449635726, 515.45322806994216, 0.21665099422763656, 0.367844379101186, 10742.511246572511, 6839.9535317370501, 486.26085932129808, 503.53786023705578, 0, 0, 20.82533339676041
5.6399999999999997, 4929.2052336206661, 2885.7462167096951, 875.2701703407871, 515.3154744913794, 0.29099213439882732, 0.39900237945980671, 4928.5808418680317, 2886.1150941381366, 875.03097076700919, 515.45746628314566, 0.24962706518846198, 0.42382132035607545, 10747.373855165724, 6844.9889103394207, 486.26085932129808, 503.53786023705578, 0, 0, 20.815333396760408
5.6500000000000004, 4937.9579731983431, 2890.8994216998817, 875.27269529208479, 515.31882417622319, 0.25249512976574734, 0.334968484375678, 4937.3311833316466, 2891.2697227176805, 875.0330878300208, 515.46106073062788, 0.21170630116567415, 0.35944474821706918, 10752.236463758938, 6850.0242889417914, 486.26085932129808, 503.53786023705578, 0, 0, 20.80533339676041
5.6600000000000001, 4946.7107430540673, 2896.0526685491336, 875.27555547899397, 515.3227313422135, 0.28601869092077337, 0.39071659903043077, 4946.081550918695, 2896.4243956490232, 875.03553507989739, 515.4652156663949, 0.24472498765336276, 0.4154935767028971, 10757.099072352152, 6855.059667544162, 486.26085932129808, 503.53786023705578, 0, 0, 20.795333396760409
5.6699999999999999, 4955.4635357291718, 2901.2059448519935, 875.27803016664768, 515.32599730473146, 0.24746876537489157, 0.32659625180116508, 4954.8319372823626, 2901.5791004601656, 875.03760260445017, 515.46872596494984, 0.20675245528303282, 0.3510298554925384, 10761.961680945366, 6860.0950461465327, 486.26085932129808, 503.53786023705578, 0, 0, 20.785333396760407
5.6799999999999997, 4964.2163581863797, 2906.3592621876969, 875.28084053605232, 515.32982148181691, 0.28103694046075767, 0.38241770854523516, 4963.582349280643, 2906.7338487926945, 875.04000075351212, 515.47279749025279, 0.23981490619709711, 0.40715253030027188, 10766.824289538579, 6865.1304247489034, 486.26085932129808, 503.53786023705578, 0, 0, 20.775333396760409
5.6900000000000004, 4972.9692029566049, 2911.5126081337316, 875.28326486034177, 515.33300356292386, 0.24243242894681366, 0.31820811069843058, 4972.3327795565219, 2911.8886281574246, 875.04201864309891, 515.47622347876063, 0.20178895868036989, 0.34259885077909696, 10771.686898131793, 6870.165803351274, 486.26085932129808, 503.53786023705578, 0, 0, 20.765333396760408
5.7000000000000002, 4981.7220770121639, 2916.6659942850874, 875.28602532405205, 515.33674461135843, 0.27604637102520591, 0.37410484345335587, 4981.0832349774, 2917.0434502118092, 875.04436760622878, 515.48021145190205, 0.23489631298176264, 0.39879731414655534, 10776.549506725007, 6875.2011819536447, 486.26085932129808, 503.53786023705578, 0, 0, 20.75533339676041
5.71, 4990.4749728732477, 2921.8194082016839, 875.28839918026733, 515.33984264354058, 0.237385621529317, 0.30980321821069162, 4989.83370817576, 2922.1983024489614, 875.04633575939238, 515.48355296079092, 0.19681531636448224, 0.33415088888619526, 10781.41211531822, 6880.2365605560153, 486.26085932129808, 503.53786023705578, 0, 0, 20.745333396760408
5.7199999999999998, 4999.2278975220215, 2926.9728614946912, 875.29110964500489, 515.34350041498521, 0.27104647375899588, 0.36577714446011383, 4998.5842060286595, 2927.3531965426291, 875.04863544642501, 515.48745723145612, 0.22996870326408031, 0.39042706652159737, 10786.274723911434, 6885.271939158386, 486.26085932129808, 503.53786023705578, 0, 0, 20.73533339676041
5.7300000000000004, 5007.9808434676488, 2932.1263417059513, 875.29343292347528, 515.34651422234799, 0.23232784704131731, 0.30138073627823386, 5007.3347211577793, 2932.5081199677129, 875.05055375678671, 515.49071408275063, 0.19183103617012884, 0.32568512944530803, 10791.137332504648, 6890.3073177607566, 486.26085932129808, 503.53786023705578, 0, 0, 20.725333396760409
5.7400000000000002, 5016.7338177023948, 2937.2798604632385, 875.29609329090397, 515.35008855992191, 0.26603674286681811, 0.35743375738823463, 5016.0852604500833, 2937.6630844146798, 875.05280407253986, 515.49453449205907, 0.22503157531587767, 0.38204093084851132, 10795.999941097862, 6895.3426963631273, 486.26085932129808, 503.53786023705578, 0, 0, 20.715333396760407
5.75, 5025.4868127240961, 2942.4334052898125, 875.29836587702596, 515.35301795823693, 0.22725861219416299, 0.29293983149968883, 5024.8358165161526, 2942.8180773397107, 875.05467242882662, 515.49770649942684, 0.18683562868050216, 0.31720073677174515, 10800.862549691075, 6900.3780749654979, 486.26085932129808, 503.53786023705578, 0, 0, 20.705333396760409
5.7599999999999998, 5034.239835535368, 2947.5869878304698, 875.30097604378125, 515.35650869656729, 0.26101667553085095, 0.34907383303299422, 5033.5863962531057, 2947.9731104504135, 875.05687327313001, 515.50144287998228, 0.22008443034095398, 0.37363805554933055, 10805.725158284289, 6905.4134535678686, 486.26085932129808, 503.53786023705578, 0, 0, 20.695333396760411
5.7700000000000005, 5042.99287862242, 2952.7405955893869, 875.30319781804542, 515.35935349331726, 0.22217742641339233, 0.28447967499408688, 5042.3369922601278, 2953.1281711837455, 875.05869155920152, 515.5045298487795, 0.1818286071481392, 0.30869687972723514, 10810.587766877503, 6910.4488321702393, 486.26085932129808, 503.53786023705578, 0, 0, 20.685333396760409
5.7800000000000002, 5051.7459489984658, 2957.8942402287989, 875.30575767576374, 515.36276045858756, 0.25598577183429522, 0.3406965270271613, 5051.0876114447356, 2958.2832712648724, 875.06084282692552, 515.50818202471862, 0.21512677239772687, 0.36521759391050596, 10815.450375470717, 6915.4842107726099, 486.26085932129808, 503.53786023705578, 0, 0, 20.675333396760408
5.79, 5060.4990391377933, 2963.0479092333012, 875.30792851378135, 515.36552045301028, 0.21708380176586872, 0.27599944227189943, 5059.8382463944281, 2963.4383981110295, 875.06261092179977, 515.51118375203453, 0.17680948742113967, 0.30017273159154045, 10820.31298406393, 6920.5195893749806, 486.26085932129808, 503.53786023705578, 0, 0, 20.66533339676041
5.7999999999999998, 5069.2521560644609, 2968.2016142829812, 875.31043794912819, 515.36884346300724, 0.25094353467849384, 0.33230099969532062, 5068.5889040273623, 2968.5935634653556, 875.06471250288291, 515.51475153907393, 0.21015810831557141, 0.3567787039377221, 10825.175592657144, 6925.5549679773512, 486.26085932129808, 503.53786023705578, 0, 0, 20.655333396760408
5.8100000000000005, 5078.0052922405403, 2973.3553428423584, 875.31255772165696, 515.37151844613823, 0.21197725288042557, 0.26749831309533073, 5077.3395769190593, 2973.748754724867, 875.06643028076155, 515.51766781377319, 0.17177778786299977, 0.29162746992325927, 10830.038201250358, 6930.5903465797219, 486.26085932129808, 503.53786023705578, 0, 0, 20.645333396760407
5.8200000000000003, 5086.7584547011775, 2978.5091066097821, 875.315016616354, 515.37475731029747, 0.24588946970915854, 0.32388641592338507, 5086.0902719985588, 2978.9039836510869, 875.06848206023778, 515.5211510192554, 0.20517794762013716, 0.34832054822597724, 10834.900809843572, 6935.6257251820925, 486.26085932129808, 503.53786023705578, 0, 0, 20.635333396760409
5.8300000000000001, 5095.5116358959358, 2983.6628930292059, 875.31708518932282, 515.37734706501101, 0.20685729687745291, 0.25897547135351584, 5094.8409818291157, 2984.0592376203208, 875.07014939053056, 515.52398162201973, 0.16673302928125999, 0.28306027643560883, 10839.763418436785, 6940.6611037844632, 486.26085932129808, 503.53786023705578, 0, 0, 20.625333396760411
5.8399999999999999, 5104.2648428712919, 2988.8167138176477, 875.31949342017515, 515.38050158446117, 0.24082308523751167, 0.31545194501969198, 5103.591713350891, 2989.2145284128851, 875.07215124855509, 515.52738004495791, 0.20018580245366485, 0.33984229382119807, 10844.626027029999, 6945.6964823868338, 486.26085932129808, 503.53786023705578, 0, 0, 20.615333396760409
5.8500000000000005, 5113.0180680640115, 2993.9705563980083, 875.32151065470805, 515.38300588551044, 0.2017234532935149, 0.25043010492949108, 5112.3424591145867, 2994.3698433838854, 875.07376799590361, 515.53012474832656, 0.1616747348512656, 0.2744703368639328, 10849.488635623213, 6950.7318609892045, 486.26085932129808, 503.53786023705578, 0, 0, 20.605333396760408
5.8600000000000003, 5121.7713185321427, 2999.1244325063776, 875.3238680936297, 515.38607585311627, 0.2357438921651587, 0.30699676058234143, 5121.0932260717236, 2999.5251943328353, 875.07571980777857, 515.53343817944744, 0.19518118749898519, 0.33134311208812495, 10854.351244216426, 6955.7672395915752, 486.26085932129808, 503.53786023705578, 0, 0, 20.59533339676041
5.8700000000000001, 5130.5245866993655, 3004.2783295441195, 875.32583384606983, 515.38849446717199, 0.1965752440087252, 0.24186140557178204, 5129.8440067601659, 3004.6805685931558, 875.07728583207904, 515.53609674785582, 0.15660243004264948, 0.265856840837847, 10859.21385280964, 6960.8026181939458, 486.26085932129808, 503.53786023705578, 0, 0, 20.585333396760408
5.8799999999999999, 5139.2778796355369, 3009.4322592667972, 875.32814036010893, 515.3914796675756, 0.230651403907568, 0.29852004036425206, 5138.5948081430297, 3009.8359779839611, 875.07918746827806, 515.5393249696416, 0.19016361990215144, 0.32282217857589784, 10864.076461402854, 6965.8379967963165, 486.26085932129808, 503.53786023705578, 0, 0, 20.57533339676041
5.8899999999999997, 5148.0311897509673, 3014.5862090537585, 875.33005448204074, 515.39381235326323, 0.19141219317487601, 0.23326856876727148, 5147.3456227450588, 3014.991409816505, 875.08070262470358, 515.54189715945915, 0.15151564254656091, 0.25721898175466906, 10868.939069996068, 6970.8733753986871, 486.26085932129808, 503.53786023705578, 0, 0, 20.565333396760408
5.9000000000000004, 5156.7845241275581, 3019.7401906804362, 875.33230993340396, 515.39671256292468, 0.22554513632150452, 0.29002096614482159, 5156.096457541199, 3020.1468759299005, 875.08255395089554, 515.54503994618801, 0.18513261919897217, 0.31427867289028039, 10873.801678589281, 6975.9087540010578, 486.26085932129808, 503.53786023705578, 0, 0, 20.55533339676041
5.9100000000000001, 5165.5378751619664, 3024.8941915036844, 875.33417227167547, 515.39895907086088, 0.1862338271476297, 0.22465079362084811, 5164.8473050427929, 3025.3023636127559, 875.08401808991766, 515.54752550575461, 0.1464139022069009, 0.24855595665966257, 10878.664287182495, 6980.9441326034284, 486.26085932129808, 503.53786023705578, 0, 0, 20.545333396760409
5.9199999999999999, 5174.2912499483746, 3030.0482233192015, 875.33637651775177, 515.40177405809686, 0.22042460763262844, 0.28149872360188788, 5173.5981722368479, 3030.4578847245803, 875.08581896699013, 515.55058262354032, 0.18008770724171005, 0.30571177856618198, 10883.526895775709, 6985.9795112057991, 486.26085932129808, 503.53786023705578, 0, 0, 20.535333396760407
5.9299999999999997, 5183.0446408695034, 3035.2022734608749, 875.33818691449585, 515.40393413092409, 0.1810396744106523, 0.21600728272167585, 5182.3490516210286, 3035.6134265308606, 875.0872319343996, 515.55298129320147, 0.14129674094362318, 0.23986696611282809, 10888.389504368923, 6991.0148898081698, 486.26085932129808, 503.53786023705578, 0, 0, 20.525333396760409
5.9400000000000004, 5191.798055032049, 3040.3563537450596, 875.34033980787945, 515.40666365594586, 0.21528933836140057, 0.27295250218089878, 5191.0999501946335, 3040.7690009118951, 875.08898221848085, 515.5559525000308, 0.17502840812411757, 0.29712068293737187, 10893.252112962136, 6996.0502684105404, 486.26085932129808, 503.53786023705578, 0, 0, 20.515333396760408
5.9500000000000002, 5200.5514848045177, 3045.5104514822051, 875.3420981005346, 515.4087370283662, 0.17582926551118958, 0.20733724202850834, 5199.8508604413719, 3045.9245951095777, 875.0903438554077, 515.55826401217155, 0.13616369268730771, 0.23115121407483982, 10898.11472155535, 7001.0856470129111, 486.26085932129808, 503.53786023705578, 0, 0, 20.50533339676041
5.96, 5209.3049373063504, 3050.664578509713, 875.34419948904713, 515.4113808433159, 0.2101388512510502, 0.26438149496752972, 5208.6017893730632, 3051.080221025386, 875.0920433978888, 515.56114905794163, 0.16995424810850568, 0.28850457700965737, 10902.977330148564, 7006.1210256152817, 486.26085932129808, 503.53786023705578, 0, 0, 20.495333396760408
5.9699999999999998, 5218.0584048915607, 3055.8187221141284, 875.34590551037707, 515.4133672421234, 0.17060213298942276, 0.19863988074467437, 5217.3527294591859, 3056.2358658771514, 875.09335354082191, 515.56337313701943, 0.13101429330760894, 0.22240790778259639, 10907.839938741778, 7011.1564042176524, 486.26085932129808, 503.53786023705578, 0, 0, 20.48533339676041
5.9800000000000004, 5226.8118946925651, 3060.9728941542844, 875.34795523708908, 515.4159250911091, 0.20497267119879689, 0.25578489856573028, 5226.1036877243077, 3061.3915415879201, 875.09500218837752, 515.56617176357281, 0.16486475555602004, 0.27986265533951893, 10912.702547334991, 7016.191782820023, 486.26085932129808, 503.53786023705578, 0, 0, 20.475333396760409
5.9900000000000002, 5235.565399048608, 3066.1270818923572, 875.34960881520226, 515.41782423522113, 0.16535781131214478, 0.18991441120025804, 5234.8546566234036, 3066.5472353509945, 875.09626066918293, 515.56830812614908, 0.12584808054596033, 0.21363625763200525, 10917.565155928205, 7021.2271614223937, 486.26085932129808, 503.53786023705578, 0, 0, 20.465333396760407
6, 5244.3189251053091, 3071.2812972089964, 875.35160671845415, 515.4202958543508, 0.19979032518372328, 0.24716191297021348, 5243.6056431940142, 3071.7029591113733, 875.09785826379141, 515.57102006730815, 0.15975946085361914, 0.27119411590715753, 10922.427764521419, 7026.2625400247643, 486.26085932129808, 503.53786023705578, 0, 0, 20.455333396760409
6.0099999999999998, 5253.0724651868695, 3076.4355273415472, 875.35320767682219, 515.42210745483806, 0.16009583680226697, 0.18116004872735431, 5252.3566398763414, 3076.8587000373677, 875.09906490973083, 515.57306842207868, 0.12066459394417153, 0.20483547705380453, 10927.290373114633, 7031.297918627135, 486.26085932129808, 503.53786023705578, 0, 0, 20.445333396760411
6.0200000000000005, 5261.8260264523387, 3081.5897841928568, 875.35515359024419, 515.42449257225257, 0.19459134219963142, 0.2385117414472428, 5261.1076537211229, 3082.0144700963124, 875.10061128869427, 515.57569340367866, 0.15463789634596137, 0.26249815999788373, 10932.152981707846, 7036.3332972295057, 486.26085932129808, 503.53786023705578, 0, 0, 20.435333396760409
6.0300000000000002, 5270.579601210603, 3086.7440549749808, 875.35670174771997, 515.42621633236809, 0.15481574757703959, 0.17237601154981763, 5269.8586771535165, 3087.1702564310667, 875.10176592244204, 515.57765345150267, 0.11546337478160726, 0.19600478240395658, 10937.01559030106, 7041.3686758318763, 486.26085932129808, 503.53786023705578, 0, 0, 20.425333396760408
6.04, 5279.3331966343685, 3091.898351613343, 875.35859550025179, 515.42851466827221, 0.18937525318477905, 0.22983359041023715, 5278.6097172376803, 3092.3260710316804, 875.10326091840466, 515.58019119142341, 0.14949959626421822, 0.25377399207829721, 10941.878198894274, 7046.404054434247, 486.26085932129808, 503.53786023705578, 0, 0, 20.41533339676041
6.0499999999999998, 5288.0868050169338, 3097.052661294254, 875.3600906710866, 515.43015028347884, 0.14951708347883264, 0.16356152066064189, 5287.3607663834591, 3097.4819010151036, 875.10436335806469, 515.5820626253518, 0.11024396600503661, 0.18714339284160708, 10946.740807487487, 7051.4394330366176, 486.26085932129808, 503.53786023705578, 0, 0, 20.405333396760408
6.0600000000000005, 5296.8404335448831, 3102.2069959660894, 875.36193208699615, 515.43236155017189, 0.18414159095464905, 0.22112666930042341, 5296.1118316686543, 3102.63775839448, 875.10580679903126, 515.58451283354862, 0.14434409665787368, 0.24502081967754147, 10951.603416080701, 7056.4748116389883, 486.26085932129808, 503.53786023705578, 0, 0, 20.395333396760407
6.0700000000000003, 5305.5940744956606, 3107.3613427889609, 875.36337408085626, 515.43390870816893, 0.14419938601197246, 0.15471579970940805, 5304.8629054875319, 3107.7936302603948, 875.10685685815292, 515.58629533885073, 0.10500591216444449, 0.17825053021716775, 10956.466024673915, 7061.5101902413589, 486.26085932129808, 503.53786023705578, 0, 0, 20.385333396760409
6.0800000000000001, 5314.3477350699523, 3112.5157137345714, 875.36516297975766, 515.43603261007365, 0.17888989013542073, 0.21239019046865604, 5313.613994931754, 3112.9495286494612, 875.10824856750617, 515.5886577173834, 0.13917093532721256, 0.23623785326973332, 10961.328633267129, 7066.5455688437296, 486.26085932129808, 503.53786023705578, 0, 0, 20.375333396760411
6.0899999999999999, 5323.1014075290796, 3117.6700959363834, 875.36655160174041, 515.43749099082254, 0.13886219827715143, 0.14583807488569125, 5322.3650923797431, 3118.105440625448, 875.10924605509967, 515.590350971573, 0.09974875934644889, 0.16932541895633829, 10966.191241860342, 7071.5809474461003, 486.26085932129808, 503.53786023705578, 0, 0, 20.365333396760409
6.1000000000000005, 5331.8550990880503, 3122.8245013897972, 875.36828779861139, 515.43952722451309, 0.17361968709779818, 0.20362336905782713, 5331.1162049372415, 3123.2613782488097, 875.1105858516172, 515.59262521463461, 0.13397965175615728, 0.22742430615698772, 10971.053850453556, 7076.6163260484709, 486.26085932129808, 503.53786023705578, 0, 0, 20.355333396760408
6.1100000000000003, 5340.6088019917961, 3127.9789172011788, 875.36962284926051, 515.44089650026115, 0.13350506491092379, 0.13692757481091722, 5339.8673249665662, 3128.4173285560491, 875.11153057216836, 515.59422888749418, 0.094472055112723816, 0.16036728595262609, 10975.91645904677, 7081.6517046508416, 486.26085932129808, 503.53786023705578, 0, 0, 20.34533339676041
6.1200000000000001, 5349.3625234698666, 3133.1333553899949, 875.37130615445938, 515.44284475449001, 0.16833051989206338, 0.1948254228873075, 5348.6184595877558, 3133.5733036318334, 875.11281827003882, 515.59641468143775, 0.12876978704630723, 0.21857939435448637, 10980.779067639984, 7086.6870832532122, 486.26085932129808, 503.53786023705578, 0, 0, 20.335333396760408
6.1299999999999999, 5358.1162557505413, 3138.2878030350694, 875.37258742977963, 515.44412458979423, 0.12812753202067395, 0.12798353042267979, 5357.3696011467582, 3138.7292904849519, 875.11371002352314, 515.59792843504226, 0.089175348433957663, 0.15137536045228844, 10985.641676233197, 7091.7224618555829, 486.26085932129808, 503.53786023705578, 0, 0, 20.32533339676041
6.1400000000000006, 5366.8700060781284, 3143.442272180303, 875.37421764906139, 515.4459845455176, 0.16302192818087832, 0.18599557233363651, 5366.1207567781257, 3143.8853012246527, 875.11494543236165, 515.600025458407, 0.12354088384875689, 0.20970233647177761, 10990.504284826411, 7096.7578404579535, 486.26085932129808, 503.53786023705578, 0, 0, 20.315333396760408
6.1500000000000004, 5375.6237666639909, 3148.5967498765344, 875.37544494053259, 515.44717459726621, 0.12272914712151184, 0.11900517486224879, 5374.8719188111781, 3149.0413228315679, 875.11578401425788, 515.60144894714642, 0.083858189625704113, 0.14234887394248641, 10995.366893419625, 7101.7932190603242, 486.26085932129808, 503.53786023705578, 0, 0, 20.30533339676041
6.1600000000000001, 5384.3775447674143, 3153.7512481924632, 875.37702187506432, 515.44894592766843, 0.15769345317627509, 0.17713304021816237, 5383.6230943951932, 3154.1973674398923, 875.11696693912086, 515.60345687068241, 0.11829248630003261, 0.20079235360106742, 11000.229502012839, 7106.8285976626948, 486.26085932129808, 503.53786023705578, 0, 0, 20.295333396760409
6.1699999999999999, 5393.131332582584, 3158.9057541505013, 875.37819496965506, 515.45004584510207, 0.1173094590735172, 0.1099917433626415, 5392.3742758426042, 3159.3534220016581, 875.1177521404237, 515.60478974128284, 0.078520130284570194, 0.13328706004000837, 11005.092110606052, 7111.8639762650655, 486.26085932129808, 503.53786023705578, 0, 0, 20.285333396760407
6.1799999999999997, 5401.8851373839761, 3164.0602798445102, 875.37971841603076, 515.45172821561903, 0.15234463757559705, 0.16823705169292424, 5401.1254703176292, 3164.5094986763715, 875.11888238182325, 515.60670822797488, 0.11302413995699084, 0.1918486692037461, 11009.954719199266, 7116.8993548674362, 486.26085932129808, 503.53786023705578, 0, 0, 20.275333396760409
6.1900000000000004, 5410.6389513483391, 3169.2148122680373, 875.38083709621105, 515.45273764035051, 0.11186801802667642, 0.10094247314946328, 5409.8766701155555, 3169.6655843870244, 875.11961398905555, 515.60795011951882, 0.073160723231973146, 0.12418915439283681, 11014.81732779248, 7121.9347334698068, 486.26085932129808, 503.53786023705578, 0, 0, 20.265333396760408
6.2000000000000002, 5419.3927817655549, 3174.3693635404661, 875.38230684646601, 515.45433070869183, 0.14697502550067398, 0.15930683413189223, 5418.6278824157553, 3174.8216913187957, 875.12069134297292, 515.60977882460884, 0.10773539173489416, 0.18287050900230628, 11019.679936385694, 7126.9701120721775, 486.26085932129808, 503.53786023705578, 0, 0, 20.25533339676041
6.21, 5428.146620794676, 3179.5239206260435, 875.38337089021957, 515.45524927472502, 0.10640437535513275, 0.091856603323958536, 5427.3790994961137, 3179.9778063652011, 875.12136913819734, 515.61092936855448, 0.067779522447364432, 0.11505439456383329, 11024.542544978907, 7132.0054906745481, 486.26085932129808, 503.53786023705578, 0, 0, 20.245333396760408
6.2199999999999998, 5436.9004757412022, 3184.6784956700335, 875.38478673184397, 515.4567526908952, 0.14158416243551475, 0.15034161701972243, 5436.1303285513641, 3185.133941737452, 875.12239339609573, 515.61266793956315, 0.10242578984401954, 0.17385710086976658, 11029.405153572121, 7137.0408692769188, 486.26085932129808, 503.53786023705578, 0, 0, 20.23533339676041
6.2300000000000004, 5445.6543387462334, 3189.8330756069486, 875.38579591268001, 515.45758002464277, 0.10091808359960802, 0.082733374759621697, 5444.8815618417375, 3190.2900842991507, 875.12301715692581, 515.61372675976247, 0.062376083009492891, 0.10588201992806213, 11034.267762165335, 7142.0762478792894, 486.26085932129808, 503.53786023705578, 0, 0, 20.225333396760409
6.2400000000000002, 5454.4082171310993, 3194.9876726082898, 875.3871576286316, 515.45899343096119, 0.13617159516400129, 0.14134063184049012, 5453.6328065775397, 3195.4462462878996, 875.12398810576303, 515.61537483650966, 0.097094883726259851, 0.1648076747190784, 11039.130370758548, 7147.1116264816601, 486.26085932129808, 503.53786023705578, 0, 0, 20.215333396760407
6.25, 5463.1621030186898, 3200.142273578404, 875.38811171559564, 515.45972915126117, 0.095408696408491533, 0.073572029996563579, 5462.3840550010918, 3200.6024145369556, 875.12455760537341, 515.61634154922535, 0.056949961036345684, 0.096671271567863343, 11043.992979351762, 7152.1470050840308, 486.26085932129808, 503.53786023705578, 0, 0, 20.205333396760409
6.2599999999999998, 5471.9160037463762, 3205.2968907153836, 875.38941908431275, 515.46105218238085, 0.13073687170569309, 0.13230311196325448, 5471.1353143384795, 3205.758601310667, 875.12547502761333, 515.61789876384921, 0.091742223989854974, 0.15572146238935247, 11048.855587944976, 7157.1823836864014, 486.26085932129808, 503.53786023705578, 0, 0, 20.195333396760411
6.2700000000000005, 5480.6699114185849, 3210.4515108929795, 875.39031784199756, 515.46169590051215, 0.089875768477522766, 0.064371813133508621, 5479.886576813863, 3210.9147934115144, 875.12599003474952, 515.61877297777085, 0.051500713623694239, 0.087421392165548895, 11053.71819653819, 7162.2177622887721, 486.26085932129808, 503.53786023705578, 0, 0, 20.185333396760409
6.2800000000000002, 5489.4238333889361, 3215.6061463362284, 875.39157063741015, 515.46292818343761, 0.1252795412622226, 0.12322829254520175, 5488.6378496693151, 3216.0710031309468, 875.12685370837312, 515.62023895474636, 0.086367362354543772, 0.14659769754976504, 11058.580805131403, 7167.2531408911427, 486.26085932129808, 503.53786023705578, 0, 0, 20.175333396760408
6.29, 5498.1777617431389, 3220.7607838878585, 875.39241382596515, 515.46347950313486, 0.084318855494843192, 0.055131969728683838, 5497.3891251105833, 3221.2272172402381, 875.12731398736105, 515.62102027100536, 0.046027898788916846, 0.078131625905046118, 11063.443413724617, 7172.2885194935134, 486.26085932129808, 503.53786023705578, 0, 0, 20.16533339676041
6.2999999999999998, 5506.9317038512718, 3225.9154358002015, 875.39361181750667, 515.46462065723904, 0.11979915415311702, 0.1141154104171766, 5506.1404103959349, 3226.3834480582905, 875.12812368587686, 515.62239462716127, 0.080969851586291913, 0.13743561558576292, 11068.306022317831, 7177.323898095884, 486.26085932129808, 503.53786023705578, 0, 0, 20.155333396760408
6.3100000000000005, 5515.6856517800743, 3231.0700888845358, 875.39439919264748, 515.46507917470592, 0.078737514081270832, 0.045851746692728651, 5514.8916977124545, 3231.5396823247447, 875.12852899663096, 515.62308263934494, 0.040531075410104901, 0.068801218365525399, 11073.168630911045, 7182.3592766982547, 486.26085932129808, 503.53786023705578, 0, 0, 20.145333396760407
6.3200000000000003, 5524.4396129162897, 3236.2247554208384, 875.39554214526504, 515.46612881174576, 0.11429526175756868, 0.10496370397906746, 5523.6429943348076, 3236.6959323863061, 875.12928448908531, 515.6243649838799, 0.07554924543786655, 0.12823445349518298, 11078.031239504258, 7187.3946553006253, 486.26085932129808, 503.53786023705578, 0, 0, 20.135333396760409
6.3300000000000001, 5533.1935793074372, 3241.3794221885146, 875.39627345828239, 515.46649411566762, 0.073131301735186713, 0.036530392189231452, 5532.3942924311687, 3241.8521849505573, 875.12963458711704, 515.62495927804412, 0.0350098031696984, 0.059429416422703413, 11082.893848097472, 7192.430033902996, 486.26085932129808, 503.53786023705578, 0, 0, 20.125333396760411
6.3399999999999999, 5541.947558357132, 3246.5341014955334, 875.39736113244692, 515.46745183979863, 0.1087674164571787, 0.095772413096771744, 5541.1455992928049, 3247.0084523923551, 875.13033563810291, 515.62614921254203, 0.070105098590357795, 0.11899344978596724, 11087.756456690686, 7197.4654125053667, 486.26085932129808, 503.53786023705578, 0, 0, 20.115333396760409
6.3500000000000005, 5550.7015420934231, 3251.6887800890045, 875.39803613021468, 515.46772351135394, 0.067499776775412829, 0.027167155531884684, 5549.8969070687326, 3252.1647213868009, 875.1306302745279, 515.62664936722354, 0.029463642496130565, 0.050015468146754408, 11092.6190652839, 7202.5007911077373, 486.26085932129808, 503.53786023705578, 0, 0, 20.105333396760408
6.3600000000000003, 5559.4555379370013, 3256.8434703052349, 875.39906828193045, 515.46858891914383, 0.10321517157574456, 0.086540778994205217, 5558.6482230670226, 3257.3210043372496, 875.1312766441938, 515.62774648566722, 0.064636966591775563, 0.10971184436890255, 11097.481673877113, 7207.536169710108, 486.26085932129808, 503.53786023705578, 0, 0, 20.09533339676041
6.3700000000000001, 5568.2095378961949, 3261.9981588586193, 875.39968670691326, 515.46876653201468, 0.061842498284526572, 0.017761287082319666, 5567.399539417288, 3262.4772878858998, 875.13151556573882, 515.62815207189419, 0.023892154505888184, 0.040558622700913205, 11102.344282470327, 7212.5715483124786, 486.26085932129808, 503.53786023705578, 0, 0, 20.085333396760408
6.3799999999999999, 5576.9635494089762, 3267.1528581141461, 875.40066308772646, 515.4695392124562, 0.097638081324764384, 0.077268044154771107, 5576.1508634446063, 3267.6335844649507, 875.13210700979687, 515.62915596067876, 0.059144405801263407, 0.1003888784598802, 11107.206891063541, 7217.6069269148493, 486.26085932129808, 503.53786023705578, 0, 0, 20.07533339676041
6.3900000000000006, 5585.7175644637073, 3272.3075547530761, 875.40122467798699, 515.46962233283773, 0.056159026055425582, 0.0083120381532962584, 5584.9021872589392, 3272.7898806832768, 875.13228995880638, 515.62946654198117, 0.018294900948758595, 0.03105813024547098, 11112.069499656754, 7222.6423055172199, 486.26085932129808, 503.53786023705578, 0, 0, 20.065333396760408
6.4000000000000004, 5594.4715905158419, 3277.4622611694222, 875.40214503499442, 515.47030186735992, 0.092035700743979459, 0.067953452214533291, 5593.6535182025737, 3277.9461890022658, 875.13282622853967, 515.63037677992588, 0.053626973328410842, 0.091023794473822389, 11116.932108249968, 7227.6776841195906, 486.26085932129808, 503.53786023705578, 0, 0, 20.05533339676041
6.4100000000000001, 5603.2256195335294, 3282.6169640108951, 875.40264952419977, 515.47029005396905, 0.050448920536313578, -0.0011813390907835543, 5602.4048483655761, 3283.1024959970514, 875.13295294298121, 515.63059191234424, 0.012671444151506069, 0.02151324183908955, 11121.794716843182, 7232.7130627219613, 486.26085932129808, 503.53786023705578, 0, 0, 20.045333396760409
6.4199999999999999, 5611.9796589899097, 3287.771675700872, 875.40351360005627, 515.47087601644773, 0.086407585648867941, 0.058596247866895851, 5611.1561851076403, 3288.2588141585502, 875.13343378525099, 515.63140807070351, 0.048084226979396898, 0.08161583593018723, 11126.657325436396, 7237.7484413243319, 486.26085932129808, 503.53786023705578, 0, 0, 20.035333396760407
6.4299999999999997, 5620.7337008326713, 3292.9263828530979, 875.4039607174841, 515.47076882053045, 0.044711742778520289, -0.010719591728705033, 5619.9075204986948, 3293.4151300277385, 875.13350399872058, 515.63152730279694, 0.0070213469643233689, 0.011923209344807742, 11131.519934029609, 7242.7838199267026, 486.26085932129808, 503.53786023705578, 0, 0, 20.025333396760409
6.4400000000000004, 5629.48775255284, 3298.0810979206549, 875.4047682504098, 515.47126077729808, 0.0807532925733081, 0.049195676759199392, 5628.6588619160411, 3298.5714561254035, 875.13392915597262, 515.63224894527048, 0.042515725198360298, 0.07216424735035562, 11136.382542622823, 7247.8191985290732, 486.26085932129808, 503.53786023705578, 0, 0, 20.015333396760408
6.4500000000000002, 5638.2418060774025, 3303.2358074829081, 875.40515772095364, 515.47105774263628, 0.038947054380304123, -0.020303466184005418, 5637.4102014092268, 3303.7277789579489, 875.13394259769962, 515.63227181812374, 0.0013441727033100537, 0.002287285329285807, 11141.245151216037, 7252.8545771314439, 486.26085932129808, 503.53786023705578, 0, 0, 20.00533339676041
6.46, 5646.9958689154691, 3308.3905240229824, 875.4059084447407, 515.47145525249016, 0.07507237871098757, 0.039750985387177265, 5646.1615463733579, 3308.884111076371, 875.13431180796965, 515.63289850086528, 0.036921027007518308, 0.062668274152876652, 11146.107759809251, 7257.8899557338145, 486.26085932129808, 503.53786023705578, 0, 0, 19.995333396760408
6.4699999999999998, 5655.749932973079, 3313.5452340854508, 875.40623998891499, 515.47115591540694, 0.03315441743243204, -0.029933708323643914, 5654.9128888373607, 3314.0404389520882, 875.13426820282064, 515.63282454809496, -0.0043605149053164843, -0.0073952770350290686, 11150.970368402464, 7262.9253343361852, 486.26085932129808, 503.53786023705578, 0, 0, 19.98533339676041
6.4800000000000004, 5664.5040057776287, 3318.6999501838181, 875.4069336329336, 515.47145852961694, 0.069364401866613995, 0.030261421005647497, 5663.664236214343, 3319.1967751666434, 875.13458119974018, 515.63335581972058, 0.031299691956920866, 0.053127162565046987, 11155.832976995678, 7267.9607129385558, 486.26085932129808, 503.53786023705578, 0, 0, 19.975333396760409
6.4900000000000002, 5673.258079213967, 3323.8546588274548, 875.40720696687833, 515.47106241898143, 0.027333394468354408, -0.039611063549095687, 5672.4155805123673, 3324.353106156057, 875.13448026822243, 515.63318456747993, -0.010093151776503009, -0.017125224060109134, 11160.695585588892, 7272.9960915409265, 486.26085932129808, 503.53786023705578, 0, 0, 19.965333396760407
6.5, 5682.0121608279742, 3329.0093725605793, 875.40784325608229, 515.47126968129669, 0.063628920396919655, 0.020726231522176817, 5681.1669291627413, 3329.5094445327559, 875.13473678102309, 515.63361996907508, 0.025651280064135626, 0.043540159517380987, 11165.558194182106, 7278.0314701432972, 486.26085932129808, 503.53786023705578, 0, 0, 19.955333396760409
6.5099999999999998, 5690.7662424830669, 3334.1640778569508, 875.40805809156643, 515.47077631852778, 0.021483548411666237, -0.049336276892022503, 5689.9182741524255, 3334.6657766969515, 875.13457823928786, 515.63335093605872, -0.015854173520333907, -0.026903301637142517, 11170.420802775319, 7283.0668487456678, 486.26085932129808, 503.53786023705578, 0, 0, 19.945333396760411
6.5200000000000005, 5699.5203317438063, 3339.3187872918361, 875.40863674649802, 515.47088776518183, 0.057865493161937273, 0.011144665407755425, 5698.669622931121, 3339.8221152922888, 875.13477799280554, 515.63369000118428, 0.019975351764029377, 0.033906512555195022, 11175.283411368533, 7288.1022273480385, 486.26085932129808, 503.53786023705578, 0, 0, 19.935333396760409
6.5300000000000002, 5708.2744204519377, 3344.4734873029738, 875.40879279092326, 515.47029666425078, 0.015604442526410803, -0.059110093105286379, 5707.4209674644471, 3344.9784466827623, 875.13456155265055, 515.63332269863099, -0.021644015493225172, -0.036730255326635437, 11180.146019961747, 7293.1376059504091, 486.26085932129808, 503.53786023705578, 0, 0, 19.925333396760408
6.54, 5717.0285161908987, 3349.6281904970119, 875.40931352771793, 515.47031182396677, 0.052073679467605223, 0.0015159715929910882, 5716.1723152206941, 3350.134783543569, 875.13470426732908, 515.63356495332835, 0.014271467849991205, 0.024225469735644364, 11185.008628554961, 7298.1729845527798, 486.26085932129808, 503.53786023705578, 0, 0, 19.91533339676041
6.5499999999999998, 5725.7826107805222, 3354.782883275263, 875.40941048412151, 515.46962249139915, 0.0096956403621893568, -0.068933256762668857, 5724.9236581439009, 3355.2911122020778, 875.13442963620059, 515.63309888502374, -0.027463112854253936, -0.046606830457255069, 11189.871237148174, 7303.2083631551504, 486.26085932129808, 503.53786023705578, 0, 0, 19.905333396760408
6.5600000000000005, 5734.5367118233189, 3359.9375782760867, 875.40987301451162, 515.46954088539292, 0.046253039016164836, -0.0081606006228130655, 5733.6750037211414, 3360.4474453653697, 875.13451502809482, 515.63324384781913, 0.0085391894228089849, 0.01449627953772574, 11194.733845741388, 7308.2437417575211, 486.26085932129808, 503.53786023705578, 0, 0, 19.895333396760407
6.5700000000000003, 5743.29081111697, 3365.0922618639638, 875.40991058156862, 515.4687528202694, 0.0037567057046993882, -0.078806512349639646, 5742.4263438746375, 3365.6037693237822, 875.13418190908862, 515.63267851009698, -0.03331190061616314, -0.056533772215660347, 11199.596454334602, 7313.2791203598917, 486.26085932129808, 503.53786023705578, 0, 0, 19.885333396760409
6.5800000000000001, 5752.0449162832556, 3370.2469467092965, 875.41031461288719, 515.46857396225266, 0.040403131852709814, -0.017885801669050017, 5751.1776861104399, 3370.7600968166116, 875.13420968986702, 515.63272569200467, 0.0027780778357354777, 0.0047181907657882771, 11204.459062927815, 7318.3144989622624, 486.26085932129808, 503.53786023705578, 0, 0, 19.875333396760411
6.5899999999999999, 5760.7990190974651, 3375.4016191393284, 875.41029248491247, 515.46768665620914, -0.002212797475192152, -0.088730604356637474, 5759.9290223287162, 3375.9164140967578, 875.13381778173004, 515.63206057374725, -0.039190813697830895, -0.066511825738845523, 11209.321671521029, 7323.3498775646331, 486.26085932129808, 503.53786023705578, 0, 0, 19.865333396760409
6.6000000000000005, 5769.553127200842, 3380.5562918568335, 875.41063772009556, 515.46741005239119, 0.034523518312328666, -0.027660381800289794, 5768.6803600546873, 3381.0727339360633, 875.1337876586764, 515.63200947827181, -0.0030123053598832203, -0.0051095475460271739, 11214.184280114243, 7328.3852561670037, 486.26085932129808, 503.53786023705578, 0, 0, 19.855333396760408
6.6100000000000003, 5778.3072323460474, 3385.7109511514159, 875.41055558704488, 515.46642298961751, -0.0082133050696597612, -0.098706277367915943, 5777.4316911662308, 3386.2290425495858, 875.1333366558066, 515.63124406090981, -0.045100286974087973, -0.076541736202010616, 11219.046888707457, 7333.4206347693744, 486.26085932129808, 503.53786023705578, 0, 0, 19.84533339676041
6.6200000000000001, 5787.0613421939815, 3390.8656097585485, 875.41084172463457, 515.46604813870567, 0.028613758969511037, -0.03748509118907533, 5786.1830232079292, 3391.385352742042, 875.13324833182196, 515.63109418404758, -0.0088323984667722163, -0.014987686225629807, 11223.90949730067, 7338.456013371745, 486.26085932129808, 503.53786023705578, 0, 0, 19.835333396760408
6.6299999999999999, 5795.81544847444, 3396.0202539297943, 875.41069927210572, 515.46496079594419, -0.014245252883476174, -0.10873427615270903, 5794.9343480351345, 3396.5416506902452, 875.13273792426867, 515.63022794155847, -0.05104075532688418, -0.08662424890875027, 11228.772105893884, 7343.4913919741157, 486.26085932129808, 503.53786023705578, 0, 0, 19.82533339676041
6.6400000000000006, 5804.5695588681729, 3401.1748964336516, 875.41092600625166, 515.46448718914405, 0.022673414590224664, -0.047360680014359655, 5803.6856732119813, 3401.6979492321143, 875.1325910978718, 515.62997877179794, -0.014682639691285526, -0.024916976050424547, 11233.634714487098, 7348.5267705764863, 486.26085932129808, 503.53786023705578, 0, 0, 19.815333396760408
6.6500000000000004, 5813.3236650818735, 3406.3295234832412, 875.41072291548483, 515.46329903568653, -0.020309076683031523, -0.11881534575558797, 5812.4369905710619, 3406.8542345058158, 875.13202097133478, 515.62901117070419, -0.057012653695949433, -0.096760109380415016, 11238.497323080312, 7353.562149178857, 486.26085932129808, 503.53786023705578, 0, 0, 19.80533339676041
6.6600000000000001, 5822.0777748163355, 3411.4841478804133, 875.41088993594565, 515.46272615670091, 0.016702046079406153, -0.057287898557651193, 5821.1883076962549, 3412.0105193827976, 875.13181533666284, 515.62866218902582, -0.020563467197504411, -0.034898167842493333, 11243.359931673525, 7358.5975277812277, 486.26085932129808, 503.53786023705578, 0, 0, 19.795333396760409
6.6699999999999999, 5830.8318797549127, 3416.6387557994453, 875.41062588382317, 515.46143665438501, -0.02640521224768879, -0.12895023159079069, 5829.9396163971587, 3417.1667899621784, 875.13118517249154, 515.62759268839136, -0.063016417131780772, -0.10695006344945156, 11248.222540266739, 7363.6329063835983, 486.26085932129808, 503.53786023705578, 0, 0, 19.785333396760407
6.6799999999999997, 5839.5859876186332, 3421.7933600758647, 875.41073287596748, 515.46076397941204, 0.010699214429667606, -0.067267497297224726, 5838.6909242775855, 3422.3230591492606, 875.13092041929997, 515.62714336826571, -0.026475319160162825, -0.044932012561816288, 11253.085148859953, 7368.668284985969, 486.26085932129808, 503.53786023705578, 0, 0, 19.775333396760409
6.6900000000000004, 5848.3400900672787, 3426.9479468447071, 875.41040753501329, 515.45937258261677, -0.03253409541406304, -0.13913967952487818, 5847.4422231239059, 3427.4793130037147, 875.13022989449155, 515.62597141969229, -0.069052480841686137, -0.117194857340991, 11257.947757453167, 7373.7036635883396, 486.26085932129808, 503.53786023705578, 0, 0, 19.765333396760408
6.7000000000000002, 5857.0941948423006, 3432.1025289754994, 875.41045417982002, 515.4585995803468, 0.0046644806750409246, -0.077300226994047358, 5856.1935205600557, 3432.6355644650225, 875.12990570815339, 515.62542122707839, -0.032418633812637397, -0.05501926139114801, 11262.81036604638, 7378.7390421907103, 486.26085932129808, 503.53786023705578, 0, 0, 19.75533339676041
6.71, 5865.8482935796746, 3437.2570925636373, 875.41006721819872, 515.45710573598706, -0.03869616212617618, -0.14938443596925263, 5864.9448083489451, 3437.7917995530074, 875.12915449535092, 515.62414627470071, -0.075121280241640942, -0.12749523776433652, 11267.672974639594, 7383.7744207930809, 486.26085932129808, 503.53786023705578, 0, 0, 19.745333396760408
6.7199999999999998, 5874.602394041468, 3442.4116505129714, 875.41005319225712, 515.45623186759917, -0.0014025941600703459, -0.08738683878576424, 5873.6960941348216, 3442.9480312416545, 875.1287705568559, 515.62349466804244, -0.038393849499683275, -0.065160665828981168, 11272.535583232808, 7388.8097993954516, 486.26085932129808, 503.53786023705578, 0, 0, 19.73533339676041
6.7300000000000004, 5883.3564878396137, 3447.56618887886, 875.40960427377229, 515.45463501511949, -0.044891848482066565, -0.15968524796687877, 5882.4473696569021, 3448.1042455105421, 875.12795832434585, 515.62211614852242, -0.081223251004680669, -0.13785195199860656, 11277.398191826022, 7393.8451779978222, 486.26085932129808, 503.53786023705578, 0, 0, 19.725333396760409
6.7400000000000002, 5892.1105827569836, 3452.7207205997984, 875.40952924928115, 515.4536597342767, -0.0075024491104856081, -0.097528084278363444, 5891.198642579935, 3453.2604553684805, 875.12751431029858, 515.62136257874465, -0.044401404728765463, -0.07535697778016065, 11282.260800419235, 7398.8805566001929, 486.26085932129808, 503.53786023705578, 0, 0, 19.715333396760407
6.75, 5900.8646703812374, 3457.8752316907116, 875.40901803337329, 515.45195930564387, -0.051121590781227938, -0.17004286328048385, 5899.9499046192141, 3458.416646754406, 875.12664072200744, 515.6198799212649, -0.087358829110138203, -0.14826574797984751, 11287.123409012449, 7403.9159352025636, 486.26085932129808, 503.53786023705578, 0, 0, 19.705333396760409
6.7599999999999998, 5909.6187585162425, 3463.0297351250606, 875.40888167814012, 515.45088205848754, -0.013635523313971852, -0.10772471562818084, 5908.7011634601731, 3463.5728327122761, 875.12613630462533, 515.61902383176857, -0.050441738215637209, -0.085608949636768517, 11291.986017605663, 7408.9513138049342, 486.26085932129808, 503.53786023705578, 0, 0, 19.695333396760411
6.7700000000000005, 5918.3728387251504, 3468.1842168769408, 875.40830781988439, 515.44907747818274, -0.057385825570664913, -0.18045803047855993, 5917.4524107939515, 3468.7289991399875, 875.12520102011638, 515.61743645802471, -0.09352845089154728, -0.15873737438591962, 11296.848626198876, 7413.9866924073049, 486.26085932129808, 503.53786023705578, 0, 0, 19.685333396760409
6.7800000000000002, 5927.1269188330107, 3473.3386899550997, 875.40810979732373, 515.44789770332636, -0.019802256065697375, -0.11797748564184293, 5926.2036543268596, 3473.8851591169678, 875.12463586722697, 515.61647728468097, -0.056515288940513143, -0.095917334377026861, 11301.71123479209, 7419.0220710096755, 486.26085932129808, 503.53786023705578, 0, 0, 19.675333396760408
6.79, 5935.8809903782358, 3478.493140292408, 875.40747294742687, 515.4459883883361, -0.063684989691142724, -0.19093149902179529, 5934.9548857256486, 3479.0412984996774, 875.1236385416961, 515.61478460887372, -0.099732553084767139, -0.16926758072179646, 11306.573843385304, 7424.0574496120462, 486.26085932129808, 503.53786023705578, 0, 0, 19.66533339676041
6.7999999999999998, 5944.6350612072474, 3483.6475809332192, 875.40721291655825, 515.44470551685754, -0.026003086859370771, -0.12828714785417905, 5943.7061127176912, 3484.1974304033333, 875.12301231673416, 515.61372178001727, -0.062622496191159088, -0.10628288564203296, 11311.436451978518, 7429.0928282144168, 486.26085932129808, 503.53786023705578, 0, 0, 19.655333396760408
6.8100000000000005, 5953.3891228334851, 3488.801997768785, 875.40651272135506, 515.44269087666407, -0.070019520323615997, -0.2014640193499117, 5952.457326945123, 3489.3535406425658, 875.12195260100543, 515.61192320884322, -0.10597157287631348, -0.17985711740525415, 11316.299060571731, 7434.1282068167875, 486.26085932129808, 503.53786023705578, 0, 0, 19.645333396760407
6.8200000000000003, 5962.1431831249301, 3493.9564038793833, 875.40619033680071, 515.44130433209784, -0.032238455437678747, -0.13865445662169976, 5961.2085361565632, 3494.5096423687005, 875.12126496300925, 515.61075614526499, -0.068763799615169818, -0.11670635782812695, 11321.161669164945, 7439.1635854191582, 486.26085932129808, 503.53786023705578, 0, 0, 19.635333396760409
6.8300000000000001, 5970.8972335698199, 3499.1107851142528, 875.4054264382504, 515.43918376866816, -0.076389855034079135, -0.21205634296598916, 5969.9597319693012, 3499.665721354143, 875.12014250352979, 515.60885107790648, -0.11224594795016644, -0.19050673585001604, 11326.024277758159, 7444.1989640215288, 486.26085932129808, 503.53786023705578, 0, 0, 19.625333396760411
6.8399999999999999, 5979.6512820578819, 3504.2651545899143, 875.40504135023195, 515.437692966996, -0.038508801839358217, -0.14908016721059014, 5978.7109221533901, 3504.821790786646, 875.11939310713706, 515.6075791928447, -0.074939639268962979, -0.12718850617372601, 11330.886886351373, 7449.2343426238995, 486.26085932129808, 503.53786023705578, 0, 0, 19.615333396760409
6.8500000000000005, 5988.4053200519193, 3509.4194981132009, 875.40421338591375, 515.43546587477078, -0.082796431821642605, -0.22270922252626874, 5987.4620983010436, 3509.9778363959963, 875.1182075459717, 515.60556702095914, -0.11855611653778729, -0.20121718855438547, 11335.749494944586, 7454.2697212262701, 486.26085932129808, 503.53786023705578, 0, 0, 19.605333396760408
6.8600000000000003, 5997.1593554635938, 3514.5738288371931, 875.4037652402493, 515.43387022441198, -0.044814566442385517, -0.15956503587836152, 5996.2132682039346, 3515.1338714066928, 875.11739604141508, 515.60418972009074, -0.081150455662981014, -0.13773008683976359, 11340.6121035378, 7459.3050998286408, 486.26085932129808, 503.53786023705578, 0, 0, 19.59533339676041
6.8700000000000001, 6005.9133797300428, 3519.7281325259255, 875.40287284335773, 515.43153599029279, -0.089239689156779628, -0.23342341191373059, 6004.9644234289708, 3520.2898815055096, 875.11614701624046, 515.60206982779903, -0.1249025174584871, -0.21198922917354621, 11345.474712131014, 7464.3404784310114, 486.26085932129808, 503.53786023705578, 0, 0, 19.585333396760408
6.8799999999999999, 6014.6674007850479, 3524.8824223693555, 875.40236128145762, 515.42983489209314, -0.05115619001404708, -0.17010981996705954, 6013.7155717896294, 3525.4458799540089, 875.11527304934236, 515.60058650922906, -0.087396689813702175, -0.14833185700172755, 11350.337320724228, 7469.3758570333821, 486.26085932129808, 503.53786023705578, 0, 0, 19.57533339676041
6.8900000000000006, 6023.4214100398522, 3530.0366840883266, 875.40140408079731, 515.42739289542976, -0.09572006603450986, -0.24419966633662601, 6022.466704827284, 3530.6018523955595, 875.11396019344056, 515.59835827310292, -0.13128559017454, -0.22282361261693229, 11355.199929317441, 7474.4112356357527, 486.26085932129808, 503.53786023705578, 0, 0, 19.565333396760408
6.9000000000000004, 6032.1754154505434, 3535.1909309099892, 875.4008287396598, 515.4255857426499, -0.057534113753305402, -0.18071527798378292, 6031.2178303774008, 3535.7578121291044, 875.11302340560769, 515.59676832735363, -0.093678783288097783, -0.15899457492892094, 11360.062537910655, 7479.4466142381234, 486.26085932129808, 503.53786023705578, 0, 0, 19.55533339676041
6.9100000000000001, 6040.9294084022395, 3540.3451485116043, 875.39980635963968, 515.42303535522592, -0.10223800201103228, -0.25503874239961716, 6039.9689399555909, 3540.9137447542139, 875.11164634785939, 515.59443111640246, -0.13770577483003044, -0.23372109511803588, 11364.925146503869, 7484.4819928404941, 486.26085932129808, 503.53786023705578, 0, 0, 19.545333396760409
6.9199999999999999, 6049.6833968735191, 3545.499350157831, 875.39916687184632, 515.421121533529, -0.063948779337189801, -0.19138216968801608, 6048.7200414194931, 3546.0696636075281, 875.11064637607683, 515.59273392640171, -0.099997178252086802, -0.16971900007055235, 11369.787755097082, 7489.5173714428647, 486.26085932129808, 503.53786023705578, 0, 0, 19.535333396760407
6.9299999999999997, 6058.4373722231467, 3550.6535214819564, 875.39807893247382, 515.41846211954703, -0.10879393725261172, -0.26594139819541512, 6057.4711262587271, 3551.2255542444268, 875.10920474095383, 515.59028710205848, -0.14416351230180363, -0.24468243432480408, 11374.650363690296, 7494.5527500452354, 486.26085932129808, 503.53786023705578, 0, 0, 19.525333396760409
6.9400000000000004, 6067.1913424523773, 3555.8076757864633, 875.39737492618417, 515.41644100698522, -0.070400628965988143, -0.20211125617709336, 6066.2222023532886, 3556.3814300395634, 875.10814121777867, 515.5884820431271, -0.10635231751784471, -0.18050589313992724, 11379.51297228351, 7499.588128647606, 486.26085932129808, 503.53786023705578, 0, 0, 19.515333396760408
6.9500000000000002, 6075.9452988933926, 3560.9617986602743, 875.3962210430584, 515.41367192305142, -0.11538831257736101, -0.27690839338473733, 6074.9732611665795, 3561.5372765037364, 875.10663462533626, 515.58592495923335, -0.15065924424345539, -0.25570838937826945, 11384.375580876724, 7504.6235072499767, 486.26085932129808, 503.53786023705578, 0, 0, 19.50533339676041
6.96, 6084.6992495703071, 3566.1159034440097, 875.39545214200427, 515.41154289005169, -0.076890105408582987, -0.21290329997203311, 6083.7243106011365, 3566.6931070499263, 875.10550717889032, 515.58401139907141, -0.11274464459129073, -0.19135601619898912, 11389.238189469937, 7509.6588858523473, 486.26085932129808, 503.53786023705578, 0, 0, 19.495333396760408
6.9699999999999998, 6093.4531857884913, 3571.269975681837, 875.39423192630932, 515.40866348515885, -0.12202156949848937, -0.28794048927883481, 6092.4753420939132, 3571.848907143959, 875.10393524475899, 515.58134340186143, -0.15719341313080282, -0.26679972099374283, 11394.100798063151, 7514.694264454718, 486.26085932129808, 503.53786023705578, 0, 0, 19.48533339676041
6.9800000000000004, 6102.2071155951062, 3576.4240287528287, 875.39339774978885, 515.40642589450783, -0.083417652044164153, -0.22375906509747798, 6101.2263635701702, 3577.0046902374575, 875.10274349872179, 515.57932070053403, -0.11917460371604241, -0.20227013273691316, 11398.963406656365, 7519.7296430570887, 486.26085932129808, 503.53786023705578, 0, 0, 19.475333396760409
6.9900000000000002, 6110.9610302684814, 3581.5780481560064, 875.39211080828613, 515.40343551001865, -0.12869415026761807, -0.29903844892226866, 6109.9773664401882, 3582.1604417508843, 875.10110583409869, 515.5765411286186, -0.16376646230745878, -0.2779571915422332, 11403.826015249579, 7524.7650216594593, 486.26085932129808, 503.53786023705578, 0, 0, 19.465333396760407
7, 6119.7149378790073, 3586.7320473092091, 875.39121097115708, 515.40108871684697, -0.089983712908711003, -0.23467931716970181, 6118.7283586521335, 3587.3161751748194, 875.09984940769948, 515.57440863854106, -0.125642639922106, -0.21324900775678768, 11408.688623842792, 7529.80040026183, 486.26085932129808, 503.53786023705578, 0, 0, 19.455333396760409
7.0099999999999998, 6128.468829677744, 3591.8860116659221, 875.3898569061779, 515.39798668647529, -0.13540649791635234, -0.31020303717292547, 6127.4793315893849, 3592.4718758839699, 875.09814561933922, 515.57151682288975, -0.17037883602872761, -0.28918156512906945, 11413.551232436006, 7534.8357788642006, 486.26085932129808, 503.53786023705578, 0, 0, 19.445333396760411
7.0200000000000005, 6137.222713758496, 3597.0399546830631, 875.38889101885047, 515.39553003824051, -0.096588732738570104, -0.24566482347992399, 6136.2302932231987, 3597.6275574081878, 875.09682412734855, 515.56927388881115, -0.13214919907174372, -0.22429340785755464, 11418.41384102922, 7539.8711574665713, 486.26085932129808, 503.53786023705578, 0, 0, 19.435333396760409
7.0300000000000002, 6145.9765813448257, 3602.1938617681926, 875.38746942828743, 515.39231568803257, -0.1421590563017773, -0.3214350207887004, 6144.9812349098256, 3602.7832050760348, 875.09505381755343, 515.56626915273432, -0.17703097950940488, -0.30047360767920145, 11423.276449622434, 7544.9065360689419, 486.26085932129808, 503.53786023705578, 0, 0, 19.425333396760408
7.04, 6154.7304405541354, 3607.3477464176199, 875.38643709671737, 515.3897485245019, -0.10323315701080492, -0.25671635307239982, 6153.7321646437922, 3607.9388324569468, 875.09366687027443, 515.56391511172126, -0.13869472790220178, -0.23540410131067407, 11428.139058215647, 7549.9419146713126, 486.26085932129808, 503.53786023705578, 0, 0, 19.41533339676041
7.0499999999999998, 6163.4842825822616, 3612.5015939925897, 875.38494757401588, 515.38642117281688, -0.14895227014356055, -0.33273516850037094, 6162.4830737539942, 3613.0944248329511, 875.09182963688477, 515.5607967708512, -0.18372333896335119, -0.31183408700859322, 11433.001666808861, 7554.9772932736832, 486.26085932129808, 503.53786023705578, 0, 0, 19.405333396760408
7.0600000000000005, 6172.238115570387, 3617.6554180291164, 875.38384839969603, 515.38374282604855, -0.1099174319881993, -0.26783467683039219, 6171.2339702584122, 3618.2499958133808, 875.09037684014402, 515.55833095226978, -0.14527967407306147, -0.24658185814468858, 11437.864275402075, 7560.0126718760539, 486.26085932129808, 503.53786023705578, 0, 0, 19.395333396760407
7.0700000000000003, 6180.9919306863958, 3622.8092038417394, 875.38229053384532, 515.38030178353756, -0.15578658506897067, -0.34410425109778103, 6179.9848454583598, 3623.4055306333375, 875.08847227652745, 515.55509831454071, -0.19045636165090299, -0.32326377290897379, 11442.726883995289, 7565.0480504784246, 486.26085932129808, 503.53786023705578, 0, 0, 19.385333396760409
7.0800000000000001, 6189.7457360954331, 3627.9629650064899, 875.38112411379768, 515.37751157786192, -0.11664200476263099, -0.27902056755958166, 6188.7357073954518, 3628.5610429423655, 875.08695323166535, 515.55252004003842, -0.15190448621202607, -0.25782745022718806, 11447.589492588502, 7570.0834290807952, 486.26085932129808, 503.53786023705578, 0, 0, 19.375333396760411
7.0899999999999999, 6198.4995229372043, 3633.1166867908123, 875.37949748932112, 515.37395614744685, -0.1626624476557961, -0.35554304151268634, 6197.4865473431937, 3633.7165179282501, 875.08498092670607, 515.54917240566613, -0.19723049592425748, -0.33476343722920576, 11452.452101181716, 7575.1188076831659, 486.26085932129808, 503.53786023705578, 0, 0, 19.365333396760409
7.1000000000000005, 6207.2532994009989, 3638.2703828110666, 875.37826341608809, 515.37105339944617, -0.12340732329812586, -0.29027480007109718, 6206.2373733670183, 3638.8719692810591, 875.08339523056645, 515.54648098915266, -0.15856961396043517, -0.26914165134636725, 11457.31470977493, 7580.1541862855365, 486.26085932129808, 503.53786023705578, 0, 0, 19.355333396760408
7.1100000000000003, 6216.0070565981141, 3643.424038287214, 875.37656761303333, 515.36738287629726, -0.16958030547086711, -0.36705231489444601, 6214.9881767123952, 3644.0273821408728, 875.0813547686538, 515.54301765061314, -0.20404619126857074, -0.34633385394943622, 11462.177318368143, 7585.1895648879072, 486.26085932129808, 503.53786023705578, 0, 0, 19.34533339676041
7.1200000000000001, 6224.7608027421693, 3648.5776668762542, 875.37526547466859, 515.36436689478467, -0.13021383647129595, -0.30159815126035155, 6223.7389654687559, 3649.1827702385931, 875.07970201357364, 515.54021239824021, -0.16527550801624522, -0.28052523728834033, 11467.039926961357, 7590.2249434902778, 486.26085932129808, 503.53786023705578, 0, 0, 19.335333396760408
7.1299999999999999, 6233.5145289158245, 3653.7312537502748, 875.37350006859742, 515.36058056629781, -0.1765406071115404, -0.37863284869079827, 6232.4897308533073, 3654.3381186662054, 875.07759297459017, 515.5366326402476, -0.21090389834601661, -0.35797579926033246, 11471.902535554571, 7595.2603220926485, 486.26085932129808, 503.53786023705578, 0, 0, 19.32533339676041
7.1400000000000006, 6242.2682433572118, 3658.884812607228, 875.37212944865632, 515.35745065229594, -0.13706199411335962, -0.31299140018866561, 6241.2404809796599, 3659.4934411957602, 875.07587274838841, 515.53371285038838, -0.1720226201786117, -0.29197898591723304, 11476.765144147785, 7600.2957006950191, 486.26085932129808, 503.53786023705578, 0, 0, 19.315333396760408
7.1500000000000004, 6251.0219371201283, 3664.0383285709377, 875.37029401063387, 515.35354779806858, -0.18354380224847178, -0.39028542273094108, 6249.9912070365335, 3664.6487228707565, 875.073694707698, 515.53001594987188, -0.21780406904115945, -0.36969005164460839, 11481.627752740998, 7605.3310792973898, 486.26085932129808, 503.53786023705578, 0, 0, 19.30533339676041
7.1600000000000001, 6259.7756184673972, 3669.1918153806191, 875.36885448816338, 515.35030324478691, -0.1439522470522572, -0.32445532816521239, 6258.7419171619003, 3669.8039775047037, 875.07190659366404, 515.52698091309935, -0.17881140339260995, -0.30350367725556887, 11486.490361334212, 7610.3664578997605, 486.26085932129808, 503.53786023705578, 0, 0, 19.295333396760409
7.1699999999999999, 6268.5292784237272, 3674.3452581114443, 875.36694858474675, 515.34628313659391, -0.19059034166221489, -0.40201081929851262, 6267.4926025157638, 3674.959190092226, 875.06965912209898, 515.52316613917992, -0.22474715650029159, -0.38147739194836899, 11491.352969927426, 7615.4018365021311, 486.26085932129808, 503.53786023705578, 0, 0, 19.285333396760407
7.1799999999999997, 6277.2829252768179, 3679.4986705442025, 875.36543973427524, 515.34292322940564, -0.15088504715380591, -0.33599071882752929, 6276.2432712606378, 3680.114374488604, 875.06780269898104, 515.52001513824428, -0.18564231179305565, -0.31510009356319024, 11496.21557852064, 7620.4372151045018, 486.26085932129808, 503.53786023705578, 0, 0, 19.275333396760409
7.1900000000000004, 6286.0365500220587, 3684.6520377050228, 875.36346292750238, 515.33878513117338, -0.19768067728989602, -0.41380982322149662, 6284.9939145275857, 3685.269515639196, 875.06548536282924, 515.51608175220963, -0.23173361518074168, -0.39333860346944322, 11501.078187113853, 7625.4725937068724, 486.26085932129808, 503.53786023705578, 0, 0, 19.265333396760408
7.2000000000000002, 6294.7901609722066, 3689.805373416581, 875.36188431902872, 515.33530914759115, -0.15786084736419292, -0.34759835822442392, 6293.7445405038443, 3690.4246274413654, 875.06356020482178, 515.51281406201542, -0.19251580074968946, -0.32676901941855629, 11505.940795707067, 7630.5079723092431, 486.26085932129808, 503.53786023705578, 0, 0, 19.25533339676041
7.21, 6303.5437490931072, 3694.9586626555738, 875.35983616640613, 515.33105231537172, -0.20481526225852281, -0.42568322194007474, 6302.4951402913075, 3695.5796947908148, 875.06117256581297, 515.50876131729524, -0.23876390088706595, -0.40527447202351607, 11510.803404300281, 7635.5433509116137, 486.26085932129808, 503.53786023705578, 0, 0, 19.245333396760408
7.2199999999999998, 6312.2973227227558, 3700.1119192868723, 875.35818736538863, 515.32745952502273, -0.16488010174912412, -0.3592790348934905, 6311.2457221021168, 3700.7347316273012, 875.05917824254391, 515.50537620487728, -0.19943232690911505, -0.33851124179459535, 11515.666012893495, 7640.5787295139844, 486.26085932129808, 503.53786023705578, 0, 0, 19.23533339676041
7.2300000000000004, 6321.0508727972274, 3705.2651282373517, 875.35606741987931, 515.32308320696677, -0.21199455093041955, -0.43763180559482062, 6319.9962770087714, 3705.8897227964821, 875.05671985783567, 515.50120334701694, -0.24583847081923171, -0.41728578603068356, 11520.528621486708, 7645.6141081163551, 486.26085932129808, 503.53786023705578, 0, 0, 19.225333396760409
7.2400000000000002, 6329.804407679936, 3710.4183034143903, 875.35434798722395, 515.31937287156734, -0.17194326553561434, -0.37103353994319499, 6328.7468132484973, 3711.0446822808199, 875.05465593435326, 515.49770007151551, -0.20639234823938735, -0.35032755013912065, 11525.391230079922, 7650.6494867187257, 486.26085932129808, 503.53786023705578, 0, 0, 19.215333396760407
7.25, 6338.5579182769588, 3715.5714296946508, 875.35215579723456, 515.31487630789638, -0.21921899893795288, -0.44965636709726542, 6337.4973218641735, 3716.1995948755343, 875.05212635651719, 515.49340633814961, -0.25295778361030202, -0.42937333658425386, 11530.253838673136, 7655.6848653210964, 486.26085932129808, 503.53786023705578, 0, 0, 19.205333396760409
7.2599999999999998, 6347.3114129773121, 3720.7245210283295, 875.3503652892831, 515.31104768122509, -0.17905079514885408, -0.38286266712695127, 6346.24781111829, 3721.3544746061052, 875.04999239327651, 515.48978415078511, -0.213396324069801, -0.36221873644716573, 11535.116447266349, 7660.720243923467, 486.26085932129808, 503.53786023705578, 0, 0, 19.195333396760411
7.2700000000000005, 6356.0648826568458, 3725.8775622414864, 875.3481003986509, 515.30643010420295, -0.2264890632257531, -0.46175770221311169, 6354.9982720238777, 3726.5093062169253, 875.04739117028282, 515.48536877160984, -0.26012229937155373, -0.44153791753223542, 11539.979055859563, 7665.7556225258377, 486.26085932129808, 503.53786023705578, 0, 0, 19.185333396760409
7.2800000000000002, 6364.8183357303606, 3731.0305673274465, 875.34623836716833, 515.30248243207359, -0.18620314825857007, -0.39476721293316869, 6363.7487128688736, 3731.6641037768022, 875.04518672313145, 515.48162691565631, -0.22044471514007941, -0.37418559534934576, 11544.841664452777, 7670.7910011282083, 486.26085932129808, 503.53786023705578, 0, 0, 19.175333396760408
7.29, 6373.5717630432518, 3736.1835210612758, 875.34390031514738, 515.29774306597722, -0.23380520208948929, -0.47393660963990486, 6372.4991246362333, 3736.8188519789101, 875.04251339833411, 515.47708911240079, -0.26733247973425284, -0.4537803255532219, 11549.704273045991, 7675.826379730579, 486.26085932129808, 503.53786023705578, 0, 0, 19.16533339676041
7.2999999999999998, 6382.3251730362854, 3741.3364374797388, 875.34196630730924, 515.29367558621061, -0.19340078381401687, -0.40674797665657925, 6381.2495156395189, 3741.9735649356953, 875.04023801849769, 515.47322682315894, -0.2275379836384179, -0.38622892418136873, 11554.566881639204, 7680.8617583329496, 486.26085932129808, 503.53786023705578, 0, 0, 19.155333396760408
7.3100000000000005, 6391.0785565241767, 3746.4893013065171, 875.33955462855704, 515.28881364729978, -0.24116787521401836, -0.48619389108385397, 6389.9998768313853, 3747.1282272887229, 875.03749213061883, 515.46856580955659, -0.27458878789086505, -0.4661013602313902, 11559.429490232418, 7685.8971369353203, 486.26085932129808, 503.53786023705578, 0, 0, 19.145333396760407
7.3200000000000003, 6399.8319219738378, 3751.6421266221259, 875.33754818693615, 515.284625589695, -0.20064416208566713, -0.41880576048089668, 6398.7502165512024, 3752.2828531943901, 875.0351453646864, 515.46458231432598, -0.23467659324617701, -0.39834952306490617, 11564.292098825632, 7690.932515537691, 486.26085932129808, 503.53786023705578, 0, 0, 19.135333396760409
7.3300000000000001, 6408.5852601690758, 3756.7948980984702, 875.33506241149905, 515.27964028618157, -0.24857754371412544, -0.49853035134115803, 6407.500525721096, 3757.4374272422597, 875.03232644779996, 515.45979729608462, -0.28189168863887293, -0.47850182413599673, 11569.154707418846, 7695.9678941400616, 486.26085932129808, 503.53786023705578, 0, 0, 19.125333396760411
7.3399999999999999, 6417.3385796031289, 3761.9476298601267, 875.33298307405198, 515.27533087248605, -0.20793374470324383, -0.43094136955558371, 6416.2508127064229, 3762.5919636329913, 875.02990783770815, 515.45569181413475, -0.24186100917902548, -0.41054819498251022, 11574.017316012059, 7701.0032727424323, 486.26085932129808, 503.53786023705578, 0, 0, 19.115333396760409
7.3500000000000005, 6426.0918710286687, 3767.1003065268319, 875.33042272735031, 515.27022140450242, -0.2560346701686711, -0.51094679836856582, 6425.0010683985529, 3767.7464469037541, 875.02701542122395, 515.45078198890587, -0.28924164841815275, -0.49098252289001665, 11578.879924605273, 7706.0386513448029, 486.26085932129808, 503.53786023705578, 0, 0, 19.105333396760408
7.3600000000000003, 6434.8451429654433, 3772.2529422675352, 875.32827002740339, 515.2657898483817, -0.21526999469506336, -0.44315561207499954, 6433.7513011890105, 3772.9008912997811, 875.02452450424164, 515.44655373144735, -0.24909169822942975, -0.42282574585489108, 11583.742533198487, 7711.0740299471736, 486.26085932129808, 503.53786023705578, 0, 0, 19.09533339676041
7.3700000000000001, 6443.5983861347595, 3777.4055216494125, 875.32563463021677, 515.260555407948, -0.26353971866416565, -0.52344404336981776, 6442.5015019381826, 3778.0552813054555, 875.0215581128881, 515.44151828879478, -0.29663913535769315, -0.50354426525471718, 11588.605141791701, 7716.1094085495442, 486.26085932129808, 503.53786023705578, 0, 0, 19.085333396760408
7.3799999999999999, 6452.3516090830553, 3782.5580588860971, 875.32340809645143, 515.25600091495437, -0.2226533765302153, -0.45544929936246592, 6451.251679063942, 3783.2096312108956, 875.01899442159993, 515.43716645894858, -0.25636912881199203, -0.43518298462310545, 11593.467750384914, 7721.1447871519149, 486.26085932129808, 503.53786023705578, 0, 0, 19.07533339676041
7.3900000000000006, 6461.1048025000464, 3787.7105384918113, 875.32069716490309, 515.25064068594565, -0.27109315483054547, -0.5360229008693238, 6460.0018233954652, 3788.3639254473055, 875.0159535754068, 515.43200458031652, -0.30408461931468844, -0.51618786320136534, 11598.330358978128, 7726.1801657542856, 486.26085932129808, 503.53786023705578, 0, 0, 19.065333396760408
7.4000000000000004, 6469.8579749590417, 3792.8629747251839, 875.31839632134154, 515.24596245348619, -0.23008435615382983, -0.46782324594304259, 6468.751943377154, 3793.5181783500002, 875.01331663769679, 515.42752837308331, -0.26369377100203673, -0.44762072331936109, 11603.192967571342, 7731.2155443566562, 486.26085932129808, 503.53786023705578, 0, 0, 19.05533339676041
7.4100000000000001, 6478.6111171179382, 3798.0153520470903, 875.31560936688277, 515.2404756115983, -0.27869544587839928, -0.54868418878846748, 6477.5020298067448, 3798.6723742966115, 875.01020085197763, 515.42223923176346, -0.31157857191511978, -0.52891413198554005, 11608.055576164556, 7736.2509229590269, 486.26085932129808, 503.53786023705578, 0, 0, 19.045333396760409
7.4199999999999999, 6487.3642375770969, 3803.1676847614658, 875.3132337328725, 515.23567282890201, -0.23756340102690471, -0.48027826962409836, 6486.2520911553502, 3803.8265276679626, 875.00749019101181, 515.41763783399199, -0.27106609657874653, -0.46013977714562371, 11612.918184757769, 7741.2863015613975, 486.26085932129808, 503.53786023705578, 0, 0, 19.035333396760407
7.4299999999999997, 6496.1173269623669, 3808.3199572754456, 875.31037026226613, 515.23005854161681, -0.286347060637683, -0.56142872852459536, 6495.0021181890406, 3808.9806227877189, 875.00429897634581, 515.41222059508971, -0.31912146659585844, -0.54172389022411094, 11617.780793350983, 7746.3216801637682, 486.26085932129808, 503.53786023705578, 0, 0, 19.025333396760409
7.4400000000000004, 6504.8703939013421, 3813.4721839385829, 875.30791935246452, 515.22513038970112, -0.24509098016499059, -0.49281519157419257, 6503.7521194058172, 3814.1346740825252, 875.00151411055515, 515.4074931854442, -0.27848657906723023, -0.47274096455049147, 11622.643401944197, 7751.3570587661388, 486.26085932129808, 503.53786023705578, 0, 0, 19.015333396760408
7.4500000000000002, 6513.6234289875965, 3818.6243491038781, 875.30497886776857, 515.21938781625079, -0.29404846959644398, -0.57425734503024617, 6512.5020855398561, 3819.2886658216858, 874.9982469727687, 515.40194700584448, -0.32671377864684115, -0.55461795997242136, 11627.50601053741, 7756.3924373685095, 486.26085932129808, 503.53786023705578, 0, 0, 19.00533339676041
7.46, 6522.3764408761399, 3823.7764671668151, 875.30245219212679, 515.21433346788683, -0.25266756417545511, -0.50543483639981501, 6521.2520251162296, 3824.4426124779779, 874.99538741583092, 515.39709275477139, -0.28595569377925278, -0.48542510730387955, 11632.368619130624, 7761.4278159708801, 486.26085932129808, 503.53786023705578, 0, 0, 18.995333396760408
7.4699999999999998, 6531.1294201280398, 3828.9285224258638, 875.2994341906774, 515.20846175921804, -0.3018001449341996, -0.58717086688370834, 6530.0019288369904, 3829.5964982659507, 874.99204385597841, 515.39141678310341, -0.33435598524803894, -0.56759716679271699, 11637.231227723838, 7766.4631945732508, 486.26085932129808, 503.53786023705578, 0, 0, 18.98533339676041
7.4800000000000004, 6539.8823754259029, 3834.0805293227513, 875.29683125442443, 515.20328037889578, -0.26029362529548594, -0.51813803222357446, 6538.7518052544629, 3834.750337704827, 874.98910911679991, 515.38643485279772, -0.29347391785475269, -0.49819303057312553, 11642.093836317052, 7771.4985731756215, 486.26085932129808, 503.53786023705578, 0, 0, 18.975333396760409
7.4900000000000002, 6548.6352972980631, 3839.2324721010214, 875.29373522881883, 515.19727867763208, -0.30960256056342472, -0.60017012637329392, 6547.5016450383464, 3839.9041149540039, 874.98568863114474, 515.38062822939935, -0.34204856551447621, -0.58066233983632787, 11646.956444910265, 7776.5339517779921, 486.26085932129808, 503.53786023705578, 0, 0, 18.965333396760407
7.5, 6557.3881944549057, 3844.3843652489559, 875.29105553244449, 515.1919694215245, -0.26796963743071267, -0.53092561076364464, 6556.2514567683984, 3845.0578445794636, 874.98267821384172, 515.37551777376939, -0.30104173030403197, -0.51104556300032211, 11651.819053503479, 7781.5693303803628, 486.26085932129808, 503.53786023705578, 0, 0, 18.955333396760409
7.5099999999999998, 6566.141057391801, 3849.5361929547771, 875.28788097052291, 515.18583686192881, -0.31745619216290316, -0.61325595956831092, 6565.0012310817365, 3850.2115106850547, 874.97918029383641, 515.36957963065026, -0.3497920005332989, -0.59381431191243983, 11656.681662096693, 7786.6047089827334, 486.26085932129808, 503.53786023705578, 0, 0, 18.945333396760411
7.5200000000000005, 6574.893894847095, 3854.6879697536351, 875.28512400976103, 515.18039887785471, -0.27569607619077457, -0.54379840740835772, 6573.750976585733, 3855.3651278838306, 874.9760936977159, 515.36433979528249, -0.30865961204699954, -0.5239835367747343, 11661.544270689907, 7791.6400875851041, 486.26085932129808, 503.53786023705578, 0, 0, 18.935333396760409
7.5300000000000002, 6583.6466972829649, 3859.8396797780329, 875.28187039458885, 515.17413458579074, -0.32536151721741369, -0.62642920640080768, 6582.5006838846939, 3860.5186802236954, 874.97251782998183, 515.35826925608683, -0.35758677340714673, -0.60705391956765764, 11666.40687928312, 7796.6754661874747, 486.26085932129808, 503.53786023705578, 0, 0, 18.925333396760408
7.54, 6592.3994734658982, 3864.9913376103018, 875.27903566039959, 515.16856701317772, -0.28347341893152839, -0.55675726130208092, 6591.2503616137865, 3865.6721823650882, 874.96935454952222, 515.35289917820967, -0.31632804595902109, -0.53700778771652113, 11671.269487876334, 7801.7108447898454, 486.26085932129808, 503.53786023705578, 0, 0, 18.91533339676041
7.5499999999999998, 6601.1522138246501, 3870.1429273268268, 875.27570247024903, 515.16217010607033, -0.33331901505333672, -0.63969071074077288, 6600.0000003442765, 3870.8256182995697, 874.96570021582932, 515.34669535817807, -0.36543336929357273, -0.62038200315894931, 11676.132096469548, 7806.7462233922161, 486.26085932129808, 503.53786023705578, 0, 0, 18.905333396760408
7.5600000000000005, 6609.9049271540307, 3875.2944635574354, 875.27278944880118, 515.15647207591621, -0.2913021447851098, -0.56980301541112544, 6608.7496087393074, 3875.9790027352783, 874.96245974066028, 515.34119416662463, -0.3240475169048686, -0.55011915534034439, 11680.994705062762, 7811.7816019945867, 486.26085932129808, 503.53786023705578, 0, 0, 18.895333396760407
7.5700000000000003, 6618.6576038491439, 3880.4459303219965, 875.26937615713246, 515.14994166271151, -0.34132916687536574, -0.65304132047341734, 6617.4991773368729, 3881.1323196070334, 874.95872641790584, 515.33485617255531, -0.37333227544561792, -0.63379940692864389, 11685.857313655975, 7816.8169805969574, 486.26085932129808, 503.53786023705578, 0, 0, 18.885333396760409
7.5800000000000001, 6627.4102527333052, 3885.597342298146, 875.26638432978541, 515.14411229754535, -0.29918273470557832, -0.58293651661582313, 6626.2487148282753, 3886.2855836709864, 874.95540823278793, 515.32922298772587, -0.33181851178808797, -0.56331848294524545, 11690.719922249189, 7821.852359199328, 486.26085932129808, 503.53786023705578, 0, 0, 18.875333396760411
7.5899999999999999, 6636.1628641677344, 3890.7486834488382, 875.26289040522738, 515.13744747866951, -0.34939245580451456, -0.66648188757886073, 6634.9982117180061, 3891.4387788048166, 874.95159539297538, 515.32274991793508, -0.38128398125373042, -0.64730697908180723, 11695.582530842403, 7826.8877378016987, 486.26085932129808, 503.53786023705578, 0, 0, 18.865333396760409
7.6000000000000005, 6644.9154470044359, 3895.8999684998325, 875.25981924851237, 515.13148589251171, -0.30711567149845698, -0.59615861577605933, 6643.7476767257076, 3896.5919198130032, 874.9481989777795, 515.31698385175832, -0.33964151958456928, -0.57660661767779586, 11700.445139435617, 7831.9231164040693, 486.26085932129808, 503.53786023705578, 0, 0, 18.855333396760408
7.6100000000000003, 6653.6679915705163, 3901.0511813567673, 875.25624415484333, 515.12468575982973, -0.35750936690938828, -0.68001326820086627, 6652.497100322139, 3901.744990515685, 874.94430608799667, 515.31037479603981, -0.38928897828111808, -0.66090557185256515, 11705.30774802883, 7836.95849500644, 486.26085932129808, 503.53786023705578, 0, 0, 18.84533339676041
7.6200000000000001, 6662.4205067468483, 3906.2023367938405, 875.25309314044466, 515.11859105815154, -0.31510143986269123, -0.60947016781771757, 6661.2464912554642, 3906.8980057659837, 874.94083091768277, 515.30447495193368, -0.34751703138842011, -0.58998441061623152, 11710.170356622044, 7841.9938736088106, 486.26085932129808, 503.53786023705578, 0, 0, 18.835333396760408
7.6299999999999999, 6671.172982826195, 3911.3534186589736, 875.24943633657222, 515.11165469492414, -0.36568038724878005, -0.69363632273467368, 6669.9958399624766, 3912.050949326097, 874.93685744007962, 515.29772899151783, -0.39734776031032842, -0.67459604158958686, 11715.032965215258, 7847.0292522111813, 486.26085932129808, 503.53786023705578, 0, 0, 18.82533339676041
7.6400000000000006, 6679.9254287184822, 3916.5044417751183, 875.24620493130806, 515.10542597460619, -0.32314052642121305, -0.62287203180042594, 6678.7451552200464, 3917.2038360981046, 874.93330298467515, 515.29169446434946, -0.35544554044668486, -0.60345271683574664, 11719.895573808471, 7852.064630813552, 486.26085932129808, 503.53786023705578, 0, 0, 18.815333396760408
7.6500000000000004, 6688.6778346818946, 3921.655389932077, 875.24246587124901, 515.0983524554473, -0.37390600590120648, -0.70735191589336832, 6687.49442743077, 3922.3566497858606, 874.92924837644136, 515.28481067186124, -0.40546082337703371, -0.68837924881994494, 11724.758182401685, 7857.1000094159226, 486.26085932129808, 503.53786023705578, 0, 0, 18.80533339676041
7.6600000000000001, 6697.4302096555939, 3926.8062780018709, 875.23915353705138, 515.0919888047373, -0.33123341976301285, -0.63636507100471129, 6696.2436654004032, 3927.5094053407197, 874.92561410101928, 515.27864054790632, -0.36342754220547158, -0.61701239549325482, 11729.620790994899, 7862.1353880182933, 486.26085932129808, 503.53786023705578, 0, 0, 18.795333396760409
7.6699999999999999, 6706.1825438629576, 3931.9570897157805, 875.23533166991137, 515.08477719556936, -0.38218671400433668, -0.72116091679097527, 6704.9928594971134, 3932.66208640779, 874.9214778143612, 515.271617987323, -0.41362866581363517, -0.70225605832974913, 11734.483399588113, 7867.1707666206639, 486.26085932129808, 503.53786023705578, 0, 0, 18.785333396760407
7.6799999999999997, 6714.9348462725648, 3937.1078399952135, 875.23193786380659, 515.07827769403923, -0.33938061047883955, -0.64995015300881731, 6713.7420185557266, 3937.8147079880168, 874.9177631790177, 515.26531134422396, -0.37146353434987461, -0.63066430990171951, 11739.346008181326, 7872.2061452230346, 486.26085932129808, 503.53786023705578, 0, 0, 18.775333396760409
7.6900000000000004, 6723.687107072752, 3942.2585125125238, 875.22803263375863, 515.070927052049, -0.3905230047920244, -0.73506419902183995, 6722.4911329097486, 3942.9672536673584, 874.91354466113478, 515.25814907083156, -0.42185178829058068, -0.71622733924100146, 11744.20861677454, 7877.2415238254052, 486.26085932129808, 503.53786023705578, 0, 0, 18.765333396760408
7.7000000000000002, 6732.4393352617008, 3947.409122238822, 875.22455680784674, 515.06429077055134, -0.34758259119436369, -0.66362814976157491, 6731.2402114232573, 3948.1197384966677, 874.90974912096635, 515.25170497755551, -0.37955401684147316, -0.64440932760046843, 11749.071225367754, 7882.2769024277759, 486.26085932129808, 503.53786023705578, 0, 0, 18.75533339676041
7.71, 6741.1915209924728, 3952.5596527871312, 875.22056765411048, 515.05680014414406, -0.39891537362597834, -0.74906264073136564, 6739.9892443948629, 3953.2721460023486, 874.90544781402787, 515.24440203790471, -0.43013069385247593, -0.73029396507971667, 11753.933833960968, 7887.3122810301466, 486.26085932129808, 503.53786023705578, 0, 0, 18.745333396760408
7.7199999999999998, 6749.9436732930353, 3957.7101191785819, 875.21700925554444, 515.05002614476746, -0.35583985660717488, -0.67739993766192663, 6748.7382407180794, 3958.4244912854797, 874.90157081910831, 515.23781955470042, -0.38769949195968179, -0.65824832043215531, 11758.796442554181, 7892.3476596325172, 486.26085932129808, 503.53786023705578, 0, 0, 18.73533339676041
7.7300000000000004, 6758.6957822809427, 3962.8605049664607, 875.21293561236416, 515.04239457352048, -0.40736431803284651, -0.76315712469603891, 6757.4871906563876, 3963.5767578125046, 874.89718616022867, 515.23037498656186, -0.43846588795960573, -0.7444568138533374, 11763.659051147395, 7897.3830382348879, 486.26085932129808, 503.53786023705578, 0, 0, 18.725333396760409
7.7400000000000002, 6767.4478570141309, 3968.0108252222362, 875.20929408332893, 515.03548190954405, -0.36415290352489355, -0.69126639764058939, 6766.2361031329201, 3968.7289607350453, 874.89322715558524, 515.22365316491562, -0.395900464344276, -0.67218216462182401, 11768.521659740609, 7902.4184168372585, 486.26085932129808, 503.53786023705578, 0, 0, 18.715333396760407
7.75, 6776.1998875744139, 3973.1610634390508, 875.20513537995146, 515.02770842415998, -0.41587033774147669, -0.77734853840403906, 6774.9849683757939, 3973.8810834591791, 874.88875857679989, 515.2160659972343, -0.44685787852970793, -0.75871676812868705, 11773.384268333823, 7907.4537954396292, 486.26085932129808, 503.53786023705578, 0, 0, 18.705333396760409
7.7599999999999998, 6784.9518830498791, 3978.3112347390302, 875.2014101576425, 515.02065614000765, -0.37252223089696784, -0.70522841523149282, 6783.7337953379456, 3979.0331411873904, 874.88471700238961, 515.20920387982585, -0.40415744103177503, -0.68621174084564895, 11778.246876927036, 7912.4891740419998, 486.26085932129808, 503.53786023705578, 0, 0, 18.695333396760411
7.7700000000000005, 6793.7038334863655, 3983.4613225547641, 875.19716581829539, 515.01273976226639, -0.42443393471105917, -0.79163777412096403, 6792.4825742118928, 3984.1851172649813, 874.88016393062992, 515.20147313267489, -0.4553071759708433, -0.77307471509491543, 11783.10948552025, 7917.5245526443705, 486.26085932129808, 503.53786023705578, 0, 0, 18.685333396760409
7.7800000000000002, 6802.4557480022977, 3988.6113420593547, 875.19335633489686, 515.00554689345984, -0.3809483398539753, -0.719286880655998, 6801.2313139805592, 3989.3370269456177, 874.87603922131495, 515.19446975333176, -0.41247093149929714, -0.70033793431247726, 11787.972094113464, 7922.5599312467411, 486.26085932129808, 503.53786023705578, 0, 0, 18.675333396760408
7.79, 6811.2076166073048, 3993.7612766244301, 875.18902577876509, 514.99748663617004, -0.43305561317563135, -0.80602572898308578, 6809.9800048006282, 3994.4888535134191, 874.87140107838263, 515.18659443786521, -0.4638142932304683, -0.7875315466540711, 11792.834702706677, 7927.5953098491118, 486.26085932129808, 503.53786023705578, 0, 0, 18.66533339676041
7.7999999999999998, 6819.9594484503323, 3998.9111414743884, 875.18513146142777, 514.99015220928118, -0.38943173373627898, -0.73344268888969832, 6818.728655685195, 3999.6406122735525, 874.8671926639056, 515.17944882151698, -0.42084144769800924, -0.71456163482781232, 11797.697311299891, 7932.6306884514825, 486.26085932129808, 503.53786023705578, 0, 0, 18.655333396760408
7.8100000000000005, 6828.7112335045649, 4004.0609199194855, 875.1807141026311, 514.98194707623065, -0.44173587966875788, -0.82051330505791287, 6827.4772567548725, 4004.7922864485436, 874.86246886644733, 515.17142793992218, -0.47237974582505604, -0.80208815947875967, 11802.559919893105, 7937.6660670538531, 486.26085932129808, 503.53786023705578, 0, 0, 18.645333396760407
7.8200000000000003, 6837.4629809496537, 4009.2106272357369, 875.17673437344968, 514.97447010883309, -0.39797291813875851, -0.74769673975627282, 6836.2258170531113, 4009.9438913953823, 874.85817617140628, 515.16413910255335, -0.42926950410249476, -0.72888373688494379, 11807.422528486319, 7942.7014456562238, 486.26085932129808, 503.53786023705578, 0, 0, 18.635333396760409
7.8300000000000001, 6846.2146807221015, 4014.3602466716138, 875.17222962101903, 514.9661190947387, -0.45047524306800729, -0.8351014094380117, 6844.9743266642172, 4015.0954102745895, 874.85336613088737, 515.15597164800226, -0.48100405188930839, -0.81674545510318652, 11812.285137079532, 7947.7368242585944, 486.26085932129808, 503.53786023705578, 0, 0, 18.625333396760411
7.8399999999999999, 6854.9663420324514, 4019.5097935550707, 875.16816389700966, 514.95849859535872, -0.40657240094021951, -0.76204993799614795, 6853.7227946621833, 4020.2468584952985, 874.84898857470989, 515.14853859660491, -0.43775561774511096, -0.743305139730705, 11817.147745672746, 7952.7722028609651, 486.26085932129808, 503.53786023705578, 0, 0, 18.615333396760409
7.8500000000000005, 6863.7179547802889, 4024.6592510723813, 875.16357115486346, 514.95000068581567, -0.45927421462449813, -0.84979095431028939, 6862.4712110947703, 4025.3982191556138, 874.84409169738774, 515.14022355320503, -0.48968773221074113, -0.83150433998948226, 11822.01035426596, 7957.8075814633357, 486.26085932129808, 503.53786023705578, 0, 0, 18.605333396760408
7.8600000000000003, 6872.4695282072335, 4029.8086346037603, 875.15941884794006, 514.94223565388222, -0.41523069234000315, -0.7765031933474561, 6871.2195850666976, 4030.5495077171336, 874.83962869430513, 515.13264528573063, -0.44630030825752615, -0.75782674744354139, 11826.872962859174, 7962.8429600657064, 486.26085932129808, 503.53786023705578, 0, 0, 18.59533339676041
7.8700000000000001, 6881.221052175717, 4034.9579272728706, 875.15473751486013, 514.93358982531186, -0.46813330799755543, -0.86458285703410409, 6879.9679065889441, 4035.7007072151318, 874.83464438120245, 515.12418162847462, -0.4984313102693928, -0.84636572560285039, 11831.735571452387, 7967.878338668077, 486.26085932129808, 503.53786023705578, 0, 0, 18.585333396760408
7.8799999999999999, 6889.97253595862, 4040.1071445125108, 875.15049803181125, 514.92567925110563, -0.42394830489180585, -0.79105742062266737, 6888.7161847971411, 4040.8518331639962, 874.83009534022335, 515.11645713378459, -0.45490409790959363, -0.77244946900717759, 11836.598180045601, 7972.9137172704477, 486.26085932129808, 503.53786023705578, 0, 0, 18.57533339676041
7.8900000000000006, 6898.7239693809825, 4045.2562693833156, 875.14572750141838, 514.91688447070351, -0.47705303928818837, -0.87947804021773512, 6897.4644096652464, 4046.0028685357547, 874.82502298710062, 515.10784382849977, -0.50723531227645935, -0.86133052848501512, 11841.460788638815, 7977.9490958728184, 486.26085932129808, 503.53786023705578, 0, 0, 18.565333396760408
7.9000000000000004, 6907.4753617471333, 4050.4053173709917, 875.14140024388303, 514.90882733530566, -0.43272575353848136, -0.80571353978717997, 6906.2125903599908, 4051.1538288979068, 874.82038731198418, 515.09997208631592, -0.46356751164928256, -0.78717421838620316, 11846.323397232029, 7982.984474475189, 486.26085932129808, 503.53786023705578, 0, 0, 18.55533339676041
7.9100000000000001, 6916.226702844483, 4055.5542714727299, 875.13653990461228, 514.89988256098763, -0.48603392707447446, -0.8944774317983577, 6914.960716818071, 4056.3046971588196, 874.81522630931204, 515.09120808961256, -0.51610026721489699, -0.87639967033113808, 11851.186005825242, 7988.0198530775597, 486.26085932129808, 503.53786023705578, 0, 0, 18.545333396760409
7.9199999999999999, 6924.9780020089956, 4060.7031472274684, 875.13212426905579, 514.89167783622725, -0.4415635556456784, -0.82047247603630191, 6923.7087982375024, 4061.4554889394285, 874.81050339854062, 515.08318807046658, -0.47229107714155161, -0.80200191459998749, 11856.048614418456, 7993.0552316799303, 486.26085932129808, 503.53786023705578, 0, 0, 18.535333396760407
7.9300000000000006, 6933.729248990212, 4065.8519275685358, 875.12717350413129, 514.88258201657607, -0.49507649244521224, -0.90958196511947131, 6932.4568245174814, 4066.6061870840213, 874.80525313147189, 515.07427232968598, -0.52502670687841169, -0.89157407806412381, 11860.91122301167, 7998.090610282301, 486.26085932129808, 503.53786023705578, 0, 0, 18.525333396760409
7.9400000000000004, 6942.4804531559184, 4071.0006280884277, 875.12266888182091, 514.8742286649773, -0.4504622310392486, -0.83533515987884421, 6941.2048048874976, 4071.7568072672957, 874.80044237822381, 515.06610299486795, -0.48107532481102872, -0.81693348180318692, 11865.773831604884, 8003.1259888846716, 486.26085932129808, 503.53786023705578, 0, 0, 18.515333396760408
7.9500000000000002, 6951.231604217548, 4076.1492316561908, 875.11762706923059, 514.86498073918722, -0.50418125903430722, -0.92479257900989109, 6949.9527292090052, 4076.9073322690419, 874.79510222656472, 515.05703444802884, -0.53401516591126341, -0.90685468391044033, 11870.636440198097, 8008.1613674870423, 486.26085932129808, 503.53786023705578, 0, 0, 18.50533339676041
7.96, 6959.9827115748949, 4081.2977539182034, 875.11303284621022, 514.85647771391507, -0.45942230203620071, -0.8503025272103093, 6958.700606743153, 4082.057777818045, 874.79020301868593, 515.04871474953529, -0.48992078787842436, -0.8319698493557397, 11875.499048791311, 8013.196746089413, 486.26085932129808, 503.53786023705578, 0, 0, 18.495333396760408
7.9699999999999998, 6968.7337649010442, 4086.4461776788098, 875.10789935867967, 514.8470766117365, -0.51334875305437044, -0.94011021786177618, 6967.4484273134121, 4087.2081266291766, 874.78477235686751, 515.03949232528055, -0.54306618184738953, -0.92224242547491631, 11880.361657384525, 8018.2321246917836, 486.26085932129808, 503.53786023705578, 0, 0, 18.48533339676041
7.9800000000000004, 6977.4847736279871, 4091.5945186385993, 875.10321491574484, 514.83842285654259, -0.46844429348119798, -0.86537551939565671, 6976.1962002127802, 4092.3583944856368, 874.7797840768435, 515.03102120576148, -0.49882800240250263, -0.84711195190243183, 11885.224265977738, 8023.2675032941543, 486.26085932129808, 503.53786023705578, 0, 0, 18.475333396760409
7.9900000000000002, 6986.2357273902189, 4096.7427595367899, 875.09798912071153, 514.82886749822546, -0.52257950333037229, -0.95553583170910283, 6984.943915226504, 4097.508564036958, 874.77426227389196, 515.02164382330329, -0.55218029514967892, -0.93773824581593024, 11890.086874570952, 8028.3028818965249, 486.26085932129808, 503.53786023705578, 0, 0, 18.465333396760407
8, 6994.9866356521161, 4101.8909161285101, 875.09321383338374, 514.82006194739199, -0.47752873277866215, -0.88055508334510524, 6993.6915816796172, 4102.6586511210817, 874.7691842988188, 515.01302021600884, -0.50779750731781836, -0.86236072944540687, 11894.949483164166, 8033.3382604988956, 486.26085932129808, 503.53786023705578, 0, 0, 18.455333396760409
8.0099999999999998, 7003.7374880093439, 4107.0389710874279, 875.08789509297037, 514.81035124362893, -0.53187404133339, -0.97107037630665449, 7002.4391893188977, 4107.8086383217778, 874.76357071832626, 515.00348678507362, -0.56135804924943644, -0.9533430935210605, 11899.81209175738, 8038.3736391012662, 486.26085932129808, 503.53786023705578, 0, 0, 18.445333396760411
8.0199999999999996, 7012.4882939588515, 4112.1869402235388, 875.08302833147104, 514.80139282191294, -0.48667614993059338, -0.89584217159981094, 7011.1867475016043, 4112.9585415320598, 874.75840241988146, 514.99470961379939, -0.51682984447818492, -0.87771712742654595, 11904.674700350593, 8043.4090177036369, 486.26085932129808, 503.53786023705578, 0, 0, 18.435333396760409
8.0299999999999994, 7021.2390430572314, 4117.3348061445358, 875.07761600245885, 514.79152567378082, -0.54123290121614065, -0.98671481321234988, 7019.9342459358049, 4118.1083432695095, 874.75269641997556, 514.98501903457156, -0.5705999905877065, -0.96905792278603398, 11909.537308943807, 8048.4443963060075, 486.26085932129808, 503.53786023705578, 0, 0, 18.425333396760408
8.0400000000000009, 7029.9897448341944, 4122.4825847156126, 875.07265713168317, 514.78241329635682, -0.49588707756445466, -0.91123774240136679, 7028.6816940111712, 4123.2580594825404, 874.74743716438866, 514.97608721360359, -0.52592555869045121, -0.89318209679352822, 11914.399917537021, 8053.4797749083782, 486.26085932129808, 503.53786023705578, 0, 0, 18.41533339676041
8.0500000000000007, 7038.7403888070185, 4127.6302584780597, 875.06715056548478, 514.77238859525824, -0.55065661984042513, -1.002470109856475, 7037.4290813968146, 4128.4076726221219, 874.74163809770221, 514.9662383766688, -0.57990666864872686, -0.98488369348045091, 11919.262526130235, 8058.5151535107489, 486.26085932129808, 503.53786023705578, 0, 0, 18.405333396760408
8.0600000000000005, 7047.4909845383654, 4132.7778433525982, 875.06209894497511, 514.76312116766042, -0.50516205097190914, -0.92674275977974563, 7046.176417515012, 4133.5571986923997, 874.73628724572461, 514.95715081072797, -0.53508519775907459, -0.9087565940843696, 11924.125134723448, 8063.5505321131195, 486.26085932129808, 503.53786023705578, 0, 0, 18.395333396760407
8.0700000000000003, 7056.2415215059546, 4137.9253218136892, 875.05649748760698, 514.75293779526407, -0.56014573681494095, -1.018337239628557, 7054.9236919956738, 4138.7066200773015, 874.73039445936456, 514.94714259701561, -0.58927863600370267, -1.0008213712311835, 11928.987743316662, 8068.5859107154902, 486.26085932129808, 503.53786023705578, 0, 0, 18.385333396760409
8.0800000000000001, 7064.9920093055898, 4143.072709837913, 875.05135247152555, 514.74351421332779, -0.5145016081409246, -0.94235819363057316, 7063.6709142938707, 4143.8559528370342, 874.72495136623934, 514.93789818120058, -0.54430931252426018, -0.92444158150117806, 11933.850351909876, 8073.6212893178608, 486.26085932129808, 503.53786023705578, 0, 0, 18.375333396760411
8.0899999999999999, 7073.7424373751855, 4148.2199898324689, 875.04565546358026, 514.73317104150817, -0.56970079452997446, -1.0343171819594312, 7072.4180740000656, 4149.0051792880568, 874.71896420175585, 514.92772946192554, -0.59871644835161186, -1.0168719275008811, 11938.71296050309, 8078.6566679202315, 486.26085932129808, 503.53786023705578, 0, 0, 18.365333396760409
8.0999999999999996, 7082.4928153438777, 4153.3671778301314, 875.04041640068237, 514.72359019131022, -0.52390628978739395, -0.9580850197919808, 7081.1651806023146, 4154.1543155469717, 874.7134282171869, 514.91832708165566, -0.5535984568997282, -0.94023802698342474, 11943.575569096303, 8083.6920465226021, 486.26085932129808, 503.53786023705578, 0, 0, 18.355333396760408
8.1099999999999994, 7091.2431326095339, 4158.514256170406, 875.03462317730055, 514.71308608208631, -0.57932233818724788, -1.0504109223956264, 7089.9122236513867, 4159.303343862337, 874.7073460105413, 514.90799671825903, -0.6082206645553403, -1.0330363396586926, 11948.438177689517, 8088.7274251249728, 486.26085932129808, 503.53786023705578, 0, 0, 18.34533339676041
8.120000000000001, 7099.9933988348112, 4163.6612409425943, 875.02928941090659, 514.70334683988506, -0.533376639391834, -0.97392422013030666, 7098.6592126685136, 4164.4522804074841, 874.70171647866209, 514.89843524921616, -0.56295318791559334, -0.95614690429004667, 11953.300786282731, 8093.7628037273435, 486.26085932129808, 503.53786023705578, 0, 0, 18.335333396760408
8.1300000000000008, 7108.7436033772829, 4168.8081144180751, 875.02339930174821, 514.69268064535822, -0.58901091583423359, -1.0666194526815906, 7107.406137164523, 4169.6011073626378, 874.69553856019525, 514.88794209330558, -0.61779184668232923, -1.0493155910588066, 11958.163394875945, 8098.7981823297141, 486.26085932129808, 503.53786023705578, 0, 0, 18.325333396760406
8.1400000000000006, 7117.4937559333202, 4173.9548927430114, 875.01797016971591, 514.68278187753208, -0.54291320323166969, -0.98987678261884027, 7116.1530066940149, 4174.7498409581922, 874.68981481953767, 514.87822040137485, -0.57237406575700045, -0.97216919307449512, 11963.026003469158, 8103.8335609320848, 486.26085932129808, 503.53786023705578, 0, 0, 18.315333396760408
8.1500000000000004, 7126.2438458199558, 4179.1015581202209, 875.01198249893196, 514.67195243982371, -0.59876707839658661, -1.0829437708391889, 7124.8998107276266, 4179.8984633056052, 874.68354051393726, 514.86756329466368, -0.62743056004347852, -1.0657106711161854, 11967.888612062372, 8108.8689395344554, 486.26085932129808, 503.53786023705578, 0, 0, 18.30533339676041
8.1600000000000001, 7134.9938827674659, 4184.2481267530638, 875.00645733362785, 514.66189300280962, -0.55251653040992432, -1.0059437014109833, 7133.6465588535175, 4185.0469906926701, 874.67772189739924, 514.85768023587411, -0.58186165379932897, -0.98830587895410738, 11972.751220655586, 8113.9043181368261, 486.26085932129808, 503.53786023705578, 0, 0, 18.295333396760409
8.1699999999999999, 7143.743856052095, 4189.3945807753598, 875.0003714198308, 514.6508991539971, -0.60859137971031008, -1.0993848812471625, 7142.3932405018859, 4190.1954051616422, 874.67135052366689, 514.84685801012029, -0.63713737323189701, -1.0822225753821959, 11977.613829248799, 8118.9396967391967, 486.26085932129808, 503.53786023705578, 0, 0, 18.285333396760407
8.1799999999999997, 7152.4937754382172, 4194.5409364480029, 874.99474954810182, 514.64067789422779, -0.56218717289376396, -1.0221259769302364, 7151.1398652946446, 4195.3437230580503, 874.66543635848041, 514.83681243058436, -0.5914165186532212, -1.0045579535963256, 11982.476437842013, 8123.9750753415674, 486.26085932129808, 503.53786023705578, 0, 0, 18.275333396760409
8.1899999999999995, 7161.2436301610414, 4199.6871758353764, 874.98856470433623, 514.62951845628061, -0.61848437655500788, -1.1159437947228252, 7159.8864226213009, 4200.4919263545107, 874.65896722989874, 514.82582390752816, -0.64691285816284094, -1.0988523056224215, 11987.339046435227, 8129.010453943938, 486.26085932129808, 503.53786023705578, 0, 0, 18.265333396760411
8.1999999999999993, 7169.9934300192317, 4204.8333152562464, 874.98284544748071, 514.61913421012105, -0.57192568554831225, -1.0384246159527255, 7168.6329221377155, 4205.6400314546236, 874.65295683759666, 514.81561464338017, -0.60103923020506322, -1.020926414797352, 11992.201655028441, 8134.0458325463087, 486.26085932129808, 503.53786023705578, 0, 0, 18.25533339676041
8.2100000000000009, 7178.7431642067122, 4209.9793367051179, 874.97656098119387, 514.60780799483496, -0.62844662868805012, -1.1326215286056989, 7177.379353192453, 4210.7880202609267, 874.6463892616955, 514.80445863468117, -0.65675759011466539, -1.1156008698963598, 11997.064263621654, 8139.0812111486794, 486.26085932129808, 503.53786023705578, 0, 0, 18.245333396760408
8.2200000000000006, 7187.4928425566304, 4215.1252565589712, 874.97074365493222, 514.59725958851823, -0.58173262616291099, -1.0548406316775694, 7186.1257254755155, 4215.9359092354334, 874.64028195807896, 514.79408451201573, -0.61073036165013717, -1.0374122665485137, 12001.926872214868, 8144.11658975105, 486.26085932129808, 503.53786023705578, 0, 0, 18.23533339676041
8.2300000000000004, 7196.2424542213748, 4220.2710567419899, 874.96435886794347, 514.5857653974499, -0.63847869887488451, -1.1494191068351698, 7194.8720282942741, 4221.0836802101612, 874.63361523660126, 514.78275981918944, -0.66667214776609751, -1.1324692826310352, 12006.789480808082, 8149.1519683534207, 486.26085932129808, 503.53786023705578, 0, 0, 18.225333396760409
8.2400000000000002, 7204.992009068771, 4225.4167536897075, 874.9584427823886, 514.57505164701172, -0.59160855548895452, -1.0713750438169574, 7203.6182713730668, 4226.2313497058749, 874.62741033170585, 514.77221965399826, -0.6204904895372968, -1.0540165191223729, 12011.652089401296, 8154.1873469557913, 486.26085932129808, 503.53786023705578, 0, 0, 18.215333396760407
8.25, 7213.7414962094217, 4230.5623292555438, 874.95195697085944, 514.56338827141144, -0.64858115292142304, -1.166337560032034, 7212.3644439778172, 4231.3788994836304, 874.62064376057344, 514.76072506835123, -0.67665711323567268, -1.1494585646984601, 12016.514697994509, 8159.222725558162, 486.26085932129808, 503.53786023705578, 0, 0, 18.205333396760409
8.2599999999999998, 7222.4909255460243, 4235.7077999339263, 874.94594143048676, 514.55250798262466, -0.60155403727114154, -1.0880288786757009, 7221.1105558673935, 4236.5263461232853, 874.61434055863538, 514.75001766645971, -0.63032019380727566, -1.0707401891481871, 12021.377306587723, 8164.2581041605326, 486.26085932129808, 503.53786023705578, 0, 0, 18.195333396760411
8.2699999999999996, 7231.2402861471455, 4240.853147507064, 874.93935388488967, 514.54067420336878, -0.65875455970867614, -1.1833779255842416, 7229.8565962660186, 4241.6736713144883, 874.6074734279141, 514.73835196902473, -0.68671307212351052, -1.16656974349724, 12026.239915180937, 8169.2934827629033, 486.26085932129808, 503.53786023705578, 0, 0, 18.185333396760409
8.2799999999999994, 7239.9895879505484, 4245.9983885286219, 874.93323818850683, 514.52962617167645, -0.61156963828193933, -1.1048031692365836, 7238.602574967289, 4246.8208916965332, 874.60107122733575, 514.7274761260278, -0.64022005783428459, -1.0875842996931275, 12031.102523774151, 8174.328861365274, 486.26085932129808, 503.53786023705578, 0, 0, 18.175333396760408
8.2900000000000009, 7248.73881998251, 4251.1435047091518, 874.92654819359461, 514.51762075919919, -0.66899949122208135, -1.2005412477242519, 7247.3484811534699, 4251.9679888872151, 874.59410282120029, 514.7156380874975, -0.69684061354798199, -1.1838038530256767, 12035.965132367364, 8179.3642399676446, 486.26085932129808, 503.53786023705578, 0, 0, 18.16533339676041
8.3000000000000007, 7257.4879922160571, 4256.2885126619003, 874.92033163431108, 514.50640376964691, -0.62165592834819494, -1.1216989552330832, 7256.0943246530815, 4257.1149795856081, 874.58760091451575, 514.70459258869414, -0.65019066845999085, -1.104549880330731, 12040.827740960578, 8184.3996185700153, 486.26085932129808, 503.53786023705578, 0, 0, 18.155333396760408
8.3100000000000005, 7266.2370936349216, 4261.43339402531, 874.91353846908521, 514.49422548387076, -0.67931652258358111, -1.2178285776114373, 7264.8400946061774, 4262.2618453372052, 874.58053051121385, 514.69258096935459, -0.70704033018521562, -1.2011619339598731, 12045.690349553792, 8189.4349971723859, 486.26085932129808, 503.53786023705578, 0, 0, 18.145333396760407
8.3200000000000003, 7274.9861342475906, 4266.5781654725561, 874.90722033428131, 514.48283831103834, -0.63181348039014806, -1.138717283243214, 7273.5858008763971, 4267.4086029012033, 874.57392818505343, 514.68136458968229, -0.66023261603984829, -1.1216379672305121, 12050.552958147005, 8194.4703757747557, 486.26085932129808, 503.53786023705578, 0, 0, 18.135333396760409
8.3300000000000001, 7283.7351029949987, 4271.7228085695206, 874.90032327196047, 514.47048590130407, -0.68970623208707627, -1.2352409734205745, 7282.3314325613246, 4272.555233750345, 874.56675505687031, 514.66917813934492, -0.71731281831205629, -1.2186450337378854, 12055.415566740219, 8199.5057543771254, 486.26085932129808, 503.53786023705578, 0, 0, 18.125333396760411
8.3399999999999999, 7292.4840099212879, 4276.8673400496527, 874.893902843256, 514.4589273092364, -0.64204287045184638, -1.1558592067695175, 7291.0769995599194, 4277.7017547042979, 874.56005159192546, 514.65778964331264, -0.67034649448108041, -1.1388496032335758, 12060.278175333433, 8204.5411329794952, 486.26085932129808, 503.53786023705578, 0, 0, 18.115333396760409
8.3499999999999996, 7301.2328439243402, 4282.0117414058204, 874.88690115124371, 514.44639951423221, -0.70016920122846826, -1.2527795004218079, 7299.8224909270366, 4282.8481471626001, 874.55277500514705, 514.64542710124624, -0.72765867784382277, -1.236254206635224, 12065.140783926647, 8209.5765115818649, 486.26085932129808, 503.53786023705578, 0, 0, 18.105333396760408
8.3599999999999994, 7309.9816150841507, 4287.1560294320952, 874.88037770446635, 514.43466825636904, -0.65234467773133253, -1.1731257863191489, 7308.5679165971533, 4287.9944280057371, 874.54596967613429, 514.63386524286693, -0.68053290128056976, -1.1561858379282512, 12070.00339251986, 8214.6118901842347, 486.26085932129808, 503.53786023705578, 0, 0, 18.09533339676041
8.370000000000001, 7318.730312255293, 4292.3001855478742, 874.87327064431895, 514.42196380405846, -0.71070601473608574, -1.2704452310617314, 7317.3132655821373, 4293.1405785595889, 874.53858889101059, 514.62132533772854, -0.73807851237257627, -1.2539905138414087, 12074.866001113074, 8219.6472687866044, 486.26085932129808, 503.53786023705578, 0, 0, 18.085333396760408
8.3800000000000008, 7327.4789455538139, 4297.4442266082015, 874.8666434494728, 514.41005862316365, -0.66271948461153363, -1.1905180894856155, 7326.0585478521816, 4298.2866157658073, 874.53168096663501, 514.60958886045125, -0.69079243756357145, -1.1736477277273154, 12079.728609706288, 8224.6826473889741, 486.26085932129808, 503.53786023705578, 0, 0, 18.075333396760406
8.3900000000000006, 7336.2275037907193, 4302.5881339585467, 874.85943027686676, 514.39717623071317, -0.72131726060204726, -1.2882392450465274, 7334.8037523759085, 4303.4325208761584, 874.52419523734295, 514.59687031021588, -0.74857292920644336, -1.2718550235385082, 12084.591218299502, 8229.7180259913439, 486.26085932129808, 503.53786023705578, 0, 0, 18.065333396760408
8.4000000000000004, 7344.9759971183066, 4307.7319245152748, 874.85269859809978, 514.38509585880274, -0.67316787669594058, -1.2080371910389962, 7343.5488891594259, 4308.5783108938103, 874.51718398026173, 514.58495794685632, -0.70112570812728114, -1.1912363359536535, 12089.453826892715, 8234.7534045937136, 486.26085932129808, 503.53786023705578, 0, 0, 18.05533339676041
8.4100000000000001, 7353.7244143037578, 4312.8755795494681, 874.8453785627986, 514.37203423250844, -0.73200353011607378, -1.3061626294296931, 7352.2939471278478, 4313.7239669959572, 874.5095925548676, 514.57205945874648, -0.75914253941149523, -1.2898488109842163, 12094.316435485929, 8239.7887831960834, 486.26085932129808, 503.53786023705578, 0, 0, 18.045333396760409
8.4199999999999999, 7362.4727655358192, 4318.0191160391669, 874.83854165837022, 514.35977739077839, -0.68369044283723068, -1.2256841730048973, 7361.038936323398, 4318.8695062476345, 874.50247722165284, 514.5599699314173, -0.71153332147758719, -1.208952732914532, 12099.179044079143, 8244.8241617984531, 486.26085932129808, 503.53786023705578, 0, 0, 18.035333396760407
8.4299999999999997, 7371.2210395375905, 4323.1625151806029, 874.83111400419125, 514.34653522599149, -0.74276541789570294, -1.3242164786942792, 7369.7838456274212, 4324.0149097510048, 874.49477934207437, 514.54689020183139, -0.76978795785021537, -1.3079729585893309, 12104.041652672357, 8249.8595404008229, 486.26085932129808, 503.53786023705578, 0, 0, 18.025333396760409
8.4399999999999995, 7379.969246534466, 4328.3057940138442, 874.82417112643952, 514.334100624744, -0.6942877751712736, -1.2434601247528929, 7378.5286851184583, 4329.160194633324, 874.48755918317568, 514.53462222187159, -0.72201588987126519, -1.2267979959853159, 12108.90426126557, 8254.8949190031926, 486.26085932129808, 503.53786023705578, 0, 0, 18.015333396760411
8.4499999999999993, 7388.7173752052022, 4333.4489336598072, 874.81663509122029, 514.3206766057956, -0.75360352191856306, -1.3424018948390817, 7387.2734436338196, 4334.3053419212592, 874.47975408514344, 514.52135993631157, -0.7805098032221417, -1.3262285559991258, 12113.766869858784, 8259.9302976055624, 486.26085932129808, 503.53786023705578, 0, 0, 18.00533339676041
8.4600000000000009, 7397.4654358120442, 4338.5919512209439, 874.80958548652882, 514.30806294436479, -0.70496046914987875, -1.261366143083388, 7396.018131288567, 4339.4503688046407, 874.47242834484985, 514.50891220421465, -0.73257402935707594, -1.2447732096915223, 12118.629478451998, 8264.9656762079321, 486.26085932129808, 503.53786023705578, 0, 0, 17.995333396760408
8.4700000000000006, 7406.2134169891433, 4343.7348277423898, 874.80194030209327, 514.29445574449016, -0.76451844355432197, -1.3607199874648224, 7404.7627368757112, 4344.5952562341781, 874.46451525786881, 514.49546603721285, -0.79130869810433024, -1.3446167001746268, 12123.492087045212, 8270.0010548103019, 486.26085932129808, 503.53786023705578, 0, 0, 17.98533339676041
8.4800000000000004, 7414.9613290357956, 4348.877580389335, 874.79478321085764, 514.28166171116709, -0.7157091235660783, -1.2794033323025618, 7413.5072705470357, 4349.7400214626305, 874.45708317427068, 514.48283724255509, -0.74320835980964739, -1.2628794657788138, 12128.354695638425, 8275.0364334126716, 486.26085932129808, 503.53786023705578, 0, 0, 17.975333396760409
8.4900000000000002, 7423.7091605412861, 4354.0201901306655, 874.78702810298171, 514.26786999242859, -0.77551078759297287, -1.3791718738547576, 7422.2517210509877, 4354.8846453642818, 874.44906132158076, 514.4692058576004, -0.80218526898835552, -1.3631384954682098, 12133.217304231639, 8280.0718120150414, 486.26085932129808, 503.53786023705578, 0, 0, 17.965333396760407
8.5, 7432.4569218421648, 4359.1626741946693, 874.77976275957576, 514.25489426438537, -0.72653434059162092, -1.2975728043182042, 7430.9960985762782, 4360.0291452551783, 874.44152212653103, 514.4563946789674, -0.75391950497554072, -1.281117863303906, 12138.079912824853, 8285.1071906174111, 486.26085932129808, 503.53786023705578, 0, 0, 17.955333396760409
8.5099999999999998, 7441.2046014825864, 4364.3050134735113, 874.771896947953, 514.24091667759478, -0.78658116227820984, -1.3977586790643193, 7439.7403918265218, 4365.1735019327098, 874.43339072506785, 514.44257672843037, -0.81314014632247544, -1.3817950537081847, 12142.942521418066, 8290.1425692197809, 486.26085932129808, 503.53786023705578, 0, 0, 17.945333396760411
8.5199999999999996, 7449.9522098365569, 4369.4472252589358, 874.76452258069492, 514.22775792080756, -0.73743672580486974, -1.3158756787201014, 7448.4846110275585, 4370.3177327765679, 874.4257436441427, 514.42958183334326, -0.76470809251000482, -1.2994895087098584, 12147.80513001128, 8295.1779478221506, 486.26085932129808, 503.53786023705578, 0, 0, 17.935333396760409
8.5299999999999994, 7458.6997354028372, 4374.5892903659133, 874.75654527890151, 514.21359310544756, -0.79773017933660129, -1.4164815360043037, 7457.2287448379057, 4375.4618185067775, 874.41750190449716, 514.4155759584005, -0.82417396454980607, -1.4005874942768157, 12152.667738604494, 8300.2133264245203, 486.26085932129808, 503.53786023705578, 0, 0, 17.925333396760408
8.5400000000000009, 7467.4471885930925, 4379.7312261500056, 874.74906111001928, 514.20024997461894, -0.74841688822209307, -1.3343130828666265, 7465.9728035207372, 4380.6057765670339, 874.409746156957, 514.40239600324139, -0.77557475401722675, -1.3179955159075223, 12157.530347197708, 8305.2487050268901, 486.26085932129808, 503.53786023705578, 0, 0, 17.91533339676041
8.5500000000000007, 7476.1945578604245, 4384.8730133485142, 874.74097152547915, 514.1858965587636, -0.80895845401108923, -1.435341585531841, 7474.7167756892022, 4385.7495875995246, 874.40139328333544, 514.38820083379949, -0.83528736215091426, -1.4195169441960684, 12162.392955790921, 8310.2840836292598, 486.26085932129808, 503.53786023705578, 0, 0, 17.905333396760408
8.5600000000000005, 7484.9418536543635, 4390.0146693811794, 874.73337677107577, 514.17236769724377, -0.75947544033337955, -1.3528861519796127, 7483.4606716440167, 4390.8932691123118, 874.39352808208446, 514.37483446373585, -0.78652012509529601, -1.3366370063652171, 12167.255564384135, 8315.3194622316296, 486.26085932129808, 503.53786023705578, 0, 0, 17.895333396760407
8.5700000000000003, 7493.6890643820834, 4395.1561749071552, 874.72517410502485, 514.15782429747844, -0.82026660509168059, -1.4543399765372533, 7492.2044799526902, 4396.0368016692682, 874.38506327226764, 514.36044861835376, -0.84648098168379848, -1.4385845382091396, 12172.118172977349, 8320.3548408339993, 486.26085932129808, 503.53786023705578, 0, 0, 17.885333396760409
8.5800000000000001, 7502.4362005311841, 4400.2975474107252, 874.71746797504363, 514.14410833718625, -0.77061299812483863, -1.3715960292169207, 7500.9482109536857, 4401.1802028431857, 874.37708782381401, 514.34689446726202, -0.79754484536780224, -1.3554151091759088, 12176.980781570563, 8325.3902194363691, 486.26085932129808, 503.53786023705578, 0, 0, 17.875333396760411
8.5899999999999999, 7511.1832504626464, 4405.4387674724176, 874.70915142249419, 514.12937355852603, -0.83165525494143411, -1.4734778660236518, 7509.6918531686033, 4406.3234531191456, 874.36851026911586, 514.3323165530735, -0.85775546981938922, -1.4577914188545973, 12181.843390163776, 8330.4255980387388, 486.26085932129808, 503.53786023705578, 0, 0, 17.865333396760409
8.5999999999999996, 7519.9302247023443, 4410.5798526414228, 874.70133312068299, 514.11546911986829, -0.78183018111631253, -1.3904438657714595, 7518.4354169738608, 4411.4665701350323, 874.36042377353056, 514.31857324346197, -0.80864955853088516, -1.3743309611508769, 12186.70599875699, 8335.4609766411086, 486.26085932129808, 503.53786023705578, 0, 0, 17.855333396760408
8.6099999999999994, 7528.6771115647971, 4415.7207834191586, 874.69290187038769, 514.10054155567627, -0.84312502953246504, -1.4927564192038349, 7527.1788908448743, 4416.6095342966564, 874.35173265875665, 514.30380185609636, -0.86911147738708983, -1.4771387365578186, 12191.568607350204, 8340.4963552434783, 486.26085932129808, 503.53786023705578, 0, 0, 17.84533339676041
8.620000000000001, 7537.4239216143587, 4420.8615774200925, 874.68497059426375, 514.08644724746671, -0.79312761238962415, -1.4094308209550157, 7535.9222851962249, 4421.7523633073615, 874.34353430963279, 514.28986799902736, -0.81983491239111617, -1.3933857068980278, 12196.431215943418, 8345.5317338458481, 486.26085932129808, 503.53786023705578, 0, 0, 17.835333396760408
8.6300000000000008, 7546.1706431188177, 4426.0022150660461, 874.67642382867905, 514.0713254793709, -0.85467655847388269, -1.5121768095843311, 7544.6655884568727, 4426.8950374932047, 874.33472881303862, 514.27490172253022, -0.88054965941252439, -1.496627649709414, 12201.293824536631, 8350.5671124482178, 486.26085932129808, 503.53786023705578, 0, 0, 17.825333396760406
8.6400000000000006, 7554.9172866812169, 4431.1427140371306, 874.66837876949285, 514.05703989874803, -0.80450591861903831, -1.4285580622863721, 7553.4088110797693, 4432.0375746233549, 874.32641779744961, 514.2607759175412, -0.83110155890572279, -1.4125804989044215, 12206.156433129845, 8355.6024910505876, 486.26085932129808, 503.53786023705578, 0, 0, 17.815333396760408
8.6500000000000004, 7563.6638405223403, 4436.2830546750856, 874.65971566474241, 514.04172249655755, -0.86631047504057734, -1.5317402190514742, 7562.1519414471422, 4437.1799549436319, 874.317497090698, 514.24561332429369, -0.89207067515629224, -1.5162593247455998, 12211.019041723059, 8360.6378696529573, 486.26085932129808, 503.53786023705578, 0, 0, 17.80533339676041
8.6600000000000001, 7572.410315284128, 4441.4232547260362, 874.6515560074414, 514.02724422890174, -0.81596573010100215, -1.4478267655788393, 7570.8949900505258, 4442.3221962894004, 874.30907258915579, 514.23129415931749, -0.84245015422227398, -1.4319164976181185, 12215.881650316272, 8365.6732482553271, 486.26085932129808, 503.53786023705578, 0, 0, 17.795333396760409
8.6699999999999999, 7581.1566991400896, 4446.5632944511499, 874.64277573327934, 514.01172975052202, -0.87802741620886171, -1.5514478379695333, 7579.6379452251394, 4447.4642788257534, 874.30003583727421, 514.21593380995512, -0.90367518815964998, -1.536034936240591, 12220.744258909486, 8370.7086268576968, 486.26085932129808, 503.53786023705578, 0, 0, 17.785333396760407
8.6799999999999997, 7589.9030027712706, 4451.7031916629376, 874.63450065647146, 513.99705736937176, -0.82750768078495707, -1.4672381150301927, 7588.3808175013082, 4452.6062204546224, 874.29149702368704, 514.20141986123974, -0.85388135871958726, -1.4513948715323444, 12225.6068675027, 8375.7440054600665, 486.26085932129808, 503.53786023705578, 0, 0, 17.775333396760409
8.6899999999999995, 7598.6492143036321, 4456.8429265415016, 874.62560237624461, 513.98134436071916, -0.88982802267896244, -1.5713008652575429, 7597.1235951669651, 4457.7480012598844, 874.28234338502432, 514.18586030456993, -0.91536386627740018, -1.5559556669774885, 12230.469476095914, 8380.7793840624363, 486.26085932129808, 503.53786023705578, 0, 0, 17.765333396760411
8.7000000000000011, 7607.3953444575336, 4461.9825169661135, 874.61721105216157, 513.96647642768596, -0.83913240830551983, -1.4867933033155254, 7605.8662887914397, 4462.8896392104107, 874.27368942665385, 514.17115013659725, -0.86539583705016099, -1.4710167972724908, 12235.332084689127, 8385.814762664806, 486.26085932129808, 503.53786023705578, 0, 0, 17.755333396760406
8.7100000000000009, 7616.1413813111139, 4467.121943035314, 874.60819392277244, 513.95056342260102, -0.90171293891284632, -1.5913005084923546, 7614.6088866150994, 4468.0311143083709, 874.26441805283662, 514.15538990951677, -0.92713738172607518, -1.5760227080454223, 12240.194693282341, 8390.8501412671758, 486.26085932129808, 503.53786023705578, 0, 0, 17.745333396760408
8.7200000000000006, 7624.8873356242584, 4472.2612226955098, 874.59968551723227, 513.93549848728424, -0.85084055401160019, -1.5064935316756354, 7623.3513992464887, 4473.1724445899472, 874.25564811025481, 514.14048207491999, -0.87699425817975973, -1.4907834596785277, 12245.057301875555, 8395.8855198695455, 486.26085932129808, 503.53786023705578, 0, 0, 17.73533339676041
8.7300000000000004, 7633.633195427009, 4477.4003359631852, 874.59054868910073, 513.91938400744436, -0.91368281316016309, -1.6114479839925191, 7632.0938148781297, 4478.3136099751073, 874.24625814614365, 514.12451970233076, -0.93899641112058063, -1.5962372589173262, 12249.919910468769, 8400.9208984719153, 486.26085932129808, 503.53786023705578, 0, 0, 17.725333396760409
8.7400000000000002, 7642.378971518986, 4482.5393008522578, 874.58192236147079, 513.90412060734434, -0.86263276299434299, -1.5263400100041018, 7640.8361441579964, 4483.4546285677225, 874.23737137318938, 514.10941274181187, -0.88867729542601892, -1.5106960518859971, 12254.782519061982, 8405.956277074285, 486.26085932129808, 503.53786023705578, 0, 0, 17.715333396760407
8.75, 7651.1246518818562, 4487.6780972966535, 874.57266497849594, 513.88780316217526, -0.92573829748654657, -1.6317445169067704, 7649.5783752304833, 4488.5954802050619, 874.2278619568342, 514.09324673653657, -0.95094163551334843, -1.616600527532239, 12259.645127655196, 8410.9916556766548, 486.26085932129808, 503.53786023705578, 0, 0, 17.705333396760409
8.7599999999999998, 7659.8702473551884, 4492.8167433781819, 874.56391988165478, 513.8723398226058, -0.87450968412012686, -1.5463339569434602, 7658.3205187832073, 4493.7361830590607, 874.21885750056913, 514.07793917878246, -0.90044562650221693, -1.5307557754160526, 12264.50773624841, 8416.0270342790245, 486.26085932129808, 503.53786023705578, 0, 0, 17.695333396760411
8.7699999999999996, 7668.6157458719981, 4497.9552189477063, 874.55454108117669, 513.85581790919264, -0.93788004780742884, -1.6521913413123785, 7667.0625629121523, 4498.8767168837894, 874.20922776316479, 514.06156804147861, -0.96297374043910566, -1.6371137303874177, 12269.370344841624, 8421.0624128813943, 486.26085932129808, 503.53786023705578, 0, 0, 17.685333396760409
8.7799999999999994, 7677.3611583120146, 4503.0935421553086, 874.54567636147613, 513.84015314319288, -0.88647197005707912, -1.5664765999712382, 7675.8045183447939, 4504.017099919628, 874.20010476382924, 514.04605840307602, -0.91229993355483796, -1.5509638402552017, 12274.232953434837, 8426.097791483764, 486.26085932129808, 503.53786023705578, 0, 0, 17.675333396760408
8.7900000000000009, 7686.1064725593205, 4508.231692768285, 874.53617527423694, 513.82342524618991, -0.95010872391440238, -1.6727897003017622, 7684.5463731284199, 4509.1573118369452, 874.19035382966968, 514.02948062214978, -0.97509341595248678, -1.6577780926185481, 12279.095562028051, 8431.1331700861338, 486.26085932129808, 503.53786023705578, 0, 0, 17.66533339676041
8.8000000000000007, 7694.8516995340215, 4513.3696890053707, 874.52719007146391, 513.80755755443499, -0.89852027730554296, -1.586769175493262, 7693.2881380305807, 4514.297370944947, 874.18111142063765, 514.01376740750038, -0.92424090320521712, -1.5713214649422547, 12283.958170621265, 8436.1685486885035, 486.26085932129808, 503.53786023705578, 0, 0, 17.655333396760408
8.8100000000000005, 7703.5968270709873, 4518.5075105497881, 874.51756582156884, 513.79062214597423, -0.96242498950465916, -1.6935408460749262, 7702.0298010495835, 4519.4372568297949, 874.17123840707097, 513.99698145901948, -0.9873013566688662, -1.6785948480857036, 12288.820779214479, 8441.2039272908733, 486.26085932129808, 503.53786023705578, 0, 0, 17.645333396760407
8.8200000000000003, 7712.3418661309133, 4523.6451756893084, 874.50845926890656, 513.77455001668477, -0.91065526623061521, -1.6072129289411252, 7710.7713729932702, 4524.5769878699039, 874.16187571480509, 513.98106316025292, -0.93626922659342016, -1.5918298766593439, 12293.683387807692, 8446.239305893243, 486.26085932129808, 503.53786023705578, 0, 0, 17.635333396760409
8.8300000000000001, 7721.0868044991757, 4528.7826640225694, 874.49871097378445, 513.75740555628443, -0.97482951221177694, -1.7144460400348629, 7719.5128418106788, 4529.7165435667202, 874.15187973218701, 513.96406750785832, -0.99959826180671441, -1.6995652394621701, 12298.545996400906, 8451.2746844956127, 486.26085932129808, 503.53786023705578, 0, 0, 17.625333396760411
8.8399999999999999, 7729.8316531772734, 4533.9199939067648, 874.48948219777355, 513.74112746513583, -0.92287760108682104, -1.6278091148572396, 7728.254218350161, 4534.8559423682518, 874.14239587619284, 513.94794260474521, -0.94838559941456213, -1.6124903113103608, 12303.40860499412, 8456.3100630979825, 486.26085932129808, 503.53786023705578, 0, 0, 17.615333396760409
8.8499999999999996, 7738.5763999008068, 4539.0571448554329, 874.4796089681372, 513.72377239960701, -0.98732296363437266, -1.7355065528801132, 7736.9954905111972, 4539.9951636907217, 874.13227602784059, 513.93073569956198, -1.0119848352280483, -1.7206905183203132, 12308.271213587333, 8461.3454417003522, 486.26085932129808, 503.53786023705578, 0, 0, 17.605333396760408
8.8599999999999994, 7747.3210557122957, 4544.1941352955791, 874.47025708863669, 513.70728680963714, -0.93518795004845412, -1.6485589969900549, 7745.7366691828674, 4545.1342260521151, 874.12267012062102, 513.91440265942583, -0.96059072196090578, -1.6333040136094998, 12313.133822180547, 8466.380820302722, 486.26085932129808, 503.53786023705578, 0, 0, 17.59533339676041
8.870000000000001, 7756.0656082972791, 4549.3309446551257, 874.46025802844304, 513.68971957299016, -0.99990601936239876, -1.7567236646941231, 7754.4777422148054, 4550.2731087829179, 874.1124255027662, 513.89698293997367, -1.0244617854767524, -1.7419719452141091, 12317.996430773761, 8471.4161989050917, 486.26085932129808, 503.53786023705578, 0, 0, 17.585333396760408
8.8800000000000008, 7764.8100687395154, 4554.4675914312784, 874.45078215859064, 513.6730249345062, -0.94758698524124829, -1.6694638483922422, 7763.2187205370383, 4555.4118304714821, 874.10269664977454, 513.88044021760197, -0.97288529916547839, -1.6542722371726706, 12322.859039366975, 8476.4515775074615, 486.26085932129808, 503.53786023705578, 0, 0, 17.575333396760406
8.8900000000000006, 7773.5544246741974, 4559.6040549658237, 874.44065636500056, 513.65524394785575, -1.0125793590107339, -1.7780986650475277, 7771.9595919490621, 4560.5503703620398, 874.09232635151625, 513.86280610970425, -1.0370298258243027, -1.763410789774555, 12327.721647960188, 8481.4869561098312, 486.26085932129808, 503.53786023705578, 0, 0, 17.565333396760408
8.9000000000000004, 7782.2986872265401, 4564.7403538265598, 874.43105561117295, 513.6383386983407, -0.96007538276556403, -1.6905249515054497, 7780.7003674220714, 4565.6887471136997, 874.08247365110992, 513.84605214725832, -0.98527004063751866, -1.675396244595301, 12332.584256553402, 8486.522334712201, 486.26085932129808, 503.53786023705578, 0, 0, 17.55533339676041
8.9100000000000001, 7791.0428439811021, 4569.8764672686157, 874.42080217451053, 513.62034236980992, -1.0253436662418765, -1.7996328530829977, 7789.4410347051316, 4570.8269398839229, 874.07197675436691, 513.82820206395047, -1.0496896743049444, -1.7850083307874387, 12337.446865146616, 8491.5577133145707, 486.26085932129808, 503.53786023705578, 0, 0, 17.545333396760409
8.9199999999999999, 7799.7869061047741, 4575.0124139307736, 874.41107563628316, 513.60322493382728, -0.97265382273219125, -1.7117435982668807, 7798.1816048108258, 4575.9649674029661, 874.06199929775983, 513.81123529087495, -0.99774566071057524, -1.6966773075519557, 12342.30947373983, 8496.5930919169405, 486.26085932129808, 503.53786023705578, 0, 0, 17.535333396760407
8.9299999999999997, 7808.530861131193, 4580.1481729809811, 874.4006936399951, 513.58501165845098, -1.0381996288035538, -1.8213275376257565, 7806.9220654374949, 4581.1028087409968, 874.0513748772222, 513.79316763231202, -1.0624420537657939, -1.8067658562967934, 12347.172082333043, 8501.6284705193102, 486.26085932129808, 503.53786023705578, 0, 0, 17.525333396760409
8.9399999999999995, 7817.2747202691444, 4585.2837631294024, 874.39084041010221, 513.56768044754892, -0.98532298928924977, -1.7331210902017751, 7815.662427639335, 4586.2404826998136, 874.04127174843734, 513.77598646524325, -1.0103128784820343, -1.7181167068816732, 12352.034690926257, 8506.66384912168, 486.26085932129808, 503.53786023705578, 0, 0, 17.515333396760411
8.9500000000000011, 7826.0184710010544, 4590.4191634562721, 874.3803289307167, 513.54924860717631, -1.0511479385492966, -1.8431840372664436, 7824.4026790636653, 4591.3779682617669, 874.03051887151832, 513.75769961860647, -1.07528769190035, -1.8286846636804399, 12356.897299519471, 8511.6992277240497, 486.26085932129808, 503.53786023705578, 0, 0, 17.505333396760406
8.9600000000000009, 7834.7621245778264, 4595.5543927435328, 874.37034809501029, 513.53170201979117, -0.99808357064551023, -1.7546587385106953, 7833.1428308065178, 4596.5152843005935, 874.02028914733978, 513.74030246127984, -1.0229724178493298, -1.739715732667964, 12361.759908112685, 8516.7346063264195, 486.26085932129808, 503.53786023705578, 0, 0, 17.495333396760408
8.9700000000000006, 7843.5056684303827, 4600.6894299831783, 874.35970620209559, 513.51304998298656, -1.0641892914680851, -1.8652036804599137, 7841.8828704638927, 4601.6524097102974, 874.00940687412685, 513.72179480068246, -1.0882273212911717, -1.8507660597414251, 12366.622516705898, 8521.7699849287892, 486.26085932129808, 503.53786023705578, 0, 0, 17.48533339676041
8.9800000000000004, 7852.2491138519645, 4605.8242940293285, 874.34959683950456, 513.49528640434494, -1.010936259099575, -1.7763578641673832, 7850.6228091738831, 4606.789363436952, 873.99904962405128, 513.70418004383919, -1.0357250075521478, -1.7614756843293113, 12371.485125299112, 8526.8053635311589, 486.26085932129808, 503.53786023705578, 0, 0, 17.475333396760409
8.9900000000000002, 7860.9924482217011, 4610.9589637852014, 874.33882359562745, 513.47641252628875, -1.0773243877092462, -1.88738780561691, 7859.3626344808717, 4611.9261242856865, 873.98803700725682, 513.68544993023124, -1.1012616794480861, -1.8730113607921781, 12376.347733892326, 8531.8407421335287, 486.26085932129808, 503.53786023705578, 0, 0, 17.465333396760407
9, 7869.7356828753946, 4616.0934581774945, 874.32858477811669, 513.45843032830851, -1.0238817510719755, -1.7982197980223045, 7868.1023575652371, 4617.0627112753082, 873.97755129344466, 513.66761595152411, -1.0485713812177306, -1.7833978707152625, 12381.21034248554, 8536.8761207358984, 486.26085932129808, 503.53786023705578, 0, 0, 17.455333396760409
9.0099999999999998, 7878.4788051400856, 4621.2277560201137, 874.31767923880045, 513.43933295069633, -1.0905539316195336, -1.9097377612169213, 7876.8419659194451, 4622.1991031215393, 873.96640737835605, 513.64866173259657, -1.1143915088586465, -1.8954218927598272, 12386.072951078753, 8541.9114993382682, 486.26085932129808, 503.53786023705578, 0, 0, 17.445333396760411
9.0199999999999996, 7887.2218263943614, 4626.3618763127388, 874.30731003132917, 513.42113049188731, -1.0369207471333766, -1.8202458809005106, 7885.5814707663867, 4627.3353189163236, 873.95579225558208, 513.63060689649456, -1.0615122774025652, -1.8054836101966876, 12390.935559671967, 8546.9468779406379, 486.26085932129808, 503.53786023705578, 0, 0, 17.435333396760409
9.0299999999999994, 7895.9647339128796, 4631.495797779422, 874.29627124501155, 513.40180794282833, -1.1038786317666534, -1.9322549058992236, 7894.3208595463093, 4632.4713372854394, 873.94451608001179, 513.61142690658187, -1.1276175570254405, -1.9179989912694699, 12395.798168265181, 8551.9822565430077, 486.26085932129808, 503.53786023705578, 0, 0, 17.425333396760408
9.0400000000000009, 7904.7075391172366, 4636.6295394932304, 874.28577070549125, 513.38338356819133, -1.0500539520334253, -1.8424374637014058, 7903.0601435248436, 4637.6071773943704, 873.93377059561544, 513.59314956427431, -1.0745484396349327, -1.8277342307578275, 12400.660776858394, 8557.0176351453774, 486.26085932129808, 503.53786023705578, 0, 0, 17.41533339676041
9.0500000000000007, 7913.450229229411, 4641.7630800878214, 874.27459771348163, 513.36383416210572, -1.1172992009662974, -1.9549406085606309, 7911.7993100897129, 4642.7428177784132, 873.92236118985033, 513.57374212425702, -1.140940576507093, -1.9407440017340603, 12405.523385451608, 8562.0530137477472, 486.26085932129808, 503.53786023705578, 0, 0, 17.405333396760408
9.0600000000000005, 7922.1928157142347, 4646.8964387100559, 874.26396489273441, 513.34518620303095, -1.063282074719367, -1.8647959074822664, 7920.5383705495187, 4647.8782776769949, 873.91148438368589, 513.55524061355629, -1.0876806164475954, -1.8501510700718904, 12410.385994044822, 8567.0883923501169, 486.26085932129808, 503.53786023705578, 0, 0, 17.395333396760407
9.0700000000000003, 7930.9352857407084, 4652.0295939026491, 874.25265672917135, 513.32540824054649, -1.1308163563069711, -1.9777962484504261, 7929.2773122391573, 4653.0135355343882, 873.89994077043627, 513.53560403076187, -1.1543613249573252, -1.9636582794413293, 12415.248602638036, 8572.1237709524867, 486.26085932129808, 503.53786023705578, 0, 0, 17.385333396760409
9.0800000000000001, 7939.6776508171261, 4657.1625648866675, 874.24189067088764, 513.30653501471079, -1.0766058283727413, -1.88732258357283, 7938.0161465104275, 4658.1486106643742, 873.88893167482195, 513.51687667600584, -1.1009095614285551, -1.8727354756077328, 12420.111211231249, 8577.1591495548564, 486.26085932129808, 503.53786023705578, 0, 0, 17.375333396760411
9.0899999999999999, 7948.4198980592118, 4662.2953301133321, 874.23044636269583, 513.28652678255798, -1.1444308191819796, -2.0008232152781269, 7946.754860645091, 4663.2834814196558, 873.87725286917021, 513.49700924410934, -1.167880565171318, -1.9867431896534735, 12424.973819824463, 8582.1945281572262, 486.26085932129808, 503.53786023705578, 0, 0, 17.365333396760409
9.0999999999999996, 7957.1620390189491, 4667.4279088783269, 874.21954610339151, 513.26742659382126, -1.0900259304325342, -1.9100188736681252, 7955.4934660383778, 4668.4181671887764, 873.86611050883766, 513.47805435606222, -1.1142360332586876, -1.8954888047145508, 12429.836428417677, 8587.2299067595959, 486.26085932129808, 503.53786023705578, 0, 0, 17.355333396760408
9.1099999999999994, 7965.9040607584857, 4672.5602795408286, 874.20796467023843, 513.24718636472812, -1.1581433153129908, -2.0240229093080653, 7964.231949918606, 4673.5526462323205, 873.8542955181864, 513.4579543549853, -1.1814990651240043, -2.0100001076934602, 12434.699037010891, 8592.2652853619657, 486.26085932129808, 503.53786023705578, 0, 0, 17.34533339676041
9.120000000000001, 7974.6459748737225, 4677.6924614715499, 874.19692923921218, 513.22785750302887, -1.1035431026190223, -1.9328861699233495, 7972.9703237246686, 4678.686938014007, 873.84301891022892, 513.43877023073821, -1.1276607957503038, -1.9184124247084935, 12439.561645604104, 8597.3006639643354, 486.26085932129808, 503.53786023705578, 0, 0, 17.335333396760408
9.1300000000000008, 7983.3877683729288, 4682.8244329370691, 874.18520969346446, 513.20738353561433, -1.1719545747752262, -2.0473967414575953, 7981.7085746311313, 4683.8210207017519, 873.83106673424879, 513.41843592654789, -1.1952175980102162, -2.0334304190348416, 12444.424254197318, 8602.3360425667051, 486.26085932129808, 503.53786023705578, 0, 0, 17.325333396760406
9.1400000000000006, 7992.1294528961525, 4687.9562133835443, 874.17403811275483, 513.18782427686369, -1.1171580709670237, -1.9559258750653674, 7990.4467141207815, 4688.9549138348602, 873.81965488806986, 513.39902084941809, -1.1411846178952372, -1.9415077129758407, 12449.286862790532, 8607.3714211690749, 486.26085932129808, 503.53786023705578, 0, 0, 17.315333396760408
9.1500000000000004, 8000.8710153974807, 4693.0877809843932, 874.16217945943458, 513.16711481552966, -1.1858653320298069, -2.0709461334081789, 7999.1847293141209, 4694.0885954880268, 873.80756451864693, 513.37845049422401, -1.2090369422921421, -2.0570355194043732, 12454.149471383746, 8612.4067997714446, 486.26085932129808, 503.53786023705578, 0, 0, 17.30533339676041
9.1600000000000001, 8009.6124675613401, 4698.2191552616378, 874.15087074377607, 513.14732342150478, -1.1308715658503541, -1.9791394024904352, 8007.9226317380662, 4699.2220852765604, 873.79601643590786, 513.35880273365342, -1.1548082739045069, -1.9647760570622053, 12459.012079976959, 8617.4421783738144, 486.26085932129808, 503.53786023705578, 0, 0, 17.295333396760409
9.1699999999999999, 8018.3537962873288, 4703.3503142949749, 874.13887198051657, 513.12637669632772, -1.1998763259474965, -2.0946725177030316, 8016.6604084587434, 4704.355361181375, 873.78378685709049, 513.33799456550469, -1.2229578817385509, -2.0808168148709836, 12463.874688570173, 8622.4775569761841, 486.26085932129808, 503.53786023705578, 0, 0, 17.285333396760407
9.1799999999999997, 8027.0950133044853, 4708.4812776827121, 874.12742513729654, 513.10635141456407, -1.1446843220067968, -2.0025281763637106, 8025.3980710474325, 4709.4884428942014, 873.772101531658, 513.31811237695706, -1.1685325432487399, -1.9882188547633863, 12468.737297163387, 8627.5129355785539, 486.26085932129808, 503.53786023705578, 0, 0, 17.275333396760409
9.1899999999999995, 8035.8361054576135, 4713.6120234102573, 874.11528525429821, 513.08516564118554, -1.2139882998361022, -2.1185773378518244, 8034.1356065155678, 4714.6213083016128, 873.75973171960334, 513.29706461973763, -1.2369812054678837, -2.1047757219417011, 12473.5999057566, 8632.5483141809236, 486.26085932129808, 503.53786023705578, 0, 0, 17.265333396760411
9.2000000000000011, 8044.5770845205943, 4718.7425711526248, 874.10369928351258, 513.06490470486824, -1.1585970785666704, -2.026093631725729, 8042.873026479032, 4719.7539771721831, 873.74790813749632, 513.27694624459536, -1.1823582107024051, -2.0118375142230858, 12478.462514349814, 8637.5836927832934, 486.26085932129808, 503.53786023705578, 0, 0, 17.255333396760406
9.2100000000000009, 8053.3179372831291, 4723.8728988003659, 874.09141726349799, 513.04347808438399, -1.2282020014634885, -2.1426620484290275, 8051.6103178942503, 4724.8864272975788, 873.7353970604164, 513.25565710791886, -1.2511077079872803, -2.1289136676510414, 12483.325122943028, 8642.6190713856631, 486.26085932129808, 503.53786023705578, 0, 0, 17.245333396760408
9.2200000000000006, 8062.0586755641771, 4729.0030261056272, 874.0796911577072, 513.02297971223811, -1.1726105790764361, -2.0498372145915482, 8060.3474924219445, 4730.0186785236401, 873.72343419975255, 513.23530077337864, -1.1962860663834138, -2.035633454023114, 12488.187731536242, 8647.6544499880329, 486.26085932129808, 503.53786023705578, 0, 0, 17.23533339676041
9.2300000000000004, 8070.7992860980266, 4734.1329308635322, 874.06726597587635, 513.00131043108627, -1.2425181830861307, -2.1669281151824871, 8069.0845369632134, 4735.1507085465601, 873.71078081786015, 513.21376845248199, -1.2653381892373377, -2.1532320896605328, 12493.050340129455, 8652.6898285904026, 486.26085932129808, 503.53786023705578, 0, 0, 17.225333396760409
9.2400000000000002, 8079.5397807489499, 4739.2626329037857, 874.05539872016107, 512.98057282726575, -1.1867255715237632, -2.0737603820533117, 8077.821463223856, 4740.2825372898697, 873.69867764880223, 513.19317237144924, -1.2103169057944265, -2.059608103276878, 12497.912948722669, 8657.7252071927724, 486.26085932129808, 503.53786023705578, 0, 0, 17.215333396760407
9.25, 8088.2801461955114, 4744.3921099255058, 874.0428293441463, 512.95865905711435, -1.2569376014735993, -2.1913770151362044, 8086.5582580493256, 4745.4141423537185, 873.6858809142559, 513.17139504708575, -1.2796734546331283, -2.177732436352271, 12502.775557315883, 8662.7605857951421, 486.26085932129808, 503.53786023705578, 0, 0, 17.205333396760409
9.2599999999999998, 8097.0203943475317, 4749.5213818363864, 874.03081991606268, 512.93768041109047, -1.2009428083639515, -2.0978646023860734, 8095.2949331907384, 4750.5455437397541, 873.67363639895723, 513.1505574180685, -1.2244515298657712, -2.0837629017260091, 12507.638165909097, 8667.7959643975119, 486.26085932129808, 503.53786023705578, 0, 0, 17.195333396760411
9.2699999999999996, 8105.7605118275396, 4754.6504262389617, 874.01810530588341, 512.91552030872356, -1.2714610179329604, -2.2160102366939789, 8104.0314754375804, 4755.6767189515094, 873.66069525580622, 513.12853325639924, -1.2941143151054064, -2.2024161669231885, 12512.50077450231, 8672.8313429998816, 486.26085932129808, 503.53786023705578, 0, 0, 17.185333396760409
9.2799999999999994, 8114.5005105911414, 4759.7792631193461, 874.00595267541792, 512.89429879517195, -1.2152630465474634, -2.1221513551564928, 8112.7678965865271, 4760.8076880691788, 873.64830834835618, 513.10745226340089, -1.2386907449997338, -2.1080992998397177, 12517.363383095524, 8677.8667216022513, 486.26085932129808, 503.53786023705578, 0, 0, 17.175333396760408
9.2900000000000009, 8123.2403772045154, 4764.907869982906, 873.99309178343458, 512.87189050237453, -1.2860891983353084, -2.2408292797476586, 8121.5041833707728, 4765.9384284991002, 873.63522173248475, 513.08517941588605, -1.3086615871442073, -2.2272847514838046, 12522.225991688738, 8682.9021002046211, 486.26085932129808, 503.53786023705578, 0, 0, 17.16533339676041
9.3000000000000007, 8131.9801236692929, 4770.03626689461, 873.98079491295914, 512.85042428106135, -1.2296870475412298, -2.1466221313221467, 8130.2403476327936, 4771.0689604004456, 873.62269137885369, 513.06385322829703, -1.2530353631089846, -2.1326187589045675, 12527.088600281952, 8687.9374788069908, 486.26085932129808, 503.53786023705578, 0, 0, 17.155333396760408
9.3100000000000005, 8140.7197364949852, 4775.164431262072, 873.96778668382774, 512.82776592450352, -1.3008229131419466, -2.265835655785839, 8138.9763760491678, 4776.1992610817779, 873.60945821792529, 513.04132983158547, -1.3233160928423764, -2.2523396711572659, 12531.951208875165, 8692.9728574093606, 486.26085932129808, 503.53786023705578, 0, 0, 17.145333396760407
9.3200000000000003, 8149.4592277294869, 4780.2923832295519, 873.95534452805418, 512.80605314017009, -1.2442155773592942, -2.1712784333475019, 8147.7122805084164, 4781.3293507816807, 873.59678335590866, 513.01975660407413, -1.2674862016645061, -2.1573227511308413, 12536.813817468379, 8698.0082360117303, 486.26085932129808, 503.53786023705578, 0, 0, 17.135333396760409
9.3300000000000001, 8158.1985838253268, 4785.4201001063202, 873.94218789867989, 512.78314283128998, -1.315662937432623, -2.2910308880070778, 8156.4480476301769, 4786.4592067103586, 873.58340256930921, 512.99698077989228, -1.3380786599414265, -2.2775824181827731, 12541.676426061593, 8703.0436146141001, 486.26085932129808, 503.53786023705578, 0, 0, 17.125333396760411
9.3399999999999999, 8166.9378168769026, 4790.5476021163668, 873.92959940461401, 512.76118161353691, -1.2588494065834346, -2.1961217753041891, 8165.1836893492573, 4791.5888491862434, 873.57058212847187, 512.97515865229491, -1.2820440837339215, -2.1822127597429701, 12546.539034654807, 8708.0789932164698, 486.26085932129808, 503.53786023705578, 0, 0, 17.115333396760409
9.3499999999999996, 8175.6769132794407, 4795.6748664700253, 873.91629330410478, 512.73801744842285, -1.3306100509192453, -2.3164165114098783, 8173.9191922280233, 4796.7182553205921, 873.55705262725326, 512.95212850733492, -1.3529501218633444, -2.3030144959955048, 12551.40164324802, 8713.1143718188396, 486.26085932129808, 503.53786023705578, 0, 0, 17.105333396760408
9.3599999999999994, 8184.4158851740849, 4800.8019134714568, 873.90355741100086, 512.71580591159307, -1.2735893103867511, -2.2211536829773135, 8182.65456824782, 4801.8474455121232, 873.54408552887298, 512.93005560454412, -1.29670983802304, -2.2072902790758691, 12556.264251841234, 8718.1497504212093, 486.26085932129808, 503.53786023705578, 0, 0, 17.09533339676041
9.370000000000001, 8193.1547188984387, 4805.9287202314617, 873.89010076062107, 512.69238597086394, -1.3456650379793378, -2.3419940729168229, 8191.389803913411, 4806.9763967725557, 873.53040621569539, 512.90676923035073, -1.3679313177621975, -2.3286374193406902, 12561.126860434448, 8723.1851290235791, 486.26085932129808, 503.53786023705578, 0, 0, 17.085333396760408
9.3800000000000008, 8201.8934266406341, 4811.0553071348158, 873.87721639993549, 512.66992221392422, -1.2884360685574348, -2.2463756939731621, 8200.124911252924, 4812.1051295813368, 873.51729137270627, 512.88444366220403, -1.3114842989178863, -2.2325568146725256, 12565.989469027661, 8728.2205076259488, 486.26085932129808, 503.53786023705578, 0, 0, 17.075333396760406
9.3900000000000006, 8210.6319946803305, 4816.1816511921852, 873.86360811305872, 512.64624456260947, -1.3608286876740141, -2.3677651314738903, 8208.859876713188, 4817.2336208500519, 873.50346114178069, 512.86089913506044, -1.3830230925607474, -2.3544527143625902, 12570.852077620875, 8733.2558862283186, 486.26085932129808, 503.53786023705578, 0, 0, 17.065333396760408
9.4000000000000004, 8219.3704352528912, 4821.3077728694079, 873.85057420840349, 512.62352666903121, -1.3033904655215953, -2.2717893578264521, 8217.5947123693604, 4822.3618911393196, 873.49019745871544, 512.83831899622658, -1.3263683065261003, -2.2580138833809489, 12575.714686214089, 8738.2912648306883, 486.26085932129808, 503.53786023705578, 0, 0, 17.05533339676041
9.4100000000000001, 8228.1087345797059, 4826.4336490764099, 873.8368131904657, 512.59958935644954, -1.3761017937728151, -2.3937312581624175, 8226.3294046100036, 4827.4899172599944, 873.47621519574545, 512.81451437703947, -1.3982262969941601, -2.3804619187060099, 12580.577294807303, 8743.3266434330581, 486.26085932129808, 503.53786023705578, 0, 0, 17.045333396760409
9.4199999999999999, 8236.8469049436171, 4831.5593003605391, 873.82362865756204, 512.57661539408832, -1.3184532903720818, -2.2973962361187468, 8235.0639655575542, 4832.6177198543128, 873.46280156867817, 512.79167774690484, -1.3413627067245666, -2.2836630134621796, 12585.439903400516, 8748.3620220354278, 486.26085932129808, 503.53786023705578, 0, 0, 17.035333396760407
9.4299999999999997, 8245.5849325074196, 4836.6847035303745, 873.8097138060142, 512.55241645372507, -1.391485154783376, -2.4198940363202888, 8243.798381541972, 4837.7452756317944, 873.44866615080161, 512.7676110810886, -1.4135417876587928, -2.4066665816269146, 12590.30251199373, 8753.3974006377975, 486.26085932129808, 503.53786023705578, 0, 0, 17.025333396760409
9.4399999999999995, 8254.3228296016787, 4841.8098792152259, 873.79637755264537, 512.52918447469926, -1.3336253368867275, -2.3231979025803171, 8252.5326647332276, 4842.8726053167438, 873.43510146728966, 512.74451602364184, -1.3564683511969178, -2.3095057446815015, 12595.165120586944, 8758.4327792401673, 486.26085932129808, 503.53786023705578, 0, 0, 17.015333396760411
9.4500000000000011, 8263.0605823302685, 4846.9348041217136, 873.78230775690577, 512.5047219240829, -1.4069795739644169, -2.4462550616363767, 8261.2668014023366, 4847.999685516741, 873.42081176301917, 512.72018534100107, -1.4289704270448369, -2.4330682640760077, 12600.027729180158, 8763.468157842537, 486.26085932129808, 503.53786023705578, 0, 0, 17.005333396760406
9.4600000000000009, 8271.7982030717267, 4852.0594989615629, 873.76881868287023, 512.48122996465088, -1.3489074035525441, -2.3491959432031289, 8270.0008037670523, 4853.1265370386063, 873.40709490204438, 512.69682990471699, -1.371686097477228, -2.3355436284106554, 12604.890337773371, 8768.5035364449068, 486.26085932129808, 503.53786023705578, 0, 0, 16.995333396760408
9.4700000000000006, 8280.5356778706773, 4857.1839403388185, 873.75459282427664, 512.45650180522807, -1.4225858593571357, -2.4728159422769913, 8278.7346580391095, 4858.2531363873723, 873.39264977120854, 512.67223321932886, -1.4445130835874551, -2.4596685388142805, 12609.752946366585, 8773.5389150472765, 486.26085932129808, 503.53786023705578, 0, 0, 16.98533339676041
9.4800000000000004, 8289.2730191538758, 4862.3081490480772, 873.74094982134068, 512.43274788566453, -1.3643002935925432, -2.3753919563594228, 8287.4683764842994, 4863.3795044528315, 873.37877960311857, 512.64861543705149, -1.3870168089966286, -2.3617782277354995, 12614.615554959799, 8778.5742936496463, 486.26085932129808, 503.53786023705578, 0, 0, 16.975333396760409
9.4900000000000002, 8298.0102129063653, 4867.4321015901887, 873.7265667731026, 512.40775210267452, -1.4383048238081109, -2.4995782989993272, 8296.2019452547356, 4868.5056176368535, 873.36417789680149, 512.62375074714635, -1.460170631709871, -2.486468990515335, 12619.478163553013, 8783.609672252016, 486.26085932129808, 503.53786023705578, 0, 0, 16.965333396760407
9.5, 8306.7472716033735, 4872.5558188430823, 873.71276872495275, 512.38373422714551, -1.3798048149811342, -2.401787552902376, 8304.9353766644999, 4873.631496912657, 873.35015328325028, 512.59986863597089, -1.4024613551189735, -2.3882111175454921, 12624.340772146226, 8788.6450508543858, 486.26085932129808, 503.53786023705578, 0, 0, 16.955333396760409
9.5099999999999998, 8315.4841811700298, 4877.6792772037888, 873.69822735210289, 512.35846878949303, -1.4541372849826162, -2.5265437652500693, 8313.6686568057394, 4878.7571185783345, 873.33539384373171, 512.57473392381235, -1.4759439518573152, -2.5134712158526114, 12629.20338073944, 8793.6804294567555, 486.26085932129808, 503.53786023705578, 0, 0, 16.945333396760411
9.5199999999999996, 8324.2209541302836, 4882.8024976340303, 873.68427313429822, 512.33418494593013, -1.3954217804693572, -2.4283843562844498, 8322.4017980410845, 4883.8825036909902, 873.32121363761985, 512.55058548496595, -1.418020611186551, -2.414843884640768, 12634.065989332654, 8798.7158080591253, 486.26085932129808, 503.53786023705578, 0, 0, 16.935333396760409
9.5299999999999994, 8332.9575763490175, 4887.9254564263911, 873.66957229364425, 512.30864780605725, -1.4700840653931642, -2.553713987290763, 8331.1347864023719, 4889.0076284443167, 873.30629529831435, 512.52517871672978, -1.4918339305463597, -2.5406768236133268, 12638.928597925868, 8803.751186661495, 486.26085932129808, 503.53786023705578, 0, 0, 16.925333396760408
9.5400000000000009, 8341.6940603991534, 4893.0481746268515, 873.65546077356817, 512.28409596603058, -1.411152007606276, -2.4551840026705607, 8339.8676343010357, 4894.1325139797646, 873.29195834372877, 512.50076193545146, -1.4336954585623423, -2.4416781278338267, 12643.791206519081, 8808.7865652638648, 486.26085932129808, 503.53786023705578, 0, 0, 16.91533339676041
9.5500000000000007, 8350.4303920849907, 4898.1706284229185, 873.64059931364397, 512.25828505978745, -1.4861459924200235, -2.5810906243110092, 8348.6003277082546, 4899.2571363860043, 873.27687992912468, 512.47508106110342, -1.5078414604066694, -2.5680874347999971, 12648.653815112295, 8813.8219438662345, 486.26085932129808, 503.53786023705578, 0, 0, 16.905333396760408
9.5600000000000005, 8359.1665840286787, 4903.2928389452954, 873.62632935045633, 512.23346317837695, -1.4269963187603845, -2.4821881410525433, 8357.332879084528, 4904.381516889297, 873.262385061278, 512.45039390652289, -1.4494867846726476, -2.4687154580523409, 12653.516423705509, 8818.8573224686043, 486.26085932129808, 503.53786023705578, 0, 0, 16.895333396760407
9.5700000000000003, 8367.9026219735988, 4908.4147822757768, 873.61130611147303, 512.20737642489155, -1.5023238983300096, -2.6086753485400567, 8366.0652743400242, 4909.5056314726598, 873.24714538687579, 512.42443685969556, -1.5239674402213998, -2.5957046827301582, 12658.379032298722, 8823.892701070974, 486.26085932129808, 503.53786023705578, 0, 0, 16.885333396760409
9.5800000000000001, 8376.6385185913823, 4913.5364796302611, 873.5968765560616, 512.18228244055786, -1.4429555411407535, -2.5093984333644621, 8374.7975259845698, 4914.6295014476318, 873.23249143204532, 512.39947728471111, -1.4653954830497984, -2.4959574984426238, 12663.241640891936, 8828.9280796733437, 486.26085932129808, 503.53786023705578, 0, 0, 16.875333396760411
9.5899999999999999, 8385.3742595641506, 4918.65790698419, 873.58169036985862, 512.15591774210418, -1.5186186203008609, -2.6364698453690636, 8383.5296198669748, 4919.7531026909473, 873.21708930429554, 512.37324198257966, -1.5402127749734724, -2.6235302131466272, 12668.10424948515, 8833.9634582757135, 486.26085932129808, 503.53786023705578, 0, 0, 16.865333396760409
9.5999999999999996, 8394.1098576132736, 4923.7790856391275, 873.56710006479045, 512.13054957655822, -1.4590305068173059, -2.5368165545977726, 8392.2615685466499, 4924.8764565998908, 873.20227507976176, 512.34800792373494, -1.4814224533743734, -2.5234058844727638, 12672.966858078364, 8838.9988368780832, 486.26085932129808, 503.53786023705578, 0, 0, 16.855333396760408
9.6099999999999994, 8402.8452983592706, 4928.8999914635215, 873.5517497547861, 512.10390481842364, -1.5350310004390506, -2.6644758134636932, 8400.9933578106902, 4929.9995389442756, 873.18670929600296, 512.32149226689171, -1.5565783758857248, -2.651565684317847, 12677.829466671577, 8844.034215480453, 486.26085932129808, 503.53786023705578, 0, 0, 16.84533339676041
9.620000000000001, 8411.5805945735101, 4934.0206458450766, 873.53699753425872, 512.07826037649454, -1.4752220527383053, -2.5644441929131405, 8409.7250002683595, 4935.1223712076053, 873.17173360998777, 512.29598164425136, -1.4975686015150251, -2.5510622640322103, 12682.692075264791, 8849.0695940828227, 486.26085932129808, 503.53786023705578, 0, 0, 16.835333396760408
9.6300000000000008, 8420.3157318145695, 4939.1410245445968, 873.52148191540073, 512.05133342684564, -1.5515618858034907, -2.6926949648879357, 8418.4564816446855, 4940.2449290521326, 873.15600295838306, 512.26918351657991, -1.5730651604672541, -2.6798127671493264, 12687.554683858005, 8854.1049726851925, 486.26085932129808, 503.53786023705578, 0, 0, 16.825333396760406
9.6400000000000006, 8429.0507229040704, 4944.2611490364079, 873.50656660519314, 512.02541059634791, -1.4915310207609387, -2.592283049775566, 8427.1878145990431, 4945.3672340480534, 873.14086460998726, 512.24339423360436, -1.5138348395816057, -2.5789282975545627, 12692.417292451219, 8859.1403512875622, 486.26085932129808, 503.53786023705578, 0, 0, 16.815333396760408
9.6500000000000004, 8437.7855533383026, 4949.3809949730176, 873.49088448390887, 511.99819930609573, -1.5682121284232906, -2.7211290252193518, 8435.9189847940343, 4950.4892617494179, 873.12496786946167, 512.21631150215148, -1.5896740525542647, -2.7082731452862578, 12697.279901044432, 8864.175729889932, 486.26085932129808, 503.53786023705578, 0, 0, 16.80533339676041
9.6600000000000001, 8446.5202359894029, 4954.5005839158521, 873.47580490133225, 511.97199595769524, -1.5079582576576755, -2.6203348400502717, 8444.6500049394162, 4955.6110338135904, 873.10966564860212, 512.19024144557045, -1.5302220859547473, -2.6070056581007681, 12702.142509637646, 8869.2111084923017, 486.26085932129808, 503.53786023705578, 0, 0, 16.795333396760409
9.6699999999999999, 8455.2547562910277, 4959.6198914084689, 873.45995507547912, 511.94449816035859, -1.584982585313528, -2.7497797336623617, 8453.3808606350049, 4960.7325256857685, 873.0936015887786, 512.16287196041833, -1.6064059823493289, -2.7369485152139794, 12707.00511823086, 8874.2464870946715, 486.26085932129808, 503.53786023705578, 0, 0, 16.785333396760407
9.6799999999999997, 8463.9891271660908, 4964.7389390998787, 873.44471002932778, 511.91801214743737, -1.5245046151364863, -2.6486012921232138, 8462.1115646412036, 4965.853759110968, 873.0781342761253, 512.1365190001037, -1.5467312653295084, -2.635296031466841, 12711.867726824074, 8879.2818656970412, 486.26085932129808, 503.53786023705578, 0, 0, 16.775333396760409
9.6899999999999995, 8472.7233339852664, 4969.8577024240267, 873.42869128814277, 511.89022565900564, -1.6018741184963676, -2.7786488431719398, 8470.842102494682, 4970.9747094248814, 873.06190165726059, 512.10886059424001, -1.6232618864663211, -2.7658405863686757, 12716.730335417287, 8884.317244299411, 486.26085932129808, 503.53786023705578, 0, 0, 16.765333396760411
9.7000000000000011, 8481.4573897225055, 4974.9762031179944, 873.41327957864405, 511.86345481752522, -1.5411709498707351, -2.6770841480392384, 8479.5724870067588, 4976.0953984606567, 873.04626802417295, 512.08222258307694, -1.5633633087689667, -2.6638011163091049, 12721.592944010501, 8889.3526229017807, 486.26085932129808, 503.53786023705578, 0, 0, 16.755333396760406
9.7100000000000009, 8490.191279685152, 4980.0944165054516, 873.39709070269384, 511.83537743631939, -1.6188875950252313, -2.807738120583855, 8488.3027036505937, 4981.2158014438255, 873.02986559709313, 512.05427307226444, -1.64024270797876, -2.7949510812544571, 12726.455552603715, 8894.3880015041505, 486.26085932129808, 503.53786023705578, 0, 0, 16.745333396760408
9.7200000000000006, 8498.9250168984599, 4985.2123644120402, 873.38151112145874, 511.80831958468332, -1.5579581235092539, -2.705785163608454, 8497.0327652886917, 4986.3359402961541, 873.0140644055557, 512.02734784602205, -1.5801191537386325, -2.692522624237303, 12731.318161196928, 8899.4233801065202, 486.26085932129808, 503.53786023705578, 0, 0, 16.73533339676041
9.7300000000000004, 8507.6585866060923, 4990.3300220504852, 873.36515088258875, 511.779949091216, -1.6360238869989938, -2.8370493467296716, 8505.7626573303387, 4991.4557901323542, 872.99749091159106, 511.99910502866658, -1.6573493964587018, -2.8242817355449157, 12736.180769790142, 8904.4587587088899, 486.26085932129808, 503.53786023705578, 0, 0, 16.725333396760409
9.7400000000000002, 8516.3920018848676, 4995.4474113354809, 873.34940221256181, 511.75260203013073, -1.5748670026945515, -2.7347061085276958, 8514.4923926894935, 4996.5753729632988, 872.98152091414954, 511.97189040586733, -1.5969997441492936, -2.7214622799226649, 12741.043378383356, 8909.4941373112597, 486.26085932129808, 503.53786023705578, 0, 0, 16.715333396760407
9.75, 8525.1252479144132, 5000.5645073681344, 873.33286937384605, 511.72393618696526, -1.6532838715740894, -2.8665843165497114, 8523.2219567111988, 5001.6946637922129, 872.96477508506939, 511.94335206288548, -1.6745829080139671, -2.8538342981824316, 12745.90598697657, 8914.5295159136294, 486.26085932129808, 503.53786023705578, 0, 0, 16.705333396760409
9.7599999999999998, 8533.8583378233834, 5005.6813321526888, 873.31695038925523, 511.69629769930026, -1.5918984590786911, -2.763848766499569, 8531.9513623611456, 5006.8136847195683, 872.94863502476539, 511.91584584467347, -1.614006030397962, -2.7506218212033224, 12750.768595569783, 8919.5648945159992, 486.26085932129808, 503.53786023705578, 0, 0, 16.695333396760411
9.7699999999999996, 8542.5912567270116, 5010.7978606779561, 873.30024370494527, 511.66733425090797, -1.6706684309910067, -2.8963448392316811, 8540.6805949197624, 5011.9324106364356, 872.93171558271194, 511.88700973935846, -1.6919442053400036, -2.8836105315030318, 12755.631204162997, 8924.6002731183689, 486.26085932129808, 503.53786023705578, 0, 0, 16.685333396760409
9.7799999999999994, 8551.3240178060551, 5015.9141150382247, 873.28415317125177, 511.63940210155431, -1.6090533693469733, -2.7932149353661102, 8549.4096674047432, 5017.0508637333796, 872.91540419301782, 511.85920970936644, -1.6311389694169558, -2.7800029992041964, 12760.493812756211, 8929.6356517207387, 486.26085932129808, 503.53786023705578, 0, 0, 16.675333396760408
9.7900000000000009, 8560.0566061110003, 5021.0300701093292, 873.26727138672595, 511.61013877417105, -1.6881784525852221, -2.926332738324732, 8558.1385650315351, 5022.1690187886416, 872.89830985044023, 511.83007358725308, -1.709434257756794, -2.9136122113363632, 12765.356421349425, 8934.6710303231084, 486.26085932129808, 503.53786023705578, 0, 0, 16.66533339676041
9.8000000000000007, 8568.7890348749752, 5026.1457480761064, 873.25100806057367, 511.58191070989892, -1.6263326152245723, -2.8228064272153683, 8566.8673008701116, 5027.2868980833773, 872.88182585519314, 511.80197751146881, -1.6483995247065477, -2.8096075784294676, 12770.219029942638, 8939.7064089254782, 486.26085932129808, 503.53786023705578, 0, 0, 16.655333396760408
9.8100000000000005, 8577.5212890833573, 5031.2611237007277, 873.23394991228565, 511.55234521138027, -1.705814828803548, -2.9565498518641609, 8575.595860070558, 5032.4044762823232, 872.86455531478066, 511.77253910019766, -1.7270540412515354, -2.9438411271161264, 12775.081638535852, 8944.7417875278479, 486.26085932129808, 503.53786023705578, 0, 0, 16.645333396760407
9.8200000000000003, 8586.2533820219178, 5036.3762192590812, 873.21751254145067, 511.52381896069511, -1.6437370834997866, -2.8526250685174297, 8584.3242557554058, 5037.5217757577248, 872.84789742811677, 511.74414472682884, -1.6657886663844625, -2.8394373368844001, 12779.944247129066, 8949.7771661302177, 486.26085932129808, 503.53786023705578, 0, 0, 16.635333396760409
9.8300000000000001, 8594.9852986105634, 5041.4910093989829, 873.20027675687845, 511.49394898037008, -1.7235784572224901, -2.986998032501071, 8593.0524730090056, 5042.6387710601311, 872.83044938273156, 511.71440173600888, -1.7448045385237434, -2.9742990819952806, 12784.80685572228, 8954.8125447325874, 486.26085932129808, 503.53786023705578, 0, 0, 16.625333396760411
9.8399999999999999, 8603.7170521879816, 5046.6055164878817, 873.18366408021802, 511.46512225336761, -1.6612676660396037, -2.8826727002491421, 8601.7805250067267, 5047.7554846533812, 872.81361630901927, 511.68570679534702, -1.6833073712282156, -2.8694940661855841, 12789.669464315493, 8959.8479233349572, 486.26085932129808, 503.53786023705578, 0, 0, 16.615333396760409
9.8499999999999996, 8612.448627608248, 5051.7197150585434, 873.16624937781239, 511.43494546189135, -1.7414702405636697, -3.0176791476287366, 8610.508396766807, 5052.8718909731506, 872.79598944162899, 511.65565691641746, -1.7626867390278957, -3.0049878929576903, 12794.532072908707, 8964.8833019373269, 486.26085932129808, 503.53786023705578, 0, 0, 16.605333396760408
9.8599999999999994, 8621.1800382632373, 5056.833627570486, 873.14946012521432, 511.40581595011116, -1.678925259802809, -2.9129511780163106, 8619.2361015177303, 5057.9880125753789, 872.77897987540189, 511.62665912070077, -1.7009566227154613, -2.8997795716684225, 12799.394681501921, 8969.9186805396967, 486.26085932129808, 503.53786023705578, 0, 0, 16.59533339676041
9.870000000000001, 8629.9112689408266, 5061.9472284407248, 873.13186521434716, 511.37532999931602, -1.7594910867105786, -3.0485950795128285, 8627.9636242112392, 5063.1038237801777, 872.76117285901171, 511.59630002679143, -1.7807016390178396, -3.0359093909334343, 12804.257290095135, 8974.9540591420664, 486.26085932129808, 503.53786023705578, 0, 0, 16.585333396760408
9.8800000000000008, 8638.6423330863545, 5067.0605402213623, 873.11489810667854, 511.34589537559413, -1.6967107668589978, -2.9434623721874589, 8636.6909781292179, 5068.219347236095, 872.74398548490103, 511.56699707006635, -1.7187374110706277, -2.930295672505991, 12809.119898688348, 8979.9894377444361, 486.26085932129808, 503.53786023705578, 0, 0, 16.575333396760406
9.8900000000000006, 8647.3732154211357, 5072.1735372129597, 873.09712168759131, 511.3150978983399, -1.7776419087236455, -3.0797477254204897, 8645.4181481565302, 5073.3345571469827, 872.72599698248519, 511.53632641585722, -1.798850241589989, -3.0670654209127206, 12813.982507281562, 8985.0248163468059, 486.26085932129808, 503.53786023705578, 0, 0, 16.565333396760408
9.9000000000000004, 8656.1039294442471, 5077.286242060718, 873.07997543664737, 511.28535581665983, -1.7146250943939194, -2.9742081680062937, 8654.1451476287457, 5078.449476254511, 872.70863047515218, 511.50671597383916, -1.7366507332984984, -2.9610442018062915, 12818.845115874776, 8990.0601949491756, 486.26085932129808, 503.53786023705578, 0, 0, 16.55533339676041
9.9100000000000001, 8664.8344598100703, 5082.3986289480354, 873.06201620039894, 511.25424442668253, -1.7959236248427728, -3.1111389977300421, 8662.8719613634639, 5083.5640786455733, 872.69045913958507, 511.47573139541879, -1.817133556714595, -3.0984578420401214, 12823.707724467989, 8995.0955735515454, 486.26085932129808, 503.53786023705578, 0, 0, 16.545333396760409
9.9199999999999999, 8673.5648200717005, 5087.5107206137327, 873.04468950885166, 511.22419252202531, -1.732669154725174, -3.0051904657232331, 8671.5986027502204, 5088.6783871554762, 872.67291216365277, 511.4458111253515, -1.7546975932284803, -2.9920270067284038, 12828.570333061203, 9000.1309521539151, 486.26085932129808, 503.53786023705578, 0, 0, 16.535333396760407
9.9299999999999997, 8682.294994816215, 5092.6224911233294, 873.02654613726656, 511.19276481378449, -1.8143371585121195, -3.1427708240797871, 8680.3250565389662, 5093.7923757534509, 872.65455663763987, 511.41451024007404, -1.8355526012894767, -3.130088527747815, 12833.432941654417, 9005.1663307562849, 486.26085932129808, 503.53786023705578, 0, 0, 16.525333396760409
9.9399999999999995, 8691.0249976510077, 5097.7339633097899, 873.00903769861338, 511.16240070197716, -1.750843865320389, -3.0364111807328431, 8689.051336173492, 5098.9060673689592, 872.6368278476242, 511.38427778058798, -1.7728790015618063, -3.023245948604329, 12838.295550247631, 9010.2017093586546, 486.26085932129808, 503.53786023705578, 0, 0, 16.515333396760411
9.9500000000000011, 8699.7548130954783, 5102.8451111200375, 872.99070886422953, 511.13065425050223, -1.8328834383889283, -3.174645147491753, 8697.7774263357078, 5104.0194358528597, 872.61828676363245, 511.35265818692932, -1.8541083991784608, -3.1619593658634346, 12843.158158840844, 9015.2370879610244, 486.26085932129808, 503.53786023705578, 0, 0, 16.505333396760406
9.9600000000000009, 8708.484454811598, 5107.9559574817058, 872.97301736274142, 511.09997552806527, -1.7691501488069123, -3.0678722436987464, 8706.5033405239483, 5109.1325042292938, 872.60037480387336, 511.32211115789886, -1.7911959759108207, -3.0547029030480184, 12848.020767434058, 9020.2724665633941, 486.26085932129808, 503.53786023705578, 0, 0, 16.495333396760408
9.9700000000000006, 8717.2139072507161, 5113.0664762223978, 872.9545017287578, 511.06790788880022, -1.8515633983570192, -3.2067639265050563, 8715.2290633516895, 5114.2452462300344, 872.58164678406081, 511.29017043531161, -1.8728019812549159, -3.1940722587273234, 12852.883376027272, 9025.3078451657639, 486.26085932129808, 503.53786023705578, 0, 0, 16.48533339676041
9.9800000000000004, 8725.9431841296646, 5118.1766903649459, 872.93662583942796, 511.03691213279342, -1.7875889329827592, -3.0995756006824249, 8723.9546083720998, 5119.3576849744231, 872.56355028865244, 511.2593064377109, -1.809649540839994, -3.0863997600680566, 12857.745984620486, 9030.3432237681336, 486.26085932129808, 503.53786023705578, 0, 0, 16.475333396760409
9.9900000000000002, 8734.6722698313624, 5123.2865736169033, 872.9179220596526, 511.0045208414403, -1.8703779775415104, -3.2391291353131413, 8732.679960129828, 5124.4697940744318, 872.54463394479797, 511.22704214647774, -1.8916343854469979, -3.2264291233134261, 12862.608593213699, 9035.3786023705034, 486.26085932129808, 503.53786023705578, 0, 0, 16.465333396760407
10, 8743.4011781277859, 5128.3961490968359, 872.8998604481443, 510.97320560930751, -1.8061611508314053, -3.1315232132802824, 8741.405132233167, 5129.5815967451326, 872.52635153751885, 511.19585876223584, -1.8282407279112329, -3.1183384241883947, 12867.471201806913, 9040.4139809728731, 486.26085932129808, 503.53786023705578, 0, 0, 16.455333396760409
10.01, 8752.129893333049, 5133.5053903915141, 872.8809671669411, 510.94048818166863, -1.8893281203158867, -3.2717427638899808, 8750.1301091575442, 5134.6930664779711, 872.50724547095103, 511.16326844332247, -1.9106066567758284, -3.2590318913388581, 12872.333810400127, 9045.4493595752429, 486.26085932129808, 503.53786023705578, 0, 0, 16.445333396760411
10.02, 8760.8584292745581, 5138.614320715772, 872.86271848953584, 510.90885101108114, -1.8248677405274589, -3.1637170587472108, 8758.8549045666678, 5139.8042265842823, 872.48877576519385, 511.13176323517689, -1.8469705757206756, -3.150520814555275, 12877.196418993341, 9050.4847381776126, 486.26085932129808, 503.53786023705578, 0, 0, 16.435333396760409
10.029999999999999, 8769.5867701972365, 5143.7229135348598, 872.84363434177271, 510.87580494289995, -1.9084147763089185, -3.3046068181178918, 8767.5795028663433, 5144.9150504342579, 872.46947856671989, 511.09884441008313, -1.9297198473940302, -3.291882509374823, 12882.059027586554, 9055.5201167799823, 486.26085932129808, 503.53786023705578, 0, 0, 16.425333396760408
10.040000000000001, 8778.314929984208, 5148.8311921604191, 872.82519724531824, 510.84384335159865, -1.8437096454476201, -3.1961591301308894, 8776.3039177759911, 5150.0255614360285, 872.45082016542051, 511.06701492143259, -1.8658401299412162, -3.1829488650546813, 12886.921636179768, 9060.5554953823521, 486.26085932129808, 503.53786023705578, 0, 0, 16.41533339676041
10.050000000000001, 8787.0428928108267, 5153.9391299354374, 872.80592085631406, 510.81046611839935, -1.9276389004189005, -3.3377233199295482, 8785.0281336313928, 5155.1357328378017, 872.43133041525414, 511.03376509204287, -1.9489750166320272, -3.3249829389715377, 12891.784244772982, 9065.5908739847218, 486.26085932129808, 503.53786023705578, 0, 0, 16.405333396760408
10.06, 8795.7706726162178, 5159.0467502689062, 872.78729397817222, 510.77817760403525, -1.8626878141840311, -3.2288514364120133, 8793.7521642079791, 5160.2455881450433, 872.41248191082047, 511.00160884679849, -1.8848504433679225, -3.2156245244354733, 12896.646853366196, 9070.6262525870916, 486.26085932129808, 503.53786023705578, 0, 0, 16.395333396760407
10.07, 8804.4982535057825, 5164.1540263808001, 872.76782396364399, 510.74446666096077, -1.947001452825798, -3.3710943074483986, 8802.4759937711024, 5165.3551004832379, 872.39279817851002, 510.96802549523068, -1.9683732310427886, -3.3583351567812816, 12901.509461959409, 9075.6616311894613, 486.26085932129808, 503.53786023705578, 0, 0, 16.385333396760409
10.08, 8813.2256494749381, 5169.2609817780094, 872.74900593163852, 510.71184870093447, -1.8818032005477141, -3.2617960026297612, 8811.1996361525016, 5170.4642934557269, 872.3737581527505, 510.93553999766652, -1.9040025759541703, -3.2485497564174448, 12906.372070552623, 9080.6970097918311, 486.26085932129808, 503.53786023705578, 0, 0, 16.375333396760411
10.09, 8821.9528445587439, 5174.367589556743, 872.72934089764863, 510.67780148258333, -1.9665033989933729, -3.4047218351141995, 8819.9230755466942, 5175.57314006453, 872.35387899710611, 510.90162058611986, -1.9879155644372146, -3.3919411546662421, 12911.234679145837, 9085.7323883942008, 486.26085932129808, 503.53786023705578, 0, 0, 16.365333396760409
10.1, 8830.6798528092058, 5179.4738733223385, 872.71033033001288, 510.64485153388313, -1.9010567635794207, -3.2949948700216778, 8828.6463258420263, 5180.6816640114102, 872.3346460211576, 510.86880332072172, -1.9232975948556423, -3.281726539813584, 12916.09728773905, 9090.7677669965706, 486.26085932129808, 503.53786023705578, 0, 0, 16.355333396760408
10.109999999999999, 8839.40665819065, 5184.5798060464813, 872.69046887291609, 510.61046545414479, -1.986145709684104, -3.4386079738320348, 8837.3693711617725, 5185.7898381741761, 872.31456999017826, 510.83454529132342, -2.0076030979327015, -3.4258029398296626, 12920.959896332264, 9095.8031455989403, 486.26085932129808, 503.53786023705578, 0, 0, 16.34533339676041
10.120000000000001, 8848.1332748119585, 5189.6854114335083, 872.67126437824049, 510.57718095318313, -1.9204494675615058, -3.3284500961672765, 8846.0922254511879, 5190.897686353559, 872.29514262443354, 510.80139372263687, -1.94273657447589, -3.3151568686557931, 12925.822504925478, 9100.8385242013101, 486.26085932129808, 503.53786023705578, 0, 0, 16.335333396760408
10.130000000000001, 8856.8596865663367, 5194.7906623298186, 872.65120508463087, 510.54245340507208, -2.0059293609618671, -3.4727548111027855, 8854.8148727618936, 5196.0051813024056, 872.27486825523363, 510.76679449728761, -2.0274369199901665, -3.4599225349280931, 12930.685113518692, 9105.8739028036798, 486.26085932129808, 503.53786023705578, 0, 0, 16.325333396760406
10.140000000000001, 8865.5859076198412, 5199.8955825393059, 872.63180526181077, 510.50883176752097, -1.9399822820151786, -3.3621637551090324, 8863.5373270963573, 5201.112346920966, 872.25524504926864, 510.73330606976464, -1.962320596497974, -3.3488427522976441, 12935.547722111905, 9110.9092814060496, 486.26085932129808, 503.53786023705578, 0, 0, 16.315333396760408
10.15, 8874.3119217941585, 5205.0001447823133, 872.61154670846884, 510.47376012300936, -2.0258553341970256, -3.5071644511596767, 8872.2595724341318, 5206.2191558363666, 872.23477086800415, 510.69836304998273, -2.0474181264540072, -3.4943019781894717, 12940.410330705119, 9115.9446600084193, 486.26085932129808, 503.53786023705578, 0, 0, 16.30533339676041
10.16, 8883.037743312816, 5210.1043729628527, 872.5919501466517, 510.43979874363436, -1.9596561817118709, -3.3961379374991911, 8880.9816228351992, 5211.3256320489345, 872.21495036050487, 510.66453518782731, -1.9820507499306381, -3.3827862155427644, 12945.272939298333, 9120.9800386107891, 486.26085932129808, 503.53786023705578, 0, 0, 16.295333396760409
10.17, 8891.7633559255901, 5215.2082396744372, 872.57149090049097, 510.40438035348325, -2.0459246160751445, -3.5418390151130219, 8889.7034622066312, 5216.4317480593145, 872.19427488229894, 510.62924575459192, -2.0675478205962152, -3.5289433235391403, 12950.135547891547, 9126.0154172131588, 486.26085932129808, 503.53786023705578, 0, 0, 16.285333396760407
10.18, 8900.4887739137721, 5220.3117689217597, 872.55169617902413, 510.37007660597578, -1.979472146681841, -3.4303747507439968, 8898.4251046662339, 5221.5375279684658, 872.17425560098741, 510.59507586160424, -2.0019281311523125, -3.4169892987703521, 12954.99815648476, 9131.0507958155285, 486.26085932129808, 503.53786023705578, 0, 0, 16.275333396760409
10.19, 8909.2139809548316, 5225.4149331707231, 872.53103479703805, 510.33430879956484, -2.0661381986046652, -3.5767806410953424, 8907.1465340481773, 5226.6429441497858, 872.15337732985586, 510.55943737519698, -2.0878271131600536, -3.5638486407259573, 12959.860765077974, 9136.0861744178983, 486.26085932129808, 503.53786023705578, 0, 0, 16.265333396760411
10.200000000000001, 8917.9389913881278, 5230.5177565272706, 872.51104048541595, 510.2996600363735, -1.9994311622127061, -3.4648763191330874, 8915.8677645283988, 5231.7480208054294, 872.13315779141635, 510.52492283461652, -2.0219538439457385, -3.4514540580455138, 12964.723373671188, 9141.121553020268, 486.26085932129808, 503.53786023705578, 0, 0, 16.255333396760406
10.210000000000001, 8926.6637888184196, 5235.6202113289119, 872.49017551462475, 510.26354012152956, -2.0864970791150568, -3.6119914843925796, 8924.588779867745, 5236.8527301807735, 872.11207522019242, 510.48893263446217, -2.1082571223948814, -3.5990200154341614, 12969.585982264402, 9146.1569316226378, 486.26085932129808, 503.53786023705578, 0, 0, 16.245333396760408
10.220000000000001, 8935.3883876434338, 5240.7223217834098, 872.46998017243618, 510.22854367368973, -2.0195342188560605, -3.4996447839846323, 8933.3095943005974, 5241.9570965797329, 872.09165393019703, 510.45407080880972, -2.0421289995411751, -3.4861825652451222, 12974.448590857615, 9151.1923102250075, 486.26085932129808, 503.53786023705578, 0, 0, 16.23533339676041
10.23, 8944.112771394819, 5245.8240600990894, 872.44891014983352, 510.19206893651381, -2.1070022602644083, -3.6474737175934062, 8942.0301915140535, 5247.0610921188891, 872.07036554045601, 510.41772621331558, -2.1288389741009293, -3.6344595494131058, 12979.311199450829, 9156.2276888273773, 486.26085932129808, 503.53786023705578, 0, 0, 16.225333396760409
10.24, 8952.8369545289697, 5250.925450586109, 872.42851232670921, 510.15672211347595, -2.0397823124292889, -3.5346823037845745, 8950.7505858012501, 5252.1647412044858, 872.04974099328945, 510.38251444423378, -2.0624547166554521, -3.5211769081774502, 12984.173808044043, 9161.263067429747, 486.26085932129808, 503.53786023705578, 0, 0, 16.215333396760407
10.25, 8961.5609205040237, 5256.0264653228141, 872.4072357792088, 510.1198898181687, -2.1276547500381007, -3.683229530725725, 8959.4707607751134, 5257.2680158235244, 872.02824525527274, 510.34581275062783, -2.1495738016658508, -3.6701693605938339, 12989.036416637256, 9166.2984460321168, 486.26085932129808, 503.53786023705578, 0, 0, 16.205333396760409
10.26, 8970.2846838353489, 5261.1271287223381, 872.38663401476867, 510.08418990762544, -2.0601764440163275, -3.5699910543262954, 8968.1907307878482, 5262.3709404851525, 872.00741593405746, 510.3102483587208, -2.0829321215305883, -3.5564391907019441, 12993.89902523047, 9171.3338246344865, 486.26085932129808, 503.53786023705578, 0, 0, 16.195333396760411
10.27, 8979.008227907163, 5266.2274127322444, 872.3651494591511, 510.04699729631136, -2.1484555617547785, -3.7192611314077157, 8976.9104793777769, 5267.4734870460024, 871.98571130659639, 510.27318684288861, -2.1704627461091159, -3.7061515832199614, 12998.761633823684, 9176.3692032368563, 486.26085932129808, 503.53786023705578, 0, 0, 16.185333396760409
10.279999999999999, 8987.7315672941113, 5271.3273418692233, 872.3443422829514, 510.01094156402274, -2.0807176199734703, -3.6055732288610538, 8985.6300209564906, 5272.5756801187017, 871.96467568311664, 510.23726712756002, -2.1035623479780221, -3.5919715328594992, 13003.624242416898, 9181.404581839226, 486.26085932129808, 503.53786023705578, 0, 0, 16.175333396760408
10.290000000000001, 8996.4546853060838, 5276.426887949252, 872.32264822581078, 509.9733858565728, -2.1694057140677945, -3.7555707449935531, 8994.3493389872783, 5277.6774914287225, 871.94276061355538, 510.19984304388026, -2.1915069561225482, -3.7424083679728946, 13008.486851010111, 9186.4399604415958, 486.26085932129808, 503.53786023705578, 0, 0, 16.16533339676041
10.300000000000001, 9005.177596577314, 5281.5260755931622, 872.30163415729146, 509.93697154619042, -2.1014068519288087, -3.6414310382399591, 9003.068447941434, 5282.7789456927503, 871.92151714818124, 510.16356528317033, -2.1243465374171642, -3.6277760709939368, 13013.349459603325, 9191.4753390439655, 486.26085932129808, 503.53786023705578, 0, 0, 16.155333396760408
10.31, 9013.9002843429516, 5286.6248764845323, 872.2797290949818, 509.8990499400432, -2.1905062309654753, -3.7921606147194664, 9011.7873312067768, 5287.8800145042997, 871.89939007230009, 510.12577586434935, -2.2127075881103395, -3.7789418820970875, 13018.212068196539, 9196.5107176463353, 486.26085932129808, 503.53786023705578, 0, 0, 16.145333396760407
10.32, 9022.6227632971277, 5291.723315348926, 872.25850664341408, 509.86227427293272, -2.1222451567768728, -3.6775667110501939, 9020.5060033146237, 5292.9807226846997, 871.87793721391097, 510.08913731477065, -2.1452858389098424, -3.663854957867406, 13023.074676789753, 9201.546096248705, 486.26085932129808, 503.53786023705578, 0, 0, 16.135333396760409
10.33, 9031.3450165998402, 5296.8213637367053, 872.23638906199642, 509.82398394291431, -2.2117581417651153, -3.8290330018415748, 9029.2244475768912, 5298.0810416947006, 871.85559655584871, 510.05097977167549, -2.2340658062234913, -3.8157543095167319, 13027.937285382966, 9206.5814748510747, 486.26085932129808, 503.53786023705578, 0, 0, 16.125333396760411
10.34, 9040.0670590054269, 5301.9190464787607, 872.21495672642959, 509.78684411797661, -2.1432335566832608, -3.7139824937704318, 9037.9426785852374, 5303.1809964608628, 871.8339327417566, 510.01397766804752, -2.1663814092052776, -3.7002103627947203, 13032.79989397618, 9211.6168534534445, 486.26085932129808, 503.53786023705578, 0, 0, 16.115333396760409
10.35, 9048.7888735983197, 5307.0163349914128, 872.19262510161843, 509.74818221611866, -2.2331624811181072, -3.8661901857949212, 9046.6606795752377, 5308.2805583103654, 871.81137691393258, 509.97544918953776, -2.2555827824059498, -3.8528478509733985, 13037.662502569394, 9216.6522320558142, 486.26085932129808, 503.53786023705578, 0, 0, 16.105333396760408
10.359999999999999, 9057.5104751933741, 5312.1132542114765, 872.17098137082769, 509.71067540960956, -2.1643730790787523, -3.750680650910903, 9055.3784651992155, 5313.3797522755904, 871.78950056980477, 509.93808074482013, -2.1876344127753047, -3.7368444717619882, 13042.525111162608, 9221.687610658184, 486.26085932129808, 503.53786023705578, 0, 0, 16.09533339676041
10.370000000000001, 9066.231846799039, 5317.2097754204033, 872.14843416793769, 509.67163906496626, -2.2547202890022162, -3.9036344643332419, 9064.0960186159591, 5318.4785495493297, 871.7667279728405, 509.8991784975787, -2.2772596964286715, -3.8902247241440309, 13047.387719755821, 9226.7229892605537, 486.26085932129808, 503.53786023705578, 0, 0, 16.085333396760408
10.380000000000001, 9074.9530032910043, 5322.3059236615336, 872.12657752037114, 509.63376243031456, -2.1856647566607212, -3.7876634651682273, 9072.8133545387846, 5323.5769752703827, 871.74463751262192, 509.86144090270312, -2.2090460218574948, -3.7737594875597309, 13052.250328349035, 9231.7583678629235, 486.26085932129808, 503.53786023705578, 0, 0, 16.075333396760406
10.390000000000001, 9083.6739276013159, 5327.4016700806133, 872.10381319426392, 509.59434874877769, -2.2764326107235444, -3.941368153687582, 9081.5304560492496, 5328.6750004963351, 871.72164653526261, 509.82216203106537, -2.2990977359339699, -3.9278871637775183, 13057.112936942249, 9236.7937464652932, 486.26085932129808, 503.53786023705578, 0, 0, 16.065333396760408
10.4, 9092.3946346668145, 5332.4970398281157, 872.08174209799006, 509.55609941640211, -2.2071096273818855, -3.8249332375613574, 9090.24733792199, 5333.7726504730017, 871.69934036109771, 509.78405245476642, -2.2306174164864165, -3.810957629896714, 13061.975545535463, 9241.829125067663, 486.26085932129808, 503.53786023705578, 0, 0, 16.05533339676041
10.41, 9101.1151073427191, 5337.5920039132416, 872.05875909302097, 509.51630548051503, -2.2983004969063754, -3.9793935887069649, 9098.9639831608874, 5338.8698961219361, 871.67612938013303, 509.74439408054832, -2.3210980964685421, -3.9658374218129309, 13066.838154128676, 9246.8645036700327, 486.26085932129808, 503.53786023705578, 0, 0, 16.045333396760409
10.42, 9109.8353606273395, 5342.686587594204, 872.0364720056765, 509.47768055763913, -2.2287087344510801, -3.8624922875902956, 9107.6804066022214, 5343.9667627965709, 871.65360588228771, 509.70590966919298, -2.2523497845374858, -3.848441135536314, 13071.70076272189, 9251.8998822724025, 486.26085932129808, 503.53786023705578, 0, 0, 16.035333396760407
10.43, 9118.5553772986459, 5347.7807617428116, 872.01326875564155, 509.43750342640897, -2.320325003493374, -4.0177131230190977, 9116.3965911717478, 5349.0632212815981, 871.63017326247245, 509.66586889151779, -2.3432619815274576, -4.004077767517531, 13076.563371315104, 9256.9352608747722, 486.26085932129808, 503.53786023705578, 0, 0, 16.025333396760409
10.44, 9127.2751724167338, 5352.874551725633, 871.9907641243783, 509.39849999687505, -2.2504631263301502, -3.9003429533908411, 9125.1125517677247, 5354.1592970386746, 871.60743081925477, 509.62700676893348, -2.2742443217676827, -3.8862122584285581, 13081.425979908317, 9261.970639477142, 486.26085932129808, 503.53786023705578, 0, 0, 16.015333396760411
10.450000000000001, 9135.9947286818988, 5357.9679282762327, 871.96733905246094, 509.35793670558326, -2.3425071917383913, -4.0563291291812025, 9133.8282712373275, 5359.2549607147912, 871.58377491322881, 509.58658066405735, -2.3655906025915323, -4.0426104876145272, 13086.288588501531, 9267.0060180795117, 486.26085932129808, 503.53786023705578, 0, 0, 16.005333396760406
10.460000000000001, 9144.7140612163457, 5363.0609168701494, 871.94461531389379, 509.3185518296645, -2.2723738567196463, -3.9384875918730313, 9142.5437645411257, 5364.3502378804415, 871.56081189091037, 509.5473379313591, -2.2963022318458886, -3.9242732698254583, 13091.151197094745, 9272.0413966818815, 486.26085932129808, 503.53786023705578, 0, 0, 15.995333396760408
10.470000000000001, 9153.4331526422648, 5368.1534881018461, 871.92096683261184, 509.27759938967625, -2.3648481281954714, -4.0952439988270708, 9151.2590144472579, 5369.4450990440719, 871.53693103911871, 509.50652355249503, -2.3880851791616657, -4.0814378864067011, 13096.013805687959, 9277.0767752842512, 486.26085932129808, 503.53786023705578, 0, 0, 15.985333396760408
10.48, 9162.1520181442938, 5373.2456675564563, 871.8980224127663, 509.23783010388746, -2.2944419845537993, -3.9769285788778626, 9159.9740359789394, 5374.5395698856282, 871.51374579185483, 509.46689728791085, -2.3185247263931359, -3.9626264584143605, 13100.876414281172, 9282.1121538866209, 486.26085932129808, 503.53786023705578, 0, 0, 15.975333396760409
10.49, 9170.8706402660882, 5378.3374256884736, 871.87414892391917, 509.19648550245921, -2.3873488847131838, -4.1344601428257786, 9168.6888118248171, 5379.6336207741642, 871.48963832246682, 509.42569166505172, -2.4107469387991829, -4.1205622859113884, 13105.739022874386, 9287.1475324889907, 486.26085932129808, 503.53786023705578, 0, 0, 15.965333396760409
10.5, 9179.589034255041, 5383.4287881932514, 871.8509822381792, 509.15632881936591, -2.3166685739913011, -4.0156683093296142, 9177.4033570710872, 5384.7272774996954, 871.46622919221659, 509.38567892374726, -2.3409130250194354, -4.0012741304465163, 13110.6016314676, 9292.1829110913604, 486.26085932129808, 503.53786023705578, 0, 0, 15.955333396760409
10.51, 9188.3071825758416, 5388.5197253844462, 871.82688213279494, 509.1145890194515, -2.4100105384264752, -4.1739799914389559, 9186.117654326441, 5389.8205102910288, 871.44189342104494, 509.3440790634873, -2.4335771171644702, -4.1599860259936472, 13115.464240060814, 9297.2182896937302, 486.26085932129808, 503.53786023705578, 0, 0, 15.945333396760409
10.52, 9197.0251005389655, 5393.6102630682608, 871.80349158585091, 509.07404192747759, -2.3390546944067534, -4.0547091973920235, 9194.8317187403973, 5394.9133450488725, 871.41825873749133, 509.30367687738863, -2.3634683553620186, -4.040218609869175, 13120.326848654027, 9302.2536682960999, 486.26085932129808, 503.53786023705578, 0, 0, 15.935333396760409
10.529999999999999, 9205.7427705296977, 5398.7003714166367, 871.77916324413343, 509.03190386753283, -2.4328341717445361, -4.2138059944740771, 9203.5455328412281, 5400.0057518609265, 871.39369296791085, 509.26167976274365, -2.4565769580524184, -4.1997114644950901, 13125.189457247241, 9307.2890468984697, 486.26085932129808, 503.53786023705578, 0, 0, 15.92533339676041
10.540000000000001, 9214.4602079219258, 5403.7900763472608, 871.75554722992968, 508.99096333076659, -2.3616014203802158, -4.0940536766240037, 9212.2591118421151, 5405.0977567392183, 871.36983104837964, 509.22088514035909, -2.3861919531224505, -4.0794622384568626, 13130.052065840455, 9312.3244255008394, 486.26085932129808, 503.53786023705578, 0, 0, 15.915333396760408
10.550000000000001, 9223.1773950210936, 5408.879347889475, 871.73098902120626, 508.94842392455217, -2.4558208723383457, -4.2539406214400328, 9220.9724381904416, 5410.1893296294757, 871.34503357124538, 509.17848773058546, -2.4797477134283228, -4.2397409773646295, 13134.914674433669, 9317.3598041032092, 486.26085932129808, 503.53786023705578, 0, 0, 15.905333396760408
10.56, 9231.8943472648316, 5413.9682120730904, 871.70714592288948, 508.90708688255091, -2.3843098316811209, -4.1337042001286646, 9229.685527163394, 5415.2804966556751, 871.32094272062443, 509.13729765682609, -2.4090850620989381, -4.1190073759355679, 13139.777283026882, 9322.3951827055789, 486.26085932129808, 503.53786023705578, 0, 0, 15.895333396760408
10.57, 9240.6110468783008, 5419.0566387839617, 871.68235620555822, 508.86414301893382, -2.4789717331298213, -4.2943863617082458, 9238.3983611270032, 5420.3712276206998, 871.29591181418982, 509.09449688723817, -2.503090643466146, -4.2800769587944325, 13144.639891620096, 9327.4305613079487, 486.26085932129808, 503.53786023705578, 0, 0, 15.885333396760409
10.58, 9249.3275093632037, 5424.1446541646646, 871.65828439542565, 508.82240638652672, -2.4071810132555598, -4.17366324071084, 9247.1109554228042, 5425.4615487611118, 871.27159032484758, 509.05290832323703, -2.4321489342227482, -4.158856400115118, 13149.50250021331, 9332.4659399103184, 486.26085932129808, 503.53786023705578, 0, 0, 15.875333396760409
10.59, 9258.0437168639801, 5429.2322279566715, 871.63326151690285, 508.77905492927999, -2.5022878522771506, -4.3351457246702569, 9255.8232923350006, 5430.5514297360705, 871.24632425468178, 509.00970110502351, -2.5266070165838013, -4.3207218213519534, 13154.365108806523, 9337.5013185126882, 486.26085932129808, 503.53786023705578, 0, 0, 15.865333396760409
10.6, 9266.7596849467409, 5434.3193864159703, 871.60895935635074, 508.73691559636961, -2.4302160552135725, -4.2139332910375673, 9264.5353872698233, 5435.6408968953647, 871.22177040638587, 508.9677109879533, -2.4553848295954444, -4.1990117070241242, 13159.227717399737, 9342.5366971150579, 486.26085932129808, 503.53786023705578, 0, 0, 15.855333396760409
10.609999999999999, 9275.4753956747536, 5439.4060991387478, 871.58370165301915, 508.69315338397064, -2.525770333159548, -4.3762212398972755, 9273.2472224291705, 5440.7299197535449, 871.19626742529113, 508.92409420799214, -2.5502981094786712, -4.3616779961135661, 13164.090325992951, 9347.5720757174277, 486.26085932129808, 503.53786023705578, 0, 0, 15.84533339676041
10.620000000000001, 9284.1908646788761, 5444.4923924950581, 871.55916749249104, 508.65060821533262, -2.4534160528160505, -4.2545168638008137, 9281.9588132843201, 5445.8185247742686, 871.17147948512581, 508.88169945088168, -2.4787940165265319, -4.2394757110468149, 13168.952934586165, 9352.6074543197974, 486.26085932129808, 503.53786023705578, 0, 0, 15.835333396760408
10.630000000000001, 9292.9060739407578, 5449.5782359348932, 871.53367328964737, 508.60643206075957, -2.5494202843637508, -4.4176154573056623, 9290.6701419543897, 5450.9066813265872, 871.14573783305411, 508.83766997155362, -2.5741652071656689, -4.402947932803766, 13173.815543179378, 9357.6428329221671, 486.26085932129808, 503.53786023705578, 0, 0, 15.825333396760408
10.640000000000001, 9301.6210391563382, 5454.6636559430272, 871.50890546858284, 508.56347789584095, -2.4767821064497073, -4.2954164918630307, 9299.3812239760537, 5455.9944159886763, 871.12071405533857, 508.79486746310317, -2.5023777715601043, -4.2802508450422625, 13178.678151772592, 9362.6782115245369, 486.26085932129808, 503.53786023705578, 0, 0, 15.815333396760408
10.65, 9310.3357422252011, 5459.748621822343, 871.48317308038622, 508.51888458636785, -2.5732388196610883, -4.4593309473095122, 9308.0920413851672, 5461.0816979831925, 871.09473195930855, 508.75042212210394, -2.59820960300679, -4.444534099921043, 13183.540760365806, 9367.7135901269066, 486.26085932129808, 503.53786023705578, 0, 0, 15.805333396760409
10.66, 9319.0501989087061, 5464.8331601729979, 871.45816992717005, 508.47551823908361, -2.5003153216135376, -4.3366347284251532, 9316.8026097841539, 5466.1685540034796, 871.06947058551339, 508.70720872649906, -2.526137379513711, -4.3213395604857485, 13188.40336895902, 9372.7489687292764, 486.26085932129808, 503.53786023705578, 0, 0, 15.795333396760409
10.67, 9327.7643910239185, 5469.9172401498436, 871.43219765659012, 508.43050453607373, -2.5972270579918098, -4.5013703009885973, 9325.512911125119, 5471.2549531248969, 871.04324625952586, 508.66234433665028, -2.6224325987487092, -4.4864389848787871, 13193.265977552233, 9377.7843473316461, 486.26085932129808, 503.53786023705578, 0, 0, 15.785333396760409
10.68, 9336.4783343979634, 5475.0008884690824, 871.40695748850112, 508.38672279460184, -2.524016808901373, -4.378174147191106, 9334.2229610765935, 5476.3409221566144, 871.01774551819074, 508.6187168933742, -2.5500741335142019, -4.3627443276062143, 13198.128586145447, 9382.8197259340159, 486.26085932129808, 503.53786023705578, 0, 0, 15.775333396760409
10.69, 9345.1920107649294, 5480.0840741366092, 871.38074362726661, 508.34128543329933, -2.6213861234456943, -4.5437361302531647, 9342.932741506449, 5481.4264300257837, 870.99127716314513, 508.57343024243278, -2.646835504557548, -4.528665094142621, 13202.991194738661, 9387.8551045363856, 486.26085932129808, 503.53786023705578, 0, 0, 15.765333396760409
10.700000000000001, 9353.9054360180489, 5485.1668239853407, 871.35526475042684, 508.29708505987412, -2.5478876839751328, -4.4200373425196631, 9351.6422681496806, 5486.5115036580628, 870.96553526979483, 508.52938556607768, -2.5741893350252112, -4.4044676355106578, 13207.853803331875, 9392.8904831387554, 486.26085932129808, 503.53786023705578, 0, 0, 15.755333396760408
10.710000000000001, 9362.6185918079809, 5490.2491068712789, 871.32880757897442, 508.25122074919409, -2.6457171452374504, -4.586431068003086, 9360.3515227894331, 5491.5961118314808, 870.93882107340437, 508.48367341654404, -2.6714196390493479, -4.5712149533616877, 13212.716411925088, 9397.9258617411251, 486.26085932129808, 503.53786023705578, 0, 0, 15.745333396760408
10.720000000000001, 9371.331494094411, 5495.3309497447317, 871.30308828829891, 508.2065984798981, -2.5719290675478819, -4.4622269295960955, 9369.0605212275223, 5496.6802815888477, 870.91283623046547, 508.43920829662073, -2.5984842938852273, -4.4465119923279586, 13217.579020518302, 9402.9612403434949, 486.26085932129808, 503.53786023705578, 0, 0, 15.735333396760408
10.73, 9380.0441244441063, 5500.4123213108651, 871.27638607572203, 508.16030390221499, -2.6702212576933633, -4.6294577683093054, 9377.7692451618768, 5501.7639815581479, 870.88587436717216, 508.39306738554552, -2.6961863293325941, -4.614091107521892, 13222.441629111516, 9407.9966189458646, 486.26085932129808, 503.53786023705578, 0, 0, 15.725333396760409
10.74, 9388.7564988835511, 5505.4932486380558, 871.25042465486843, 508.11525644676902, -2.5961420853602752, -4.5047455445958722, 9386.4777104614986, 5506.8472389000144, 870.85964476388881, 508.34817858629208, -2.6229603283400129, -4.4888799253443379, 13227.30423770473, 9413.0319975482344, 486.26085932129808, 503.53786023705578, 0, 0, 15.715333396760409
10.75, 9397.4685988951605, 5510.5737002796877, 871.22347565886628, 508.06852825770346, -2.6948996002125747, -4.6728189065556123, 9395.1858987386004, 5511.9300220914593, 870.83243339477849, 508.30160562508149, -2.7211369110264783, -4.657296121058935, 13232.166846297943, 9418.0673761506041, 486.26085932129808, 503.53786023705578, 0, 0, 15.705333396760409
10.76, 9406.1804405725688, 5515.6537034228877, 871.19727038018482, 508.02305229925508, -2.6205278681496789, -4.5475958448392033, 9403.8938259297338, 5517.0123584116127, 870.80595720712779, 508.25628988527018, -2.647618765068648, -4.5315739811292257, 13237.029454891157, 9423.1027547529739, 486.26085932129808, 503.53786023705578, 0, 0, 15.695333396760409
10.77, 9414.8920053133734, 5520.7332264683037, 871.17007284701231, 507.9758871274588, -2.7197533172539408, -4.7165171796270613, 9412.6014735608951, 5522.0942161855783, 870.77849447984477, 508.20928155949002, -2.7462727283054429, -4.7008325780177245, 13241.892063484371, 9428.1381333553436, 486.26085932129808, 503.53786023705578, 0, 0, 15.685333396760409
10.779999999999999, 9423.6033092787111, 5525.8122967225017, 871.14362197149603, 507.92997932236915, -2.6450875516291337, -4.590780508965608, 9421.3088576365535, 5527.1756228116647, 870.75176987045256, 508.16353559223319, -2.6724609392202567, -4.5745967256807925, 13246.754672077584, 9433.1735119577133, 486.26085932129808, 503.53786023705578, 0, 0, 15.67533339676041
10.790000000000001, 9432.3143337808924, 5530.8908824324299, 871.11617413591307, 507.88237376930851, -2.7447835582993854, -4.7605553060619714, 9430.0159595959885, 5532.2565464621248, 870.72405391911332, 508.11608856141146, -2.771595133921346, -4.7447030821748415, 13251.617280670798, 9438.2088905600831, 486.26085932129808, 503.53786023705578, 0, 0, 15.665333396760408
10.800000000000001, 9441.0250950489099, 5535.9690110247875, 871.08947591314859, 507.83603074693764, -2.669822276452674, -4.6343022370887441, 9438.7227955119506, 5537.3370146551269, 870.69707903716892, 508.06990905396594, -2.697488194438137, -4.6179507445512726, 13256.479889264012, 9443.2442691624528, 486.26085932129808, 503.53786023705578, 0, 0, 15.655333396760408
10.81, 9449.7355743093194, 5541.046650591853, 871.06177599837031, 507.78798138667531, -2.7699914778317742, -4.8049360262319798, 9447.4293467364987, 5542.4169954091276, 870.6691079822765, 508.02201995139404, -2.7971054892409772, -4.7889102571887108, 13261.342497857226, 9448.2796477648226, 486.26085932129808, 503.53786023705578, 0, 0, 15.645333396760408
10.82, 9458.4457878593257, 5546.1238286811567, 871.03482866648835, 507.74119974916556, -2.694733188193597, -4.6781637509765934, 9456.1356294110392, 5547.4965163628449, 870.64188096344753, 507.9754035649641, -2.722701882897665, -4.6616386429972891, 13266.205106450439, 9453.3150263671923, 486.26085932129808, 503.53786023705578, 0, 0, 15.635333396760409
10.83, 9467.1557168392555, 5551.2005132293334, 871.0068748841353, 507.69270312814041, -2.7953782353053791, -4.8496621025130233, 9464.8416247998994, 5552.5755453799829, 870.61365291180471, 507.92706899749669, -2.8228051642771765, -4.8334567467402492, 13271.067715043653, 9458.3504049695621, 486.26085932129808, 503.53786023705578, 0, 0, 15.625333396760409
10.84, 9475.8653776148822, 5556.2767319054456, 870.97967666976217, 507.6454794501982, -2.7198214373149008, -4.7223677942219231, 9473.5473491135126, 5557.654110220501, 870.58617187815128, 507.88001236703548, -2.7481033653374149, -4.7056630461199864, 13275.930323636867, 9463.3857835719318, 486.26085932129808, 503.53786023705578, 0, 0, 15.615333396760409
10.85, 9484.5747512398302, 5561.3524524894992, 870.95146721981098, 507.5965320870036, -2.8209449951147678, -4.8947363194572331, 9482.2527835279634, 5562.7321785923896, 870.55768492277411, 507.83122891488875, -2.8486955377193808, -4.8783452146739847, 13280.792932230081, 9468.4211621743016, 486.26085932129808, 503.53786023705578, 0, 0, 15.605333396760409
10.859999999999999, 9493.2838541488018, 5566.4277027727994, 870.92401633801967, 507.54886291567954, -2.7450881791325696, -4.766917132404112, 9490.9579443230887, 5567.8097783775484, 870.52994798266332, 507.78372864889877, -2.7736940110841446, -4.7500265989960955, 13285.655540823294, 9473.4565407766713, 486.26085932129808, 503.53786023705578, 0, 0, 15.59533339676041
10.870000000000001, 9501.9926673082427, 5571.502450377734, 870.89554940875405, 507.49946130083998, -2.846692926557294, -4.9401614839575458, 9499.6628125862153, 5572.8868771272855, 870.50120020269378, 507.73449286544746, -2.8747779969587919, -4.9235783451314514, 13290.518149416508, 9478.4919193790411, 486.26085932129808, 503.53786023705578, 0, 0, 15.585333396760408
10.880000000000001, 9510.7012072221441, 5576.576723218559, 870.86784406301626, 507.45134315530743, -2.7705345737780891, -4.811814553253301, 9508.3674046669621, 5577.9635028461453, 870.47320545071295, 507.68654554577938, -2.7994751980780115, -4.7947319668108612, 13295.380758009722, 9483.5272979814108, 486.26085932129808, 503.53786023705578, 0, 0, 15.575333396760408
10.890000000000001, 9519.409454769293, 5581.6504887590481, 870.83911783097824, 507.40148375105321, -2.8726232037988852, -4.9859404254216066, 9517.0717015633782, 5583.0396229277767, 870.44419491133181, 507.63685395735246, -2.9010539381178444, -4.9691588426934343, 13300.243366602936, 9488.5626765837806, 486.26085932129808, 503.53786023705578, 0, 0, 15.565333396760408
10.9, 9528.1174265233349, 5586.7237750371287, 870.81115621311653, 507.3529131223849, -2.7961617861675085, -4.8570628668292688, 9525.7757196952443, 5588.1152655000751, 870.4159404282027, 507.5884561390024, -2.8254483129052885, -4.8397818350053194, 13305.105975196149, 9493.5980551861503, 486.26085932129808, 503.53786023705578, 0, 0, 15.555333396760409
10.91, 9536.8251032749158, 5591.7965493569527, 870.78216884305812, 507.3025923624254, -2.8987370058420079, -5.0320759959530612, 9534.4794399708117, 5593.1903977980501, 870.38666518054185, 507.53830524467713, -2.9275247660828376, -5.015089432529189, 13309.968583789363, 9498.6334337885201, 486.26085932129808, 503.53786023705578, 0, 0, 15.545333396760409
10.92, 9545.5325016676979, 5596.8688398808408, 870.75394913319849, 507.25356571336846, -2.8219709859633144, -4.9026649056918714, 9543.182878880405, 5598.2650480736602, 870.35814903303356, 507.48945345558298, -2.8516147508249752, -4.8851789094146367, 13314.831192382577, 9503.6688123908898, 486.26085932129808, 503.53786023705578, 0, 0, 15.535333396760409
10.93, 9554.2396024037025, 5601.9406137523138, 870.7246987780336, 507.20278000266325, -2.925035516485063, -5.078571070522103, 9551.8860172419518, 5603.3391834022868, 870.3286071140883, 507.43883972697762, -2.9541918945291141, -5.061372860534429, 13319.693800975791, 9508.7041909932595, 486.26085932129808, 503.53786023705578, 0, 0, 15.525333396760409
10.94, 9562.9464221969811, 5607.0118992588114, 870.69621914455831, 507.15329376741255, -2.8479633475330859, -4.9486235250697455, 9560.5888716167046, 5608.4128321606695, 870.29982735493036, 507.38953046781359, -2.8779759157932459, -4.9309259164042762, 13324.556409569004, 9513.7395695956293, 486.26085932129808, 503.53786023705578, 0, 0, 15.515333396760409
10.950000000000001, 9571.6529416604371, 5612.0826633822035, 870.66670394531548, 507.10203948194118, -2.9515199242812247, -5.1254285471389105, 9569.2914227317415, 5613.4859612635637, 870.27001678747092, 507.33845034887889, -2.981056745946733, -5.1080118934717404, 13329.419018162218, 9518.774948197999, 486.26085932129808, 503.53786023705578, 0, 0, 15.505333396760408
10.960000000000001, 9580.3591775788827, 5617.1529345357822, 870.63796254481633, 507.05209006591082, -2.8741400499115128, -4.994941603038586, 9577.993687219634, 5618.5585992132119, 870.24097145526605, 507.28868009284872, -2.9045332204923002, -4.9770256030152913, 13334.281626755432, 9523.8103268003688, 486.26085932129808, 503.53786023705578, 0, 0, 15.495333396760408
10.970000000000001, 9589.065110475618, 5622.2226795387396, 870.60818063059128, 507.00036355244043, -2.9781914225004016, -5.172651347036278, 9586.6956457160741, 5623.6307127627424, 870.21089024774938, 507.2371299996575, -3.0081207516703188, -5.1550093191197659, 13339.144235348645, 9528.8457054027385, 486.26085932129808, 503.53786023705578, 0, 0, 15.485333396760408
10.98, 9597.7707572065829, 5627.2919269309577, 870.57917560782369, 506.94994733203345, -2.9005022767587318, -5.0416220406970353, 9595.3973149253379, 5628.7023305406283, 870.18157736688579, 507.18689519228644, -2.93128808635662, -5.0234807371067633, 13344.006843941859, 9533.8810840051083, 486.26085932129808, 503.53786023705578, 0, 0, 15.475333396760409
10.99, 9606.4760982049793, 5632.3606433679161, 870.54912509573285, 506.897744907885, -3.0050512090853121, -5.2202424148462354, 9604.0986753912039, 5633.7734191373593, 870.15122351336674, 507.13487151282226, -3.0353853519041545, -5.2023679464158628, 13348.869452535073, 9538.916462607478, 486.26085932129808, 503.53786023705578, 0, 0, 15.465333396760409
11, 9615.1811503982535, 5637.4288575168302, 870.51985458356967, 506.84685823026166, -2.9270512163123508, -5.0886677623358265, 9612.7997438900456, 5638.8440073083711, 870.12164109393075, 507.08416857174734, -2.9582419435940621, -5.0702941074910068, 13353.732061128287, 9543.9518412098478, 486.26085932129808, 503.53786023705578, 0, 0, 15.455333396760409
11.01, 9623.8858941290164, 5642.4965358684249, 870.48953357870369, 506.79417618307394, -3.0321004866036274, -5.2682047187739727, 9621.500500873186, 5643.9140614804974, 870.09101257397333, 507.03166766569137, -3.0628519957444742, -5.2500906055956174, 13358.5946697215, 9548.9872198122175, 486.26085932129808, 503.53786023705578, 0, 0, 15.445333396760409
11.02, 9632.5903463965933, 5647.5637072179979, 870.45999569809021, 506.74281536591775, -2.9537880613440439, -5.1360817156186833, 9630.2009631894907, 5648.9836105368759, 870.0611586116612, 506.98049298045055, -2.9853962312125799, -5.117468524080075, 13363.457278314714, 9554.0225984145873, 486.26085932129808, 503.53786023705578, 0, 0, 15.435333396760409
11.029999999999999, 9641.2944874525056, 5652.6303378904695, 870.42940229346823, 506.68964995340991, -3.0593404622035649, -5.3165412507817473, 9638.9011111972868, 5654.0526207396579, 870.03025339024919, 506.92751117896711, -3.0905221412063093, -5.2981801483418529, 13368.319886907928, 9559.057977016957, 486.26085932129808, 503.53786023705578, 0, 0, 15.42533339676041
11.040000000000001, 9649.9983343683398, 5657.6964568099729, 870.39959515337716, 506.63781128469236, -2.9807140091077438, -5.1838668717530272, 9647.6009618183289, 5659.1211211004247, 870.00012586627884, 506.8758611107869, -3.0127523970397379, -5.1650068180215776, 13373.182495501142, 9564.0933556193268, 486.26085932129808, 503.53786023705578, 0, 0, 15.415333396760408
11.050000000000001, 9658.701867304022, 5662.762030134566, 870.36872742990158, 506.5841587344247, -3.0867723475633939, -5.3652550267665564, 9656.3004953174041, 5664.189077715615, 869.96894189372642, 506.82239471630766, -3.118397255245418, -5.346639447926921, 13378.045104094355, 9569.1287342216965, 486.26085932129808, 503.53786023705578, 0, 0, 15.405333396760408
11.06, 9667.4051034037821, 5667.827086917976, 870.33864912728859, 506.53183847216792, -3.0078302612943424, -5.2320262256758641, 9664.9997286895559, 5669.2565197260019, 869.93853877474896, 506.77026559788914, -3.0403118977498185, -5.2129118418492286, 13382.907712687569, 9574.1641128240663, 486.26085932129808, 503.53786023705578, 0, 0, 15.395333396760408
11.07, 9676.1080227354505, 5672.8915931503343, 870.30750515370016, 506.47769498130043, -3.1143973588447498, -5.4143490867485324, 9673.6986421054808, 5674.3234130612709, 869.90707398661107, 506.71631088389546, -3.1464788137851696, -5.3954713993652321, 13387.770321280783, 9579.199491426436, 486.26085932129808, 503.53786023705578, 0, 0, 15.385333396760409
11.08, 9684.8106425162841, 5677.955578015728, 870.27715377346033, 506.42488935333807, -3.0351380239825603, -5.2805627962374011, 9682.3972526339167, 5679.3897869921393, 869.87639322462223, 506.66369901919916, -3.0680761988882939, -5.261186469630605, 13392.632929873997, 9584.2348700288057, 486.26085932129808, 503.53786023705578, 0, 0, 15.375333396760409
11.09, 9693.5129427215106, 5683.0190073352869, 870.24573160629393, 506.37025108838753, -3.1422167166401507, -5.4638264950537483, 9691.0955403509179, 5684.4556072804935, 869.84464554160479, 506.60925223000356, -3.1747683017388457, -5.4446789195596974, 13397.49553846721, 9589.2702486311755, 486.26085932129808, 503.53786023705578, 0, 0, 15.365333396760409
11.1, 9702.2149406417975, 5688.0819104242264, 870.21510522121821, 506.31695629212385, -3.062638507577728, -5.3294796263683404, 9699.7935223993172, 5689.5209033277542, 869.81368507385594, 506.5561538940326, -3.0960467748854619, -5.3098335970980717, 13402.358147060424, 9594.3056272335452, 486.26085932129808, 503.53786023705578, 0, 0, 15.355333396760409
11.109999999999999, 9710.916616159262, 5693.1442529335964, 870.18340290475908, 506.261819388719, -3.1702316459115729, -5.5136903404861402, 9708.491178759974, 5694.5856407269521, 869.78165240172564, 506.50121124455825, -3.2032672130242426, -5.494264947436748, 13407.220755653638, 9599.341005835915, 486.26085932129808, 503.53786023705578, 0, 0, 15.34533339676041
11.120000000000001, 9719.61798663837, 5698.206064310516, 870.15249957549156, 506.20803159088643, -3.0903329267551176, -5.3787797832592421, 9717.188526650225, 5699.6498490109761, 869.75041015063493, 506.44762268314031, -3.1242251090757973, -5.3588561417912857, 13412.083364246851, 9604.3763844382847, 486.26085932129808, 503.53786023705578, 0, 0, 15.335333396760408
11.130000000000001, 9728.3190318676188, 5703.2673100348647, 870.1205151417322, 506.15239215352125, -3.1984433759379827, -5.5639437365190965, 9725.8855459551742, 5704.7134936029406, 869.71809038012907, 506.39218035869931, -3.2319770505883962, -5.5442324441005626, 13416.945972840065, 9609.4117630406545, 486.26085932129808, 503.53786023705578, 0, 0, 15.325333396760408
11.140000000000001, 9737.0197692856618, 5708.3280196864462, 870.08933291672804, 506.09810748993567, -3.1182225004116382, -5.4284663585585315, 9734.5822539670717, 5709.7766041679715, 869.68656425319182, 506.33809778826713, -3.1526126937268244, -5.408257043217886, 13421.808581433279, 9614.4471416430242, 486.26085932129808, 503.53786023705578, 0, 0, 15.315333396760408
11.15, 9745.7201785868583, 5713.3881585728723, 870.05706438532548, 506.04196159172085, -3.2268531402581693, -5.6145898214835288, 9743.2786304747042, 5714.8391459581953, 869.65395525992756, 506.28215194433733, -3.2608993264288664, -5.5945843929832444, 13426.671190026493, 9619.482520245394, 486.26085932129808, 503.53786023705578, 0, 0, 15.305333396760409
11.16, 9754.4202772844437, 5718.4477564074195, 870.02560130080951, 505.9871761670355, -3.1463084515942379, -5.4785424685353332, 9751.9746928456498, 5719.9011487717489, 869.62214314962705, 506.22757155170757, -3.181211030046085, -5.4580392629784047, 13431.533798619706, 9624.5178988477637, 486.26085932129808, 503.53786023705578, 0, 0, 15.295333396760409
11.17, 9763.1200449781245, 5723.5067783243258, 869.99304667904346, 505.93051984944799, -3.2554621766069793, -5.6656317587492442, 9760.6704207718121, 5724.962577688696, 869.58924279401094, 506.17111831370767, -3.2900355616097174, -5.645323799987783, 13436.39640721292, 9629.5532774501335, 486.26085932129808, 503.53786023705578, 0, 0, 15.285333396760409
11.18, 9771.819499256113, 5728.5652541711324, 869.96130075896895, 505.87522973690523, -3.1745920074472829, -5.5290112542791352, 9769.3658316965084, 5730.0234626409656, 869.55714257772888, 506.11603625585838, -3.2100216282082092, -5.5082057849275818, 13441.259015806134, 9634.5886560525032, 486.26085932129808, 503.53786023705578, 0, 0, 15.275333396760409
11.19, 9780.5186196229442, 5733.6231489075908, 869.92845804170042, 505.81805900953606, -3.2842717268562276, -5.7170727369189294, 9778.0609052141936, 5735.08376853547, 869.52394870486603, 506.05907171892193, -3.3193872862834168, -5.6964536936430976, 13446.121624399348, 9639.624034654873, 486.26085932129808, 503.53786023705578, 0, 0, 15.265333396760409
11.200000000000001, 9789.2174237422005, 5738.6804925163042, 869.89642729770901, 505.7622602507173, -3.2030743991436106, -5.5798758818762666, 9786.7556588443404, 5740.143525438717, 869.49155824479237, 506.00348412276878, -3.2390460073670369, -5.558759615311911, 13450.984232992561, 9644.6594132572427, 486.26085932129808, 503.53786023705578, 0, 0, 15.255333396760408
11.210000000000001, 9797.9158910227216, 5743.7372497814158, 869.86329446733953, 505.70457109101716, -3.3132830369484085, -5.7689159700145396, 9795.4500720833821, 5745.2026980833762, 869.45806868439536, 505.94600435151625, -3.3489560397068741, -5.7479771252509648, 13455.846841585775, 9649.6947918596125, 486.26085932129808, 503.53786023705578, 0, 0, 15.245333396760408
11.220000000000001, 9806.6140392038651, 5748.7934508213948, 869.83097689872136, 505.64825969559115, -3.2317568618212671, -5.6311395426007511, 9804.144162527371, 5750.2613166713236, 869.42538582743862, 505.88990731368705, -3.2682856956746851, -5.6097037829210556, 13460.709450178989, 9654.7301704619822, 486.26085932129808, 503.53786023705578, 0, 0, 15.235333396760408
11.23, 9815.3118475982483, 5753.8490602436459, 869.79755192515313, 505.59004804861456, -3.342497356824309, -5.821164697658074, 9812.8379095741402, 5755.3193457598854, 869.3915983937361, 505.83190834199678, -3.3787433702527236, -5.7998971690267647, 13465.572058772203, 9659.7655490643519, 486.26085932129808, 503.53786023705578, 0, 0, 15.225333396760409
11.24, 9824.0093340214044, 5758.9041083033144, 869.76494551880808, 505.53321999408371, -3.2606406345071468, -5.6828054530875587, 9821.5313308967434, 5760.3768156871047, 869.3586209714332, 505.77529792860457, -3.2977422302888955, -5.6610413392211036, 13470.434667365416, 9664.8009276667217, 486.26085932129808, 503.53786023705578, 0, 0, 15.215333396760409
11.25, 9832.7064776892021, 5763.9585594299278, 869.73122635940445, 505.474481772231, -3.3719159403590009, -5.8738221852714503, 9830.2244057938333, 5765.4336908338528, 869.32453346307886, 505.71677575938196, -3.4087508354302707, -5.8522169222588358, 13475.29727595863, 9669.8363062690914, 486.26085932129808, 503.53786023705578, 0, 0, 15.205333396760409
11.26, 9841.4032964937524, 5769.0124440161217, 869.69832908980391, 505.4171330036757, -3.2897269600526844, -5.7348768555312493, 9838.9171520158907, 5770.4900016751426, 869.29125929150496, 505.65964800579684, -3.3274171573937048, -5.7127753585127037, 13480.159884551844, 9674.8716848714612, 486.26085932129808, 503.53786023705578, 0, 0, 15.195333396760409
11.27, 9850.0997695536444, 5774.0657263123994, 869.66431368935105, 505.3578640864331, -3.401540045286465, -5.9268917242619343, 9847.6095487618059, 5775.5457124142749, 869.25686949148599, 505.60059861074234, -3.4389800018964887, -5.9049395054527896, 13485.022493145058, 9679.9070634738309, 486.26085932129808, 503.53786023705578, 0, 0, 15.185333396760409
11.279999999999999, 9858.7959148379759, 5779.1184368497106, 869.63112351850043, 505.29999051625435, -3.3190170850602714, -5.7873570178736982, 9856.301613859916, 5780.600853664042, 869.22329637116388, 505.54294952136155, -3.3573120322122478, -5.764908938077733, 13489.885101738271, 9684.9424420762007, 486.26085932129808, 503.53786023705578, 0, 0, 15.17533339676041
11.290000000000001, 9867.4917113675201, 5784.170539698378, 869.59680980916914, 505.24018674993215, -3.4313709331295121, -5.9803766322215761, 9864.9933264087613, 5785.6553894490462, 869.18860204670909, 505.48336884073666, -3.46943244547366, -5.9580680624893185, 13494.747710331485, 9689.9778206785704, 486.26085932129808, 503.53786023705578, 0, 0, 15.165333396760408
11.300000000000001, 9876.1871771887727, 5789.2220655284918, 869.56332468657115, 505.18178425759231, -3.3485122598018804, -5.8402492339834851, 9873.6847043149646, 5790.709350520674, 869.15472776251897, 505.42519438875348, -3.3874284190131743, -5.8174451983170403, 13499.610318924699, 9695.0131992809402, 486.26085932129808, 503.53786023705578, 0, 0, 15.155333396760408
11.31, 9884.8822912241576, 5794.2729782290298, 869.52871058788003, 505.12144145506124, -3.46140986911578, -6.0342802531079602, 9882.3757265761269, 5795.762700723697, 869.11972666500742, 505.36507833114587, -3.5001097511545582, -6.0116057607627091, 13504.472927517912, 9700.0485778833099, 486.26085932129808, 503.53786023705578, 0, 0, 15.145333396760408
11.32, 9893.5770715979761, 5799.3233086100572, 869.49492845049861, 505.06250588682269, -3.378213738144864, -5.8935568238526033, 9891.0664111775932, 5800.8154709489163, 869.08554898609611, 505.30637445831684, -3.4177678911256111, -5.8703872829049901, 13509.335536111126, 9705.0839564856797, 486.26085932129808, 503.53786023705578, 0, 0, 15.135333396760409
11.33, 9902.2714971337628, 5804.3730203780315, 869.46001186927754, 505.00161982724825, -3.4916581221022369, -6.0886059574446065, 9899.7567370154266, 5805.8676248601305, 869.05023885096489, 505.24571890040346, -3.5310135131175118, -6.0655557913384897, 13514.19814470434, 9710.1193350880494, 486.26085932129808, 503.53786023705578, 0, 0, 15.125333396760409
11.34, 9910.965586034039, 5809.422144483834, 869.42593064150287, 504.94214699591038, -3.4081227774707767, -5.947283133786355, 9908.4467221541308, 5810.9191934883811, 869.01575553065538, 505.18648151681407, -3.4483320309485879, -5.9237383589366237, 13519.060753297554, 9715.1547136904192, 486.26085932129808, 503.53786023705578, 0, 0, 15.115333396760409
11.35, 9919.6593170229098, 5814.4706444502217, 869.39070947185792, 504.88071342448512, -3.5221169644975894, -6.1433571425230218, 9917.1363453876365, 5815.970140315344, 868.98013407730798, 505.12528230312296, -3.5621453347408174, -6.1199213691121468, 13523.923361890767, 9720.1900922927889, 486.26085932129808, 503.53786023705578, 0, 0, 15.105333396760409
11.359999999999999, 9928.3527083815334, 5819.5185513697361, 869.35632706547199, 504.82069910911912, -3.4382406385939346, -6.0014315365980409, 9925.8256248600446, 5821.0204965131325, 868.94534285300836, 505.06550728695214, -3.4791224299616537, -5.9775016170790334, 13528.785970483981, 9725.2254708951587, 486.26085932129808, 503.53786023705578, 0, 0, 15.09533339676041
11.370000000000001, 9937.0457387340375, 5824.5658285802419, 869.32079918875024, 504.75871373679325, -3.5527876721722835, -6.198537232588893, 9934.5145392625509, 5826.0702253801419, 868.90940778472225, 505.00376022962263, -3.5935068286062863, -6.1747057329513764, 13533.648579077195, 9730.2608494975284, 486.26085932129808, 503.53786023705578, 0, 0, 15.085333396760408
11.380000000000001, 9945.7384264406373, 5829.612507316795, 869.2861135028935, 504.69815368247532, -3.4685685856710005, -6.0560054317935936, 9943.2031068192955, 5831.1193582303977, 868.87430637783496, 504.9434434269055, -3.5101406887280198, -6.0316802717120943, 13538.511187670409, 9735.2962280998981, 486.26085932129808, 503.53786023705578, 0, 0, 15.075333396760408
11.390000000000001, 9954.4307500249379, 5834.6585507311684, 869.2502767876498, 504.63561218568492, -3.5836715243730848, -6.2541496790414417, 9951.891306118132, 5836.1678581778451, 868.83805538166985, 504.88114430544698, -3.6250996165088143, -6.2299121458509452, 13543.373796263622, 9740.3316067022679, 486.26085932129808, 503.53786023705578, 0, 0, 15.065333396760408
11.4, 9963.1227279266313, 5839.7039902017887, 869.21528570878866, 504.57450210322725, -3.4991078861142468, -6.1110082457678567, 9960.5791554636853, 5841.2157566792657, 868.80264149750087, 504.82028152983617, -3.5413884169028478, -6.0862775610802826, 13548.236404856836, 9745.3669853046376, 486.26085932129808, 503.53786023705578, 0, 0, 15.055333396760409
11.41, 9971.8143385682488, 5844.7487886931267, 869.17913801075235, 504.51140012362094, -3.6147698036316078, -6.3101979606279359, 9969.2666333398611, 5846.2630166629797, 868.76607224420627, 504.75742609088536, -3.6569253294614432, -6.2855438950820988, 13553.09901345005, 9750.4023639070074, 486.26085932129808, 503.53786023705578, 0, 0, 15.045333396760409
11.42, 9980.5056004693852, 5849.7929777278478, 869.14383941264737, 504.44973568930101, -3.5298598104981398, -6.1664434319948942, 9977.9537581322184, 5851.3096697293768, 868.73034357187396, 504.69601312341098, -3.5728672332363929, -6.1412967474379219, 13557.961622043264, 9755.4377425093771, 486.26085932129808, 503.53786023705578, 0, 0, 15.035333396760409
11.43, 9989.1964919509428, 5854.8365200819035, 869.10737857469064, 504.38606883346455, -3.6460837956748211, -6.3666855836471017, 9986.6405082200963, 5856.355678619967, 868.69345371579686, 504.63259708048747, -3.6889856077039176, -6.3416042923503024, 13562.824230636477, 9760.4731211117469, 486.26085932129808, 503.53786023705578, 0, 0, 15.025333396760409
11.44, 9997.887031612845, 5859.8794474230672, 869.07177031836602, 504.32384568875227, -3.5608256324671985, -6.2223144712260252, 9995.3269020704392, 5861.4010750796042, 868.65740792814108, 504.57062966931545, -3.6045787655799528, -6.1967411172015714, 13567.686839229691, 9765.5084997141166, 486.26085932129808, 503.53786023705578, 0, 0, 15.015333396760409
11.450000000000001, 10006.577197673811, 5864.9217223375426, 869.03499417047283, 504.25960952793088, -3.6776147893235129, -6.4236160821376123, 10004.012917957405, 5866.4458216617959, 868.62019510713412, 504.50664870257606, -3.7212821007008152, -6.3980966739374177, 13572.549447822905, 9770.5438783164864, 486.26085932129808, 503.53786023705578, 0, 0, 15.005333396760408
11.460000000000001, 10015.267008814521, 5869.9633766390916, 868.99907410418643, 504.19682327921407, -3.5920066286374142, -6.2786248716824495, 10012.698574429778, 5871.4899502567241, 868.5838298606252, 504.44412256276507, -3.6365246508869573, -6.2526139810964034, 13577.412056416119, 9775.5792569188561, 486.26085932129808, 503.53786023705578, 0, 0, 14.995333396760408
11.470000000000001, 10023.956443150952, 5875.0043727229313, 868.96198046342238, 504.13201334903317, -3.7093640764024092, -6.4809930180921986, 10021.383849655915, 5876.5334232286914, 868.54629169595364, 504.3795723187564, -3.7538164671528471, -6.4550244008689477, 13582.274665009332, 9780.6146355212259, 486.26085932129808, 503.53786023705578, 0, 0, 14.985333396760408
11.48, 10032.645519444974, 5880.0447425496959, 868.92574642263742, 504.0686595673406, -3.6234040784985999, -6.3353781692551818, 10030.068762266894, 5881.5762726140774, 868.50960463060153, 504.31648313201333, -3.6687065352165629, -6.3089186743092869, 13587.137273602546, 9785.6500141235956, 486.26085932129808, 503.53786023705578, 0, 0, 14.975333396760409
11.49, 10041.334215709257, 5885.0844483223718, 868.8883330931211, 504.00327136752406, -3.7413329516351101, -6.5388199816516179, 10038.753290324643, 5886.6184605867684, 868.47173872685153, 504.25135922342275, -3.7865903749946557, -6.5123908590604902, 13591.99988219576, 9790.6853927259654, 486.26085932129808, 503.53786023705578, 0, 0, 14.965333396760409
11.5, 10050.022550787298, 5890.123522149358, 868.85178290047804, 503.93934558824708, -3.6550192643101487, -6.3925779276994854, 10047.437452543001, 5891.6600193302193, 868.43472746611417, 504.18770263785638, -3.7011260737322864, -6.3656585566357542, 13596.862490788973, 9795.7207713283351, 486.26085932129808, 503.53786023705578, 0, 0, 14.955333396760409
11.51, 10058.710502587895, 5895.1619260401521, 868.81404767335266, 503.87337458233401, -3.7735227125405997, -6.5971005913072007, 10056.121226876838, 5896.7009108266793, 868.39653141110023, 504.12200064326163, -3.8196055013957992, -6.5701994594721613, 13601.725099382187, 9800.7561499307049, 486.26085932129808, 503.53786023705578, 0, 0, 14.945333396760409
11.52, 10067.398090036608, 5900.1996922518147, 868.77717913864274, 503.80887230494568, -3.6868534709949858, -6.4502277388320914, 10064.804632123209, 5901.7411674075602, 868.35919356179318, 504.05777227313536, -3.7337849307004634, -6.4228370126291416, 13606.587707975401, 9805.7915285330746, 486.26085932129808, 503.53786023705578, 0, 0, 14.935333396760409
11.529999999999999, 10076.085290937795, 5905.2367825990896, 868.73911979204945, 503.74231392000462, -3.8059346593277885, -6.655838494106022, 10073.487646129297, 5906.7807508622454, 868.32066492646561, 503.99148773675273, -3.8528635327614298, -6.6284536382650208, 13611.450316568615, 9810.8269071354443, 486.26085932129808, 503.53786023705578, 0, 0, 14.92533339676041
11.540000000000001, 10084.772124299518, 5910.2732294886064, 868.7019307121891, 503.67723060777723, -3.7189079860357923, -6.5083312227383034, 10082.170287775845, 5911.8196936709955, 868.28299807867063, 503.92668316223512, -3.7666847794926355, -6.4804574517589995, 13616.312925161828, 9815.8622857378141, 486.26085932129808, 503.53786023705578, 0, 0, 14.915333396760408
11.550000000000001, 10093.458567821126, 5915.3089945390793, 868.66354501124124, 503.6100802341187, -3.8385700947855663, -6.7150373658544638, 10090.852534801706, 5916.8579574290898, 868.24413441702336, 503.8598115936656, -3.8863661647301875, -6.6871568569552675, 13621.175533755042, 9820.8976643401838, 486.26085932129808, 503.53786023705578, 0, 0, 14.905333396760408
11.56, 10102.144640593624, 5920.3441103076166, 868.62603317024764, 503.54441131383908, -3.7511840993561671, -6.5668920279593257, 10099.534406171781, 5921.8955747665304, 868.20613614399758, 503.79442636058013, -3.7998273025745983, -6.5385233085490819, 13626.038142348256, 9825.9330429425536, 486.26085932129808, 503.53786023705578, 0, 0, 14.895333396760408
11.57, 10110.830320210778, 5925.3785382156184, 868.58731886700593, 503.47666430472589, -3.8714303241662549, -6.774700911316625, 10108.215879515956, 5926.9325070832456, 868.16693499297594, 503.72696323455449, -3.9201151021672058, -6.7463126025626217, 13630.90075094147, 9830.9684215449233, 486.26085932129808, 503.53786023705578, 0, 0, 14.885333396760409
11.58, 10119.515625846983, 5930.4123109715911, 868.54948203597394, 503.41040516640896, -3.7836831032048219, -6.6259138316909443, 10116.896973883757, 5931.9687871598844, 868.12860285106092, 503.66099285412724, -3.8332141915001765, -6.5970380427260586, 13635.763359534683, 9836.0038001472931, 486.26085932129808, 503.53786023705578, 0, 0, 14.875333396760409
11.59, 10128.200534989845, 5935.4453897983258, 868.5104368694233, 503.3420568377648, -3.9045166550684081, -6.8348328644178755, 10125.577666795458, 5937.0043761997676, 868.08906173046933, 503.59293361024959, -3.9541120591582049, -6.8059243877632332, 13640.625968127897, 9841.0391787496628, 486.26085932129808, 503.53786023705578, 0, 0, 14.865333396760409
11.6, 10136.885066897596, 5940.4778075566528, 868.47227280650293, 503.27520283436485, -3.8164062920429029, -6.6854003399938051, 10134.257977385691, 5942.0393071350991, 868.0503932590002, 503.52637355885582, -3.8668471469098389, -6.656005139379209, 13645.488576721111, 9846.0745573520326, 486.26085932129808, 503.53786023705578, 0, 0, 14.855333396760409
11.609999999999999, 10145.569198951101, 5945.5095252694482, 868.43289450252973, 503.20624846448021, -3.9378303973246083, -6.8954369884633504, 10142.937883064467, 5947.0735409713252, 868.01050967141009, 503.45771360134523, -3.9883587590103207, -6.8659957510568903, 13650.351185314325, 9851.1099359544023, 486.26085932129808, 503.53786023705578, 0, 0, 14.84533339676041
11.620000000000001, 10154.252950492883, 5950.5405759507994, 868.39440095290558, 503.13879491160031, -3.8493549624201622, -6.7453552879909351, 10151.617403052, 5952.107110793122, 867.97150239262487, 503.39055932025417, -3.9007278785199735, -6.7154281091066901, 13655.213793907538, 9856.1453145567721, 486.26085932129808, 503.53786023705578, 0, 0, 14.835333396760408
11.630000000000001, 10162.936298796481, 5955.570920422354, 868.35468722427686, 503.06922974083699, -3.9713728628719052, -6.956517076333121, 10160.296514647385, 5957.1399774067859, 867.93127382328248, 503.32129401768509, -4.0228569342374163, -6.9265302569102278, 13660.076402500752, 9861.1806931591418, 486.26085932129808, 503.53786023705578, 0, 0, 14.825333396760408
11.640000000000001, 10171.619263289162, 5960.6005918523961, 868.31586192014834, 503.00117191643625, -3.8825304128519678, -6.8057824400731182, 10168.975237156903, 5962.1721740503899, 867.89192524223131, 503.25354091280337, -3.9348581051147691, -6.7753104881690209, 13664.939011093966, 9866.2160717615116, 486.26085932129808, 503.53786023705578, 0, 0, 14.815333396760408
11.65, 10180.301821136558, 5965.6295508600178, 868.27581046649198, 502.93099114692922, -4.0051453656339531, -7.0180769507039917, 10177.653547768075, 5967.2036613297932, 867.85134915896572, 503.18366559784414, -4.0576083265588645, -6.9875314959259365, 13669.801619687179, 9871.2514503638813, 486.26085932129808, 503.53786023705578, 0, 0, 14.805333396760409
11.66, 10188.983991851132, 5970.6578307686486, 868.2366511270551, 502.86232429102819, -3.9159339436926612, -6.8666855901045345, 10186.331465873733, 5972.2344726373958, 867.81165676342039, 503.11530903945771, -3.9692395545362662, -6.8356558386421726, 13674.664228280393, 9876.2868289662511, 486.26085932129808, 503.53786023705578, 0, 0, 14.795333396760409
11.67, 10197.665752490018, 5975.6853919934892, 868.19625963484123, 502.79152308638578, -4.0391492213827851, -7.0801204642430182, 10195.008968549164, 5977.264568377328, 867.77073061655153, 503.04481900860787, -4.0926146868798758, -7.049003084982985, 13679.526836873607, 9881.3222075686208, 486.26085932129808, 503.53786023705578, 0, 0, 14.785333396760409
11.68, 10206.347122651337, 5980.7122680140692, 868.15676396627123, 502.72224240076963, -3.949566856995999, -6.928068561612875, 10203.686075274234, 5982.2939820972515, 867.73069187691488, 502.97585433112232, -4.0038739636633842, -6.8964677485544561, 13684.389445466821, 9886.3575861709905, 486.26085932129808, 503.53786023705578, 0, 0, 14.775333396760409
11.69, 10215.028079283138, 5985.7384190403518, 868.11603010879514, 502.65081588577141, -4.0733857476104385, -7.1426514998246624, 10212.362763011337, 5987.3226739982629, 867.68941309916204, 502.90474484444832, -4.1278777752835065, -7.1109486673998488, 13689.252054060034, 9891.3929647733603, 486.26085932129808, 503.53786023705578, 0, 0, 14.765333396760409
11.700000000000001, 10223.708642069658, 5990.7638787089281, 868.07619580423125, 502.58091653369132, -3.9834304563872407, -6.9899352080061581, 10221.039051327867, 5992.3506777842322, 867.649025468378, 502.83516734612783, -4.038763078404406, -6.9577498320494664, 13694.114662653248, 9896.42834337573, 486.26085932129808, 503.53786023705578, 0, 0, 14.755333396760408
11.710000000000001, 10232.388787849261, 5995.7886070231698, 868.03511724159739, 502.50885979398396, -4.107856263389106, -7.2056739707351074, 10229.714917072646, 5997.3779534519063, 867.60739147476784, 502.76343362699697, -4.1633993610131164, -7.1733719130842006, 13698.977271246462, 9901.4637219780998, 486.26085932129808, 503.53786023705578, 0, 0, 14.745333396760408
11.720000000000001, 10241.06853639277, 6000.812637777698, 867.99494198112825, 502.43833689985627, -4.0175260469184391, -7.0522894127675206, 10238.390379901095, 6002.4045348623167, 867.56665238823109, 502.69323856970169, -4.0739086536746187, -7.0195057295263235, 13703.839879839676, 9906.4991005804695, 486.26085932129808, 503.53786023705578, 0, 0, 14.735333396760408
11.73, 10249.747864428267, 6005.8359307679239, 867.95351636023588, 502.36564498164739, -4.142562089232614, -7.2691918208858004, 10247.065416547794, 6007.4303818065364, 867.52466057600645, 502.62087580451475, -4.1991812224580842, -7.2362765186911684, 13708.702488432889, 9911.5344791828393, 486.26085932129808, 503.53786023705578, 0, 0, 14.725333396760409
11.74, 10258.42679181363, 6010.8585199474765, 867.91299781088651, 502.29449363075065, -4.0518549349329547, -7.1151350896728074, 10255.740046756686, 6012.4555283037153, 867.4835674514726, 502.55005841343672, -4.1093124533850682, -7.081739107802032, 13713.565097026103, 9916.569857785209, 486.26085932129808, 503.53786023705578, 0, 0, 14.715333396760409
11.75, 10267.105295166057, 6015.8803649024303, 867.87122276541697, 502.22116154050036, -4.1775045469559888, -7.3332090250307864, 10264.414247147428, 6017.4799339379188, 867.44121520000124, 502.47706175135886, -4.235225147139559, -7.2996662077846874, 13718.427705619317, 9921.6052363875788, 486.26085932129808, 503.53786023705578, 0, 0, 14.705333396760409
11.76, 10275.783394430946, 6020.9014997464083, 867.83035858113783, 502.14937677867044, -4.0864184279178035, -7.1784761829942951, 10273.08803755299, 6022.503632887383, 867.39976543749708, 502.40561721475626, -4.144976250421144, -7.1444536602592921, 13723.290314212531, 9926.6406149899485, 486.26085932129808, 503.53786023705578, 0, 0, 14.695333396760409
11.77, 10284.461066114014, 6025.9218838547567, 867.78823173154262, 502.07539948278071, -4.2126849595242808, -7.3977295889727532, 10281.761394477426, 6027.5265845278209, 867.35705010818026, 502.33198176744639, -4.2715329316874886, -7.3635447309868685, 13728.152922805744, 9931.6759935923183, 486.26085932129808, 503.53786023705578, 0, 0, 14.685333396760409
11.779999999999999, 10293.138330248654, 6030.9415515020846, 867.74701955319915, 502.00297631610368, -4.1212178343500714, -7.2423166677013242, 10290.434337843233, 6032.5488231975296, 867.31524108991414, 502.25990523637648, -4.1809018266172151, -7.2076531069905299, 13733.015531398958, 9936.711372194688, 486.26085932129808, 503.53786023705578, 0, 0, 14.67533339676041
11.790000000000001, 10301.815163228488, 6035.9604618516132, 867.70453850669014, 501.92834874060588, -4.2481046509021594, -7.4627575497776384, 10299.106844038175, 6037.5703080625135, 867.27216002609589, 502.18562607771514, -4.3081063818204202, -7.4279158661352378, 13737.878139992172, 9941.7467507970578, 486.26085932129808, 503.53786023705578, 0, 0, 14.665333396760408
11.800000000000001, 10310.491585175385, 6040.978649339937, 867.6629759620547, 501.85528213510918, -4.1562544635449976, -7.3066605496710766, 10307.778933074791, 6042.5910736221113, 867.22998911636853, 502.11291266576563, -4.2170909727349519, -7.2713411949513755, 13742.740748585386, 9946.7821293994275, 486.26085932129808, 503.53786023705578, 0, 0, 14.655333396760408
11.81, 10319.167572370263, 6045.9960729167415, 867.62013831259571, 501.7799991653493, -4.2837649458990716, -7.5282969759890275, 10316.450581223859, 6047.6110788312562, 867.18653964324528, 502.03798483158124, -4.3449473123229252, -7.4927834184390694, 13747.603357178599, 9951.8175080017973, 486.26085932129808, 503.53786023705578, 0, 0, 14.645333396760408
11.82, 10327.843145023944, 6051.0127671816153, 867.57822301634064, 501.70628404669026, -4.1915296255019303, -7.3715118659030292, 10325.121808588468, 6052.6303583513172, 867.1440041883609, 501.96462961460009, -4.2535454884415582, -7.3355216981171321, 13752.465965771813, 9956.852886604167, 486.26085932129808, 503.53786023705578, 0, 0, 14.635333396760409
11.83, 10336.518279304031, 6056.0286908692869, 867.53502634464053, 501.63034052701175, -4.3196671700137967, -7.5943519678490015, 10333.79259132172, 6057.6488709247806, 867.10018361289065, 501.88904810239364, -4.3820575470244938, -7.5581512206414505, 13757.328574365027, 9961.8882652065367, 486.26085932129808, 503.53786023705578, 0, 0, 14.625333396760409
11.84, 10345.192995510783, 6061.0438787433541, 867.49275589833314, 501.55597178016444, -4.2270446307440253, -7.4368746847301423, 10342.462949617771, 6062.666651376042, 867.0572809410678, 501.81504611821731, -4.2902671822838423, -7.4001984176352558, 13762.19118295824, 9966.9236438089065, 486.26085932129808, 503.53786023705578, 0, 0, 14.615333396760409
11.85, 10353.867269697868, 6066.0582893221572, 867.44919777184043, 501.47936251358931, -4.3558126492703382, -7.6609266575116699, 10351.132859511345, 6067.6836582337537, 867.01308655188006, 501.73880588688559, -4.4194389187718839, -7.6240231331733348, 13767.053791551454, 9971.9590224112762, 486.26085932129808, 503.53786023705578, 0, 0, 14.605333396760409
11.859999999999999, 10362.541122255469, 6071.0719575343273, 867.40656976393893, 501.40433498252918, -4.2628007901444107, -7.5027531060142838, 10359.802341288183, 6072.6999264863452, 866.96981397316358, 501.66415213506599, -4.3272578716508789, -7.4653751819613721, 13771.916400144668, 9976.994401013646, 486.26085932129808, 503.53786023705578, 0, 0, 14.59533339676041
11.870000000000001, 10371.214529122701, 6076.084841680371, 867.36264773683854, 501.32705473043671, -4.392202710042941, -7.7280252092457173, 10368.471370863925, 6077.7154144472397, 866.9252430404697, 501.58724810462303, -4.4570932693927698, -7.6904030442958575, 13776.779008737882, 9982.0297796160157, 486.26085932129808, 503.53786023705578, 0, 0, 14.585333396760408
11.880000000000001, 10379.887510780158, 6081.0969768549858, 867.31965974269087, 501.25136321782304, -4.2987994147640549, -7.5691512613695178, 10377.139968616422, 6082.7301572699089, 866.88159784664219, 501.51193754615281, -4.3645193827504967, -7.5310558470224436, 13781.641617331095, 9987.0651582183855, 486.26085932129808, 503.53786023705578, 0, 0, 14.575333396760408
11.890000000000001, 10388.560043051782, 6086.1083211393907, 867.27537135590194, 501.17340669962636, -4.4288386788941594, -7.7956518196672206, 10385.808110341521, 6087.7441130511397, 866.83664762214539, 501.4343645974501, -4.4950224496745603, -7.7572948702722435, 13786.504225924309, 9992.1005368207552, 486.26085932129808, 503.53786023705578, 0, 0, 14.565333396760408
11.9, 10397.23214650907, 6091.1189097953902, 867.23202093774523, 501.09704596648271, -4.3350418156739066, -7.6360733143660893, 10394.47581650971, 6092.7573171104696, 866.79262708663964, 501.35839215448652, -4.402053550572222, -7.5972442963599187, 13791.366834517523, 9997.135915423125, 486.26085932129808, 503.53786023705578, 0, 0, 14.555333396760409
11.91, 10405.903796860164, 6096.1287006834473, 867.18736371892123, 501.01840785930318, -4.4657218823972693, -7.8638107179535037, 10403.143062796329, 6097.7697273266313, 866.74729480344638, 501.28014512893134, -4.5332283193298215, -7.8247025555200045, 13796.229443110737, 10002.171294025495, 486.26085932129808, 503.53786023705578, 0, 0, 14.545333396760409
11.92, 10414.575014767957, 6101.137729233521, 867.14364842588338, 500.9413726246957, -4.3715293037804956, -7.703523460748313, 10411.809869765031, 6102.7813791862545, 866.70289618125787, 501.20350568451846, -4.4398622188558807, -7.6639444412860387, 13801.09205170395, 10007.206672627864, 486.26085932129808, 503.53786023705578, 0, 0, 14.535333396760409
11.93, 10423.245775824169, 6106.1459530838429, 867.09861988941384, 500.86204756303516, -4.5028536469522065, -7.9325061660538454, 10420.476212969932, 6107.7922303485884, 866.65717905378824, 501.12457938379089, -4.5717127469574361, -7.8926300727592418, 13805.954660297164, 10012.242051230234, 486.26085932129808, 503.53786023705578, 0, 0, 14.525333396760409
11.94, 10431.916100783585, 6111.1534078335835, 867.05453725751738, 500.78433250374877, -4.4082631896405688, -7.7715059286415853, 10429.142113068385, 6112.8023164683927, 866.61239958138776, 501.04726778158062, -4.4779472400515044, -7.7311602210285724, 13810.817268890378, 10017.277429832604, 486.26085932129808, 503.53786023705578, 0, 0, 14.515333396760409
11.950000000000001, 10440.585965120865, 6116.1600508972524, 867.00913490453127, 500.70431507915953, -4.5402352986102095, -8.0017424589234345, 10437.807545492557, 6117.8115949839948, 866.56629480528761, 500.96765696734877, -4.6104776100147538, -7.961081423183491, 13815.679877483592, 10022.312808434974, 486.26085932129808, 503.53786023705578, 0, 0, 14.505333396760408
11.960000000000001, 10449.255389683192, 6121.1659180442975, 866.96468245669848, 500.62591482937182, -4.4452447832772606, -7.8400249787701881, 10446.472530994039, 6122.8201017193278, 866.52113170053474, 500.88966801131994, -4.516310475283003, -7.7988956028855769, 13820.542486076805, 10027.348187037343, 486.26085932129808, 503.53786023705578, 0, 0, 14.495333396760408
11.970000000000001, 10457.924349827535, 6126.170966464003, 866.91890377506968, 500.54519959012453, -4.577868162878957, -8.071523924731979, 10455.137044882325, 6127.8277938903457, 866.47463645258699, 500.80936740495389, -4.6495247947725575, -8.0300606366044534, 13825.405094670019, 10032.383565639713, 486.26085932129808, 503.53786023705578, 0, 0, 14.485333396760408
11.98, 10466.592866493977, 6131.1752320971682, 866.87407902112977, 500.4661087410779, -4.4824753939849948, -7.9090849046639571, 10463.801108003781, 6132.8347074912081, 866.42908691464402, 500.73069585913021, -4.5549537943029224, -7.8671545823683067, 13830.267703263233, 10037.418944242083, 486.26085932129808, 503.53786023705578, 0, 0, 14.475333396760409
11.99, 10475.260914921153, 6136.1786719063402, 866.82792148548447, 500.38469019182708, -4.6157535645273127, -8.1418549250800343, 10472.464695544499, 6137.8407995140333, 866.38219835268126, 500.64970014141414, -4.6888561962719546, -8.0995717716037099, 13835.130311856446, 10042.454322844453, 486.26085932129808, 503.53786023705578, 0, 0, 14.465333396760409
12, 10483.928516142558, 6141.1813220047534, 866.7827219221831, 500.30490329149831, -4.5199563301360426, -7.9786900328761652, 10481.127828446164, 6142.8461061242697, 866.33625956192679, 500.57034072958061, -4.5938790754511576, -7.9359411833545872, 13839.99292044966, 10047.489701446822, 486.26085932129808, 503.53786023705578, 0, 0, 14.455333396760409
12.01, 10492.595645277856, 6146.1831391266896, 866.7361829939091, 500.22277589294595, -4.6538928273964677, -8.2127398552349948, 10489.790481770726, 6147.8505840887283, 866.28897482474395, 500.48864454042359, -4.7284737182900578, -8.1696189157033459, 13844.855529042874, 10052.525080049192, 486.26085932129808, 503.53786023705578, 0, 0, 14.445333396760409
12.02, 10501.262323454459, 6151.1841595589103, 866.6906061049192, 500.14228744571386, -4.5576888989857354, -8.0488447232076741, 10498.452676555742, 6152.854269745214, 866.24264394268778, 500.40859194584112, -4.6330882056147216, -8.0052594582477017, 13849.718137636088, 10057.560458651562, 486.26085932129808, 503.53786023705578, 0, 0, 14.435333396760409
12.030000000000001, 10509.928525672418, 6156.1843398058954, 866.64368323217718, 500.05944561427032, -4.6922872741971968, -8.2841831443517808, 10507.114387738278, 6157.8571196337443, 866.1949601499548, 500.32618988398593, -4.7683792732941921, -8.2402061855205151, 13854.580746229301, 10062.595837253932, 486.26085932129808, 503.53786023705578, 0, 0, 14.425333396760408
12.040000000000001, 10518.594273153578, 6161.1837163290329, 866.59772648811258, 499.97825008058118, -4.5956744064630426, -8.1195533689143975, 10515.775636452316, 6162.8591702655613, 866.14823431915306, 500.24543874910478, -4.6725830801752801, -8.0751134881178572, 13859.443354822515, 10067.631215856301, 486.26085932129808, 503.53786023705578, 0, 0, 14.415333396760408
12.050000000000001, 10527.259540777724, 6166.18224540145, 866.55041710584965, 499.8946881880243, -4.7309382262982176, -8.3561892556869566, 10524.436397509289, 6167.8603779523937, 866.10014857132921, 500.16232537183561, -4.8085747823896563, -8.3113377269146778, 13864.305963415729, 10072.666594458671, 486.26085932129808, 503.53786023705578, 0, 0, 14.405333396760408
12.06, 10535.92434986166, 6171.1799636602709, 866.5040779642801, 499.81277998405517, -4.6339141569566422, -8.1908203969157967, 10533.096692140161, 6172.8607793800047, 866.05302491529972, 500.08087029800714, -4.7123656029546392, -8.1455073828438991, 13869.168572008943, 10077.701973061041, 486.26085932129808, 503.53786023705578, 0, 0, 14.395333396760408
12.07, 10544.588675164252, 6176.1768271457086, 866.45637949424497, 499.72849235718701, -4.769847003511078, -8.428762686815773, 10541.756495029987, 6177.8603306303276, 866.00453429354707, 499.99704012085579, -4.8490621752664822, -8.383017715136992, 13874.031180602156, 10082.737351663411, 486.26085932129808, 503.53786023705578, 0, 0, 14.385333396760409
12.08, 10553.252538097777, 6181.1728726717402, 866.40965539971398, 499.64586585450684, -4.6724094531030369, -8.2626502680157632, 10550.41582750727, 6182.8590685647441, 865.95700991668537, 499.91487566804312, -4.7524376861647362, -8.2164452812666813, 13878.89378919537, 10087.77273026578, 486.26085932129808, 503.53786023705578, 0, 0, 14.375333396760409
12.09, 10561.915913299536, 6186.16805604409, 866.36156525047522, 499.56084677480817, -4.8090149238795465, -8.5019079698661191, 10559.074664129928, 6187.8569490338714, 865.90811148278385, 499.83032316449317, -4.8898433901532385, -8.4552503549958544, 13883.756397788584, 10092.80810886815, 486.26085932129808, 503.53786023705578, 0, 0, 14.365333396760409
12.1, 10570.578822277801, 6191.1624142547162, 866.31445363451951, 499.47749630003693, -4.711161595568135, -8.335047477121277, 10567.733026324569, 6192.8540090758133, 865.86018347028028, 499.74744385097978, -4.792801250353631, -8.2879313513394397, 13888.619006381798, 10097.84348747052, 486.26085932129808, 503.53786023705578, 0, 0, 14.355333396760409
12.109999999999999, 10579.241239547651, 6196.1559028732654, 866.26596920148495, 499.39174000331946, -4.8484433034594208, -8.5756296717450713, 10576.390888521217, 6197.8502043083408, 865.81087426654267, 499.66216345216964, -4.9309203737637795, -8.5280398810142621, 13893.481614975011, 10102.87886607289, 486.26085932129808, 503.53786023705578, 0, 0, 14.34533339676041
12.120000000000001, 10587.903186713884, 6201.1485590708153, 866.21846748265671, 499.3076598377848, -4.7501718828260042, -8.4080165534653606, 10585.048272245149, 6202.8455719473941, 865.76253968429921, 499.57856375426684, -4.8334582243512223, -8.3599697902816832, 13898.344223568225, 10107.914244675259, 486.26085932129808, 503.53786023705578, 0, 0, 14.335333396760408
12.130000000000001, 10596.564638168691, 6206.1403381793343, 866.16958614809585, 499.2211605138412, -4.8881334560895748, -8.6499323943596682, 10593.705151797729, 6207.8400673763535, 865.71281673348687, 499.49254984869106, -4.9722950812378546, -8.6013905575806291, 13903.206832161439, 10112.949623277629, 486.26085932129808, 503.53786023705578, 0, 0, 14.325333396760408
12.140000000000001, 10605.22561561393, 6211.1312775501638, 866.12169173198663, 499.13634489323306, -4.789441610923495, -8.4815620608148397, 10602.361548803481, 6212.833727990117, 865.66407262803489, 499.4082242004439, -4.874410545203415, -8.4325648247171276, 13908.069440754653, 10117.985001879999, 486.26085932129808, 503.53786023705578, 0, 0, 14.315333396760408
12.15, 10613.886093318246, 6216.1213322759795, 866.07241086505508, 499.0490966854847, -4.9280866931581162, -8.724820774838685, 10611.017437434341, 6217.8265089361194, 865.6139329332741, 499.32147113365289, -5.0139694760794509, -8.6753066790998155, 13912.932049347866, 10123.020380482369, 486.26085932129808, 503.53786023705578, 0, 0, 14.305333396760409
12.16, 10622.546093081086, 6221.1105398895443, 866.02412114432263, 498.96353979950783, -4.828972073245593, -8.5556885976888157, 10619.67283941465, 6222.8184477893492, 865.564776331693, 499.23641392654469, -4.9156601581096586, -8.5057207108215849, 13917.79465794108, 10128.055759084738, 486.26085932129808, 503.53786023705578, 0, 0, 14.295333396760409
12.17, 10631.20558904688, 6226.0988552426161, 865.97443810108894, 498.87553680465015, -4.9683043233692077, -8.8002994857651693, 10628.327728786138, 6227.8094994597295, 865.51421687639197, 499.14891600084314, -5.0559455300984615, -8.7497925701541455, 13922.657266534294, 10133.091137687108, 486.26085932129808, 503.53786023705578, 0, 0, 14.285333396760409
12.18, 10639.864603113207, 6231.0863160505432, 865.9257504554862, 498.78923279667436, -4.8687645602764551, -8.6304007975792665, 10636.982127373551, 6232.7997017034777, 865.4646447862284, 499.0631215834984, -4.9572090163588358, -8.5794417344721641, 13927.519875127507, 10138.126516289478, 486.26085932129808, 503.53786023705578, 0, 0, 14.275333396760409
12.19, 10648.523109299613, 6236.0728769225243, 865.87566257896117, 498.70046906432032, -5.0087876524998425, -8.8763732354013847, 10645.63600908763, 6237.7890091914251, 865.41366253399497, 498.97487305764184, -5.098225223345036, -8.8248525856560285, 13932.382483720721, 10143.161894891848, 486.26085932129808, 503.53786023705578, 0, 0, 14.265333396760409
12.200000000000001, 10657.181129602348, 6241.0585757576682, 865.82657437536761, 498.61341203102853, -4.9088203593594315, -8.7057033291795882, 10654.289395854108, 6242.77745986217, 865.36367194318234, 498.88833573552779, -4.9990590812668412, -8.653732211403673, 13937.245092313935, 10148.197273494217, 486.26085932129808, 503.53786023705578, 0, 0, 14.255333396760408
12.210000000000001, 10665.838637915404, 6246.0433669209633, 865.77607899553607, 498.52388156334939, -5.049537983151418, -8.9530467679145929, 10662.942261451959, 6247.7650081458587, 865.31226383774197, 498.79933082441778, -5.1408105440414609, -8.9004911110006617, 13942.107700907149, 10153.232652096587, 486.26085932129808, 503.53786023705578, 0, 0, 14.245333396760408
12.220000000000001, 10674.495656334246, 6251.0272884964625, 865.72658758799173, 498.4360655543835, -4.9491407544373196, -8.7816008965887384, 10671.594627908487, 6252.7516921646302, 865.26185171452096, 498.71204485954439, -5.0412123220971328, -8.7285964873398054, 13946.970309500362, 10158.268030698957, 486.26085932129808, 503.53786023705578, 0, 0, 14.235333396760408
12.23, 10683.152158626634, 6256.0102946032766, 865.6756820218468, 498.34576230574743, -5.0905566144976815, -9.0303248636066478, 10680.246468870109, 6257.7374661063413, 865.21001467963583, 498.62227773392215, -5.1837034885132107, -8.9767125622217137, 13951.832918093576, 10163.303409301327, 486.26085932129808, 503.53786023705578, 0, 0, 14.225333396760409
12.24, 10691.808166987797, 6260.9924235115977, 865.62578475158875, 498.25718132335203, -4.9897270258002155, -8.8580982395385313, 10688.897806466299, 6262.7223682778395, 865.15917797247596, 498.53423734454066, -5.0836707159916665, -8.8040389381467161, 13956.69552668679, 10168.338787903696, 486.26085932129808, 503.53786023705578, 0, 0, 14.215333396760409
12.25, 10700.463655058587, 6265.9736290929804, 865.57446630316849, 498.16609919996068, -5.131844842023173, -9.1082123391372569, 10697.548614210114, 6267.7063526230768, 865.10690891186482, 498.44370213067924, -5.2269060611133158, -9.0535213861399129, 13961.558135280004, 10173.374166506066, 486.26085932129808, 503.53786023705578, 0, 0, 14.205333396760409
12.26, 10709.118645134551, 6270.9539498049598, 865.52416049867031, 498.07674719862456, -5.030580449823133, -8.9352001336133799, 10706.198914333796, 6272.6894576347877, 865.05564454938587, 498.35490149097944, -5.1264362478944463, -8.8800639699782487, 13966.420743873217, 10178.409545108436, 486.26085932129808, 503.53786023705578, 0, 0, 14.195333396760409
12.27, 10717.773110728944, 6275.9333392698391, 865.47242645909762, 497.98488005814693, -5.173403957264167, -9.1867140477619742, 10714.848680216248, 6277.6716370113882, 865.00294034664432, 498.2635922703742, -5.2704202741521184, -9.1309220605255543, 13971.283352466431, 10183.444923710806, 486.26085932129808, 503.53786023705578, 0, 0, 14.185333396760409
12.280000000000001, 10726.42707423819, 6280.9118361337123, 865.42170943611063, 497.89475094424228, -5.0717022986958193, -9.0129113904667282, 10723.497934193078, 6282.6529294326892, 864.95124523753964, 498.17402551018006, -5.1695109104701036, -8.956676019417058, 13976.145961059645, 10188.480302313175, 486.26085932129808, 503.53786023705578, 0, 0, 14.175333396760408
12.290000000000001, 10735.080509047264, 6285.8893937679231, 865.3695570836353, 497.80209259544671, -5.215235247536202, -9.2658348795573868, 10732.146649508231, 6287.6332883499272, 864.89810275606146, 498.08193631923757, -5.314248147816504, -9.2089190942474026, 13981.008569652859, 10193.515680915545, 486.26085932129808, 503.53786023705578, 0, 0, 14.165333396760408
12.300000000000001, 10743.733437654024, 6290.8660510083491, 865.31842614523373, 497.71118022686619, -5.1130938401554813, -9.0912368580530476, 10740.794848601287, 6292.6127526311866, 864.84597378902117, 497.99159752370127, -5.2128967040283198, -9.0338795536304879, 13985.871178246072, 10198.551059517915, 486.26085932129808, 503.53786023705578, 0, 0, 14.155333396760408
12.31, 10752.385833314476, 6295.8417609736534, 865.26585274527713, 497.61772442924973, -5.2573399956556948, -9.3455797616466985, 10749.44250458042, 6297.5912754788696, 864.79238987192036, 497.89872235342705, -5.3583917100861935, -9.2875170274211811, 13990.733786839286, 10203.586438120285, 486.26085932129808, 503.53786023705578, 0, 0, 14.145333396760408
12.32, 10761.037718628479, 6300.816562690733, 865.21430518190516, 497.52602261504137, -5.1547563371991956, -9.170181420835096, 10758.089639989794, 6302.5688959505433, 864.73982391555603, 497.80760556272202, -5.2565956364308795, -9.1116790705009603, 13995.5963954325, 10208.621816722654, 486.26085932129808, 503.53786023705578, 0, 0, 14.135333396760409
12.33, 10769.689066722376, 6305.7904090238344, 865.16130798710856, 497.43176307845704, -5.2997194796600597, -9.4259536584334764, 10766.736227801, 6307.5455669981056, 864.68579538558947, 497.71393835840638, -5.4028529966515153, -9.3667204315654544, 14000.459004025714, 10213.657195325024, 486.26085932129808, 503.53786023705578, 0, 0, 14.125333396760409
12.34, 10778.33990029859, 6310.763339192119, 865.10934107663059, 497.33926557845689, -5.1966910478028003, -9.2497500000131847, 10775.382290663398, 6312.5213278698247, 864.63278928835939, 497.6220375674186, -5.3006097230081783, -9.1900790987775309, 14005.321612618927, 10218.692573927394, 486.26085932129808, 503.53786023705578, 0, 0, 14.115333396760409
12.35, 10786.990192353111, 6315.7353058036679, 865.05591732690539, 497.24419596273856, -5.3423749725204619, -9.5069615718336191, 10784.027801411174, 6317.4961312654123, 864.57831294785115, 497.52757222832105, -5.4476340508268697, -9.4465339097548764, 14010.184221212141, 10223.727952529764, 486.26085932129808, 503.53786023705578, 0, 0, 14.105333396760409
12.359999999999999, 10795.639965691496, 6320.7063482711619, 865.00352833465911, 497.15089648720112, -5.2388992246258761, -9.3299475537412029, 10792.672782799504, 6322.4700166250659, 864.52486353798645, 497.43488138633893, -5.3449409864648798, -9.2690841982134184, 14015.046829805355, 10228.763331132133, 486.26085932129808, 503.53786023705578, 0, 0, 14.09533339676041
12.370000000000001, 10804.289193178682, 6325.6764189447531, 864.94967525724064, 497.05501040178609, -5.3853077418451951, -9.5886085415020972, 10801.317207524346, 6327.4429363946147, 864.46993616875181, 497.33961176537127, -5.4927369234578833, -9.5269620967674395, 14019.909438398568, 10233.798709734503, 486.26085932129808, 503.53786023705578, 0, 0, 14.085333396760408
12.380000000000001, 10812.937897723938, 6330.6455574319098, 864.89686143609356, 496.96090261101261, -5.2813821147132156, -9.4107790773475255, 10809.961098447315, 6332.4149302074247, 864.41604025418394, 497.24612477577421, -5.3895914567851122, -9.3486989597076366, 14024.772046991782, 10238.834088336873, 486.26085932129808, 503.53786023705578, 0, 0, 14.075333396760408
12.390000000000001, 10821.586052060442, 6335.6137158230731, 864.8425762455978, 496.86419361456194, -5.4285190495814497, -9.6708996450681894, 10818.604428125305, 6337.3859502537334, 864.36065861745567, 497.1500446791818, -5.5381636728300947, -9.6080096592394106, 14029.634655584996, 10243.869466939243, 486.26085932129808, 503.53786023705578, 0, 0, 14.065333396760408
12.4, 10830.233679201754, 6340.5809339217785, 864.78933483600576, 496.76927111852621, -5.3241409592010616, -9.4922496035755479, 10827.247219527004, 6342.3560363613242, 864.30631298574417, 497.05575539912712, -5.4345631711456095, -9.4289280054654085, 14034.49726417821, 10248.904845541612, 486.26085932129808, 503.53786023705578, 0, 0, 14.055333396760409
12.41, 10838.880751748591, 6345.5471635569638, 864.73461473448867, 496.67173271854244, -5.4720101517133504, -9.7538399983757209, 10835.889445069406, 6347.325140463121, 864.25047382209846, 496.9588585861689, -5.5839163645770968, -9.6896812958244301, 14039.359872771423, 10253.940224143982, 486.26085932129808, 503.53786023705578, 0, 0, 14.045333396760409
12.42, 10847.527292819386, 6350.5124447295184, 864.68094296455877, 496.57598907651459, -5.3671769929951587, -9.5743642027864553, 10844.531127828901, 6352.2933025825841, 864.1956752403604, 496.86376082627771, -5.4798581738037662, -9.5097759891200617, 14044.222481364637, 10258.975602746352, 486.26085932129808, 503.53786023705578, 0, 0, 14.035333396760409
12.43, 10856.173274881687, 6355.4767290050704, 864.6257851415794, 496.47761472895758, -5.5157822979393094, -9.8374347556988262, 10853.172240081743, 6357.2604743935863, 864.13937526964469, 496.76604100890444, -5.6299970715711618, -9.7719817373273603, 14049.085089957851, 10264.010981348722, 486.26085932129808, 503.53786023705578, 0, 0, 14.025333396760409
12.44, 10864.818721159385, 6360.4400565831629, 864.57168022713483, 496.38104344912574, -5.4104914444541761, -9.657127983182896, 10861.812805012663, 6362.226696116536, 864.08412048448474, 496.67012853294568, -5.5254785159943038, -9.5912475958749894, 14053.947698551065, 10269.046359951091, 486.26085932129808, 503.53786023705578, 0, 0, 14.015333396760409
12.450000000000001, 10873.463603986147, 6365.4023787642873, 864.51608185982127, 496.2818265580259, -5.559836731356623, -9.9216891099821343, 10870.452794756327, 6367.1919191645038, 864.02735640574645, 496.57157937547709, -5.6764078738244157, -9.8549157468617299, 14058.810307144278, 10274.081738553461, 486.26085932129808, 503.53786023705578, 0, 0, 14.005333396760408
12.460000000000001, 10882.107946691915, 6370.3637359479535, 864.46154100447063, 496.18442109711555, -5.454085535069181, -9.7405460910375012, 10879.092232606446, 6372.1561839561273, 863.97164214318821, 496.47484590005058, -5.5714262558252621, -9.6733475426496831, 14063.672915737492, 10279.117117155831, 486.26085932129808, 503.53786023705578, 0, 0, 13.995333396760408
12.470000000000001, 10890.751721475755, 6375.3240791676808, 864.40549925758933, 496.08435501418478, -5.6041746881361174, -10.006608293075578, 10887.731090555249, 6377.1194416419094, 863.91441063460434, 496.37546101885056, -5.7231508583833657, -9.9384881200009918, 14068.535524330706, 10284.152495758201, 486.26085932129808, 503.53786023705578, 0, 0, 13.985333396760408
12.48, 10899.39495177426, 6380.2834490242658, 864.35051965279797, 495.98610877707563, -5.4979604791323311, -9.8246237109144836, 10896.369392006076, 6382.0817328400108, 863.85823360002269, 496.27790021306839, -5.6177034581664875, -9.7560805782180235, 14073.39813292392, 10289.18787436057, 486.26085932129808, 503.53786023705578, 0, 0, 13.975333396760409
12.49, 10908.037609651179, 6385.2417962824002, 864.29403167882606, 495.88518680131597, -5.648797397189611, -10.092197575968775, 10905.007108807858, 6387.0430084365889, 863.80053131883051, 496.17767317621912, -5.7702281192195892, -10.022703684928544, 14078.260741517133, 10294.22325296294, 486.26085932129808, 503.53786023705578, 0, 0, 13.965333396760409
12.5, 10916.679718650345, 6390.1991617455033, 864.23861050399205, 495.78609314065699, -5.5421174834028646, -9.9093660658985954, 10913.644264474218, 6392.0033092506283, 863.74388819688511, 496.07927866138556, -5.6643121945388009, -9.8394514833531215, 14083.123350110347, 10299.25863156531, 486.26085932129808, 503.53786023705578, 0, 0, 13.955333396760409
12.51, 10925.321250699473, 6395.1554959075693, 864.18167344319374, 495.68430851796677, -5.693706079828039, -10.17846226902145, 10922.280830709924, 6396.9625859021471, 863.68571177931392, 495.97820298835973, -5.8176417571145018, -10.107567302582979, 14087.985958703561, 10304.29401016768, 486.26085932129808, 503.53786023705578, 0, 0, 13.945333396760409
12.52, 10933.962229450242, 6400.1108397759863, 864.12580786572619, 495.58436073378869, -5.5865577467567098, -9.9947784178076944, 10930.916831139535, 6401.9208794122696, 863.62859923388407, 495.87896833765018, -5.7112545429901385, -9.9234650709549914, 14092.848567296774, 10309.329388770049, 486.26085932129808, 503.53786023705578, 0, 0, 13.935333396760409
12.530000000000001, 10942.602626693608, 6405.0651435721657, 864.06841884623202, 495.48170665656664, -5.7389019494168645, -10.265407722201561, 10939.552237322792, 6406.8781401330662, 863.56994529508859, 495.77703749898205, -5.8653938795448584, -10.193083866810229, 14097.711175889988, 10314.364767372419, 486.26085932129808, 503.53786023705578, 0, 0, 13.925333396760408
12.540000000000001, 10951.2424661897, 6410.0184485088212, 864.0121060216336, 495.38089799589244, -5.6312824598388369, -10.080866067422493, 10948.187072995855, 6411.8344092891284, 863.51235996920877, 495.67695623712012, -5.7585325879779283, -10.008126186194604, 14102.573784483202, 10319.400145974789, 486.26085932129808, 503.53786023705578, 0, 0, 13.915333396760408
12.550000000000001, 10959.881719591986, 6414.9707045328814, 863.95426215952341, 495.27736760263934, -5.7843862110175257, -10.353039325311682, 10956.821309572557, 6416.7896369627542, 863.45322510320318, 495.57416365407511, -5.9134866005577784, -10.279258304503173, 14107.436393076416, 10324.435524577159, 486.26085932129808, 503.53786023705578, 0, 0, 13.905333396760408
12.56, 10968.520410769661, 6419.9219530637547, 863.89749923147644, 495.17569125909233, -5.6762928046992673, -10.167634354700336, 10965.454970901326, 6421.743864583339, 863.39516361900075, 495.47322925700871, -5.8061484202385616, -10.093439706641142, 14112.299001669629, 10329.470903179528, 486.26085932129808, 503.53786023705578, 0, 0, 13.895333396760408
12.57, 10977.158511237967, 6424.8721437719696, 863.83919763086612, 495.07127763401007, -5.8301600610290718, -10.441362508228579, 10974.088028249211, 6426.6970419615727, 863.33554439859427, 495.36956830125115, -5.9619220406495304, -10.366095575753608, 14117.161610262843, 10334.506281781898, 486.26085932129808, 503.53786023705578, 0, 0, 13.885333396760409
12.58, 10985.796044975783, 6429.8213182850104, 863.78198173132171, 494.96872674741991, -5.7215899544369986, -10.255088659015591, 10982.720505577576, 6431.6492107330041, 863.27700335722761, 495.26777419582697, -5.8541041366684077, -10.17941054241509, 14122.024218856057, 10339.541660384268, 486.26085932129808, 503.53786023705578, 0, 0, 13.875333396760409
12.59, 10994.432983359393, 6434.7694259950731, 863.72321948445347, 494.86342292000847, -5.8762246868240409, -10.530382741145736, 10991.352374005799, 6436.6003204348617, 863.21689633396124, 495.16323818908688, -6.010702326642182, -10.453600674006378, 14126.886827449271, 10344.577038986637, 486.26085932129808, 503.53786023705578, 0, 0, 13.865333396760409
12.6, 11003.069350477976, 6439.7165087391131, 863.66554773372525, 494.75999057601479, -5.7671750728184215, -10.343234399368322, 10999.983657608862, 6441.5504129102073, 863.15787231555942, 495.06057775272382, -5.9024018401828346, -10.266043636308837, 14131.749436042484, 10349.612417589007, 486.26085932129808, 503.53786023705578, 0, 0, 13.855333396760409
12.609999999999999, 11011.705117568123, 6444.6625156290429, 863.60632192106164, 494.65378952066681, -5.9225812663659987, -10.620105534797, 11008.614327357578, 6446.4994374209409, 863.09727401964392, 494.95515996646191, -6.0598295915455056, -10.541778626193816, 14136.612044635698, 10354.647796191377, 486.26085932129808, 503.53786023705578, 0, 0, 13.84533339676041
12.620000000000001, 11020.340308829936, 6449.6074887126942, 863.54819142792257, 494.54946875032061, -5.8130493139036323, -10.432077034619967, 11017.244407441229, 6451.4474360190106, 863.03776358324808, 494.8516265268226, -5.9510436395868256, -10.353343963933423, 14141.474653228912, 10359.683174793747, 486.26085932129808, 503.53786023705578, 0, 0, 13.835333396760408
12.630000000000001, 11028.97489535957, 6454.5513768197316, 863.48849911824425, 494.44236338591361, -5.9692309678316349, -10.710536440701601, 11025.873868681165, 6456.3943576891052, 862.9766705235038, 494.7453201818937, -6.1093059744271994, -10.630634492890762, 14146.337261822126, 10364.718553396116, 486.26085932129808, 503.53786023705578, 0, 0, 13.825333396760408
12.640000000000001, 11037.608901468679, 6459.4942222102809, 863.42990698002768, 494.33714716527652, -5.8592138216527108, -10.521622063707174, 11034.502735381653, 6461.3402446934442, 862.91667020700947, 494.64090701655527, -6.0000316494292152, -10.441316533842732, 14151.199870415339, 10369.753931998486, 486.26085932129808, 503.53786023705578, 0, 0, 13.815333396760408
12.65, 11046.242298112236, 6464.4359734297759, 863.3697452305355, 494.22913035476262, -6.0161749492147969, -10.801681051391109, 11043.13097821368, 6466.2850457376044, 862.85507887080678, 494.53370528287076, -6.1591336202687561, -10.720173368450729, 14156.062479008553, 10374.789310600856, 486.26085932129808, 503.53786023705578, 0, 0, 13.805333396760409
12.66, 11054.875109714083, 6469.3766729520694, 863.31068853324018, 494.12301160450397, -5.9056697295305787, -10.611875025866679, 11051.75862159719, 6471.2288032954748, 862.79458519090815, 494.42840561899408, -6.0493679898592729, -10.529966387667903, 14160.925087601767, 10379.824689203226, 486.26085932129808, 503.53786023705578, 0, 0, 13.795333396760409
12.67, 11063.507307087262, 6474.3162690363642, 863.25005438966093, 494.01407615449745, -6.0634143579305926, -10.893545000650327, 11060.385636051897, 6476.1714657916073, 862.7324920441099, 494.32030161518253, -6.2093146798252539, -10.810400381155192, 14165.787696194981, 10384.860067805595, 486.26085932129808, 503.53786023705578, 0, 0, 13.785333396760409
12.68, 11072.138914768435, 6479.2548043716843, 863.19053020805984, 493.9070477394888, -5.9524181601065145, -10.702841500864514, 11069.01204611412, 6481.1130759129692, 862.67150149624513, 494.21410862917998, -6.099054786481763, -10.61929860025527, 14170.650304788194, 10389.895446407965, 486.26085932129808, 503.53786023705578, 0, 0, 13.775333396760409
12.69, 11080.769903427967, 6484.1922269289844, 863.12942070475572, 493.79718639985123, -6.1109503304107271, -10.98613396375676, 11077.637822151386, 6486.0535818011567, 862.6089029831503, 494.10509542224639, -6.2598513094802195, -10.901320693360674, 14175.512913381408, 10394.930825010335, 486.26085932129808, 503.53786023705578, 0, 0, 13.765333396760409
12.700000000000001, 11089.40029771598, 6489.1285796139164, 863.06942610250928, 493.68924112875902, -5.9994602246415063, -10.794527109217761, 11086.262988817092, 6490.9930263576371, 862.5474120414483, 493.99800223944845, -6.1490941702036626, -10.709318279796102, 14180.375521974622, 10399.966203612705, 486.26085932129808, 503.53786023705578, 0, 0, 13.755333396760408
12.710000000000001, 11098.030068159405, 6494.0638101071554, 863.00783826259237, 493.57844659218193, -6.1587839916858051, -11.079453657711428, 11094.887516325656, 6495.9313574391063, 862.4843045847374, 493.88807284443209, -6.3107456710913734, -10.992939501636393, 14185.238130567835, 10405.001582215074, 486.26085932129808, 503.53786023705578, 0, 0, 13.745333396760408
12.720000000000001, 11106.659239522478, 6498.9979615324501, 862.94737029236569, 493.4695772170578, -6.0467970226671834, -10.886937512415598, 11103.511429448263, 6500.8686181629655, 862.42230970196658, 493.78007253875256, -6.1994882770763793, -10.800030567954849, 14190.100739161049, 10410.036960817444, 486.26085932129808, 503.53786023705578, 0, 0, 13.735333396760408
12.73, 11115.287782187934, 6503.9309812781448, 862.88530112781609, 493.35784211864302, -6.2069164549638716, -11.173509841477419, 11112.134698245292, 6505.8047560990472, 862.35868970264823, 493.66921991838348, -6.3619999318365839, -11.085262036908862, 14194.963347754263, 10415.072339419814, 486.26085932129808, 503.53786023705578, 0, 0, 13.725333396760409
12.74, 11123.915721034766, 6508.8629126875694, 862.82435683140056, 493.24804133451164, -6.0944296415549912, -10.980078413137473, 11120.757347606432, 6510.7398145821353, 862.29618731016694, 493.56030551198353, -6.2502392481321465, -10.891440639993764, 14199.825956347477, 10420.107718022184, 486.26085932129808, 503.53786023705578, 0, 0, 13.715333396760409
12.75, 11132.543026300757, 6513.7937028546667, 862.7618033431886, 493.13535825134954, -6.2553488211965815, -11.268308316211309, 11129.379347437094, 6515.6737408932204, 862.23205114752648, 493.44852257633755, -6.413616264051468, -11.178293564598601, 14204.68856494069, 10425.143096624553, 486.26085932129808, 503.53786023705578, 0, 0, 13.705333396760409
12.76, 11141.169722980316, 6518.7233953438472, 862.70037975162779, 493.02461869579469, -6.1423591560849635, -11.073955555485091, 11138.000722746185, 6520.6065785859282, 862.16903765523421, 493.33868703928846, -6.3013492292240887, -10.983553704910538, 14209.551173533904, 10430.178475226923, 486.26085932129808, 503.53786023705578, 0, 0, 13.695333396760409
12.77, 11149.795781165505, 6523.6519369525668, 862.63733892984135, 492.91098014653954, -6.3040821786467767, -11.363854925511868, 11146.621443283209, 6525.5382746504138, 862.10438168678343, 493.22596664544074, -6.465596845072529, -11.272039384773311, 14214.413782127118, 10435.213853829293, 486.26085932129808, 503.53786023705578, 0, 0, 13.685333396760409
12.780000000000001, 11158.421225966809, 6528.579371467823, 862.57543306356138, 492.79929439928748, -6.190586628001423, -11.168574725206081, 11155.241534177021, 6530.468872860617, 862.0408534830749, 493.11520289538504, -6.3528203708572573, -11.076375005566875, 14219.276390720332, 10440.249232431663, 486.26085932129808, 503.53786023705578, 0, 0, 13.675333396760408
12.790000000000001, 11167.046027329805, 6533.5056453884827, 862.51190188753708, 492.684692843731, -6.353117602434633, -11.460155555646061, 11163.860965020272, 6535.3983199138456, 861.97567404450422, 493.00153784706225, -6.5179438570629333, -11.366504832277638, 14224.138999313545, 10445.284611034032, 486.26085932129808, 503.53786023705578, 0, 0, 13.665333396760408
12.800000000000001, 11175.670210481714, 6538.4308027256575, 862.44951075648157, 492.57205342623195, -6.239113105554031, -11.263941749906774, 11172.479761062494, 6540.3266598058435, 861.91162749622413, 492.88983874887418, -6.404654828009102, -11.169909818805452, 14229.001607906759, 10450.319989636402, 486.26085932129808, 503.53786023705578, 0, 0, 13.655333396760408
12.81, 11184.293745220855, 6543.3547896774999, 862.38548619494077, 492.45648126487407, -6.4024561540828424, -11.557216135788567, 11181.097891738533, 6545.2538389390411, 861.84592090135573, 492.77522179610543, -6.5706594868415653, -11.461695276875663, 14233.864216499973, 10455.355368238772, 486.26085932129808, 503.53786023705578, 0, 0, 13.645333396760408
12.82, 11192.916656891861, 6548.2776504807734, 862.32260679871035, 492.34288063988123, -6.2879396230406339, -11.360062499283254, 11189.715382419332, 6550.1799015324841, 861.78135235375612, 492.66258016154956, -6.4568547599559931, -11.264163455584365, 14238.726825093187, 10460.390746841142, 486.26085932129808, 503.53786023705578, 0, 0, 13.635333396760409
12.83, 11201.538915145016, 6553.1993310307762, 862.25808580989974, 492.22633021349856, -6.4520988810560373, -11.655042638266593, 11198.332202380981, 6555.1047936916812, 861.71511489449904, 492.54700400031555, -6.6237459257105886, -11.557616123397942, 14243.5894336864, 10465.426125443511, 486.26085932129808, 503.53786023705578, 0, 0, 13.625333396760409
12.84, 11210.160545443036, 6558.1198757914781, 862.19471513789631, 492.11176078464513, -6.3370672003375539, -11.456942885345615, 11206.948377116578, 6560.0285598604951, 861.65002067119815, 492.43341258770454, -6.5094223300914065, -11.359141261104062, 14248.452042279614, 10470.461504045881, 486.26085932129808, 503.53786023705578, 0, 0, 13.615333396760409
12.85, 11218.781517287392, 6563.0392303531626, 862.12969466973345, 491.99422437385726, -6.5020468162804779, -11.753641078785595, 11215.563875742484, 6564.9511458454499, 861.58324861750543, 492.31686985958584, -6.6772053692675337, -11.654272811868712, 14253.314650872828, 10475.496882648251, 486.26085932129808, 503.53786023705578, 0, 0, 13.605333396760409
12.859999999999999, 11227.401856259563, 6567.9574394085721, 862.06582970130921, 491.87867848523086, -6.3864968424187829, -11.554588862638203, 11224.178723874704, 6569.8725963167535, 861.51762502044801, 492.20232137343652, -6.5623597057373111, -11.454848614929544, 14258.177259466042, 10480.532261250621, 486.26085932129808, 503.53786023705578, 0, 0, 13.59533339676041
12.870000000000001, 11236.021531711429, 6572.8744482407965, 862.0003066915325, 491.7601483100641, -6.5523009776671248, -11.853017516676779, 11232.792890468905, 6574.7928567798654, 861.45031462027578, 492.08480466525998, -6.7310400172252098, -11.751670817654142, 14263.039868059255, 10485.56763985299, 486.26085932129808, 503.53786023705578, 0, 0, 13.585333396760408
12.880000000000001, 11244.640569343914, 6577.7903017729332, 861.9359443961439, 491.64361824577952, -6.436229538863441, -11.65300642845485, 11241.406401264749, 6579.7119721328781, 861.38415792969624, 491.96929175594892, -6.6156690579481348, -11.551290931106834, 14267.902476652469, 10490.60301845536, 486.26085932129808, 503.53786023705578, 0, 0, 13.575333396760408
12.890000000000001, 11253.25893835852, 6582.7049449786828, 861.86991577246772, 491.52408646522821, -6.6028623676165399, -11.953178055128703, 11250.019225056234, 6584.6298875780903, 861.31630540896401, 491.85079359943296, -6.7852520732178219, -11.849815651593953, 14272.765085245683, 10495.63839705773, 486.26085932129808, 503.53786023705578, 0, 0, 13.565333396760408
12.9, 11261.876664576304, 6587.6184230130912, 861.80505310983415, 491.40656444899753, -6.4862662633622978, -11.752201623068478, 11258.631387707439, 6589.5466482430356, 861.24961188335078, 491.73430886285001, -6.6693525613183002, -11.648473658293094, 14277.627693838896, 10500.6737756601, 486.26085932129808, 503.53786023705578, 0, 0, 13.555333396760409
12.91, 11270.493717047606, 6592.5306805382552, 861.73851579010898, 491.28602316058328, -6.6537319725173889, -12.054128841423827, 11267.242857849711, 6594.4621990247351, 861.18121344590475, 491.61482173424866, -6.8398437446052016, -11.948712860137297, 14282.49030243211, 10505.709154262469, 486.26085932129808, 503.53786023705578, 0, 0, 13.545333396760409
12.92, 11279.110121714311, 6597.4417629427817, 861.67314971037683, 491.16750135528372, -6.5366079732123028, -11.852180529955692, 11275.853661472311, 6599.376585281736, 861.11397932196689, 491.49735771144987, -6.7234123937822083, -11.746402279881012, 14287.352911025324, 10510.744532864839, 486.26085932129808, 503.53786023705578, 0, 0, 13.535333396760409
12.93, 11287.725847474801, 6602.3516145749245, 861.6061006027544, 491.04594259461186, -6.7049107622414175, -12.155876067185504, 11284.463767042944, 6604.2897516036464, 861.04503114954412, 491.37687403119497, -6.8948172422781289, -12.048368025488292, 14292.215519618538, 10515.779911467209, 486.26085932129808, 503.53786023705578, 0, 0, 13.525333396760409
12.94, 11296.340920392488, 6607.2602810584794, 861.54022804666647, 490.92641310185172, -6.587255608796224, -11.952949276011505, 11293.073200676828, 6609.2017435816115, 860.97725264218013, 491.25842320805384, -6.7778507364038578, -11.845082314112686, 14297.078128211751, 10520.815290069579, 486.26085932129808, 503.53786023705578, 0, 0, 13.515333396760409
12.950000000000001, 11304.955309213001, 6612.1677064256028, 861.47266404977029, 490.80382884216567, -6.7563996896165115, -12.258425968602907, 11301.681930677034, 6614.1125054956774, 860.90775089437568, 491.13693534039658, -6.9501747804462344, -12.148786765728898, 14301.940736804965, 10525.850668671948, 486.26085932129808, 503.53786023705578, 0, 0, 13.505333396760408
12.960000000000001, 11313.569040121985, 6617.07393653692, 861.40628194883971, 490.68328370184798, -6.638210093055017, -12.054514031767807, 11310.289983285511, 6619.022083171184, 860.83942419664402, 491.01749014725459, -6.8326697731637918, -11.944519314196528, 14306.803345398179, 10530.886047274318, 486.26085932129808, 503.53786023705578, 0, 0, 13.495333396760408
12.970000000000001, 11322.18208171152, 6621.9789151062141, 861.33819995194074, 490.55966585358129, -6.8081996898984167, -12.361784826670657, 11318.897326639692, 6623.9304205764465, 860.76936501087971, 490.89499039990505, -7.0059185764293419, -12.24997473495576, 14311.665953991393, 10535.921425876688, 486.26085932129808, 503.53786023705578, 0, 0, 13.485333396760408
12.98, 11330.79446029019, 6626.8826882325984, 861.27130522863115, 490.43809704346512, -6.689472330955236, -12.156881011619969, 11327.503987109047, 6628.8375637726149, 860.70048629397229, 490.77454321122076, -6.887871690745806, -12.04471886843165, 14316.528562584606, 10540.956804479058, 486.26085932129808, 503.53786023705578, 0, 0, 13.475333396760409
12.99, 11339.406144295725, 6631.7851993091881, 861.20270211182878, 490.31343745379075, -6.8603116802364781, -12.46595896743511, 11336.109932664358, 6633.743456414084, 860.62986578546781, 490.65102383498652, -7.0620508504475703, -12.351937623423002, 14321.39117117782, 10545.992183081427, 486.26085932129808, 503.53786023705578, 0, 0, 13.465333396760409
13, 11348.017160160362, 6636.6864946752548, 861.13529167973934, 490.19083688905027, -6.7410432089450198, -12.260056474050327, 11344.715189803412, 6638.6481447994438, 860.56043119868468, 490.52956696898326, -6.9434586783169419, -12.14568660032845, 14326.253779771034, 10551.027561683797, 486.26085932129808, 503.53786023705578, 0, 0, 13.455333396760409
13.01, 11356.627476166675, 6641.5865174009314, 861.06616431414818, 490.06512734142808, -6.9127365591184695, -12.570954762221133, 11353.319726329324, 6643.5515722669597, 860.48924546043077, 490.40502015740663, -7.1185738253952886, -12.454681157664918, 14331.116388364248, 10556.062940286167, 486.26085932129808, 503.53786023705578, 0, 0, 13.445333396760409
13.02, 11365.237118871279, 6646.4853140673376, 860.99823507820429, 489.94148687420977, -6.7929235943889594, -12.364046721831587, 11361.92356886899, 6648.4537853543088, 860.41925113115781, 490.28254587571956, -6.9994329272910711, -12.247428168708549, 14335.978996957461, 10561.098318888537, 486.26085932129808, 503.53786023705578, 0, 0, 13.435333396760409
13.030000000000001, 11373.84605640078, 6651.3828274192856, 860.92858032614618, 489.81471908793105, -6.965475205812993, -12.676778627872299, 11370.526685056842, 6653.3547270814006, 860.34749623389166, 490.15696376471323, -7.175489726617549, -12.558211100631395, 14340.841605550675, 10566.133697490906, 486.26085932129808, 503.53786023705578, 0, 0, 13.425333396760408
13.040000000000001, 11382.454315436891, 6656.2791042814497, 860.86012918279607, 489.69003050690844, -6.8451143350107282, -12.468858102261589, 11379.129101649687, 6658.2544442266571, 860.27693826758059, 490.03346427203485, -7.0557966311052498, -12.349949267835365, 14345.704214143889, 10571.169076093276, 486.26085932129808, 503.53786023705578, 0, 0, 13.415333396760408
13.050000000000001, 11391.061863949448, 6661.1740870709646, 860.789943897998, 489.56219613663853, -7.0185284798028036, -12.783437026993006, 11387.730786112246, 6663.1528794893893, 860.20461025976374, 489.9068389395166, -7.2328007816824238, -12.662533251824605, 14350.566822737102, 10576.204454695646, 486.26085932129808, 503.53786023705578, 0, 0, 13.405333396760408
13.06, 11399.66872874599, 6666.0678228577799, 860.72096773541477, 489.43645116656467, -6.8976162583180969, -12.574497007384679, 11396.331765332046, 6668.0500798904404, 860.13348473991391, 489.78230638324129, -7.1125519849833267, -12.453255627530707, 14355.429431330316, 10581.239833298016, 486.26085932129808, 503.53786023705578, 0, 0, 13.395333396760408
13.07, 11408.274877638762, 6670.9602537289757, 860.65024876321274, 489.30754180188285, -7.0718972202035468, -12.890936468182947, 11404.932006603063, 6672.9459878062553, 860.06057964771253, 489.654629848767, -7.2905092201437158, -12.76765344742747, 14360.29203992353, 10586.275211900385, 486.26085932129808, 503.53786023705578, 0, 0, 13.385333396760409
13.08, 11416.880337561868, 6675.851427001513, 860.58074446150272, 489.18073210314088, -6.9504301710076994, -12.68096987419519, 11413.531536944363, 6677.8406505017911, 859.9888826358557, 489.52905631863428, -7.1697011856842057, -12.557353013272946, 14365.154648516744, 10591.310590502755, 486.26085932129808, 503.53786023705578, 0, 0, 13.375333396760409
13.09, 11425.485076169147, 6680.7412844300188, 860.50948863905103, 489.05073926807825, -7.1255822451678208, -12.99928350626401, 11422.130323478132, 6682.7340100283436, 859.91539646312276, 489.40032054303003, -7.3486172732940389, -12.873577560423966, 14370.017257109957, 10596.345969105125, 486.26085932129808, 503.53786023705578, 0, 0, 13.365333396760409
13.1, 11434.089120522009, 6685.629873580222, 860.43945307046727, 488.92285643622961, -7.0035568583725256, -12.788283184864069, 11430.728393355797, 6687.6261138966902, 859.84312399881014, 489.27369807076684, -7.2272464312580009, -12.662247226317675, 14374.879865703171, 10601.381347707495, 486.26085932129808, 503.53786023705578, 0, 0, 13.355333396760409
13.109999999999999, 11442.69243811506, 6690.5171358718726, 860.36765722695429, 488.79177158880418, -7.1795843512978266, -13.108484742541235, 11439.325713526709, 6692.5169038306731, 859.76905272707086, 489.14389495575932, -7.4071271739318263, -12.980311500752796, 14379.742474296385, 10606.416726309864, 486.26085932129808, 503.53786023705578, 0, 0, 13.34533339676041
13.120000000000001, 11451.295056137767, 6695.4031191212407, 860.29708725611727, 488.6628071541345, -7.0569970837006233, -12.896443466968556, 11447.922311275492, 6697.4064275886149, 859.69620082786287, 489.01621551472113, -7.2851899207985902, -12.767944103820835, 14384.605082889599, 10611.452104912234, 486.26085932129808, 503.53786023705578, 0, 0, 13.335333396760408
13.130000000000001, 11459.896941924682, 6700.2877644107584, 860.22474821298704, 488.53062168588428, -7.2339043130230722, -13.218546825020638, 11456.518153377598, 6702.2946265645796, 859.62154041630185, 488.88533690256696, -7.4660411560983677, -13.087861215417485, 14389.467691482812, 10616.487483514604, 486.26085932129808, 503.53786023705578, 0, 0, 13.325333396760408
13.140000000000001, 11468.498122794073, 6705.1711198090234, 860.15364069711052, 488.40056711294739, -7.1107515876463641, -13.005457293691832, 11465.113267251683, 6707.1815487661779, 859.54810507776017, 488.75659240737764, -7.3435338541737298, -12.874449518931348, 14394.330300076026, 10621.522862116974, 486.26085932129808, 503.53786023705578, 0, 0, 13.315333396760408
13.15, 11477.098565919612, 6710.0531260586858, 860.08075526829077, 488.26727234846089, -7.2885428819800397, -13.329476448649812, 11473.707619498242, 6712.0671352553481, 859.4728514632119, 488.62463008049144, -7.5253614548222352, -13.196232688618627, 14399.19290866924, 10626.558240719343, 486.26085932129808, 503.53786023705578, 0, 0, 13.305333396760409
13.16, 11485.698298749132, 6714.9338314824781, 860.00910705741478, 488.13611903562042, -7.1648210876036575, -13.115331284045231, 11482.301237670808, 6716.951434290746, 859.39882865889422, 488.49481238668238, -7.402280431762537, -12.981769380905742, 14404.055517262454, 10631.593619321713, 486.26085932129808, 503.53786023705578, 0, 0, 13.295333396760409
13.17, 11494.297288294589, 6719.8131764807813, 859.93567204955104, 488.00170623206486, -7.343500786378554, -13.441280355554399, 11490.894088193851, 6721.8343865998213, 859.32297775583561, 488.36175806726357, -7.5850903058557542, -13.305431941881508, 14408.918125855667, 10636.628997924083, 486.26085932129808, 503.53786023705578, 0, 0, 13.285333396760409
13.18, 11502.895562134143, 6724.6912096322867, 859.86347998678036, 487.86944551103403, -7.2192062770636634, -13.226072103082206, 11499.486198756631, 6726.7160406940484, 859.24836343729373, 488.23085897091141, -7.4614318541827478, -13.089909635214013, 14413.780734448881, 10641.664376526453, 486.26085932129808, 503.53786023705578, 0, 0, 13.275333396760409
13.19, 11511.493087117202, 6729.5678709925969, 859.78949219947674, 487.73390585768124, -7.3987787303581785, -13.553965335276599, 11508.077535606511, 6731.5963369640021, 859.17191113783963, 488.09670432056959, -7.6452299454069168, -13.415465034185202, 14418.643343042095, 10646.699755128822, 486.26085932129808, 503.53786023705578, 0, 0, 13.265333396760409
13.200000000000001, 11520.089890953022, 6734.4432093982041, 859.71675312122704, 487.60052899306004, -7.2739078249648736, -13.337686462118322, 11516.668126569342, 6736.475324175768, 859.09670123461945, 487.96471555793306, -7.5209903220158072, -13.19887626365102, 14423.505951635309, 10651.735133731192, 486.26085932129808, 503.53786023705578, 0, 0, 13.255333396760408
13.210000000000001, 11528.685940327625, 6739.3171645574012, 859.64220934729371, 487.46385361080996, -7.4543773933304065, -13.66753822500849, 11525.257937714297, 6741.3529423806376, 859.01964340852078, 487.82945217731219, -7.7057826098626174, -13.526338062086037, 14428.368560228522, 10656.770512333562, 486.26085932129808, 503.53786023705578, 0, 0, 13.245333396760408
13.220000000000001, 11537.281263082141, 6744.189785566341, 859.5689200835435, 487.32935179962061, -7.3289263750245679, -13.450181118937936, 11533.846997004677, 6746.2292406011184, 858.94383382816557, 487.69636542446784, -7.5809580355187354, -13.308675284434115, 14433.231168821736, 10661.805890935932, 486.26085932129808, 503.53786023705578, 0, 0, 13.235333396760408
13.23, 11545.875825738362, 6749.0610117834503, 859.49381710925036, 487.19153174052235, -7.5102974293111133, -13.782005909828335, 11542.435270330379, 6751.1041585467892, 858.8661663228105, 487.55998485286943, -7.7667505355077138, -13.638057159843544, 14438.09377741495, 10666.841269538301, 486.26085932129808, 503.53786023705578, 0, 0, 13.225333396760409
13.24, 11554.469656270072, 6753.9308925664236, 859.41997448379959, 487.05589611174207, -7.3842625450739936, -13.563562878027691, 11551.022785793028, 6755.9777454984051, 858.78975295086707, 487.42579172534619, -7.6413371943454473, -13.419312752327095, 14442.956386008163, 10671.876648140671, 486.26085932129808, 503.53786023705578, 0, 0, 13.215333396760409
13.25, 11563.06272103399, 6758.7993669212428, 859.34430908913714, 486.91692235851258, -7.5665394662480097, -13.89737532294863, 11559.609509102143, 6760.8499408213838, 858.71147159128463, 487.28828544035059, -7.828135958244844, -13.750628499557672, 14447.818994601377, 10676.912026743041, 486.26085932129808, 503.53786023705578, 0, 0, 13.205333396760409
13.26, 11571.655048137342, 6763.6664844690395, 859.2699099198735, 486.78014397260489, -7.43991692635975, -13.677838590770104, 11568.195468498556, 6765.7207940565731, 858.63445029131219, 487.15297749276334, -7.7021299972396653, -13.530794758723898, 14452.681603194591, 10681.947405345411, 486.26085932129808, 503.53786023705578, 0, 0, 13.195333396760409
13.27, 11580.246603770924, 6768.5321838607488, 859.19367887882026, 486.64000743814557, -7.6231041053184097, -14.013653445932079, 11576.780629510302, 6770.5902442227571, 858.55555088017934, 487.01433690985061, -7.8899411132900816, -13.864058291273587, 14457.544211787805, 10686.98278394778, 486.26085932129808, 503.53786023705578, 0, 0, 13.185333396760409
13.280000000000001, 11588.8374161762, 6773.3965149828573, 859.11871997799176, 486.50207728658893, -7.4958900828502557, -13.793015155666932, 11585.365020518308, 6775.4583411227404, 858.47791749376199, 486.87790563553301, -7.7633386417388035, -13.643127431761627, 14462.406820381018, 10692.01816255015, 486.26085932129808, 503.53786023705578, 0, 0, 13.175333396760408
13.290000000000001, 11597.427451377192, 6778.259416128627, 859.0419200587894, 486.36076881349953, -7.6799919202345386, -14.130847308942233, 11593.948606868011, 6780.3250234261786, 858.39839581141314, 486.73812210770183, -7.9521682348821621, -13.978352783120647, 14467.269428974232, 10697.05354115252, 486.26085932129808, 503.53786023705578, 0, 0, 13.165333396760408
13.300000000000001, 11606.016737750399, 6783.1209374518339, 858.96639823328417, 486.22167781831405, -7.5521825505212927, -13.90909951854613, 11602.531417081327, 6785.1903411997155, 858.32014615817457, 486.60055893833766, -7.8249653238626147, -13.756316936416813, 14472.132037567446, 10702.08891975489, 486.26085932129808, 503.53786023705578, 0, 0, 13.155333396760408
13.31, 11614.605241152212, 6787.9810168854183, 858.88902619871897, 486.07918817840442, -7.7372034565204428, -14.248963990964899, 11611.113416319975, 6790.0542327613593, 858.23999796261489, 486.45962375572344, -8.0148195559690123, -14.093518261421844, 14476.99464616066, 10707.124298357259, 486.26085932129808, 503.53786023705578, 0, 0, 13.145333396760408
13.32, 11623.192990094974, 6792.8397048524012, 858.81293825035266, 485.93892719167673, -7.6087948366303282, -14.026098672770006, 11619.694633247766, 6794.9167484434956, 858.16112784023687, 486.32092006097741, -7.8870122377964771, -13.87036947460253, 14481.857254753873, 10712.159676959629, 486.26085932129808, 503.53786023705578, 0, 0, 13.135333396760409
13.33, 11631.779950266593, 6797.6969389227252, 858.73499085804474, 485.79524708547615, -7.7947392307919374, -14.368010620056758, 11628.275032841571, 6799.7778262099482, 858.0803488671578, 486.17882445046911, -8.0778973079034682, -14.209561050830027, 14486.719863347087, 10717.195055561999, 486.26085932129808, 503.53786023705578, 0, 0, 13.125333396760409
13.34, 11640.36615031606, 6802.5527697906309, 858.65833358385487, 485.65380688888155, -7.6657274189878537, -14.144019659459628, 11636.854643908007, 6804.6375166607604, 858.00085405140203, 486.03897153761631, -7.9494815755777752, -13.985291285281392, 14491.582471940301, 10722.230434164368, 486.26085932129808, 503.53786023705578, 0, 0, 13.115333396760409
13.35, 11648.95155576194, 6807.4071346603641, 858.57980758655469, 485.50892694514579, -7.852599730013301, -14.487994373574514, 11645.433431237963, 6809.4957574030095, 857.91944001420086, 485.89570666247187, -8.1414037201216622, -14.326487514444397, 14496.445080533515, 10727.265812766738, 486.26085932129808, 503.53786023705578, 0, 0, 13.105333396760409
13.359999999999999, 11657.536195390694, 6812.2600844993804, 858.50257777910269, 485.3662982494688, -7.7229807452042412, -14.26286956769726, 11654.011423781776, 6814.3525993063377, 857.8393162589332, 485.75469577602632, -8.0123755267636447, -14.101088644556322, 14501.307689126728, 10732.301191369108, 486.26085932129808, 503.53786023705578, 0, 0, 13.09533339676041
13.370000000000001, 11666.120034550673, 6817.1115561435035, 858.42346992499529, 485.22020902468472, -7.9107854107445732, -14.608922478409617, 11662.588586143213, 6819.2079796184898, 857.75726284873497, 485.61025273548699, -8.2053410198181922, -14.444304053932232, 14506.170297719942, 10737.336569971478, 486.26085932129808, 503.53786023705578, 0, 0, 13.085333396760408
13.380000000000001, 11674.703102166639, 6821.9616008354205, 858.34566437267608, 485.07638246933743, -7.7805552319241444, -14.382655534728535, 11671.164947417257, 6824.0619494806651, 857.67650588595404, 485.46807505682938, -8.075696278092364, -14.217767865760866, 14511.032906313156, 10742.371948573847, 486.26085932129808, 503.53786023705578, 0, 0, 13.075333396760408
13.390000000000001, 11683.28536341586, 6826.8101550397823, 858.26597140569231, 484.92907444722522, -7.9692966983750004, -14.730802211220791, 11679.740472019403, 6828.914445778667, 857.5938087716379, 485.32244488573292, -8.2697114316135938, -14.563017109648223, 14515.895514906369, 10747.407327176217, 486.26085932129808, 503.53786023705578, 0, 0, 13.065333396760408
13.4, 11691.866847362227, 6831.6572702765425, 858.18758689305173, 484.78404059976339, -7.838451264059775, -14.503384746185182, 11688.315189190216, 6833.7655199272294, 857.5124143115064, 485.17909153273723, -8.1394460131499677, -14.335335299569673, 14520.758123499583, 10752.442705778587, 486.26085932129808, 503.53786023705578, 0, 0, 13.055333396760409
13.41, 11700.447519011061, 6836.502882636405, 858.10730555318821, 484.63550419077666, -8.028133986346484, -14.85364089867177, 11696.889063155755, 6838.6151084475823, 857.42906913973422, 485.03226520112963, -8.3345171772182063, -14.682633160758703, 14525.620732092797, 10757.478084380957, 486.26085932129808, 503.53786023705578, 0, 0, 13.045333396760409
13.42, 11709.027407566213, 6841.3470439186476, 858.02833886124824, 484.48925354641375, -7.8966691940005305, -14.625064436288008, 11705.462123303116, 6843.4632630299939, 857.34703287061404, 484.88772722778873, -8.2036269120193133, -14.453797334089144, 14530.483340686011, 10762.513462983326, 486.26085932129808, 503.53786023705578, 0, 0, 13.035333396760409
13.43, 11717.606477860179, 6846.1896898372243, 857.94746588489465, 484.33947908723707, -8.0872976353630648, -14.977445917667264, 11714.034333667751, 6848.3099198284626, 857.26303526586321, 484.7396956405351, -8.399760475088403, -14.803158725363934, 14535.345949279224, 10767.548841585696, 486.26085932129808, 503.53786023705578, 0, 0, 13.025333396760409
13.44, 11726.184759237627, 6851.0308724728138, 857.86791379148656, 484.19200206835649, -7.9552093408138589, -14.747701888057247, 11722.605723784236, 6853.1551308108092, 857.18035285435394, 484.59396403658553, -8.2682411509268015, -14.573160394955233, 14540.208557872438, 10772.584220188066, 486.26085932129808, 503.53786023705578, 0, 0, 13.015333396760409
13.450000000000001, 11734.762216357347, 6855.8705271597928, 857.78644591176067, 484.04097982140064, -8.1467879725860897, -15.102224695586896, 11731.176257496249, 6857.9988317611205, 857.09569841895325, 484.44471803297932, -8.4654435400749719, -14.924600360618211, 14545.071166465652, 10777.619598790436, 486.26085932129808, 503.53786023705578, 0, 0, 13.005333396760408
13.460000000000001, 11743.338878705667, 6860.7087062623414, 857.70630519186636, 483.89226677706552, -8.0140719894263786, -14.871304433510753, 11739.745964486803, 6862.8410749268087, 857.01236550993451, 484.29778372352513, -8.3332909018756851, -14.693430945419008, 14549.933775058866, 10782.654977392805, 486.26085932129808, 503.53786023705578, 0, 0, 12.995333396760408
13.470000000000001, 11751.914710766792, 6865.5453447324053, 857.62423913895827, 483.73998692996042, -8.2066052908118703, -15.227984710511596, 11748.314808406614, 6867.6817957193443, 856.92704982410396, 484.14731407689669, -8.5315685830604693, -15.046964662842317, 14554.796383652079, 10787.690355995175, 486.26085932129808, 503.53786023705578, 0, 0, 12.985333396760408
13.48, 11760.489742169573, 6870.380495219787, 857.54350656506028, 483.59002813542168, -8.0732573897980053, -14.995879453873304, 11756.882819088105, 6872.52104666779, 856.84306204078121, 483.99916792203226, -8.3987783322789742, -14.8146154864432, 14559.658992245293, 10792.725734597545, 486.26085932129808, 503.53786023705578, 0, 0, 12.975333396760409
13.49, 11769.063937222747, 6875.2140922911176, 857.46083906658384, 483.43648080050713, -8.2667498476392964, -15.354733491456301, 11765.449959987842, 6877.3587628082705, 856.75708066267532, 483.84746533935584, -8.5981378105932169, -15.170258267642152, 14564.521600838507, 10797.761113199915, 486.26085932129808, 503.53786023705578, 0, 0, 12.965333396760409
13.5, 11777.63732569855, 6880.0461888839654, 857.37951140902305, 483.28526645670934, -8.1327657560778785, -15.12143437977721, 11774.016261088627, 6882.1949969535808, 856.67243360662951, 483.69809813378794, -8.4647056045806899, -14.936720556789977, 14569.384209431721, 10802.796491802284, 486.26085932129808, 503.53786023705578, 0, 0, 12.955333396760409
13.51, 11786.209871729361, 6884.8767191767402, 857.29623919037681, 483.13044167052323, -8.3272218646282372, -15.482478618610676, 11782.581685651679, 6887.0296837617416, 856.58578207238429, 483.54515325528757, -8.6651534245188753, -15.294487850035308, 14574.246818024934, 10807.831870404654, 486.26085932129808, 503.53786023705578, 0, 0, 12.945333396760409
13.52, 11794.781605231676, 6889.7057363969416, 857.21431321771922, 482.97796190360839, -8.1925972657582751, -15.247976691483611, 11791.146263811172, 6891.8628763313845, 856.50047132362545, 483.39455572795629, -8.5310748758819646, -15.059752733129351, 14579.109426618148, 10812.867249007024, 486.26085932129808, 503.53786023705578, 0, 0, 12.935333396760409
13.530000000000001, 11803.352490160623, 6894.5331743318193, 857.13043300245477, 482.82184962637263, -8.3880215264407543, -15.611227723573965, 11799.709958631765, 6896.6945089396459, 856.41314514740941, 483.24035912671059, -8.73261762160163, -15.419660124571735, 14583.972035211362, 10817.902627609394, 486.26085932129808, 503.53786023705578, 0, 0, 12.925333396760408
13.540000000000001, 11811.92255657784, 6899.3590865009955, 857.04790548186691, 482.66809448718203, -8.252752058791561, -15.375513919061811, 11808.272800399995, 6901.5246349731187, 856.32716626443403, 483.08852194040952, -8.5978882975366062, -15.183718630105766, 14588.834643804576, 10822.938006211763, 486.26085932129808, 503.53786023705578, 0, 0, 12.915333396760408
13.550000000000001, 11820.491768260312, 6904.183406297594, 856.96341399206733, 482.51068460228635, -8.4491489799578474, -15.740988489570876, 11816.834751982749, 6906.3531883252463, 856.23916093850278, 482.93306412195517, -8.8005325931275955, -15.545781845435609, 14593.697252397789, 10827.973384814133, 486.26085932129808, 503.53786023705578, 0, 0, 12.905333396760408
13.56, 11829.060155415696, 6909.0061875355705, 856.88028168970015, 482.35564406586025, -8.3132302367177555, -15.504053642612766, 11825.395843819932, 6911.1802226727305, 856.1525094583551, 482.77997787295067, -8.6651480147645046, -15.308624900448738, 14598.559860991003, 10833.008763416503, 486.26085932129808, 503.53786023705578, 0, 0, 12.895333396760408
13.57, 11837.627681641943, 6913.8273632109313, 856.79517564636615, 482.19692637934327, -8.5106043334000123, -15.871768651700204, 11833.956038579436, 6916.0056715224891, 856.06382045310988, 482.62324927488487, -8.8689005245193631, -15.672859806579789, 14603.422469584217, 10838.044142018873, 486.26085932129808, 503.53786023705578, 0, 0, 12.885333396760409
13.58, 11846.194377293628, 6918.646987434201, 856.71143532774863, 482.04059034441877, -8.3740318617531972, -15.633603492447632, 11842.515366855541, 6920.8295888435023, 855.97649189144761, 482.46890449253448, -8.7328561662327164, -15.434478235038844, 14608.28507817743, 10843.079520621242, 486.26085932129808, 503.53786023705578, 0, 0, 12.875333396760409
13.59, 11854.760205788758, 6923.4649928012459, 856.62571145119443, 481.88055458444717, -8.5723876554198153, -16.00357599715884, 11851.073791115916, 6925.6519077533012, 855.88711465549829, 482.31089548411614, -8.9377235949294143, -15.80090084183592, 14613.147686770644, 10848.114899223612, 486.26085932129808, 503.53786023705578, 0, 0, 12.865333396760409
13.6, 11863.325197629727, 6928.2814337214177, 856.54135988163557, 481.72291287295411, -8.4351569558881945, -15.764171149308309, 11859.631342110239, 6930.4726825153375, 855.79910450666182, 482.155282630486, -8.8010148836529609, -15.561285363015642, 14618.010295363858, 10853.150277825982, 486.26085932129808, 503.53786023705578, 0, 0, 12.855333396760409
13.609999999999999, 11871.889316053697, 6933.0962423873925, 856.45501489189371, 481.5615486892994, -8.6344989741818736, -16.136418365469439, 11868.18798210471, 6935.2918458548684, 855.70903446689351, 481.99598351223574, -9.0070039768281553, -15.929911825028285, 14622.872903957072, 10858.185656428352, 486.26085932129808, 503.53786023705578, 0, 0, 12.84533339676041
13.620000000000001, 11880.452591711792, 6937.9094735096342, 856.37004883689417, 481.40259104585385, -8.4966054999531391, -15.89576434455692, 11876.743742005436, 6940.1094523320326, 855.62033820397994, 481.83909298171722, -8.8696262913544359, -15.689053051854875, 14627.735512550285, 10863.221035030721, 486.26085932129808, 503.53786023705578, 0, 0, 12.835333396760408
13.630000000000001, 11889.014987659419, 6942.7210588745456, 856.28307945412973, 481.2398880093665, -8.6969382764427063, -16.270303648734718, 11885.2985838759, 6944.9254342768991, 855.52957076562393, 481.67849398501608, -9.0767438355993963, -16.059899670114397, 14632.598121143499, 10868.256413633091, 486.26085932129808, 503.53786023705578, 0, 0, 12.825333396760408
13.640000000000001, 11897.576534697346, 6947.5310534960099, 856.19749567980296, 481.07960410076259, -8.5583774326823185, -16.028390860387603, 11893.85253877968, 6949.739846548533, 855.44018384056528, 481.52031610394141, -8.938692505861777, -15.817788107468097, 14637.460729736713, 10873.291792235461, 486.26085932129808, 503.53786023705578, 0, 0, 12.815333396760408
13.65, 11906.137195698318, 6952.3393887510483, 856.10989862473707, 480.9155517028442, -8.7597055065880127, -16.405239791841637, 11902.405568576287, 6954.552621078873, 855.3487143872743, 481.35840739062866, -9.1469453291000775, -16.190871331275911, 14642.323338329927, 10878.327170837831, 486.26085932129808, 503.53786023705578, 0, 0, 12.805333396760409
13.66, 11914.697001613669, 6957.1461199592968, 856.02369389823957, 480.75393111754414, -8.6204726497446433, -16.162058530004959, 11910.957704487815, 6959.3638130281734, 855.25863223091983, 481.19893241688595, -9.0082156354469358, -15.947497374269423, 14647.18594692314, 10883.3625494402, 486.26085932129808, 503.53786023705578, 0, 0, 12.795333396760409
13.67, 11923.255915132568, 6961.9511780852536, 855.93546589258278, 480.58851876961705, -8.8228005656772481, -16.541234792706391, 11919.508908168533, 6964.1733539272718, 855.16645612484751, 481.03570407885547, -9.2176106072352368, -16.322833803050486, 14652.048555516354, 10888.39792804257, 486.26085932129808, 503.53786023705578, 0, 0, 12.785333396760409
13.68, 11931.813967357843, 6966.7546187566641, 855.84863698255504, 480.42555101723866, -8.6828910027790158, -16.29677523783819, 11928.059211000114, 6968.9812992399002, 855.07567414705056, 480.87492220150267, -9.0781977796934896, -16.078187735278082, 14656.911164109568, 10893.43330664494, 486.26085932129808, 503.53786023705578, 0, 0, 12.775333396760409
13.69, 11940.371120794172, 6971.556372522331, 855.75977474945046, 480.25876805021363, -8.8862233104631105, -16.678296702501768, 11936.608574430313, 6973.7875800927968, 854.98278672893537, 480.71036426029821, -9.2887418115152443, -16.455794120446399, 14661.773772702782, 10898.46868524731, 486.26085932129808, 503.53786023705578, 0, 0, 12.765333396760409
13.700000000000001, 11948.927406696823, 6976.356495320495, 855.67231842646652, 480.09444256101636, -8.7456322983981689, -16.432548919725321, 11945.157030001448, 6978.5922522554829, 854.89130031864499, 480.54826559917626, -9.148641029036634, -16.209866112191662, 14666.636381295995, 10903.504063849679, 486.26085932129808, 503.53786023705578, 0, 0, 12.755333396760408
13.710000000000001, 11957.482787385055, 6981.154917281061, 855.58281869094253, 479.92627822475748, -8.9499735523965693, -16.816433625886514, 11953.704538953474, 6983.3952464475706, 854.79769690789897, 480.38236800558565, -9.3603410746062856, -16.589759359059592, 14671.498989889209, 10908.539442452049, 486.26085932129808, 503.53786023705578, 0, 0, 12.745333396760408
13.720000000000001, 11966.03729426752, 6985.9516946551739, 855.4947317279707, 479.7605843491263, -8.8086962971878222, -16.569387563116873, 11962.251132990434, 6988.1966187467069, 854.7055014332559, 480.21894261093087, -9.2195474643063058, -16.342539465479078, 14676.361598482423, 10913.574821054419, 486.26085932129808, 503.53786023705578, 0, 0, 12.735333396760408
13.73, 11974.590889477142, 6990.7467571506068, 855.40459121740446, 479.59102781191388, -9.0140510566209411, -16.955653721243472, 11970.796773143189, 6992.9962994623211, 854.61117732805712, 480.05169524457887, -9.432410519877747, -16.724736635199839, 14681.224207075637, 10918.610199656789, 486.26085932129808, 503.53786023705578, 0, 0, 12.725333396760409
13.74, 11983.14360457691, 6995.5401613338445, 855.31587039027761, 479.42395481984124, -8.8720827126818484, -16.707299207264114, 11979.341491278596, 6997.794344982548, 854.51826813649461, 479.88693309663427, -9.2909191562539046, -16.476214794458713, 14686.08681566885, 10923.645578259158, 486.26085932129808, 503.53786023705578, 0, 0, 12.715333396760409
13.75, 11991.695401512481, 7000.331836487263, 855.2250858348682, 479.2529951678323, -9.0784555409380125, -17.095965200895879, 11987.885248217122, 7002.5906852035487, 854.4232186138853, 479.71832576557432, -9.5049522609293096, -16.860733105995767, 14690.949424262064, 10928.680956861528, 486.26085932129808, 503.53786023705578, 0, 0, 12.705333396760409
13.76, 12000.246312002148, 7005.1218394951502, 855.135727922765, 479.0845322483982, -8.935791210322499, -16.84629194340868, 11996.428075989537, 7007.3853768263334, 854.32959103223459, 479.55221677420053, -9.3627581650718792, -16.610899137378482, 14695.812032855278, 10933.716335463898, 486.26085932129808, 503.53786023705578, 0, 0, 12.695333396760409
13.77, 12008.796297803374, 7009.9100992111844, 855.04429605601729, 478.91215848508477, -9.1431866747701207, -17.237376331345796, 12004.969935204599, 7012.1783493306802, 854.23381134822341, 479.38223921450532, -9.5779684011222042, -16.997755969522387, 14700.674641448491, 10938.751714066268, 486.26085932129808, 503.53786023705578, 0, 0, 12.685333396760409
13.780000000000001, 12017.345390790722, 7014.6966728399484, 854.95429784195312, 478.74229474593488, -8.9998214064148119, -16.986373914990665, 12013.5108580581, 7016.9696597328893, 854.13946068282428, 479.21477321879019, -9.435066539915649, -16.746599571514892, 14705.537250041705, 10943.787092668637, 486.26085932129808, 503.53786023705578, 0, 0, 12.675333396760408
13.790000000000001, 12025.893552532531, 7019.4814888030924, 854.86221540117208, 478.56849579159979, -9.2082440781048991, -17.379895433510853, 12022.050804945773, 7021.759237093207, 854.04294607249324, 479.04341509414093, -9.651461033101203, -17.135812464927611, 14710.399858634919, 10948.822471271007, 486.26085932129808, 503.53786023705578, 0, 0, 12.665333396760408
13.800000000000001, 12034.440815060612, 7024.2646046280106, 854.77157367250163, 478.39722025842156, -9.0641728670456558, -17.127553317821558, 12030.58980822955, 7026.5471387456664, 853.94786760930924, 478.87458186200854, -9.5078463183977675, -16.883323213237748, 14715.262467228133, 10953.857849873377, 486.26085932129808, 503.53786023705578, 0, 0, 12.655333396760408
13.81, 12042.987139753239, 7029.0459483009627, 854.67883739929755, 478.22198494959224, -9.2736273204087958, -17.523530882934171, 12039.127828090806, 7031.3332933278052, 853.85061328692632, 478.70183276328322, -9.7254322382932692, -17.274909872532767, 14720.125075821346, 10958.893228475747, 486.26085932129808, 503.53786023705578, 0, 0, 12.645333396760408
13.82, 12051.532558800465, 7033.8255776746983, 854.58754894822755, 478.04928656558945, -9.128845106997808, -17.269838400277909, 12047.664897058747, 7036.117758493855, 853.75480229166544, 478.53162199110227, -9.5810995260855254, -17.021077218096305, 14724.98768441456, 10963.928607078116, 486.26085932129808, 503.53786023705578, 0, 0, 12.635333396760409
13.83, 12060.07703338956, 7038.6034202966875, 854.49415558903218, 477.87260365448918, -9.3393359195423589, -17.668291110028349, 12056.200975099051, 7040.9004624554391, 853.65680345080125, 478.35747143596257, -9.7998840864166752, -17.41505551396774, 14729.850293007774, 10968.963985680486, 486.26085932129808, 503.53786023705578, 0, 0, 12.625333396760409
13.84, 12068.620595869812, 7043.3795343476131, 854.4022172131456, 477.69847127985418, -9.1938375886520713, -17.413237463503364, 12064.736094909333, 7045.6814631894813, 853.56025516904128, 478.18587274815343, -9.6548281759948917, -17.159868780914458, 14734.712901600988, 10973.999364282856, 486.26085932129808, 503.53786023705578, 0, 0, 12.615333396760409
13.85, 12077.163207236543, 7048.1538469327215, 854.30816351973908, 477.52032943385109, -9.4053693406523173, -17.814184600308106, 12073.270216238228, 7050.4606884784498, 853.4615069826915, 478.01031018063048, -9.8748186349751741, -17.556256752295628, 14739.575510194201, 10979.034742885226, 486.26085932129808, 503.53786023705578, 0, 0, 12.605333396760409
13.859999999999999, 12085.704899999282, 7052.9264165632312, 854.21557202253052, 477.34475184523524, -9.2591497208587423, -17.557758861585281, 12081.803371952916, 7055.2381966244857, 853.36421664001091, 477.83731312927188, -9.7290342680618807, -17.299705135861547, 14744.438118787415, 10984.070121487595, 486.26085932129808, 503.53786023705578, 0, 0, 12.59533339676041
13.870000000000001, 12094.245634960458, 7057.697169898699, 854.12085475258016, 477.16513964628916, -9.4717269950382672, -17.961219894608004, 12090.335521583627, 7060.0139149776296, 853.26471426072351, 477.66032791935066, -9.9502379287351399, -17.698520992123495, 14749.300727380629, 10989.105500089965, 486.26085932129808, 503.53786023705578, 0, 0, 12.585333396760408
13.880000000000001, 12102.785444790856, 7062.4661657835113, 854.02760694400217, 476.98810553627169, -9.3247808578005422, -17.703411001746691, 12098.866698168265, 7064.78790216779, 853.16667706283738, 477.48592198378526, -9.8037197886140159, -17.44059355653939, 14754.163335973843, 10994.140878692335, 486.26085932129808, 503.53786023705578, 0, 0, 12.575333396760408
13.890000000000001, 12111.324290099061, 7067.2333304280355, 853.9322228616121, 476.80701148037849, -9.538408239012476, -18.109405589319596, 12107.396861017294, 7069.5600851092759, 853.06641562284528, 477.30750342698792, -10.026143999204677, -17.841855679733325, 14759.025944567056, 10999.176257294705, 486.26085932129808, 503.53786023705578, 0, 0, 12.565333396760408
13.9, 12119.862203718132, 7071.998723012488, 853.83831555863378, 476.62850945693322, -9.3907302978319258, -17.850202344526391, 12115.926043340516, 7074.3305227623423, 852.96762675574701, 477.13167801342735, -9.8788867098265758, -17.582541356058488, 14763.88855316027, 11004.211635897074, 486.26085932129808, 503.53786023705578, 0, 0, 12.555333396760409
13.91, 12128.399146061862, 7076.762269294507, 853.74226143490637, 476.44592195356705, -9.6054123727362395, -18.258750336617993, 12124.454204227244, 7079.0991416022307, 852.866601367106, 476.95181533039533, -10.102538864097905, -17.986268303203545, 14768.751161753484, 11009.247014499444, 486.26085932129808, 503.53786023705578, 0, 0, 12.545333396760409
13.92, 12136.935150126619, 7081.5240287928318, 853.64769146208323, 476.26594053952726, -9.4569972823114163, -17.998141403978234, 12132.981377060367, 7083.8660009221512, 852.76705599721424, 476.77455977152397, -9.954536989180804, -17.725555887134405, 14773.613770346697, 11014.282393101814, 486.26085932129808, 503.53786023705578, 0, 0, 12.535333396760409
13.93, 12145.470176130444, 7086.2839268088001, 853.55096407569283, 476.08184791108033, -9.672738639039844, -18.40926284469128, 12141.50752070666, 7088.6310267549079, 852.66526175194633, 476.5932421075986, -10.17942452679174, -18.131766392534427, 14778.476378939911, 11019.317771704184, 486.26085932129808, 503.53786023705578, 0, 0, 12.525333396760409
13.94, 12154.004257234052, 7091.0420232023989, 853.4557282657488, 475.90037554360191, -9.5235809944013941, -18.147236747842868, 12150.032668723294, 7093.3942787293026, 852.56495502625739, 476.41454566217703, -10.030672568897989, -17.869644542157911, 14783.338987533125, 11024.353150306553, 486.26085932129808, 503.53786023705578, 0, 0, 12.515333396760409
13.950000000000001, 12162.537353458776, 7095.7982428150535, 853.35832440352658, 475.71476602482215, -9.7403862222269382, -18.560951877974606, 12158.556779753109, 7098.1556824322961, 852.46238699649962, 476.23176208697924, -10.256802975776113, -18.278357519779355, 14788.201596126339, 11029.388528908923, 486.26085932129808, 503.53786023705578, 0, 0, 12.505333396760408
13.960000000000001, 12171.069498130728, 7100.552645850752, 853.262419597948, 475.53179105484475, -9.5904805578611665, -18.29749699773993, 12167.079887528767, 7102.915297830953, 852.3613140427459, 476.05161393944638, -10.107295375376035, -18.014814753286725, 14793.064204719552, 11034.423907511293, 486.26085932129808, 503.53786023705578, 0, 0, 12.495333396760408
13.970000000000001, 12179.600651268294, 7105.3051570474763, 853.16434903702827, 475.34467679987142, -9.8070560919743812, -18.711425497333678, 12175.601950667389, 7107.6730504203742, 852.2579805890407, 475.86737727456858, -10.333345370522037, -18.423666487778309, 14797.926813312766, 11039.459286113663, 486.26085932129808, 503.53786023705578, 0, 0, 12.485333396760408
13.98, 12188.130846293747, 7110.0558368263773, 853.06778470912377, 475.16021086005134, -9.6564327904491041, -18.446593982007109, 12184.123003006442, 7112.429000379846, 852.15614946645098, 475.68578972295876, -10.183112258969471, -18.158755160983031, 14802.78942190598, 11044.494664716032, 486.26085932129808, 503.53786023705578, 0, 0, 12.475333396760409
13.99, 12196.660043809912, 7114.8046109085026, 852.96909598078526, 474.9716757616988, -9.8688728338540717, -18.853509835255121, 12192.643003739557, 7117.1830741909362, 852.05209869644773, 475.50018398034774, -10.405077000330433, -18.560574261100481, 14807.652030499194, 11049.530043318402, 486.26085932129808, 503.53786023705578, 0, 0, 12.465333396760409
14, 12205.188277119387, 7119.5515395345665, 852.87191929190601, 474.78580032483353, -9.7176688879290616, -18.587543686529663, 12201.16198658832, 7121.9353318502235, 851.94955614973696, 475.31723861261594, -10.254254671073786, -18.294536773177803, 14812.514639092407, 11054.565421920772, 486.26085932129808, 503.53786023705578, 0, 0, 12.455333396760409
14.01, 12213.715507381678, 7124.2965493593683, 852.77265725001917, 474.59592176173294, -9.9262041886823731, -18.987856310058078, 12209.679911295012, 7126.6857007764756, 851.84483249607808, 475.13034128765793, -10.472365365883798, -18.68973249580058, 14817.377247685621, 11059.600800523142, 486.26085932129808, 503.53786023705578, 0, 0, 12.445333396760409
14.02, 12222.241767772603, 7129.039700430767, 852.67491181162507, 474.40871201382743, -9.7745438394148039, -18.720974790550233, 12218.196811458361, 7131.4342407710801, 851.74162172198112, 474.94611340287861, -10.321077409691311, -18.42278847793278, 14822.239856278835, 11064.636179125511, 486.26085932129808, 503.53786023705578, 0, 0, 12.435333396760409
14.030000000000001, 12230.767019982581, 7133.7809202915969, 852.57511793573519, 474.21756139328414, -9.9793875889824424, -19.11506205432994, 12226.712647343435, 7136.180880144324, 851.63626624556844, 474.75799601719211, -10.535547641271023, -18.811738568650764, 14827.102464872049, 11069.671557727881, 486.26085932129808, 503.53786023705578, 0, 0, 12.425333396760408
14.040000000000001, 12239.291297054426, 7138.5202687859819, 852.4768441015899, 474.02908675674314, -9.8273834145277892, -18.847463654102686, 12235.227452419986, 7140.9256784914678, 851.5324271852337, 474.57255514867609, -10.383906033469989, -18.544086851600554, 14831.965073465262, 11074.706936330251, 486.26085932129808, 503.53786023705578, 0, 0, 12.415333396760408
14.050000000000001, 12247.814561185538, 7143.2576743023728, 852.37655677467228, 473.83673001167313, -10.028732691763595, -19.235674507003885, 12243.741187451857, 7145.6685649719293, 851.42647785309248, 474.38328374702132, -10.594933214122486, -18.927140165478086, 14836.827682058476, 11079.742314932621, 486.26085932129808, 503.53786023705578, 0, 0, 12.405333396760408
14.06, 12256.336845280293, 7147.9931964716779, 852.27779190862213, 473.64705462425479, -9.8764866050103475, -18.967538741836105, 12252.253885774491, 7150.4095989653124, 851.32204745999172, 474.1966941412291, -10.443039310080241, -18.658960579220274, 14841.69029065169, 11084.77769353499, 486.26085932129808, 503.53786023705578, 0, 0, 12.395333396760408
14.07, 12264.858112020824, 7152.7267644885778, 852.17704667162275, 473.45355266810549, -10.074523699935202, -19.350195614930588, 12260.765508628188, 7155.1487104408025, 851.21553939986848, 474.00632974642804, -10.650806012323869, -19.036439480108275, 14846.552899244904, 11089.81307213736, 486.26085932129808, 503.53786023705578, 0, 0, 12.385333396760409
14.08, 12273.378394168361, 7157.4584377625579, 852.0778253929974, 473.2627358213976, -9.9221278625375486, -19.081684670788231, 12269.276089209468, 7159.8859585540922, 851.11055188527928, 473.81865080142933, -10.498751458923934, -18.76789449987081, 14851.415507838117, 11094.84845073973, 486.26085932129808, 503.53786023705578, 0, 0, 12.375333396760409
14.09, 12281.897654869068, 7162.1881462579204, 851.97665517809867, 473.06814496462425, -10.11702148987577, -19.459085677333398, 12277.785589214325, 7164.6212740475476, 851.00351761892648, 473.62724983085877, -10.703426635281399, -19.140097057055723, 14856.278116431331, 11099.883829342099, 486.26085932129808, 503.53786023705578, 0, 0, 12.365333396760409
14.1, 12290.415926736976, 7166.9159491556793, 851.87700958660241, 472.87624150548191, -9.9645591496232804, -19.190345914233106, 12286.294041696383, 7169.3547158458596, 850.89800467687166, 473.43853649776997, -10.551294205482732, -18.871333308879091, 14861.140725024545, 11104.919207944469, 486.26085932129808, 503.53786023705578, 0, 0, 12.355333396760409
14.109999999999999, 12298.933173363008, 7171.6417771557044, 851.77544493099003, 472.68061383684545, -10.156465561239619, -19.562766863647873, 12294.801408788006, 7174.0862154305414, 850.79047433380981, 473.24615114468736, -10.753034306185935, -19.238535308259447, 14866.003333617758, 11109.954586546839, 486.26085932129808, 503.53786023705578, 0, 0, 12.34533339676041
14.120000000000001, 12307.449427210546, 7176.3656892045447, 851.67540481279855, 472.48767453493554, -10.00401181914873, -19.293930190990068, 12303.307723396545, 7178.8158314892462, 850.68446534717816, 473.0564542952265, -10.600898663166806, -18.969684946087508, 14870.865942210972, 11114.989965149209, 486.26085932129808, 503.53786023705578, 0, 0, 12.335333396760408
14.130000000000001, 12315.9646522973, 7181.0876167059287, 851.57347405456073, 472.29105827060903, -10.193075823779971, -19.661626432648145, 12311.812948072718, 7183.5434962109384, 850.57646686057467, 472.86313287791046, -10.799848660348799, -19.332141731605773, 14875.728550804186, 11120.025343751578, 486.26085932129808, 503.53786023705578, 0, 0, 12.325333396760408
14.140000000000001, 12324.478880933095, 7185.8076183669, 851.47306707119333, 472.09713015493907, -10.040698336736311, -19.392811566995288, 12320.317115574766, 7188.2692680411628, 850.46998909000308, 472.67249964094214, -10.647777057153677, -19.063323696835035, 14880.5911593974, 11125.060722353948, 486.26085932129808, 503.53786023705578, 0, 0, 12.315333396760408
14.15, 12332.992077545672, 7190.5256262654975, 851.37079652884609, 471.89956995815601, -10.227054234723481, -19.756019678308483, 12328.820188854959, 7192.993079846794, 850.36154837616925, 472.47828692237658, -10.844071383379259, -19.421271856557137, 14885.453767990613, 11130.096100956318, 486.26085932129808, 503.53786023705578, 0, 0, 12.305333396760409
14.16, 12341.504274288882, 7195.2416988650848, 851.2700483902554, 471.7046966252189, -10.074813859065065, -19.487333293712787, 12337.322200520075, 7197.7149898270636, 850.25462713313402, 472.28676099207547, -10.692124303527658, -19.152593030111465, 14890.316376583827, 11135.131479558688, 486.26085932129808, 503.53786023705578, 0, 0, 12.295333396760409
14.17, 12350.01543598484, 7199.9557688904433, 851.16746252726387, 471.50623389896151, -10.258586299157264, -19.846272625736773, 12345.823113908249, 7202.4349314991932, 850.14576825601546, 472.09169847267424, -10.885887711852757, -19.506251940120979, 14895.178985177041, 11140.166858161057, 486.26085932129808, 503.53786023705578, 0, 0, 12.285333396760409
14.18, 12358.52559462946, 7204.6678945578724, 851.06639715046288, 471.31045579490387, -10.106537680096453, -19.577810405762502, 12354.322961472892, 7207.1529628126909, 850.0384270614569, 471.89932039071255, -10.734119455858259, -19.23780819616973, 14900.041593770255, 11145.202236763427, 486.26085932129808, 503.53786023705578, 0, 0, 12.275333396760409
14.19, 12367.034715424597, 7209.3780092131465, 850.96351872601474, 471.11112894991959, -10.287842444816039, -19.932684498429055, 12362.821706923334, 7211.8690179093828, 849.92917238337679, 471.70344657636929, -10.925467808005154, -19.587381434327302, 14904.904202363468, 11150.237615365797, 486.26085932129808, 503.53786023705578, 0, 0, 12.265333396760409
14.200000000000001, 12375.542830206674, 7214.0861708228313, 850.86215838045234, 470.91448362893641, -10.136034556241134, -19.664532098315501, 12371.319382558113, 7216.5831544863559, 849.821433113073, 471.51025399032858, -10.773927030383208, -19.319258604072942, 14909.766810956682, 11155.272993968167, 486.26085932129808, 503.53786023705578, 0, 0, 12.255333396760408
14.210000000000001, 12384.049904543586, 7218.7923133296244, 850.75900858763475, 470.71432832917282, -10.314979281763044, -20.015529976359471, 12379.815952444042, 7221.2953072859727, 849.71180343288233, 471.31360463788189, -10.962968019063865, -19.664935244665667, 14914.629419549896, 11160.308372570536, 486.26085932129808, 503.53786023705578, 0, 0, 12.245333396760408
14.220000000000001, 12392.555970111074, 7223.4964944483308, 850.65737402842933, 470.51685069014309, -10.163455920545445, -19.747763902971268, 12388.311448723638, 7226.005533750852, 849.60368645068252, 471.11963253790356, -10.811698219979801, -19.397209997834217, 14919.49202814311, 11165.343751172906, 486.26085932129808, 503.53786023705578, 0, 0, 12.235333396760408
14.23, 12401.060992830246, 7228.1986486960432, 850.55397262086376, 470.31590007751629, -10.340140756552216, -20.095061262677689, 12396.80583580834, 7230.7137692013612, 849.49370113037355, 470.92224087993151, -10.998532030893589, -19.739165797205015, 14924.354636736323, 11170.379129775276, 486.26085932129808, 503.53786023705578, 0, 0, 12.225333396760409
14.24, 12409.565004215305, 7232.8988335343665, 850.45208321091206, 470.11762258072361, -10.188940995163881, -19.827749679270216, 12405.299145683843, 7235.4200708241933, 849.3852254103108, 470.72752181544894, -10.847572006272864, -19.471906448258288, 14929.217245329537, 11175.414508377646, 486.26085932129808, 503.53786023705578, 0, 0, 12.215333396760409
14.25, 12418.067970528533, 7237.5969840336775, 850.34844861881515, 469.91590748097059, -10.363459209685473, -20.171509975303003, 12413.791343094157, 7240.1243744966087, 849.27490249106233, 470.52941876614244, -11.032291924840406, -19.810304930648119, 14934.079853922751, 11180.449886980015, 486.26085932129808, 503.53786023705578, 0, 0, 12.205333396760409
14.26, 12426.56992312205, 7242.2931574014719, 850.24632244070904, 469.71686034659541, -10.212617810611359, -19.904713437519209, 12422.282459867642, 7244.8267371484435, 849.16608572927794, 470.33398304438117, -10.881676178436045, -19.543572176129192, 14938.942462515965, 11185.485265582385, 486.26085932129808, 503.53786023705578, 0, 0, 12.195333396760409
14.27, 12435.070828588005, 7246.987289241606, 850.1424718772646, 469.51440945781235, -10.385056344443734, -20.245088878303861, 12430.772461069562, 7249.5270951940429, 849.05544203781892, 470.13519738809936, -11.06436914590584, -19.878565628181306, 14943.805071109178, 11190.520644184755, 486.26085932129808, 503.53786023705578, 0, 0, 12.185333396760409
14.280000000000001, 12443.570718116156, 7251.6794365070327, 850.04012583586871, 469.31462084773966, -10.234604139584945, -19.978861007269067, 12439.2613783707, 7254.2255053059407, 848.94630075515363, 469.93907325588879, -10.914128266523631, -19.612413221057743, 14948.667679702392, 11195.556022787125, 486.26085932129808, 503.53786023705578, 0, 0, 12.175333396760408
14.290000000000001, 12452.069558617897, 7256.3695353164903, 849.93607539472373, 469.11146091307285, -10.405044114499894, -20.315993466680009, 12447.749177146943, 7258.9219044169595, 848.83535200125664, 469.73963181986164, -11.094875389698601, -19.944143602715979, 14953.530288295606, 11200.591401389494, 486.26085932129808, 503.53786023705578, 0, 0, 12.165333396760408
14.300000000000001, 12460.567381120592, 7261.057642368386, 849.83352531119874, 468.91095709742729, -10.255008352496002, -20.050381564555376, 12456.235888911497, 7263.6163489423125, 848.7259016372916, 469.5428456301708, -10.945036396509199, -19.678618969081981, 14958.392896888819, 11205.626779991864, 486.26085932129808, 503.53786023705578, 0, 0, 12.155333396760408
14.31, 12469.064152844874, 7265.7436942788481, 849.72929005582773, 468.70711306325728, -10.423525537104874, -20.384403416999213, 12464.721479340857, 7268.3087763158019, 848.61466250314174, 469.34277344269123, -11.123913414983763, -20.007218747959268, 14963.255505482033, 11210.662158594234, 486.26085932129808, 503.53786023705578, 0, 0, 12.145333396760408
14.32, 12477.559904655902, 7270.4277474921264, 849.6265507538152, 468.50591857295842, -10.273930201254881, -20.119449029885558, 12473.205979790877, 7272.999242695696, 848.50491750240576, 469.14534980718133, -10.974500073598541, -19.74236355099038, 14968.118114075247, 11215.697537196604, 486.26085932129808, 503.53786023705578, 0, 0, 12.135333396760409
14.33, 12486.054604074125, 7275.109739105269, 849.5221447994345, 468.30141373380576, -10.440595438067875, -20.450483915268709, 12481.689356229233, 7277.6876860002976, 848.39340172452501, 468.94467024251452, -11.151577788070492, -20.067956466683903, 14972.980722668461, 11220.732915798973, 486.26085932129808, 503.53786023705578, 0, 0, 12.125333396760409
14.34, 12494.548281802889, 7279.7897253091051, 849.41923018406123, 468.09955150032613, -10.291461537321537, -20.186223347962283, 12490.171639854843, 7282.374162131654, 848.28337561552655, 468.74663217129103, -11.002610899848376, -19.803807122349163, 14977.843331261674, 11225.768294401343, 486.26085932129808, 503.53786023705578, 0, 0, 12.115333396760409
14.35, 12503.040905653559, 7284.4676436660775, 849.31466677271874, 467.89440763160133, -10.456341134248882, -20.514386872479037, 12498.652796917664, 7287.0586094770342, 848.17159605987888, 468.54536708242472, -11.17795556477008, -20.126508886628525, 14982.705939854888, 11230.803673003713, 486.26085932129808, 503.53786023705578, 0, 0, 12.105333396760409
14.359999999999999, 12511.532506168242, 7289.1435501146443, 849.21158990302354, 467.69189911500956, -10.307686969522594, -20.250851659174572, 12507.132858460278, 7291.7410836833033, 848.06130152756282, 468.34673611207211, -11.029453231603064, -19.863097035259472, 14987.568548448102, 11235.839051606083, 486.26085932129808, 503.53786023705578, 0, 0, 12.09533339676041
14.370000000000001, 12520.023051440812, 7293.8173826679886, 849.10688147243559, 467.48613659463609, -10.470843058793625, -20.576252037347292, 12515.611791006517, 7296.4215235920283, 847.94927025841116, 468.14490595233661, -11.203126915162667, -20.1830159735519, 14992.431157041316, 11240.874430208452, 486.26085932129808, 503.53786023705578, 0, 0, 12.085333396760408
14.380000000000001, 12528.512571852867, 7298.4891970135295, 849.00365462776881, 467.28300190091579, -10.322684466674293, -20.313469372028052, 12524.089625443383, 7301.0999845962151, 847.83871921059324, 467.94570226322651, -11.055104781795642, -19.920368911013039, 14997.293765634529, 11245.909808810822, 486.26085932129808, 503.53786023705578, 0, 0, 12.075333396760408
14.390000000000001, 12537.001035772844, 7303.158931601336, 848.89881287442984, 467.0766398207661, -10.484175333902483, -20.636208014970475, 12532.566328560635, 7305.7764059778647, 847.72644755363353, 467.74332619772503, -11.227165695968143, -20.237606550150392, 15002.156374227743, 11250.945187413192, 486.26085932129808, 503.53786023705578, 0, 0, 12.065333396760408
14.4, 12545.488473422702, 7307.826641869372, 848.79544761533339, 466.87289780931678, -10.336525909645186, -20.374201144933235, 12541.041931090596, 7310.450842877699, 847.61565118191606, 467.54356872150436, -11.079637171750866, -19.975747622064063, 15007.018982820957, 11255.980566015562, 486.26085932129808, 503.53786023705578, 0, 0, 12.055333396760409
14.41, 12553.97485343791, 7312.4922666914854, 848.69048355237794, 466.66595407732291, -10.496406295539149, -20.694373199384767, 12549.516400081418, 7315.1232350050295, 847.50314978216682, 467.34066472921603, -11.250139974928517, -20.290399228834666, 15011.881591414171, 11261.015944617931, 486.26085932129808, 503.53786023705578, 0, 0, 12.045333396760409
14.42, 12562.460205881795, 7317.1558612579911, 848.58699077640711, 466.46162245947272, -10.349277597086902, -20.433161785018655, 12557.989766111774, 7319.7936372500926, 847.39211861779961, 467.14037124730618, -11.103116436718919, -20.029348190984656, 15016.744200007384, 11266.051323220301, 486.26085932129808, 503.53786023705578, 0, 0, 12.035333396760409
14.43, 12570.944499649713, 7321.8173648540915, 848.48191478666615, 466.25411389319959, -10.507598974099015, -20.75085662731248, 12566.461996481075, 7324.4619897370758, 847.27939749268739, 466.93695621464968, -11.272112511220234, -20.341503265648885, 15021.606808600598, 11271.086701822671, 486.26085932129808, 503.53786023705578, 0, 0, 12.025333396760409
14.44, 12579.427764647473, 7326.4768324244624, 848.37830477957891, 466.04920932248933, -10.361000708729216, -20.490457071023474, 12574.933121615479, 7329.1283471077304, 847.16814145779699, 466.73614344851507, -11.125603489035162, -20.081276613459821, 15026.469417193812, 11276.122080425041, 486.26085932129808, 503.53786023705578, 0, 0, 12.015333396760409
14.450000000000001, 12587.909970023538, 7331.1342036538736, 848.27312666423154, 465.84115173489135, -10.517811534741467, -20.805758759796994, 12583.403109058878, 7333.7926498893139, 847.05521004584102, 466.5322332550947, -11.293141195598293, -20.391019342034848, 15031.332025787025, 11281.15745902741, 486.26085932129808, 503.53786023705578, 0, 0, 12.005333396760408
14.460000000000001, 12596.391145527421, 7335.7895332435464, 848.16940914693373, 465.63568988982456, -10.371751729785098, -20.546184506677214, 12591.871989086156, 7338.4549524772729, 846.94373850041654, 466.33091694897735, -11.147154542448368, -20.131630611732032, 15036.194634380239, 11286.19283762978, 486.26085932129808, 503.53786023705578, 0, 0, 11.995333396760408
14.470000000000001, 12604.871260554239, 7340.442761266615, 848.06413817012617, 465.42709816784645, -10.527097680756906, -20.859172197811635, 12600.339729479241, 7343.1151957907205, 846.8306057058802, 466.12652654617204, -11.31327945363854, -20.439040280530058, 15041.057242973453, 11291.22821623215, 486.26085932129808, 503.53786023705578, 0, 0, 11.985333396760408
14.48, 12613.350344698514, 7345.0939421831918, 847.96032234172878, 465.22109382774164, -10.381582839741844, -20.600434010480669, 12608.806360363074, 7347.7734339811332, 846.71892749087135, 465.9247215429279, -11.167821500890261, -20.180500324411977, 15045.919851566667, 11296.26359483452, 486.26085932129808, 503.53786023705578, 0, 0, 11.975333396760409
14.49, 12621.828367595877, 7349.7430164441184, 847.85496727149791, 465.01198200436704, -10.535507023082918, -20.911182337459532, 12617.271849751491, 7352.4296083488071, 846.60560172471946, 465.71986502592767, -11.332576615188339, -20.485651700019844, 15050.78246015988, 11301.298973436889, 486.26085932129808, 503.53786023705578, 0, 0, 11.965333396760409
14.5, 12630.305358687252, 7354.3900382708798, 847.7510618488127, 464.8054491188945, -10.390542268517112, -20.653288547255499, 12625.736227620891, 7357.0837728037259, 846.49372520157283, 465.51758533654743, -11.187652314660385, -20.227968938026233, 15055.645068753094, 11306.334352039259, 486.26085932129808, 503.53786023705578, 0, 0, 11.955333396760409
14.51, 12638.781287842927, 7359.0349484818735, 847.64563099462464, 464.59583043919588, -10.543085418801326, -20.96186796986267, 12634.199462211169, 7361.7358690171986, 846.38021441904436, 465.31227601039097, -11.351078252851845, -20.530932615645256, 15060.507677346308, 11311.369730641629, 486.26085932129808, 503.53786023705578, 0, 0, 11.945333396760409
14.52, 12647.25618435168, 7363.6778010625594, 847.54164424839735, 464.38878219213177, -10.398674622729382, -20.704824706412381, 12642.661583351663, 7366.385950660313, 846.26814750597669, 465.10953487773844, -11.206691306771361, -20.27411326525468, 15065.370285939522, 11316.405109243999, 486.26085932129808, 503.53786023705578, 0, 0, 11.935333396760409
14.530000000000001, 12655.730018312872, 7368.3185371892059, 847.43614549558504, 464.17866917382736, -10.549875281229818, -21.011301830441361, 12651.122559502748, 7371.0339597656921, 846.15445924105552, 464.90378531785774, -11.368826492118545, -20.574955988071387, 15070.232894532735, 11321.440487846368, 486.26085932129808, 503.53786023705578, 0, 0, 11.925333396760408
14.540000000000001, 12664.202818864651, 7372.9572106139594, 847.33208528373927, 463.97111804151314, -10.406021184579819, -20.755113231424851, 12659.582420348237, 7375.6799497682296, 846.04220944633607, 464.70059527511427, -11.224979471946135, -20.319004274348334, 15075.095503125949, 11326.475866448738, 486.26085932129808, 503.53786023705578, 0, 0, 11.915333396760408
14.550000000000001, 12672.674556330108, 7377.5937628617094, 847.22652612509944, 463.76052253049465, -10.555915863981838, -21.059551101846388, 12668.041134563657, 7380.3238630525966, 845.92835084338105, 464.49441738285043, -11.385860295502837, -20.617789226381916, 15079.958111719163, 11331.511245051108, 486.26085932129808, 503.53786023705578, 0, 0, 11.905333396760408
14.56, 12681.145259698331, 7382.2282474540889, 847.12239992324282, 463.55248033544802, -10.412620185657083, -20.804219504660217, 12676.498731688878, 7384.9657528202888, 845.81592529587533, 464.29079030711159, -11.242554750574111, -20.36270757388198, 15084.820720312377, 11336.546623653478, 486.26085932129808, 503.53786023705578, 0, 0, 11.895333396760408
14.57, 12689.614899511034, 7386.8606062557619, 847.0167874880309, 463.34141355670317, -10.56124352119185, -21.106677874486579, 12684.955180609479, 7389.6055617991624, 845.70190313864646, 464.08419536062615, -11.402215722886897, -20.659494648546008, 15089.68332890559, 11341.582002255847, 486.26085932129808, 503.53786023705578, 0, 0, 11.885333396760409
14.58, 12698.083504609856, 7391.4908925607306, 846.91260241745317, 463.13289151678958, -10.418507057778047, -20.852203991357815, 12693.410510723023, 7394.2433429601906, 845.58930861584906, 463.88014252205983, -11.259452279734539, -20.405283856634753, 15094.545937498804, 11346.617380858217, 486.26085932129808, 503.53786023705578, 0, 0, 11.875333396760409
14.59, 12706.551045750239, 7396.1190485649631, 846.80694349799398, 462.92136412110705, -10.565891945914583, -21.152739568252123, 12701.864691120256, 7398.8790393659256, 845.47512935414841, 463.67314122302923, -11.417926170070455, -20.700129903060791, 15099.408546092018, 11351.652759460587, 486.26085932129808, 503.53786023705578, 0, 0, 11.865333396760409
14.6, 12715.01755162802, 7400.7451273377774, 846.70270635136637, 462.71237289464551, -10.423714662764343, -20.899122646154506, 12710.317751058104, 7403.5127037597604, 845.36237230791664, 463.46867332996919, -11.27570462318122, -20.446789306002209, 15104.271154685232, 11356.688138062957, 486.26085932129808, 503.53786023705578, 0, 0, 11.855333396760409
14.609999999999999, 12723.482993207675, 7405.369071398326, 846.59700742748134, 462.50039500145886, -10.569892388504138, -21.19778931866286, 12718.769659827796, 7408.1442795308067, 845.24804208204341, 463.26127584641915, -11.433022587327395, -20.739748355002398, 15109.133763278445, 11361.723516665326, 486.26085932129808, 503.53786023705578, 0, 0, 11.84533339676041
14.620000000000001, 12731.947399040924, 7409.9909335942475, 846.49272469245182, 462.29094472860498, -10.42827350295658, -20.945027285386001, 12727.220446547319, 7412.773819197876, 845.13512866222254, 463.05640308673742, -11.291341982087173, -20.487275968170607, 15113.996371871659, 11366.758895267696, 486.26085932129808, 503.53786023705578, 0, 0, 11.835333396760408
14.630000000000001, 12740.410740296771, 7414.6106567600837, 846.38699195388494, 462.07852596529989, -10.573273856685653, -21.241876330508255, 12735.670080703889, 7417.4012664688271, 845.02065332542577, 462.84861909234189, -11.447533679678454, -20.778399439554473, 15118.858980464873, 11371.794273870066, 486.26085932129808, 503.53786023705578, 0, 0, 11.825333396760408
14.640000000000001, 12748.873045384524, 7419.2282935248477, 846.28266983474418, 461.86862630601956, -10.432211914072727, -20.9899659280347, 12744.118591278284, 7422.0266736409367, 844.90758940154421, 462.64335117141263, -11.306392388151076, -20.526792092926826, 15123.721589058086, 11376.829652472436, 486.26085932129808, 503.53786023705578, 0, 0, 11.815333396760408
14.65, 12757.334285673376, 7423.8437870309772, 846.17690920175573, 461.65577584400251, -10.57606329884646, -21.285046201705619, 12752.565947949386, 7426.6499847333025, 844.79297454064022, 462.43518988155517, -11.461486090402216, -20.816128985743553, 15128.5841976513, 11381.865031074805, 486.26085932129808, 503.53786023705578, 0, 0, 11.805333396760409
14.66, 12765.794489431957, 7428.4571896919506, 846.07255363933677, 461.44543601292281, -10.435556241893289, -21.033983107972105, 12761.012179562511, 7431.2712518247508, 844.67976572183477, 462.22953605709762, -11.320881880544267, -20.565382445754508, 15133.446806244514, 11386.900409677175, 486.26085932129808, 503.53786023705578, 0, 0, 11.795333396760409
14.67, 12774.253628225484, 7433.0684449508972, 845.96677078161724, 461.23216260072388, -10.578285771956047, -21.327341219891991, 12769.457255984044, 7435.8904192383952, 844.56501667614282, 462.02100626196864, -11.474904569189725, -20.852979512899214, 15138.309414837728, 11391.935788279545, 486.26085932129808, 503.53786023705578, 0, 0, 11.785333396760409
14.68, 12782.71173018365, 7437.6776050088802, 845.86238747157574, 461.02139139912447, -10.438331004144242, -21.077120159944123, 12777.901205925606, 7440.5075388377263, 844.45166832946211, 461.81497537603195, -11.334834668066149, -20.603088593666598, 15143.172023430941, 11396.971166881915, 486.26085932129808, 503.53786023705578, 0, 0, 11.775333396760409
14.69, 12791.168767063677, 7442.2846136027765, 845.75658782562152, 460.80770339278371, -10.579964595417792, -21.368800634075122, 12786.343999437082, 7445.1225552429114, 844.33679020819966, 461.60608547101032, -11.487812126242552, -20.888990502166344, 15148.034632024155, 11402.006545484284, 486.26085932129808, 503.53786023705578, 0, 0, 11.765333396760409
14.700000000000001, 12799.624766858076, 7446.889522724382, 845.65218223523345, 460.59650923796886, -10.440559038805258, -21.119415481485888, 12794.785665098172, 7449.7355201052469, 844.2233074754223, 461.39968597934069, -11.348273277731714, -20.639949166963177, 15152.897240617369, 11407.041924086654, 486.26085932129808, 503.53786023705578, 0, 0, 11.755333396760408
14.710000000000001, 12808.079701512204, 7451.4922763976265, 845.54637102031325, 460.38241462893467, -10.58112149201928, -21.409460903420463, 12803.226173138401, 7454.3463783352436, 844.10830517368754, 461.19044399288919, -11.500230173477243, -20.924198645148806, 15157.759849210583, 11412.077302689024, 486.26085932129808, 503.53786023705578, 0, 0, 11.745333396760408
14.720000000000001, 12816.533598883161, 7456.0929264081997, 845.44194840391333, 460.17080558120648, -10.442261639993909, -21.16090477281756, 12811.665552007335, 7458.9551813751577, 843.99469298677809, 460.98368399189951, -11.361218690939326, -20.67600009896773, 15162.622457803796, 11417.112681291394, 486.26085932129808, 503.53786023705578, 0, 0, 11.735333396760408
14.73, 12824.986431100693, 7460.6914170606233, 845.33613063674261, 459.95631202195523, -10.581776717074858, -21.449355925122902, 12820.103772110404, 7463.5618744193662, 843.87957120023884, 460.77409761118315, -11.512178653927233, -20.958638071634752, 15167.48506639701, 11422.148059893763, 486.26085932129808, 503.53786023705578, 0, 0, 11.725333396760409
14.74, 12833.438225888258, 7465.2877999376542, 845.23169604991779, 459.7442958093892, -10.443458682481563, -21.201621256602504, 12828.540861768835, 7468.1665087042511, 843.76583429555615, 460.56698486272688, -11.373690468272438, -20.71127484562447, 15172.347674990224, 11427.183438496133, 486.26085932129808, 503.53786023705578, 0, 0, 11.715333396760409
14.75, 12841.88895555638, 7469.8820196181614, 845.12587655815014, 459.52941063695772, -10.581949176763818, -21.488517243150227, 12836.976791560366, 7472.7690297017944, 843.65059753395269, 460.35706145714494, -11.523676160343504, -20.992340558191948, 15177.210283583438, 11432.218817098503, 486.26085932129808, 503.53786023705578, 0, 0, 11.705333396760409
14.76, 12850.338647696652, 7474.4741274851494, 845.0214348707924, 459.31699467816537, -10.444168735778694, -21.241595879233515, 12845.411589679676, 7477.3694884456781, 843.53674046531398, 460.14960341127869, -11.38570686386989, -20.745804586624143, 15182.072892176651, 11437.254195700873, 486.26085932129808, 503.53786023705578, 0, 0, 11.695333396760409
14.77, 12858.78727479688, 7479.0640683857955, 844.91561830542685, 459.10172493577096, -10.581656536555457, -21.526974239440449, 12853.845226873322, 7481.9678306794331, 843.42139306487513, 459.9393500540865, -11.534740043882241, -21.025335719216933, 15186.935500769865, 11442.289574303242, 486.26085932129808, 503.53786023705578, 0, 0, 11.685333396760409
14.780000000000001, 12867.234864318558, 7483.6518935065287, 844.81117421374006, 458.88891636081871, -10.444409168677122, -21.280857495226574, 12862.27773121123, 7486.5641072372127, 843.30742021557262, 459.73155386999014, -11.397284930250814, -20.779618409638864, 15191.798109363079, 11447.324952905612, 486.26085932129808, 503.53786023705578, 0, 0, 11.675333396760408
14.790000000000001, 12875.681388923396, 7488.237547956991, 844.7053650605344, 458.67326881772817, -10.580915320564563, -21.564754309053331, 12870.709073605409, 7491.1582641282357, 843.19196635043545, 459.52097735817074, -11.545386513721422, -21.057651181939427, 15196.660717956293, 11452.360331507982, 486.26085932129808, 503.53786023705578, 0, 0, 11.665333396760408
14.800000000000001, 12884.126875944565, 7492.8210827302128, 844.60092309808385, 458.46007448736663, -10.444196245055782, -21.319433036156138, 12879.139282002821, 7495.7503519902957, 843.07788194429145, 459.31284992337976, -11.408440614399156, -20.812743479100813, 15201.523326549506, 11457.395710110352, 486.26085932129808, 503.53786023705578, 0, 0, 11.655333396760408
14.81, 12892.571298214396, 7497.4024431926337, 844.49512568805778, 458.24405565716023, -10.579741002603912, -21.601883020638194, 12887.568327477655, 7500.3403170926176, 842.96232563700778, 459.10195679591232, -11.555630728371394, -21.089312746744913, 15206.38593514272, 11462.431088712721, 486.26085932129808, 503.53786023705578, 0, 0, 11.645333396760408
14.82, 12901.014682939494, 7501.9816801470552, 844.39069023594107, 458.03048218050606, -10.443545211674534, -21.357347665416832, 12895.996237855697, 7504.9282098797985, 842.84813374854946, 458.89350474400419, -11.419188845830471, -20.845205190810869, 15211.248543735934, 11467.466467315091, 486.26085932129808, 503.53786023705578, 0, 0, 11.635333396760409
14.83, 12909.45700311964, 7506.5587392112211, 844.28490875504485, 457.81409833787166, -10.578148089622388, -21.638384263438514, 12904.422984370151, 7509.513976875558, 842.73247887975583, 458.68230129866384, -11.565486879366144, -21.120344534037077, 15216.111152329147, 11472.501845917461, 486.26085932129808, 503.53786023705578, 0, 0, 11.625333396760409
14.84, 12917.898285836634, 7511.1336710008618, 844.18048405125853, 457.60015208867145, -10.442470378637557, -21.394624920022366, 12912.848594727406, 7514.0976683344479, 842.61818344358267, 458.47353102552796, -11.429543617321547, -20.877027313588552, 15220.973760922361, 11477.53722451983, 486.26085932129808, 503.53786023705578, 0, 0, 11.615333396760409
14.85, 12926.338504254618, 7515.7064213796912, 844.07472254927677, 457.38340928485161, -10.576150198176434, -21.674280381983358, 12921.273040316601, 7518.6792310293358, 842.50243376090282, 458.26202333434003, -11.574968267982033, -21.150769118790738, 15225.836369515575, 11482.5726031222, 486.26085932129808, 503.53786023705578, 0, 0, 11.605333396760409
14.859999999999999, 12934.777685332332, 7520.2770407795133, 843.97031269734532, 457.16909641644617, -10.440985193147771, -21.431286840545035, 12929.6963487265, 7523.2587150278614, 842.38803858031361, 458.05294101314934, -11.439518058923573, -20.908232119067058, 15230.698978108789, 11487.60798172457, 486.26085932129808, 503.53786023705578, 0, 0, 11.59533339676041
14.870000000000001, 12943.215802395287, 7524.8454753048327, 843.86457509610011, 456.95200049345101, -10.573760124525501, -21.709592299513737, 12938.118491499197, 7527.8360673468451, 842.2721977065579, 457.8411349366109, -11.584087375573809, -21.180607653843772, 15235.561586702002, 11492.64336032694, 486.26085932129808, 503.53786023705578, 0, 0, 11.585333396760408
14.880000000000001, 12951.652882280901, 7529.4117752066541, 843.76018407302911, 456.73732695254932, -10.439102307103623, -21.467354090170804, 12946.539496107587, 7532.4113378701359, 842.15770646149986, 457.63174653160479, -11.449124505808657, -20.93884050060937, 15240.424195295216, 11497.678738929309, 486.26085932129808, 503.53786023705578, 0, 0, 11.575333396760408
14.890000000000001, 12960.088898473145, 7533.9758868252347, 843.65447417394034, 456.5198835562386, -10.570989908875463, -21.744339631070076, 12954.959334243813, 7536.9844738534548, 842.04177790221934, 457.41964773177625, -11.592855928050456, -21.209879982855178, 15245.28680388843, 11502.714117531679, 486.26085932129808, 503.53786023705578, 0, 0, 11.565333396760408
14.9, 12968.523877689839, 7538.5378602338878, 843.55010583754961, 456.30485509560037, -10.436833639073834, -21.502846063822506, 12963.37803326665, 7541.5555249999607, 841.92719415661452, 457.2099590109533, -11.458374560485499, -20.968872082297768, 15250.149412481644, 11507.749496134049, 486.26085932129808, 503.53786023705578, 0, 0, 11.555333396760409
14.91, 12976.95779357058, 7543.0976420037259, 843.44442732860682, 456.0870696877289, -10.567850894279033, -21.778540787145442, 12971.795565015473, 7546.1244387993584, 841.81118130706454, 456.99757296351498, -11.601284954999985, -21.238604743833793, 15255.012021074857, 11512.784874736419, 486.26085932129808, 503.53786023705578, 0, 0, 11.545333396760409
14.92, 12985.390672715301, 7547.6552820334546, 843.34008542429581, 455.87169187784747, -10.434190431100289, -21.537780988144224, 12980.211956736672, 7550.691264777196, 841.69650851556617, 456.78758951032705, -11.467279149832729, -20.998345318790836, 15259.874629668071, 11517.820253338788, 486.26085932129808, 503.53786023705578, 0, 0, 11.535333396760409
14.93, 12993.822488916476, 7552.2107271202731, 843.23444188648955, 455.65356974716087, -10.564353780621021, -21.812213068658007, 12988.627180414102, 7555.2559506523794, 841.58041466712723, 456.57492151568715, -11.609384843889428, -21.266799463992065, 15264.737238261285, 11522.855631941158, 486.26085932129808, 503.53786023705578, 0, 0, 11.525333396760409
14.94, 13002.253268657845, 7556.7640269913427, 843.13013005348159, 455.43784798702916, -10.431183300791826, -21.572176013171465, 12997.041263183486, 7559.8185457758982, 841.4656561813531, 456.36464873981845, -11.475848577413645, -21.027277586872014, 15269.599846854499, 11527.891010543528, 486.26085932129808, 503.53786023705578, 0, 0, 11.515333396760409
14.950000000000001, 13010.682985882078, 7561.3151286653001, 843.02452496674027, 455.21939425948892, -10.560508674128215, -21.845372754025895, 13005.454177170492, 7564.3789980911997, 841.34948452745527, 456.15170393335137, -11.617165389780718, -21.294480646707598, 15274.462455447712, 11532.926389145898, 486.26085932129808, 503.53786023705578, 0, 0, 11.505333396760408
14.960000000000001, 13019.111666958403, 7565.8640817008009, 842.92024674384948, 455.00333378652545, -10.427822289082991, -21.606047296345036, 13013.865949401881, 7568.9373567777429, 841.2346436017408, 455.94114708065791, -11.48409257144505, -21.055685269348363, 15279.325064040926, 11537.961767748267, 486.26085932129808, 503.53786023705578, 0, 0, 11.495333396760408
14.970000000000001, 13027.539285977071, 7570.4108333333888, 842.81468349252191, 454.78455343473576, -10.55632513275947, -21.878035178969451, 13022.276552142523, 7573.4935699989719, 841.11839724333163, 455.72793044214575, -11.62463584091662, -21.321663851218172, 15284.18767263414, 11542.997146350637, 486.26085932129808, 503.53786023705578, 0, 0, 11.485333396760408
14.98, 13035.965869194461, 7574.9554329562243, 842.71044232348163, 454.5681593339404, -10.424116904032175, -21.639410079532791, 13030.686012311906, 7578.047686765819, 841.00347704004366, 455.51709460382614, -11.492020328794881, -21.083583831963566, 15289.050281227353, 11548.032524953007, 486.26085932129808, 503.53786023705578, 0, 0, 11.475333396760409
14.99, 13044.391390845863, 7579.4978280173418, 842.60492420140326, 454.34905718584366, -10.551812207831716, -21.91021480967169, 13039.094302311565, 7582.5996554572921, 840.88715899063834, 455.30361096616934, -11.631804940532803, -21.348363765680954, 15293.912889820567, 11553.067903555377, 486.26085932129808, 503.53786023705578, 0, 0, 11.465333396760409
15, 13052.815877076453, 7584.0380677473859, 842.50072343979332, 454.13233439824717, -10.420076160992224, -21.672278759648506, 13047.501448955389, 7587.1495249187701, 840.77216258508497, 455.09250108723018, -11.499640555341699, -21.110987893914444, 15298.775498413781, 11558.103282157746, 486.26085932129808, 503.53786023705578, 0, 0, 11.455333396760409
15.01, 13061.239302264079, 7588.5760998025717, 842.39525365497138, 453.91291514514859, -10.546978482198552, -21.941925309856838, 13055.907424779094, 7591.6972437405011, 840.65577577543286, 454.87875514448859, -11.63868096521256, -21.374594274155697, 15303.638107006995, 11563.138660760116, 486.26085932129808, 503.53786023705578, 0, 0, 11.445333396760409
15.02, 13069.661692444335, 7593.1119732539801, 842.29109656877677, 453.69586847561453, -10.415708619459076, -21.704666953408143, 13064.312256492623, 7596.2428606052517, 840.54070616040281, 454.66737603156349, -11.50696150300157, -21.137911292511234, 15308.500715600208, 11568.174039362486, 486.26085932129808, 503.53786023705578, 0, 0, 11.435333396760409
15.030000000000001, 13078.083022135208, 7597.645635961796, 842.18567824772401, 453.47613667959155, -10.541832105271773, -21.973179602299933, 13072.715916763464, 7600.7863243102893, 840.42425344280207, 454.45337234638322, -11.645271760074506, -21.40036851802509, 15313.363324193422, 11573.209417964856, 486.26085932129808, 503.53786023705578, 0, 0, 11.425333396760408
15.040000000000001, 13086.503317264323, 7602.1771368404579, 842.08156802355529, 453.25877080402444, -10.411022416875019, -21.736587556711779, 13081.11843219924, 7605.3276833786813, 840.30911353276508, 454.24172867495849, -11.513991003698832, -21.164367142469938, 15318.225932786636, 11578.244796567225, 486.26085932129808, 503.53786023705578, 0, 0, 11.415333396760408
15.050000000000001, 13094.922552487435, 7606.7064239500096, 841.97620421530382, 453.03873090477214, -10.536380825148674, -22.00398992523148, 13089.519775596853, 7609.8668868105879, 840.19259768505447, 454.02747168543533, -11.651584771056058, -21.425698952316115, 15323.08854137985, 11583.280175169595, 486.26085932129808, 503.53786023705578, 0, 0, 11.405333396760408
15.06, 13103.340753625793, 7611.2335460511376, 841.8721439623074, 452.82105037678105, -10.406025299644236, -21.768052799106972, 13097.919973463228, 7614.4039829722587, 840.07739032004906, 453.81556800653243, -11.520736500538737, -21.190367890292407, 15327.951149973063, 11588.315553771965, 486.26085932129808, 503.53786023705578, 0, 0, 11.395333396760408
15.07, 13111.757895470613, 7615.7584513997226, 841.76683764212646, 452.60070669794032, -10.530632018090081, -22.034367884069958, 13106.318998722367, 7618.9389210627141, 839.96081404930374, 453.6010620325589, -11.657627074537793, -21.450597397355217, 15332.813758566277, 11593.350932374335, 486.26085932129808, 503.53786023705578, 0, 0, 11.385333396760409
15.08, 13120.174003738337, 7620.2811886055579, 841.66283039561051, 452.38271595500277, -10.40072465159875, -21.799074293754792, 13114.716877782099, 7623.4717492942355, 839.84554199853949, 453.38890277891733, -11.52720507642027, -21.215925364155105, 15337.676367159491, 11598.386310976704, 486.26085932129808, 503.53786023705578, 0, 0, 11.375333396760409
15.09, 13128.589053353386, 7624.8017061164328, 841.55758446845471, 452.16207271001394, -10.524592715575288, -22.064324498882396, 13123.113583691274, 7628.0024170607621, 839.72890794449415, 453.17415202805574, -11.66340540453521, -21.475075086157212, 15342.538975752705, 11603.421689579074, 486.26085932129808, 503.53786023705578, 0, 0, 11.365333396760409
15.1, 13137.003069928942, 7629.3200523940704, 841.45363319325349, 451.94377607918142, -10.39512752011794, -21.829663083255227, 13131.509142760196, 7632.5309724234194, 839.61357390969124, 452.96174151985912, -11.533403480292147, -21.241050819663521, 15347.401584345918, 11608.457068181444, 486.26085932129808, 503.53786023705578, 0, 0, 11.355333396760409
15.109999999999999, 13145.416028520431, 7633.8361760743255, 841.34845049696219, 451.72283737670227, -10.518269629127136, -22.093870247911791, 13139.903528160366, 7637.0573649672115, 839.49688464791473, 452.74675009278025, -11.668926177650782, -21.499142707886914, 15352.264192939132, 11613.492446783814, 486.26085932129808, 503.53786023705578, 0, 0, 11.34533339676041
15.120000000000001, 13153.827954639304, 7638.3501254736402, 841.24455809056099, 451.50423907988505, -10.389240640118999, -21.859829681719887, 13148.296766106123, 7641.5816426048923, 839.38149126640201, 452.53409254296167, -11.53933815127052, -21.265754981859367, 15357.126801532346, 11618.527825386183, 486.26085932129808, 503.53786023705578, 0, 0, 11.335333396760408
15.130000000000001, 13162.238823469834, 7642.8618494121729, 841.13944139882983, 451.28300892880964, -10.511669173113637, -22.123015107539853, 13156.688829889459, 7646.1037551087547, 839.2647493112421, 452.31886443848407, -11.674195515993944, -21.52281044776133, 15361.98941012556, 11623.563203988553, 486.26085932129808, 503.53786023705578, 0, 0, 11.325333396760408
15.140000000000001, 13170.648660423254, 7647.3713960638443, 841.03561069426905, 451.06411308767605, -10.383070456072769, -21.889584113359543, 13165.079745630286, 7650.6237502459271, 839.14929915883442, 452.10596395764657, -11.545015240771901, -21.290048083748609, 15366.852018718773, 11628.598582590923, 486.26085932129808, 503.53786023705578, 0, 0, 11.315333396760408
15.15, 13179.057440810573, 7651.8787144294329, 840.93056271941236, 450.84259540178664, -10.504797485673084, -22.151768588939223, 13173.469486738984, 7655.1415779723002, 839.03250696615225, 451.89050307741007, -11.679219268214943, -21.546088023646988, 15371.714627311987, 11633.633961193293, 486.26085932129808, 503.53786023705578, 0, 0, 11.305333396760409
15.16, 13187.465189944296, 7656.3838525430583, 840.82679648799012, 450.62340604230752, -10.376623142227619, -21.918935947912445, 13181.858079242551, 7659.6572859120888, 838.9170025598238, 451.67736367839331, -11.550440632845133, -21.313939901675724, 15376.577235905201, 11638.669339795662, 486.26085932129808, 503.53786023705578, 0, 0, 11.295333396760409
15.17, 13195.871883260108, 7660.8867595825159, 840.72181988351076, 450.40160464459029, -10.497660447936125, -22.18013977172485, 13190.245496667694, 7664.1708242011646, 838.80016252953556, 451.46167383119666, -11.68400302882722, -21.568984719661458, 15381.439844498414, 11643.704718398032, 486.26085932129808, 503.53786023705578, 0, 0, 11.285333396760409
15.18, 13204.277545973249, 7665.3874834448116, 840.61812083729876, 450.18212570125843, -10.36990462119544, -21.947894333186245, 13198.631764949994, 7668.6822403235083, 838.68460632990696, 451.24829943331849, -11.555619962856992, -21.337439787816503, 15386.302453091628, 11648.740097000402, 486.26085932129808, 503.53786023705578, 0, 0, 11.275333396760409
15.19, 13212.682153642067, 7669.885973481224, 840.51321820028181, 449.96004432790977, -10.49026370169125, -22.208137334863519, 13207.01685773047, 7673.1914845914289, 838.5677208083473, 451.03238433914811, -11.688552155965215, -21.591509417037841, 15391.165061684842, 11653.775475602772, 486.26085932129808, 503.53786023705578, 0, 0, 11.265333396760409
15.200000000000001, 13221.085731385981, 7674.3822774542996, 840.40958899447162, 449.74027964766066, -10.362920581015519, -21.976468024912947, 13215.400800854759, 7677.6986043513152, 838.45211522200088, 450.81877877214822, -11.560558634646389, -21.360556699989449, 15396.027670278056, 11658.810854205141, 486.26085932129808, 503.53786023705578, 0, 0, 11.255333396760408
15.210000000000001, 13229.488254884027, 7678.8763448853388, 840.30476286781561, 449.51792195181037, -10.482612665603774, -22.2357695850311, 13223.783568076211, 7682.2035500884431, 838.33518650412407, 450.60264206592382, -11.692871787686874, -21.61367062244214, 15400.890278871269, 11663.846232807511, 486.26085932129808, 503.53786023705578, 0, 0, 11.245333396760408
15.220000000000001, 13237.889749161232, 7683.3682234050448, 840.20120610290712, 449.29787529766844, -10.355676490849326, -22.004665414192498, 13232.165185151976, 7686.7063690142177, 838.21953388576105, 450.38880907363324, -11.565261836301826, -21.383299229060267, 15405.752887464483, 11668.881611409881, 486.26085932129808, 503.53786023705578, 0, 0, 11.235333396760408
15.23, 13246.290190015377, 7687.8578627013494, 840.09645897740575, 449.07524485284165, -10.474712550133635, -22.263044482679241, 13240.545625945806, 7691.2070117834801, 838.10256421719134, 450.1724543086932, -11.696966856967816, -21.635476494004354, 15410.615496057697, 11673.916990012251, 486.26085932129808, 503.53786023705578, 0, 0, 11.225333396760409
15.24, 13254.689602378508, 7692.3453102756948, 839.99297720125173, 448.85491990731475, -10.348177615402482, -22.032494552690725, 13248.924916127795, 7695.7055254752231, 837.98686687164479, 449.95839755245214, -11.569734554657828, -21.405675624105662, 15415.478104650911, 11678.95236861462, 486.26085932129808, 503.53786023705578, 0, 0, 11.215333396760409
15.25, 13263.087962165266, 7696.8305159793181, 839.88831151753925, 448.63202021065507, -10.466568371243593, -22.289969665968982, 13257.303029670196, 7700.201860910518, 837.86985845058996, 449.74182820379991, -11.700842105478115, -21.656934865221103, 15420.340713244124, 11683.98774721699, 486.26085932129808, 503.53786023705578, 0, 0, 11.205333396760409
15.26, 13271.485294216087, 7701.3135271869487, 839.78490722725735, 448.41142057889704, -10.340429028191043, -22.059963175800625, 13265.679992157464, 7704.6960650384835, 837.75411863470367, 449.52755126564449, -11.573981588628302, -21.427693815544746, 15425.203321837338, 11689.02312581936, 486.26085932129808, 503.53786023705578, 0, 0, 11.195333396760409
15.27, 13279.881574560615, 7705.7942939098666, 839.68032537762724, 448.18825505416936, -10.458184963009128, -22.316552472769764, 13274.055777668496, 7709.1880888431497, 837.63707361374111, 449.31077073297519, -11.704502096253814, -21.678053266927709, 15430.065930430552, 11694.05850442173, 486.26085932129808, 503.53786023705578, 0, 0, 11.185333396760409
15.280000000000001, 13288.276827949048, 7710.2728633985998, 839.57700102138972, 447.96738426693003, -10.33243562374793, -22.087078723935807, 13282.430411703499, 7713.6779791462641, 837.52129353812643, 449.09627711861111, -11.578007561473017, -21.449361436406754, 15434.928539023766, 11699.093883024099, 486.26085932129808, 503.53786023705578, 0, 0, 11.175333396760408
15.290000000000001, 13296.671030524214, 7714.7491858212752, 839.47250535149749, 447.74395626732121, -10.449566989221035, -22.34279996088414, 13290.803868446197, 7718.1656870916077, 837.40421402587288, 448.87928872913614, -11.707951225354543, -21.698838947499969, 15439.791147616979, 11704.129261626469, 486.26085932129808, 503.53786023705578, 0, 0, 11.165333396760408
15.300000000000001, 13305.064206947409, 7719.223308306694, 839.36926333020904, 447.52281778370025, -10.324202128850059, -22.113848362096178, 13299.176173313916, 7722.6512593760226, 837.28839585655214, 448.66458187071737, -11.581816932077604, -21.47068584187527, 15444.653756210193, 11709.164640228839, 486.26085932129808, 503.53786023705578, 0, 0, 11.155333396760408
15.31, 13313.456333472868, 7723.6951811766921, 839.26485614066848, 447.29913059443396, -10.440718954057392, -22.36871892663142, 13307.547300593422, 7727.1346472998957, 837.17128391922631, 448.44738888180319, -11.711193732583693, -21.719298891418763, 15449.516364803407, 11714.200018831209, 486.26085932129808, 503.53786023705578, 0, 0, 11.145333396760408
15.32, 13321.847434674308, 7728.1648514407871, 839.16169880953987, 447.07772780445515, -10.31573311286207, -22.14027899787845, 13315.917275620513, 7731.6158974375949, 837.05542977917287, 448.23247214053038, -11.585414005344134, -21.491674127280739, 15454.37897339662, 11719.235397433578, 486.26085932129808, 503.53786023705578, 0, 0, 11.135333396760409
15.33, 13330.237486915621, 7732.6322695714434, 839.05738235742069, 446.85378464523563, -10.431645211915939, -22.394315921953954, 13324.286072783249, 7736.094961243025, 836.93828744205928, 448.0150777421668, -11.714233711363336, -21.739439836360724, 15459.241581989834, 11724.270776035948, 486.26085932129808, 503.53786023705578, 0, 0, 11.125333396760409
15.34, 13338.626514684245, 7737.0974824613013, 838.95431202744817, 446.63212087225531, -10.307032997254584, -22.166377298029715, 13332.653717337227, 7740.5718851704751, 836.82239941264174, 447.79995441072037, -11.588802941749616, -21.512333144639946, 15464.104190583048, 11729.306154638318, 486.26085932129808, 503.53786023705578, 0, 0, 11.115333396760409
15.35, 13347.014494452023, 7741.5604407304336, 838.85008852768351, 446.4079248995539, -10.422349976461959, -22.419597270139604, 13341.020183770086, 7745.0466208243388, 836.70522866146359, 447.58236172783131, -11.717075117818421, -21.759268288908643, 15468.966799176262, 11734.341533240688, 486.26085932129808, 503.53786023705578, 0, 0, 11.105333396760409
15.359999999999999, 13355.40145062139, 7746.0211911569731, 838.74710746703977, 446.18600340251697, -10.298106064378844, -22.192149703691566, 13349.385497258536, 7749.5192145411893, 836.58930878380204, 447.36703503265244, -11.591987766155333, -21.532669517889257, 15473.829407769475, 11739.376911843057, 486.26085932129808, 503.53786023705578, 0, 0, 11.09533339676041
15.370000000000001, 13363.78735977046, 7750.4796845056362, 838.64297909375011, 445.96155771171397, -10.412837328969452, -22.444569080300283, 13357.749632388108, 7753.9896180729347, 836.47211156601054, 447.14924712726224, -11.71972177914901, -21.778790539021106, 15478.692016362689, 11744.412290445427, 486.26085932129808, 503.53786023705578, 0, 0, 11.085333396760408
15.380000000000001, 13372.172246217928, 7754.9359674423868, 838.54008952909453, 445.7393816872696, -10.288956465556346, -22.217602444437325, 13366.112614257912, 7758.4578776407589, 836.35616184225125, 446.9337202306931, -11.594972375925753, -21.552689656914151, 15483.554624955903, 11749.447669047797, 486.26085932129808, 503.53786023705578, 0, 0, 11.075333396760408
15.390000000000001, 13380.556086646535, 7759.3899908736703, 838.43605841683438, 445.51468931466258, -10.403111226011292, -22.46923726070419, 13374.474417549725, 7762.9239451411649, 836.23894006823775, 446.71574010395949, -11.722177401346409, -21.79801267335872, 15488.417233549117, 11754.483047650167, 486.26085932129808, 503.53786023705578, 0, 0, 11.065333396760408
15.4, 13388.938905292469, 7763.8418013555838, 838.33326253454902, 445.29226189915062, -10.279588228536857, -22.242741551195685, 13382.835067286325, 7767.3878666822393, 836.12296246275366, 446.5000161062548, -11.597760548410541, -21.57239977046817, 15493.27984214233, 11759.518426252536, 486.26085932129808, 503.53786023705578, 0, 0, 11.055333396760409
15.41, 13397.320678941489, 7768.2913499334454, 838.22933077948358, 445.06732582384012, -10.39317550654914, -22.49360753105017, 13391.194538244117, 7771.8495943022135, 836.00571800699061, 446.28184670037928, -11.72444557630401, -21.816940587555418, 15498.142450735544, 11764.553804854906, 486.26085932129808, 503.53786023705578, 0, 0, 11.045333396760409
15.42, 13405.701431748494, 7772.7386830557534, 838.12663072683972, 444.84465009515856, -10.270005264379797, -22.267572868158052, 13399.552855370795, 7776.3091739983356, 835.88971444751212, 446.06592864159848, -11.600355947844974, -21.591805878078517, 15503.005059328758, 11769.589183457276, 486.26085932129808, 503.53786023705578, 0, 0, 11.035333396760409
15.43, 13414.081140600678, 7777.18375190389, 838.022800387855, 444.61947324082081, -10.38303389847526, -22.517685433776805, 13407.909993535803, 7780.7665579477516, 835.77244914962841, 445.84757284162322, -11.72652978837546, -21.835579997527166, 15507.867667921972, 11774.624562059646, 486.26085932129808, 503.53786023705578, 0, 0, 11.025333396760409
15.44, 13422.45982957285, 7781.6266028209884, 837.92019827411696, 444.3965522201832, -10.260211373809302, -22.292102063759316, 13416.265977612979, 7785.2217920390949, 835.65642152831117, 445.63146370341292, -11.602762131719665, -21.610913821027527, 15512.730276515185, 11779.659940662015, 486.26085932129808, 503.53786023705578, 0, 0, 11.015333396760409
15.450000000000001, 13430.837475652088, 7786.0671871217382, 837.8164713738704, 444.17113745673828, -10.372690024654226, -22.541476344491286, 13424.620782563248, 7789.674828585662, 835.53913719410684, 445.41292433891391, -11.728433420428479, -21.853936449902854, 15517.592885108399, 11784.695319264385, 486.26085932129808, 503.53786023705578, 0, 0, 11.005333396760408
15.460000000000001, 13439.214102834288, 7790.5055510461098, 837.71396927133958, 443.94797411033034, -10.250210253080875, -22.316334640797081, 13432.974433187806, 7794.1257133696599, 835.42308736854022, 445.19662704618918, -11.604982556657305, -21.629729272475256, 15522.455493701613, 11789.730697866755, 486.26085932129808, 503.53786023705578, 0, 0, 10.995333396760408
15.470000000000001, 13447.589688204891, 7794.9416460393904, 837.61034779725458, 443.72232425551454, -10.362147408500379, -22.564985481579999, 13441.326904537527, 7798.5743988378217, 835.30578577094593, 444.9779068928728, -11.730159759430192, -21.872015331639343, 15527.318102294827, 11794.766076469125, 486.26085932129808, 503.53786023705578, 0, 0, 10.985333396760408
15.48, 13455.964255682038, 7799.3755182405539, 837.50794774226051, 443.49892149605677, -10.240005499409328, -22.340275945779538, 13449.678221342148, 7803.0209306680881, 835.18971556510746, 444.76142431540467, -11.607020583847014, -21.648257746812853, 15532.18071088804, 11799.801455071494, 486.26085932129808, 503.53786023705578, 0, 0, 10.975333396760409
15.49, 13464.337782448039, 7803.8071192228272, 837.40443364746909, 443.27303931690591, -10.351409479138372, -22.588217915086371, 13458.028358740999, 7807.4652614379602, 835.07239844509138, 444.54252609661563, -11.731712001612044, -21.889821878905835, 15537.043319481254, 11804.836833673864, 486.26085932129808, 503.53786023705578, 0, 0, 10.965333396760409
15.5, 13472.710292344422, 7808.23649502632, 837.30213764130929, 443.04940000513045, -10.229600615982907, -22.363931177542906, 13466.377341393527, 7811.9074367232352, 834.95630965025077, 444.32586105053275, -11.60887948406072, -21.666504608287781, 15541.905928074468, 11809.872212276234, 486.26085932129808, 503.53786023705578, 0, 0, 10.955333396760409
15.51, 13481.081762648899, 7812.663597349585, 837.19873284554762, 442.82328821938148, -10.340479576170395, -22.611178574894929, 13474.725144526041, 7816.3474092295628, 834.8389787176784, 444.10678743867999, -11.733093257237503, -21.907361185276589, 15546.768536667681, 11814.907590878604, 486.26085932129808, 503.53786023705578, 0, 0, 10.945333396760409
15.52, 13489.452217127502, 7817.0884721359698, 837.09654285538159, 442.59941516542926, -10.218999016609528, -22.387305395222537, 13483.071792728852, 7820.7852244326878, 834.72287309325543, 443.88994268789014, -11.610562442298521, -21.68447507898458, 15551.631145260895, 11819.942969480973, 486.26085932129808, 503.53786023705578, 0, 0, 10.935333396760409
15.530000000000001, 13497.821633151912, 7821.5110712067853, 836.99324924584062, 442.37307644284624, -10.329360954093806, -22.633872258301395, 13491.417261313802, 7825.2208351638355, 834.6055300277053, 443.67069630579704, -11.734306555017172, -21.924638209311436, 15556.493753854109, 11824.978348083343, 486.26085932129808, 503.53786023705578, 0, 0, 10.925333396760408
15.540000000000001, 13506.190034413767, 7825.9314404106854, 836.89116720554046, 442.14897240759007, -10.208204030018239, -22.410403525616452, 13499.761574803195, 7829.6542868007564, 834.48940930208448, 443.45367456333503, -11.612072562085819, -21.702174246199917, 15561.356362447323, 11830.013726685713, 486.26085932129808, 503.53786023705578, 0, 0, 10.915333396760408
15.550000000000001, 13514.557398377305, 7830.3495316892158, 836.78798663767657, 441.92240937122, -10.318056786391022, -22.656303637005696, 13508.104708592989, 7834.0855322977222, 834.37205575362259, 443.23425798551943, -11.735354846192971, -21.941657781560977, 15566.218971040536, 11835.049105288083, 486.26085932129808, 503.53786023705578, 0, 0, 10.905333396760408
15.56, 13522.923748660845, 7834.7653907983722, 836.68601444863816, 441.6980770675201, -10.19721890384227, -22.433230369987367, 13516.446687138596, 7838.5146169365171, 834.25592162492808, 443.01706191482685, -11.613412869448812, -21.719607069258011, 15571.08157963375, 11840.084483890452, 486.26085932129808, 503.53786023705578, 0, 0, 10.895333396760408
15.57, 13531.289062819806, 7839.1789697974582, 836.58294874694502, 441.47129229488439, -10.306570169316842, -22.678477263571601, 13524.787485918694, 7842.9414937919737, 834.13855921484492, 442.79747766871645, -11.736241008316648, -21.958424611040172, 15575.944188226964, 11845.119862492822, 486.26085932129808, 503.53786023705578, 0, 0, 10.885333396760409
15.58, 13539.653364400254, 7843.5903143518153, 836.48108827886176, 441.24673438878062, -10.186046808322009, -22.45579061037412, 13533.127129322895, 7847.3662080519034, 834.02241335167889, 442.58010988485808, -11.61458631660757, -21.736778385836725, 15580.806796820178, 11850.155241095192, 486.26085932129808, 503.53786023705578, 0, 0, 10.875333396760409
15.59, 13548.016631047423, 7847.9993766360667, 836.37813923760757, 441.01973041300641, -10.294904125419549, -22.70039757742035, 13541.465592911234, 7851.7887129092587, 833.90504367319124, 442.36036045194572, -11.736967848759905, -21.974943291237114, 15585.669405413391, 11855.190619697561, 486.26085932129808, 503.53786023705578, 0, 0, 10.865333396760409
15.6, 13556.378886236173, 7852.4062022268745, 836.27639232921024, 440.79494952485226, -10.174690839731374, -22.478088815413237, 13549.802901008597, 7856.2090534598401, 833.7888877153373, 442.14282352276769, -11.615595785389168, -21.753692917805662, 15590.532014006605, 11860.225998299931, 486.26085932129808, 503.53786023705578, 0, 0, 10.855333396760409
15.610000000000001, 13564.740107700223, 7856.8107434117865, 836.17356171314225, 440.56772883574865, -10.283061606799135, -22.722068910359003, 13558.139029255035, 7860.6271830123223, 833.67151233425773, 441.92291133971111, -11.737538107958475, -21.991218305658283, 15595.394622599819, 11865.261376902301, 486.26085932129808, 503.53786023705578, 0, 0, 10.845333396760408
15.620000000000001, 13573.100318844252, 7861.2130456807272, 836.07193017290649, 440.34272754129108, -10.163154023572616, -22.500129445756372, 13566.474001911763, 7865.0431465724278, 833.55534789335366, 441.70520778694447, -11.616444090407539, -21.770355276661089, 15600.257231193033, 11870.296755504671, 486.26085932129808, 503.53786023705578, 0, 0, 10.835333396760408
15.630000000000001, 13581.459497489157, 7865.6130614318163, 835.96921971792506, 440.11529258637381, -10.27104549814543, -22.743495491724925, 13574.807794697528, 7869.4568975621924, 833.43796834872933, 441.48513524661456, -11.737954462434502, -22.007254032990801, 15605.119839786246, 11875.33213410704, 486.26085932129808, 503.53786023705578, 0, 0, 10.825333396760408
15.640000000000001, 13589.817666970439, 7870.0108360701515, 835.86770532474964, 439.89007341778307, -10.151439317537138, -22.52191685907335, 13583.140431810918, 7873.8684808991629, 833.32179700890924, 441.26726754692908, -11.617133982006408, -21.786769968548032, 15609.98244837946, 11880.36751270941, 486.26085932129808, 503.53786023705578, 0, 0, 10.815333396760408
15.65, 13598.174805194894, 7874.4063221021115, 835.76511673855407, 439.66242660325173, -10.258858619553838, -22.764681453136618, 13591.471889048078, 7878.2778501164194, 833.20441481363332, 441.04703699941035, -11.738219527593783, -22.023054751872579, 15614.845056972674, 11885.40289131178, 486.26085932129808, 503.53786023705578, 0, 0, 10.805333396760409
15.66, 13606.530935429837, 7878.7995648498472, 835.66372124241138, 439.43699205010461, -10.139549614270116, -22.543455314712826, 13599.802190545992, 7882.6850500452038, 833.08823813214326, 440.82900758542092, -11.61766814900453, -21.802941398940849, 15619.707665565888, 11890.43826991415, 486.26085932129808, 503.53786023705578, 0, 0, 10.795333396760409
15.67, 13614.886035666701, 7883.1905169257234, 835.56125620511989, 439.20913574177541, -10.246503729154602, -22.785630832919388, 13608.131312176934, 7887.0900343273615, 832.97085477353994, 440.60862133896757, -11.738335860335111, -22.038624645338022, 15624.570274159101, 11895.473648516519, 486.26085932129808, 503.53786023705578, 0, 0, 10.785333396760409
15.68, 13623.24012910559, 7887.5792235707941, 835.45998132768045, 438.9834882519952, -10.127487743941119, -22.564748978020514, 13616.459278017286, 7891.4928477096701, 832.85467428132745, 440.39043260019776, -11.618049221244659, -21.818873876982554, 15629.432882752315, 11900.509027118889, 486.26085932129808, 503.53786023705578, 0, 0, 10.775333396760409
15.69, 13631.593193821338, 7891.9656375011773, 835.35764149242493, 438.75542477619314, -10.233983525557672, -22.806347580205752, 13624.786064014204, 7895.8934439405011, 832.73729122171267, 440.16989292214834, -11.738305961473095, -22.053967804939621, 15634.295491345529, 11905.544405721259, 486.26085932129808, 503.53786023705578, 0, 0, 10.765333396760409
15.700000000000001, 13639.945252947791, 7896.3498038786502, 835.25648892765844, 438.52956675694952, -10.115256476644921, -22.585801924360183, 13633.111694184456, 7900.2918676839799, 832.62110842399295, 439.95154720595303, -11.618279771971174, -21.834571619527733, 15639.158099938742, 11910.579784323629, 486.26085932129808, 503.53786023705578, 0, 0, 10.755333396760408
15.710000000000001, 13648.29628464197, 7900.7316755208858, 835.15427592115702, 438.30129840136198, -10.221300650136182, -22.826835558753469, 13641.436144548854, 7904.6880727928046, 832.50372710121292, 439.73085632360716, -11.73813227799816, -22.069088234587973, 15644.020708531956, 11915.615162925998, 486.26085932129808, 503.53786023705578, 0, 0, 10.745333396760408
15.720000000000001, 13656.646311972403, 7905.1112975121778, 835.05324733591056, 438.07523221993347, -10.10285852464167, -22.606618142852181, 13649.759439065518, 7909.0821038502272, 832.3875434780125, 439.5123559360581, -11.61836232004535, -21.850038754903906, 15648.88331712517, 11920.650541528368, 486.26085932129808, 503.53786023705578, 0, 0, 10.735333396760408
15.73, 13664.995313177109, 7909.4886227695943, 834.95116275901898, 437.84676123442853, -10.208457689157232, -22.847098550495343, 13658.081553827717, 7913.4739148111094, 832.27016530596063, 439.29151603751683, -11.737817205182226, -22.083989854124344, 15653.745925718384, 11925.685920130738, 486.26085932129808, 503.53786023705578, 0, 0, 10.725333396760409
15.74, 13673.343311260218, 7913.8636963017079, 834.85025979357454, 437.62048921902999, -10.090296544449755, -22.627201539853317, 13666.402512735876, 7917.8635501795852, 832.15398231264055, 439.07286324425269, -11.618299332011805, -21.865279326414996, 15658.608534311597, 11930.721298733108, 486.26085932129808, 503.53786023705578, 0, 0, 10.715333396760409
15.75, 13681.690284539578, 7918.2364711228593, 834.74830522181685, 437.39181781644157, -10.195457175772646, -22.867140258843307, 13674.72229195454, 7922.2509640105527, 832.03660868175507, 438.85187647922618, -11.737363088542981, -22.098676502648299, 15663.471142904811, 11935.756677335477, 486.26085932129808, 503.53786023705578, 0, 0, 10.705333396760409
15.76, 13690.036255955825, 7922.6069921676326, 834.64752949042884, 437.16534225701957, -10.077573138804677, -22.647555942201976, 13683.040915327374, 7926.6362007307507, 831.92042774951483, 438.63307350627008, -11.618093224029673, -21.880297295610742, 15668.333751498025, 11940.792055937847, 486.26085932129808, 503.53786023705578, 0, 0, 10.695333396760409
15.77, 13698.38120390549, 7926.9752125455561, 834.54570647450998, 436.93647261390186, -10.182301591882419, -22.886964311769535, 13691.358359089036, 7931.0192144930224, 831.80306002725808, 438.41194198685383, -11.736772225679557, -22.113151941622981, 15673.196360091239, 11945.827434540217, 486.26085932129808, 503.53786023705578, 0, 0, 10.685333396760409
15.780000000000001, 13706.725151266606, 7931.3411771189303, 834.44505956592502, 436.70979576289943, -10.064690858493519, -22.667685100245045, 13699.674647027354, 7935.4000496484095, 831.68688256362134, 438.19299102140047, -11.617746363678066, -21.895096545338497, 15678.058968684452, 11950.862813142587, 486.26085932129808, 503.53786023705578, 0, 0, 10.675333396760408
15.790000000000001, 13715.06807651326, 7935.7048390904192, 834.3433696322262, 436.48073002025262, -10.168993369879837, -22.906574264680327, 13707.98975544596, 7939.7786604456451, 831.56952209494148, 437.97171682282271, -11.736046867988776, -22.127419857773692, 15682.921577277666, 11955.898191744956, 486.26085932129808, 503.53786023705578, 0, 0, 10.665333396760408
15.800000000000001, 13723.410002461751, 7940.0662432517183, 834.24285311018537, 436.25385409334592, -10.051652204078241, -22.687592690671128, 13716.303708077749, 7944.1550911617405, 831.45334948422499, 437.7526200139967, -11.617261071649519, -21.90968088260183, 15687.78418587088, 11960.933570347326, 486.26085932129808, 503.53786023705578, 0, 0, 10.655333396760408
15.81, 13731.750907662619, 7944.4253428966113, 834.14129776124241, 436.02459435731487, -10.155534894290994, -22.92597360310598, 13724.616481294208, 7948.5292961393006, 831.33599759200229, 437.5312051753387, -11.735189222274904, -22.14148386580295, 15692.646794464094, 11965.968948949696, 486.26085932129808, 503.53786023705578, 0, 0, 10.645333396760408
15.82, 13740.090814871288, 7948.7821827478365, 834.04091316496726, 435.79752153412335, -10.038459627510433, -22.707282319152789, 13732.928098774184, 7952.9013195829475, 831.21983119576896, 437.31196463492643, -11.616639623333633, -21.924054041228658, 15697.509403057307, 11971.004327552066, 486.26085932129808, 503.53786023705578, 0, 0, 10.635333396760409
15.83, 13748.429702713662, 7953.1367161883163, 833.93949387993416, 435.56806987667125, -10.141928503311087, -22.945165745209305, 13741.238536955923, 7957.2711159271703, 831.10248918124637, 437.09041115981717, -11.734201452255066, -22.155347510924646, 15702.372011650521, 11976.039706154435, 486.26085932129808, 503.53786023705578, 0, 0, 10.625333396760409
15.84, 13756.767593885132, 7957.4889878734548, 833.83924272459763, 435.34080230144303, -10.025115533651203, -22.72675752282354, 13749.547819465099, 7961.638729305816, 830.9863303387433, 436.87102896297341, -11.615884250305092, -21.938219684374566, 15707.234620243735, 11981.075084756805, 486.26085932129808, 503.53786023705578, 0, 0, 10.615333396760409
15.85, 13765.104467085905, 7961.8389512733629, 833.7379609596951, 435.11116076100166, -10.128176490250558, -22.964154044137143, 13757.855922805635, 7966.0041142433047, 830.86899948194355, 436.64933882026099, -11.733085679973779, -22.169014271241622, 15712.097228836948, 11986.110463359175, 486.26085932129808, 503.53786023705578, 0, 0, 10.605333396760409
15.860000000000001, 13773.44034495216, 7966.1866509777074, 833.63784473687804, 434.88370054327567, -10.011622281701301, -22.746021772597903, 13766.162870550883, 7970.3673148042963, 830.75284951052629, 436.42981700619231, -11.614997141721085, -21.952181406869538, 15716.959837430162, 11991.145841961545, 486.26085932129808, 503.53786023705578, 0, 0, 10.595333396760408
15.870000000000001, 13781.775206257362, 7970.5320405418715, 833.53670192582911, 434.65387112537343, -10.114281104895896, -22.982941790222888, 13774.468639269389, 7974.7282856012243, 830.63553107065502, 436.20799213059257, -11.731843987131391, -22.182487559974533, 15721.822446023376, 11996.181220563914, 486.26085932129808, 503.53786023705578, 0, 0, 10.585333396760408
15.880000000000001, 13790.109073579291, 7974.8751644913536, 833.43672210396358, 434.42622034061992, -9.997982186550713, -22.765078475351565, 13782.77325248303, 7979.0870706311198, 830.51939126619868, 435.9883327032183, -11.613980445637599, -21.96594273742501, 15726.68505461659, 12001.216599166284, 486.26085932129808, 503.53786023705578, 0, 0, 10.575333396760408
15.890000000000001, 13798.441925763647, 7979.2159764649277, 833.33571965841566, 434.19620501848937, -10.100244554793898, -23.001532213056088, 13791.07668682393, 7983.4436245925426, 830.40208648203532, 435.76637499594273, -11.730478416335387, -22.195770727558028, 15731.547663209803, 12006.251977768654, 486.26085932129808, 503.53786023705578, 0, 0, 10.565333396760408
15.9, 13806.773785330603, 7983.554520925466, 833.23587768321522, 433.96836570872978, -9.9841975200464113, -22.783930975956995, 13799.37896576331, 7987.7979914164307, 830.28595811933292, 435.54657992453576, -11.612836270242852, -21.979507140696892, 15736.410271803017, 12011.287356371024, 486.26085932129808, 503.53786023705578, 0, 0, 10.555333396760409
15.91, 13815.104631197084, 7987.8907515932806, 833.13501699315066, 433.73816642389562, -10.086069006458112, -23.019928483414763, 13807.680065995857, 7992.1501258856169, 830.16866820961013, 435.32449125389974, -11.728990972272994, -22.20886706360011, 15741.272880396231, 12016.322734973393, 486.26085932129808, 503.53786023705578, 0, 0, 10.545333396760409
15.92, 13823.434485826439, 7992.2247128701356, 833.03531428802864, 433.51014059830351, -9.9702705121975743, -22.802582559212688, 13815.980010942951, 7996.5000718664533, 830.05255254275983, 435.10456247370729, -11.611566685028146, -21.992878019242138, 15746.135488989445, 12021.358113575763, 486.26085932129808, 503.53786023705578, 0, 0, 10.535333396760409
15.93, 13831.763328205832, 7996.5563585560612, 832.93459672216352, 433.27975926115255, -10.071756586515864, -23.038133715096723, 13824.278777360834, 8000.847784224221, 829.93527870653156, 434.88234467571988, -11.727383622824261, -22.221779798740382, 15750.998097582658, 12026.393492178133, 486.26085932129808, 503.53786023705578, 0, 0, 10.525333396760409
15.94, 13840.091180742551, 8000.8857329932052, 832.83503468864035, 433.05154889663601, -9.9562033523128779, -22.821036451653271, 13832.576388621841, 8005.1933067621712, 829.81917696931271, 434.66228408856631, -11.61017372189011, -22.006058715356506, 15755.860706175872, 12031.428870780503, 486.26085932129808, 503.53786023705578, 0, 0, 10.515333396760409
15.950000000000001, 13848.41802249303, 8005.2127900595269, 832.73446159481239, 432.82098738696965, -10.05730938279066, -23.056150966637759, 13840.872821542789, 8009.5365944262412, 829.7019203863116, 434.43993896750237, -11.725658300109961, -22.23451210639546, 15760.723314769086, 12036.464249382872, 486.26085932129808, 503.53786023705578, 0, 0, 10.505333396760408
15.960000000000001, 13856.743875809248, 8009.5375740390227, 832.63504161291166, 432.59259442873713, -9.94199819007531, -22.839295823250335, 13849.168099447746, 8013.8776909580392, 829.58583379254992, 434.21974844237434, -11.608659376169857, -22.019052512803189, 15765.5859233623, 12041.499627985242, 486.26085932129808, 503.53786023705578, 0, 0, 10.495333396760408
15.970000000000001, 13865.068719815961, 8013.860038885824, 832.53461431845847, 432.36185459630786, -10.042729445325241, -23.073983242925937, 13857.462199213136, 8018.2165513823975, 829.46859562353518, 433.99727777133035, -11.723816901479525, -22.247067104400706, 15770.448531955513, 12046.535006587612, 486.26085932129808, 503.53786023705578, 0, 0, 10.485333396760408
15.98, 13873.392576810575, 8018.1802288272183, 832.43533774709272, 432.13328095841752, -9.927657136570831, -22.857363789036452, 13865.75514411553, 8022.5532193807148, 829.35252536745872, 433.77695914494569, -11.607025607646317, -22.031862638464464, 15775.311140548727, 12051.570385189982, 486.26085932129808, 503.53786023705578, 0, 0, 10.475333396760409
15.99, 13881.715425985227, 8022.4980978917783, 832.33505755921908, 431.90236462345007, -10.02801878736072, -23.091633496743086, 13874.04691109001, 8026.8876500549859, 829.23530675455413, 433.55436466637991, -11.721861290455424, -22.259447856578845, 15780.173749141941, 12056.605763792351, 486.26085932129808, 503.53786023705578, 0, 0, 10.465333396760409
16, 13890.037289583479, 8026.8136902515016, 832.23592573656651, 431.67361218934394, -9.91318226525207, -22.875243410611954, 13882.337523366405, 8031.2198870278098, 829.11925401113945, 433.33391974374115, -11.605274341463325, -22.044492263876656, 15785.036357735155, 12061.641142394721, 486.26085932129808, 503.53786023705578, 0, 0, 10.455333396760409
16.010000000000002, 13898.358146863937, 8031.1269600077003, 832.13579394270403, 431.44252114304197, -10.013179386253995, -23.109104630194853, 13890.626957937522, 8035.5498854766411, 829.00205607816326, 433.11120316999916, -11.719793297614588, -22.271657374197758, 15789.898966328368, 12066.676520997091, 486.26085932129808, 503.53786023705578, 0, 0, 10.445333396760407
16.02, 13906.678020017021, 8035.4379512784762, 832.0368081865754, 431.21359176606597, -9.8985756128676279, -22.892937697597024, 13898.915237987183, 8039.8776889666651, 828.88602200347304, 432.89063372493206, -11.60340746902301, -22.056944506709904, 15794.761574921582, 12071.711899599461, 486.26085932129808, 503.53786023705578, 0, 0, 10.435333396760409
16.030000000000001, 13914.99688836691, 8039.7466182362123, 831.9368260547318, 430.98232777110508, -9.9982131843624149, -23.126399496088823, 13907.202340565009, 8044.2032527491219, 828.76884585625862, 432.66779673875828, -11.717614721437808, -22.283698617375833, 15799.624183514796, 12076.74727820183, 486.26085932129808, 503.53786023705578, 0, 0, 10.425333396760408
16.039999999999999, 13923.31477405158, 8044.0530049464824, 831.83798766292841, 430.75322327501522, -9.8838391803382688, -22.910449608988849, 13915.488288809544, 8048.5266203331448, 828.65283158777038, 432.44710451443677, -11.601426848825239, -22.069222432153413, 15804.486792108009, 12081.7826568042, 486.26085932129808, 503.53786023705578, 0, 0, 10.41533339676041
16.050000000000001, 13931.631656459895, 8048.3570656510974, 831.73815644202966, 430.52178806602296, -9.9831220898779787, -23.143520899222519, 13923.773059826322, 8052.8477470421149, 828.53567831447936, 432.22414876947278, -11.715327329107845, -22.295574496397542, 15809.349400701223, 12086.81803540657, 486.26085932129808, 503.53786023705578, 0, 0, 10.405333396760408
16.059999999999999, 13939.947557678075, 8052.6588443644496, 831.63946669269376, 430.29251024547841, -9.8689749335959629, -22.927782054456291, 13932.056676709321, 8057.1666763304511, 828.4196849714067, 432.00333547893041, -11.599334307270047, -22.081329054238001, 15814.212009294437, 12091.85341400894, 486.26085932129808, 503.53786023705578, 0, 0, 10.39533339676041
16.07, 13948.262457158806, 8056.9582953961644, 831.53978761291751, 430.06090552950229, -9.9679079776262256, -23.160471597612041, 13940.339116619107, 8061.4833635920595, 828.30255564283402, 431.78026260020073, -11.712932857272378, -22.307287872969475, 15819.074617887651, 12096.888792611309, 486.26085932129808, 503.53786023705578, 0, 0, 10.385333396760409
16.080000000000002, 13956.576376937215, 8061.2554627107747, 831.44124776487365, 429.83145615054656, -9.8539848043882152, -22.944937895576125, 13948.620402605789, 8065.7978522279609, 828.18658432643974, 431.55932992682972, -11.597131639425472, -22.093267337100066, 15823.937226480864, 12101.924171213679, 486.26085932129808, 503.53786023705578, 0, 0, 10.375333396760407
16.09, 13964.88929652896, 8065.5503006841345, 831.34172203797539, 429.59968360750992, -9.9525726898320617, -23.177254303665194, 13956.900511884101, 8070.1100977009946, 828.069479996312, 431.33614151121549, -11.710433012774063, -22.318841561420708, 15828.799835074078, 12106.959549816049, 486.26085932129808, 503.53786023705578, 0, 0, 10.365333396760409
16.100000000000001, 13973.201237918736, 8069.8428532322177, 831.24333333106495, 429.37006440803992, -9.8388706910427217, -22.961919946999686, 13965.179467460974, 8074.4201433600774, 827.95353179021447, 431.11509110925374, -11.594820609755372, -22.105040196176031, 15833.662443667292, 12111.994928418419, 486.26085932129808, 503.53786023705578, 0, 0, 10.355333396760408
16.109999999999999, 13981.512180684342, 8074.1330747955453, 831.14396215069644, 429.13812569118704, -9.9371180368479131, -23.193871685288563, 13973.457246604456, 8078.7279447354204, 827.83645349548101, 430.89178872595539, -11.707829473342557, -22.330238329837151, 15838.525052260506, 12117.030307020788, 486.26085932129808, 503.53786023705578, 0, 0, 10.34533339676041
16.120000000000001, 13989.82214676068, 8078.4210092428102, 831.04572580610443, 428.9083383814114, -9.8236344591991998, -22.978730977563345, 13981.733872278968, 8083.0335451251049, 827.72052946595284, 430.670622220962, -11.592402952814369, -22.116650499340572, 15843.387660853719, 12122.065685623158, 486.26085932129808, 503.53786023705578, 0, 0, 10.335333396760408
16.129999999999999, 13998.131115786871, 8082.7066110776695, 830.94651034812591, 428.67623511774201, -9.9215457978506567, -23.210326366941242, 13990.009321805044, 8087.3369001251795, 827.60347822707024, 430.44720741195056, -11.705123888255294, -22.341480901142504, 15848.250269446933, 12127.101064225528, 486.26085932129808, 503.53786023705578, 0, 0, 10.32533339676041
16.140000000000001, 14006.439109648662, 8086.9899241227904, 830.8484275687008, 428.44628138062842, -9.8082779425154527, -22.995373711357004, 13998.283618105259, 8091.638052984139, 827.48757942333111, 430.22592640127056, -11.589880373917401, -22.128101068002511, 15853.112878040147, 12132.136442827898, 486.26085932129808, 503.53786023705578, 0, 0, 10.315333396760408
16.149999999999999, 14014.746108045691, 8091.2709029434573, 830.74936899148565, 428.21401517132193, -9.9058577215140282, -23.226620930648668, 14006.55673855181, 8095.9369593623587, 827.37055624454138, 430.00240068172917, -11.702317878974126, -22.35257195413898, 15857.975486633361, 12137.171821430267, 486.26085932129808, 503.53786023705578, 0, 0, 10.30533339676041
16.16, 14023.052132815164, 8095.5495913175464, 830.65144096205222, 427.98389666303461, -9.792802943337847, -23.011850828729159, 14014.828706026072, 8100.2336624599739, 827.25468369904365, 429.78100673494782, -11.587254549773188, -22.13939467813746, 15862.838095226574, 12142.207200032637, 486.26085932129808, 503.53786023705578, 0, 0, 10.295333396760409
16.170000000000002, 14031.357163716457, 8099.825943870489, 830.55254040678574, 427.75146908386506, -9.8900555266472043, -23.242757916956243, 14023.099497951107, 8104.5281180002048, 827.13768956864612, 429.55737159370295, -11.699413039747679, -22.363514124487974, 15867.700703819788, 12147.242578635007, 486.26085932129808, 503.53786023705578, 0, 0, 10.285333396760407
16.18, 14039.66122253884, 8104.100004336583, 830.45476829445215, 427.52118743419243, -9.7772112333536256, -23.028164967264633, 14031.369137167723, 8108.8203691360322, 827.02184429735507, 429.33586625309005, -11.584527129100261, -22.150534061292657, 15872.563312413002, 12152.277957237377, 486.26085932129808, 503.53786023705578, 0, 0, 10.275333396760409
16.190000000000001, 14047.96428910065, 8108.3717273999509, 830.35602688542394, 427.28860003593388, -9.874140902816098, -23.258739825857035, 14039.637601149056, 8113.110371652062, 826.90488018797305, 429.11212315303339, -11.696410938197104, -22.374310005664316, 15877.425921006216, 12157.313335839746, 486.26085932129808, 503.53786023705578, 0, 0, 10.265333396760408
16.199999999999999, 14056.266385143821, 8112.641156752502, 830.25841183988189, 427.05815684870686, -9.7615045542108643, -23.044318722704517, 14047.904912695976, 8117.3981686553061, 826.78906319064095, 428.89050793397803, -11.581699733210153, -22.161521905534119, 15882.288529599429, 12162.348714442116, 486.26085932129808, 503.53786023705578, 0, 0, 10.25533339676041
16.210000000000001, 14064.567490544894, 8116.9082471356214, 830.1598306847726, 426.8254111575302, -9.8581155109339029, -23.274569117664491, 14056.171049330915, 8121.6837159903234, 826.67213005948224, 428.66665831247946, -11.693313115870659, -22.384962149855728, 15887.151138192643, 12167.384093044486, 486.26085932129808, 503.53786023705578, 0, 0, 10.245333396760408
16.219999999999999, 14072.867626999048, 8121.1730421999991, 830.06237383859138, 426.59480801103177, -9.7456846181216683, -23.060314649840503, 14064.436033815417, 8125.9670567193198, 826.55634231991655, 428.44493470391581, -11.578773956574445, -22.172360856367781, 15892.013746785857, 12172.419471646856, 486.26085932129808, 503.53786023705578, 0, 0, 10.23533339676041
16.23, 14081.166774440286, 8125.4354967428771, 829.96395402875305, 426.36190552889315, -9.8419809838356596, -23.290248213861005, 14072.699843720453, 8130.248146745399, 826.43944110902873, 428.22097997322743, -11.69012108878289, -22.395473068837564, 15896.87635537907, 12177.454850249225, 486.26085932129808, 503.53786023705578, 0, 0, 10.225333396760409
16.240000000000002, 14089.464954517607, 8129.6956543748765, 829.86665649766871, 426.13114397625958, -9.7297531084370732, -23.076155263358853, 14080.962501768838, 8134.527029087104, 826.32368359535508, 427.99914943805135, -11.575751367363148, -22.183053517610364, 15901.738963972284, 12182.490228851595, 486.26085932129808, 503.53786023705578, 0, 0, 10.215333396760407
16.25, 14097.762147221745, 8133.9534699477144, 829.76839910840044, 425.89808618128058, -9.8257389268259576, -23.305779497898506, 14089.22398557934, 8138.8036597046994, 826.20681523187579, 427.77509098570334, -11.68683634792662, -22.405845234799834, 15906.601572565498, 12187.525607453965, 486.26085932129808, 503.53786023705578, 0, 0, 10.205333396760409
16.260000000000002, 14106.058374156077, 8138.208987033071, 829.67126199159839, 425.6671677508939, -9.7137116802097481, -23.091843038667594, 14097.484317836632, 8143.0780815741882, 826.09108889679612, 427.55315496118089, -11.572633507971704, -22.193602452242882, 15911.464181158712, 12192.560986056335, 486.26085932129808, 503.53786023705578, 0, 0, 10.195333396760407
16.27, 14114.353615367356, 8142.4621605357825, 829.57316808241626, 425.43395609773404, -9.8093909182149766, -23.321165315983215, 14105.743476206546, 8147.3502507116382, 825.97425429319833, 427.32899415036934, -11.683460359774083, -22.416081081157699, 15916.326789751925, 12197.596364658704, 486.26085932129808, 503.53786023705578, 0, 0, 10.185333396760409
16.280000000000001, 14122.647892413886, 8146.7130339896976, 829.47619246280897, 425.20288229360727, -9.6975619607306491, -23.107380412677085, 14114.001483336193, 8151.6202100516148, 825.85856007424309, 427.10695404853715, -11.569421895521561, -22.204010183217633, 15921.189398345139, 12202.631743261074, 486.26085932129808, 503.53786023705578, 0, 0, 10.175333396760408
16.289999999999999, 14130.941185397738, 8150.9615623514374, 829.3782630777107, 424.96951821382913, -9.7929385098298063, -23.336407977816084, 14122.25831693775, 8155.8879156646499, 825.74176012857561, 426.88269221850396, -11.679994566752947, -22.426183003317831, 15926.052006938353, 12207.667121863444, 486.26085932129808, 503.53786023705578, 0, 0, 10.16533339676041
16.300000000000001, 14139.233515832682, 8155.2077891181079, 829.28145002221015, 424.73829051598352, -9.681305550052409, -23.122769784560635, 14130.513999621333, 8160.1534104449556, 825.62609894835214, 426.66054942656149, -11.566118022348075, -22.214279194244874, 15930.914615531567, 12212.702500465814, 486.26085932129808, 503.53786023705578, 0, 0, 10.155333396760408
16.309999999999999, 14147.52486387542, 8159.4516692968045, 829.18368618993497, 424.50477541841036, -9.7763832275131062, -23.351509757314318, 14138.768509144758, 8164.4166505162175, 825.509334544475, 426.43618789296721, -11.676440387710306, -22.436153359425408, 15935.77722412478, 12217.737879068183, 486.26085932129808, 503.53786023705578, 0, 0, 10.14533339676041
16.32, 14155.815250995716, 8163.6932463489611, 829.08703674972003, 424.27339528324552, -9.6649440214948505, -23.138013516485131, 14147.0218680817, 8168.6776787333574, 825.39370731091026, 426.2139437736617, -11.562723356470663, -22.224411930549223, 15940.639832717994, 12222.773257670553, 486.26085932129808, 503.53786023705578, 0, 0, 10.135333396760409
16.330000000000002, 14164.104657404228, 8167.9324753308592, 828.98943948400392, 424.03973055431248, -9.7597265716047694, -23.366472893304437, 14155.274054234926, 8172.936451271923, 825.27697931872672, 425.98948382895088, -11.672799218359774, -22.445994471082447, 15945.502441311208, 12227.808636272923, 486.26085932129808, 503.53786023705578, 0, 0, 10.125333396760407
16.34, 14172.393104527229, 8172.169399669312, 828.89295469478259, 423.80819941496941, -9.6484789221320995, -23.153113934310035, 14163.525090142211, 8177.1930109485929, 825.16138692530626, 425.76713972095496, -11.55923934204459, -22.234410799594382, 15950.365049904422, 12232.844014875292, 486.26085932129808, 503.53786023705578, 0, 0, 10.115333396760409
16.350000000000001, 14180.680572628675, 8176.4039744685233, 828.79552499460851, 423.57438641906754, -9.7429700174061082, -23.381299590185236, 14171.7749536506, 8181.447313989509, 825.04469620098916, 425.54258263471462, -11.669072431711145, -22.455708624035957, 15955.227658497635, 12237.879393477662, 486.26085932129808, 503.53786023705578, 0, 0, 10.105333396760408
16.359999999999999, 14188.967083091855, 8180.6362431217149, 828.69920587687579, 423.34270568578484, -9.6319117732687154, -23.168073328270282, 14180.0236672625, 8185.6994031741306, 824.92913952699109, 425.3201398529967, -11.555667399802326, -22.244278171791304, 15960.090267090849, 12242.914772080032, 486.26085932129808, 503.53786023705578, 0, 0, 10.09533339676041
16.370000000000001, 14197.252616233371, 8184.8661607797703, 828.60194472671947, 423.10874576559905, -9.7261150156335461, -23.395992018575569, 14188.271208868562, 8189.9492347779506, 824.81248691320616, 425.09548687230819, -11.665261378490115, -22.465298068850444, 15964.952875684063, 12247.950150682402, 486.26085932129808, 503.53786023705578, 0, 0, 10.085333396760408
16.379999999999999, 14205.537193394028, 8189.0937708033334, 828.50579228601043, 422.87691682606277, -9.6152440708994824, -23.182893953631318, 14196.517600936355, 8194.1968515442168, 824.69696682393135, 424.87294670849639, -11.552008927478658, -22.254016381178413, 15969.815484277276, 12252.985529284771, 486.26085932129808, 503.53786023705578, 0, 0, 10.07533339676041
16.390000000000001, 14213.82079494244, 8193.319028388747, 828.40870065608192, 422.6428113029034, -9.7091629928567986, -23.410552315935597, 14204.762821399487, 8198.4422097965489, 824.58035315005588, 424.64819905828085, -11.661367387542585, -22.474765021553821, 15974.67809287049, 12258.020907887141, 486.26085932129808, 503.53786023705578, 0, 0, 10.065333396760408
16.399999999999999, 14222.103442177407, 8197.5419768650718, 828.31271588322033, 422.41083552259022, -9.5984772861543775, -23.197578031319274, 14213.006892691192, 8202.6853522429719, 824.46487049705365, 424.42556278102006, -11.548265300221109, -22.263627726076674, 15979.540701463704, 12263.056286489511, 486.26085932129808, 503.53786023705578, 0, 0, 10.05533339676041
16.41, 14230.385115518937, 8201.7625714729093, 828.21579472970109, 422.17658569671858, -9.6921153519229328, -23.42498258716445, 14221.249792787397, 8206.9262352540318, 824.34829657939144, 424.20072166437745, -11.657391766224979, -22.484111664259444, 15984.403310056918, 12268.091665091881, 486.26085932129808, 503.53786023705578, 0, 0, 10.045333396760409
16.420000000000002, 14238.665836224303, 8205.9808555107138, 828.11997860104373, 421.94446441923321, -9.5816128657341775, -23.212127748537551, 14229.49154408751, 8211.1649015035055, 824.23285220068158, 423.97799051968013, -11.544437870991544, -22.273114469730782, 15989.265918650131, 12273.12704369425, 486.26085932129808, 503.53786023705578, 0, 0, 10.035333396760407
16.43, 14246.945584764293, 8210.1967842621707, 828.02322886631998, 421.71007157018136, -9.6749734723715335, -23.439284905185033, 14237.732124609147, 8215.4013074076811, 824.11631884267376, 423.75305711822239, -11.65333580078619, -22.493340145774987, 15994.128527243345, 12278.16242229662, 486.26085932129808, 503.53786023705578, 0, 0, 10.025333396760409
16.440000000000001, 14255.224382355122, 8214.4104009960829, 827.92758234399662, 421.4778061175877, -9.564652232335737, -23.226545259367708, 14245.971556718378, 8219.6354956070372, 824.00091356296423, 423.53023232981303, -11.540527970957889, -22.282478840934257, 15998.991135836559, 12283.19780089899, 486.26085932129808, 503.53786023705578, 0, 0, 10.015333396760408
16.449999999999999, 14263.502209517756, 8218.6216610380616, 827.83100495688825, 421.24327150447255, -9.6577387108400092, -23.453461311513902, 14254.209818473893, 8223.8674225624472, 823.88442155539678, 423.3052078039911, -11.64920075674012, -22.502452582196003, 16003.853744429773, 12288.23317950136, 486.26085932129808, 503.53786023705578, 0, 0, 10.00533339676041
16.460000000000001, 14271.779087427807, 8222.8306076282042, 827.73552898903768, 421.01086317761911, -9.5475967850604686, -23.240832685340315, 14262.446932208912, 8228.0971308820317, 823.76905618629814, 423.08229057364485, -11.536536909868856, -22.291723034624489, 16008.716353022986, 12293.268558103729, 486.26085932129808, 503.53786023705578, 0, 0, 9.9953333967604081
16.469999999999999, 14280.054996655837, 8227.0371961329074, 827.63912486502318, 420.77618803945109, -9.6404124014529629, -23.46751381680259, 14270.682876022593, 8232.3245770701087, 823.65260630750595, 422.85717606307014, -11.644987879222082, -22.511451057470968, 16013.5789616162, 12298.303936706099, 486.26085932129808, 503.53786023705578, 0, 0, 9.9853333967604101
16.48, 14288.329958337303, 8231.2414697644854, 827.543820386025, 420.54363811829108, -9.5304478998172915, -23.254992115999869, 14278.917672215772, 8236.5498037033576, 823.53728164774168, 422.63416757094541, -11.532465976423907, -22.30084921247137, 16018.441570209414, 12303.339315308469, 486.26085932129808, 503.53786023705578, 0, 0, 9.9753333967604085
16.490000000000002, 14296.603953091784, 8235.4433839290086, 827.44759042746296, 420.30882367427733, -9.622995856206229, -23.481444401373373, 14287.151298927491, 8240.7727673284244, 823.42087466380826, 422.40896419470579, -11.640698393340656, -22.520337623960195, 16023.304178802628, 12308.374693910839, 486.26085932129808, 503.53786023705578, 0, 0, 9.965333396760407
16.5, 14304.877002015019, 8239.6429818119104, 827.3524583581659, 420.07613341818291, -9.5132069297102664, -23.269025609442444, 14295.383778426663, 8244.9935104914457, 823.30559149942201, 422.18586559967139, -11.528316438627758, -22.309859503438592, 16028.166787395841, 12313.410072513208, 486.26085932129808, 503.53786023705578, 0, 0, 9.955333396760409
16.510000000000002, 14313.149085775045, 8243.8402188578402, 827.25640345451257, 419.84118086802562, -9.6054903653364114, -23.4952550157291, 14303.615088891633, 8249.2119897802968, 823.18922816437691, 421.96057445664172, -11.636333504514852, -22.529114302968853, 16033.029395989055, 12318.445451115578, 486.26085932129808, 503.53786023705578, 0, 0, 9.9453333967604074
16.52, 14321.42022542831, 8248.0351382262415, 827.16144470245831, 419.60835151609717, -9.4958752054197433, -23.282935192844885, 14311.845252559844, 8253.428247711463, 823.07398726893553, 421.73738689659837, -11.524089544138981, -22.318756004336116, 16037.892004582269, 12323.480829717948, 486.26085932129808, 503.53786023705578, 0, 0, 9.9353333967604094
16.530000000000001, 14329.690401690756, 8252.2276953992659, 827.06556573048147, 419.37326204028665, -9.5878971976842067, -23.508947581055033, 14320.074247648374, 8257.6422409129664, 822.95766832494746, 421.51200906574564, -11.631894398805672, -22.537783085271535, 16042.754613175483, 12328.516208320318, 486.26085932129808, 503.53786023705578, 0, 0, 9.9253333967604078
16.539999999999999, 14337.959635579955, 8256.4179335112385, 826.97078119012576, 419.14029481165687, -9.4784540355736144, -23.296722862978068, 14328.302096363645, 8261.8540118725068, 822.84247045974132, 421.28873365794209, -11.519786520608967, -22.327540780356383, 16047.617221768696, 12333.551586922687, 486.26085932129808, 503.53786023705578, 0, 0, 9.9153333967604098
16.550000000000001, 14346.227907859216, 8260.6058080807561, 826.87507901411527, 418.90506957175984, -9.5702176010482987, -23.522523989705508, 14336.528776960906, 8266.0635172571965, 822.72619663730893, 421.0632701986259, -11.627382243238507, -22.546345931621417, 16052.47983036191, 12338.586965525057, 486.26085932129808, 503.53786023705578, 0, 0, 9.9053333967604082
16.559999999999999, 14354.495239507651, 8264.7913622178858, 826.78046956704407, 418.67196566589269, -9.4609447071151571, -23.310390586718089, 14344.754311615992, 8270.2707995268029, 822.61104255154873, 420.83990803996983, -11.515408576018334, -22.336215865608043, 16057.342438955124, 12343.622344127427, 486.26085932129808, 503.53786023705578, 0, 0, 9.8953333967604102
16.57, 14362.761611335402, 8268.9745514766291, 826.68494503901866, 418.43660580483578, -9.5524528025360311, -23.535986105688728, 14352.978678621779, 8274.4758153864859, 822.49481456968749, 420.61435999223727, -11.622798186123077, -22.554804773257075, 16062.205047548337, 12348.657722729797, 486.26085932129808, 503.53786023705578, 0, 0, 9.8853333967604087
16.580000000000002, 14371.027044283519, 8273.155418943632, 826.59051155416216, 418.20336640182057, -9.443348485650283, -23.323940301517865, 14361.201900123941, 8278.6786072689192, 822.37970500069753, 420.39091215960116, -11.5109568989919, -22.344783263610271, 16067.067656141551, 12353.693101332166, 486.26085932129808, 503.53786023705578, 0, 0, 9.8753333967604071
16.59, 14379.29151920846, 8277.3339202072857, 826.49516551407316, 417.96787304416944, -9.5346040088944566, -23.54933576511387, 14369.423954452444, 8282.8791319162883, 822.26352356712403, 420.16528054447741, -11.618143357353036, -22.563161512371821, 16071.930264734765, 12358.728479934536, 486.26085932129808, 503.53786023705578, 0, 0, 9.8653333967604091
16.600000000000001, 14387.555057013609, 8281.5100983316406, 826.40090884791516, 417.73449930501062, -9.4256666157947446, -23.337373915883617, 14377.644863723217, 8287.0774317349915, 822.14845924053293, 419.94174809499953, -11.506432659114717, -22.353244947791385, 16076.792873327979, 12363.763858536906, 486.26085932129808, 503.53786023705578, 0, 0, 9.8553333967604075
16.609999999999999, 14395.817638601227, 8285.6839089384739, 826.3057421238467, 417.49887355724417, -9.5166724068413853, -23.562574776642926, 14385.864606302792, 8291.2734635032375, 822.03232505184587, 419.71603391477367, -11.613418868706553, -22.571418022587181, 16081.655481921192, 12368.799237139276, 486.26085932129808, 503.53786023705578, 0, 0, 9.8453333967604095
16.620000000000001, 14404.079284837417, 8289.8553950700498, 826.21166312063156, 417.26536662414571, -9.4079003215161556, -23.350693309845003, 14394.083204277758, 8295.4672696019552, 821.91730668177343, 419.49241788615387, -11.501837007243454, -22.361602861980693, 16086.518090514406, 12373.834615741645, 486.26085932129808, 503.53786023705578, 0, 0, 9.835333396760408
16.629999999999999, 14412.339976669749, 8294.0245123805526, 826.11667652899769, 417.02960957492633, -9.4986591633914408, -23.575704921936417, 14402.300636050704, 8299.6588068443943, 821.801220423632, 419.26662212465965, -11.608625814142483, -22.579576149419911, 16091.38069910762, 12378.869994344015, 486.26085932129808, 503.53786023705578, 0, 0, 9.82533339676041
16.640000000000001, 14420.599734927418, 8298.1913038912517, 826.02277602093307, 416.7959705715723, -9.3900508064628152, -23.36390033540118, 14410.516923679279, 8303.8481175868037, 821.68624871287398, 419.04292353545088, -11.497171075804383, -22.369858920876283, 16096.243307700834, 12383.905372946385, 486.26085932129808, 503.53786023705578, 0, 0, 9.8153333967604084
16.649999999999999, 14428.858540602814, 8302.3557252877745, 825.92797036667139, 416.56008329201154, -9.4805654261695746, -23.588727956076383, 14418.732045601617, 8308.0351586765009, 821.57021106017316, 418.8170471583436, -11.603765270083796, -22.587637710726163, 16101.105916294047, 12388.940751548755, 486.26085932129808, 503.53786023705578, 0, 0, 9.8053333967604104
16.66, 14437.116414488593, 8306.5178195711724, 825.83424917412856, 416.32631332384199, -9.3721192542856002, -23.376996816956432, 14426.946023846822, 8312.2199724458333, 821.45528670038232, 418.59326700823857, -11.492435979084798, -22.378015010502079, 16105.968524887261, 12393.976130151124, 486.26085932129808, 503.53786023705578, 0, 0, 9.7953333967604088
16.670000000000002, 14445.373337621486, 8310.6775424575699, 825.73962525089132, 416.09029686776222, -9.4623923237180119, -23.601645607979364, 14435.158836888082, 8316.4025157752403, 821.33929831742535, 418.36731096326719, -11.598838295694772, -22.595604497135472, 16110.831133480475, 12399.011508753494, 486.26085932129808, 503.53786023705578, 0, 0, 9.7853333967604073
16.68, 14453.629330757971, 8314.8349369285643, 825.64608418260173, 415.85639702224472, -9.3541068289563967, -23.389984551752676, 14443.370506726334, 8320.5828309739245, 821.22442198929014, 418.14345023338058, -11.487632813521586, -22.386072988661347, 16115.693742073689, 12404.046887355864, 486.26085932129808, 503.53786023705578, 0, 0, 9.7753333967604092
16.690000000000001, 14461.884374978652, 8318.9899587298496, 825.55164277294375, 415.62025242643665, -9.4441409657998552, -23.614459580806482, 14451.581011869337, 8324.7608749545179, 821.10848352995856, 417.91741545065577, -11.593845933155473, -22.603478272481372, 16120.556350666902, 12409.082265958234, 486.26085932129808, 503.53786023705578, 0, 0, 9.7653333967604077
16.699999999999999, 14470.13849100418, 8323.1426508243167, 825.45828262619295, 415.38622377333371, -9.3360146750810316, -23.402865310294438, 14459.790374290238, 8328.9366900038222, 820.99365590337868, 417.69347510380192, -11.482762657984752, -22.394034685382355, 16125.418959260116, 12414.117644560603, 486.26085932129808, 503.53786023705578, 0, 0, 9.7553333967604097
16.710000000000001, 14478.391659958575, 8327.2929689863176, 825.36402450175603, 415.14995205781003, -9.4258124436974704, -23.627171552366356, 14467.998572530891, 8333.1102330657432, 820.87776801129939, 417.46736249605965, -11.588789207931429, -22.611260774224537, 16130.28156785333, 12419.153023162973, 486.26085932129808, 503.53786023705578, 0, 0, 9.7453333967604081
16.719999999999999, 14486.643902527005, 8331.4409561607699, 825.27084606257404, 414.91579564944254, -9.3178439181982853, -23.415640836747592, 14476.205628537018, 8337.2815464054183, 820.76298974555891, 417.24334347702626, -11.477826574046643, -22.401901903337851, 16135.144176446543, 12424.188401765343, 486.26085932129808, 503.53786023705578, 0, 0, 9.7353333967604101
16.73, 14494.895199876455, 8335.5865681497871, 825.17677198426907, 414.67939781768763, -9.4074078304976272, -23.639783175493118, 14484.411520884105, 8341.4505869971308, 820.64715305426864, 417.01715393988775, -11.583669129029721, -22.618953713851091, 16140.006785039757, 12429.223780367713, 486.26085932129808, 503.53786023705578, 0, 0, 9.7253333967604085
16.740000000000002, 14503.145572656947, 8339.7298478810371, 825.08377602761823, 414.44511468919416, -9.2995956650818634, -23.428312849348814, 14492.616271490806, 8345.6173970850668, 820.53242479820608, 416.79305717570503, -11.472825606255304, -22.409676418274614, 16144.869393632971, 12434.259158970082, 486.26085932129808, 503.53786023705578, 0, 0, 9.715333396760407
16.75, 14511.395002077996, 8343.8707511835164, 824.98988674580448, 414.20859172840983, -9.3889281813794483, -23.652296078434613, 14500.819858965784, 8349.7819336730081, 820.41663993131351, 416.56679158793224, -11.578486689258996, -22.626558777280458, 16149.732002226185, 12439.294537572452, 486.26085932129808, 503.53786023705578, 0, 0, 9.705333396760409
16.760000000000002, 14519.643508754803, 8348.0093209683437, 824.89707403576415, 413.97418289800186, -9.2812710040322042, -23.440883040796887, 14509.022305200981, 8353.94423898489, 820.30196232348953, 416.34261798813799, -11.467760782397603, -22.417359979424724, 16154.594610819398, 12444.329916174822, 486.26085932129808, 503.53786023705578, 0, 0, 9.6953333967604074
16.77, 14527.891073938981, 8352.1455130905433, 824.80337029042528, 413.73753577934963, -9.3703745338926634, -23.664711865223378, 14517.223588837785, 8358.104270053127, 820.1862298948347, 416.1162772118854, -11.573242865479751, -22.63407762525587, 16159.457219412612, 12449.365294777192, 486.26085932129808, 503.53786023705578, 0, 0, 9.6853333967604094
16.780000000000001, 14536.137718211236, 8356.2793704453743, 824.71074158037368, 413.5030022485634, -9.2628710051562564, -23.453353078621493, 14525.423731741766, 8362.2620690820986, 820.07160356369718, 415.89202766878645, -11.462633113750039, -22.424954309894382, 16164.319828005826, 12454.400673379561, 486.26085932129808, 503.53786023705578, 0, 0, 9.6753333967604078
16.789999999999999, 14544.383422864854, 8360.4108489130431, 824.61722410129141, 413.26623192740317, -9.3517479082244641, -23.67703211602619, 14533.62271258661, 8366.4175931320024, 819.95592417750879, 415.6656125498493, -11.567938618842904, -22.641511893713535, 16169.18243659904, 12459.436051981931, 486.26085932129808, 503.53786023705578, 0, 0, 9.6653333967604098
16.800000000000001, 14552.628208446358, 8364.5399913736255, 824.52478013408484, 413.03157468134742, -9.2443967206552369, -23.465724605573531, 14541.820553211846, 8370.5708843883349, 819.8413497415554, 415.44128793877854, -11.457443595339146, -22.432461107073404, 16174.045045192253, 12464.471430584301, 486.26085932129808, 503.53786023705578, 0, 0, 9.6553333967604082
16.809999999999999, 14560.872056290304, 8368.6667537316807, 824.43144964101009, 412.79468209747228, -9.3330493074738889, -23.689258387514204, 14550.017232323027, 8374.721899938244, 819.72572399260503, 415.21479930683682, -11.5625748950375, -22.648863194171447, 16178.907653785467, 12469.506809186671, 486.26085932129808, 503.53786023705578, 0, 0, 9.6453333967604102
16.82, 14569.114986909335, 8372.791178852769, 824.33919114915909, 412.55990210507241, -9.2258491850983742, -23.477999239988563, 14558.212771733972, 8378.8706819490053, 819.61120206054318, 414.99040048640666, -11.452193206187388, -22.439882043017839, 16183.770262378681, 12474.54218778904, 486.26085932129808, 503.53786023705578, 0, 0, 9.6353333967604087
16.830000000000002, 14577.356981678869, 8376.9132226649872, 824.24604835197999, 412.32288818294035, -9.3142797179128856, -23.701392213207399, 14566.407150181683, 8383.017187533902, 819.4956305342979, 414.76383915526571, -11.557152624524601, -22.656133114092697, 16188.632870971895, 12479.57756639141, 486.26085932129808, 503.53786023705578, 0, 0, 9.6253333967604071
16.84, 14585.598061077977, 8381.0329280200294, 824.15397605782312, 412.08798639717895, -9.2072294156901435, -23.490178576139471, 14574.60038945459, 8387.1614588426401, 819.38116170520243, 414.53936696761747, -11.446882909552711, -22.447218764821788, 16193.495479565108, 12484.61294499378, 486.26085932129808, 503.53786023705578, 0, 0, 9.6153333967604091
16.850000000000001, 14593.83820652254, 8385.1502508687354, 824.06102165673076, 411.85085204614086, -9.2954401092411985, -23.713435103808912, 14582.792468320733, 8391.3034530138339, 819.26564497797483, 414.31273373544508, -11.551672722765167, -22.663323217238478, 16198.358088158322, 12489.64832359615, 486.26085932129808, 503.53786023705578, 0, 0, 9.6053333967604075
16.859999999999999, 14602.077438458346, 8389.2652340495697, 823.9691362726054, 411.61582940429497, -9.1885384125359373, -23.502264184589492, 14590.983408543465, 8395.4432121802547, 819.15122984144318, 414.08818900649521, -11.441513653167195, -22.454472894989049, 16203.220696751536, 12494.683702198519, 486.26085932129808, 503.53786023705578, 0, 0, 9.5953333967604095
16.870000000000001, 14610.315738341356, 8393.3778335353309, 823.87637095825698, 411.37857551881956, -9.2765314348397538, -23.725388547539723, 14599.173188921466, 8399.5806935050623, 819.03576848053876, 413.86148465605498, -11.546136090447067, -22.670435044020969, 16208.08330534475, 12499.719080800889, 486.26085932129808, 503.53786023705578, 0, 0, 9.585333396760408
16.879999999999999, 14618.553126584366, 8397.4880921518779, 823.78467318666799, 411.14343294269418, -9.1697771589035426, -23.514257612539602, 14607.361831193317, 8403.7159391047189, 818.92140761684402, 413.63686819573701, -11.436086369471903, -22.461646031798871, 16212.945913937963, 12504.754459403259, 486.26085932129808, 503.53786023705578, 0, 0, 9.57533339676041
16.890000000000001, 14626.789584683038, 8401.5959658932024, 823.69209764034781, 410.9060604025895, -9.2575546320200157, -23.737254010467908, 14615.549314187943, 8407.8489061661603, 818.80600218070697, 413.41009349461848, -11.540543613708476, -22.677470111850603, 16217.808522531177, 12509.789838005629, 486.26085932129808, 503.53786023705578, 0, 0, 9.5653333967604084
16.899999999999999, 14635.025133017449, 8405.7014975731709, 823.60058817413301, 410.6707987987478, -9.1509466214812676, -23.526160384172133, 14623.735659619453, 8411.9796367901436, 818.69169616094848, 413.18540609712181, -11.43060197584883, -22.468739749667584, 16222.671131124391, 12514.825216607998, 486.26085932129808, 503.53786023705578, 0, 0, 9.5553333967604104
16.91, 14643.259753122597, 8409.8046432062183, 823.50820306791036, 410.43330846937943, -9.2385106222701978, -23.749032936834418, 14631.920846346638, 8416.1080881866274, 818.57634719930491, 412.95856179796704, -11.534896164358509, -22.684429915479434, 16227.533739717604, 12519.860595210368, 486.26085932129808, 503.53786023705578, 0, 0, 9.5453333967604088
16.920000000000002, 14651.493465346113, 8413.9054455948117, 823.41688259040416, 410.19792872936983, -9.1320477506187032, -23.537974000959153, 14640.104896059425, 8420.2343024412676, 818.46209658555654, 412.73380424197228, -11.42506137483449, -22.475755599475416, 16232.396348310818, 12524.895973812738, 486.26085932129808, 503.53786023705578, 0, 0, 9.5353333967604073
16.93, 14659.726251261971, 8418.003860773093, 823.3246885872893, 409.96032146187639, -9.219400311484927, -23.760726749345327, 14648.287787646092, 8424.3582367862982, 818.34680463955578, 412.50689108269916, -11.529194600080425, -22.691315927311418, 16237.258956904032, 12529.931352415108, 486.26085932129808, 503.53786023705578, 0, 0, 9.5253333967604092
16.940000000000001, 14667.958131185622, 8422.0999315327208, 823.23355777248344, 409.7248244624563, -9.1130814805826379, -23.549699942008175, 14656.469542772669, 8428.4799332928596, 818.23260998501223, 412.28206413160984, -11.419465454350979, -22.482695108929391, 16242.121565497246, 12534.966731017477, 486.26085932129808, 503.53786023705578, 0, 0, 9.5153333967604077
16.949999999999999, 14676.189086729659, 8426.1936139268182, 823.14155552658133, 409.48710109396131, -9.2002245902093236, -23.772336849499588, 14664.650140356554, 8432.5993492147354, 818.1173755873657, 412.05508283563239, -11.523439764651396, -22.698129597746991, 16246.984174090459, 12540.002109619847, 486.26085932129808, 503.53786023705578, 0, 0, 9.5053333967604097
16.960000000000001, 14684.419138177615, 8430.2849507368082, 823.05061503928334, 409.25148769731754, -9.0940487297973576, -23.561339664376472, 14672.829602040165, 8436.7165266091251, 818.00323743648653, 411.83018723780344, -11.413815087920558, -22.489559782895142, 16251.846782683673, 12545.037488222217, 486.26085932129808, 503.53786023705578, 0, 0, 9.4953333967604081
16.969999999999999, 14692.648267180357, 8434.3738980340895, 822.95880519594471, 409.01364905113866, -9.1809843338681887, -23.783864617886934, 14681.007906769657, 8440.8314227506507, 817.88806111160511, 411.60313851424849, -11.517632488146655, -22.7048723554981, 16256.709391276887, 12550.072866824587, 486.26085932129808, 503.53786023705578, 0, 0, 9.4853333967604101
16.98, 14700.876493989756, 8438.4604985904098, 822.86805569193393, 408.77792010510495, -9.074950401076789, -23.572894603370454, 14689.185076164104, 8444.9440796831277, 817.77398000025642, 411.37817500321137, -11.408111134871991, -22.496351103713739, 16261.571999870101, 12555.108245426956, 486.26085932129808, 503.53786023705578, 0, 0, 9.4753333967604085
16.990000000000002, 14709.103800294615, 8442.5447084947482, 822.77643888790408, 408.53996699096024, -9.1616804029874839, -23.795311414471662, 14697.361089198068, 8449.0544547013178, 817.65886226438511, 411.15105954713249, -11.511773587135774, -22.711545607889022, 16266.434608463314, 12560.143624029326, 486.26085932129808, 503.53786023705578, 0, 0, 9.465333396760407
17, 14717.330206315388, 8446.6265705097321, 822.68588101408534, 408.30412332923146, -9.0557873818686332, -23.584366172875335, 14705.535967467546, 8453.162589836209, 817.54483871997945, 410.92602884181701, -11.402354440560865, -22.50307053154776, 16271.297217056528, 12565.179002631696, 486.26085932129808, 503.53786023705578, 0, 0, 9.455333396760409
17.010000000000002, 14725.555693778482, 8450.7060407412373, 822.59445787765105, 408.06605654344241, -9.1423136434271637, -23.806678578905117, 14713.709689975165, 8457.2684424020154, 817.42978008133048, 410.69884733440517, -11.505863864892243, -22.718150741184942, 16276.159825649742, 12570.214381234066, 486.26085932129808, 503.53786023705578, 0, 0, 9.4453333967604074
17.02, 14733.780282873176, 8454.7831619433073, 822.50409227220632, 407.83009898578615, -9.0365605444712518, -23.595755765626773, 14721.882278294102, 8461.3720544174339, 817.31581462296492, 410.47375013935846, -11.396545836560476, -22.509719504670272, 16281.022434242956, 12575.249759836435, 486.26085932129808, 503.53786023705578, 0, 0, 9.4353333967604094
17.030000000000001, 14742.003955363165, 8458.8578902380505, 822.41286342334047, 407.59191931147831, -9.1228848865881105, -23.817967430783128, 14730.053711454715, 8465.4733832154598, 817.20081558184916, 410.24650324814979, -11.499904111575075, -22.724689120866319, 16285.885042836169, 12580.285138438805, 486.26085932129808, 503.53786023705578, 0, 0, 9.4253333967604078
17.039999999999999, 14750.226731406787, 8462.9302683714523, 822.3226907158778, 407.35584866394305, -9.0172707462671724, -23.607064753523154, 14738.224011007613, 8469.5724708030248, 817.08690872044042, 410.02134025375187, -11.390686140871834, -22.516299439793166, 16290.747651429383, 12585.320517041175, 486.26085932129808, 503.53786023705578, 0, 0, 9.4153333967604098
17.050000000000001, 14758.448592804703, 8467.0002524812007, 822.23165676638143, 407.11755687124361, -9.1033949496348594, -23.829179269942056, 14746.393156010552, 8473.6692745312484, 816.97196976939608, 409.79402863283246, -11.493895104428574, -22.731162091940632, 16295.610260022597, 12590.355895643544, 486.26085932129808, 503.53786023705578, 0, 0, 9.4053333967604082
17.059999999999999, 14766.669559684542, 8471.0678853057398, 822.14167757808207, 406.88137392636463, -8.9979188299384116, -23.618294487900062, 14754.561167991822, 8477.7638363958176, 816.85812200781493, 409.56880051550888, -11.384776158114221, -22.522811732358178, 16300.472868615811, 12595.391274245914, 486.26085932129808, 503.53786023705578, 0, 0, 9.3953333967604102
17.07, 14774.889613883628, 8475.1331229976968, 822.05083913172507, 406.64297077259744, -9.0838446357010394, -23.840315376718856, 14762.728026036259, 8481.8561137653251, 816.74324363173525, 409.34142480571671, -11.487837607963616, -22.737570979218678, 16305.335477209024, 12600.426652848284, 486.26085932129808, 503.53786023705578, 0, 0, 9.3853333967604087
17.080000000000002, 14783.108775499102, 8479.196008288478, 821.96105407548816, 406.40667630959916, -8.9785056236905021, -23.629446299827457, 14770.893751650074, 8485.9461486247183, 816.62945546493802, 409.11613222814822, -11.378816679726068, -22.529257756849777, 16310.198085802238, 12605.462031450654, 486.26085932129808, 503.53786023705578, 0, 0, 9.3753333967604071
17.09, 14791.327026404648, 8483.2564973450226, 821.87041172814713, 406.16816253947684, -9.0642347341030565, -23.851377012232835, 14779.058323944866, 8490.0338983594374, 816.51463814119654, 408.88869305727212, -11.481732374148743, -22.743917087611631, 16315.060694395452, 12610.497410053023, 486.26085932129808, 503.53786023705578, 0, 0, 9.3653333967604091
17.100000000000001, 14799.544386667138, 8487.3146328921921, 821.78082140873244, 405.93175732447304, -8.9590319414644117, -23.640521500382668, 14787.221764405005, 8494.1194049441801, 816.40091005635497, 408.66333666860129, -11.372808484153131, -22.535638867084025, 16319.923302988665, 12615.532788655393, 486.26085932129808, 503.53786023705578, 0, 0, 9.3553333967604075
17.109999999999999, 14807.760838196322, 8491.3703711106245, 821.690375748527, 405.69313367028661, -9.0445660205422804, -23.862365418644359, 14795.384052168547, 8498.2026257806101, 816.2861542549291, 408.43583465157724, -11.475580142589184, -22.750201702405327, 16324.785911581879, 12620.568167257763, 486.26085932129808, 503.53786023705578, 0, 0, 9.3453333967604095
17.120000000000001, 14815.97640102902, 8495.4237547191206, 821.60098076269549, 405.45661845647737, -8.9394985831486444, -23.651521380926813, 14803.545208698246, 8502.283602833666, 816.17248673155871, 408.21041508761226, -11.36675233703752, -22.54195639650046, 16329.648520175093, 12625.603545860133, 486.26085932129808, 503.53786023705578, 0, 0, 9.335333396760408
17.129999999999999, 14824.191057110758, 8499.4747399114131, 821.51073237012235, 405.21788563828318, -9.0248392573073861, -23.873281819416814, 14811.705213158315, 8506.3622935206295, 816.05779291515159, 407.98285082671691, -11.469381640706667, -22.756426089537364, 16334.511128768307, 12630.638924462502, 486.26085932129808, 503.53786023705578, 0, 0, 9.32533339676041
17.140000000000001, 14832.40482644851, 8503.5233694007147, 821.42153330677456, 404.98126116614952, -8.9199063347832173, -23.662447213365681, 14819.864086990117, 8510.4387397971477, 815.9441864252376, 407.75736871013254, -11.360648991398337, -22.548211658438497, 16339.37373736152, 12635.674303064872, 486.26085932129808, 503.53786023705578, 0, 0, 9.3153333967604084
17.150000000000002, 14840.617691023299, 8507.5695993932641, 821.33148275483984, 404.74241989195389, -9.0050551934689747, -23.884127419563907, 14828.021809383732, 8514.5128990955254, 815.82955504939844, 407.52974279517395, -11.463137583911291, -22.762591495859517, 16344.236345954734, 12640.709681667242, 486.26085932129808, 503.53786023705578, 0, 0, 9.3053333967604068
17.16, 14848.829670812453, 8511.613472597146, 821.24248019515221, 404.50568688944975, -8.9002559687643092, -23.673300250415153, 14836.178401759347, 8518.5848133625859, 815.71601005752029, 407.30419873570975, -11.354499187813772, -22.554405946417884, 16349.098954547948, 12645.745060269612, 486.26085932129808, 503.53786023705578, 0, 0, 9.2953333967604088
17.170000000000002, 14857.040747832219, 8515.6549452305298, 821.15262804950146, 404.26673785539072, -8.985214565074827, -23.894903405901182, 14844.333843332621, 8522.6544400450712, 815.60144157076252, 407.07651174421568, -11.456848675774737, -22.768699149404039, 16353.961563141162, 12650.780438871981, 486.26085932129808, 503.53786023705578, 0, 0, 9.2853333967604073
17.18, 14865.250942030478, 8519.6940599968257, 821.06382256706104, 404.02989703813211, -8.8805482440449275, -23.684081725860391, 14852.488155502781, 8526.7218210814335, 815.48795853421655, 406.85090633887154, -11.348303654599333, -22.560540534412748, 16358.824171734375, 12655.815817474351, 486.26085932129808, 503.53786023705578, 0, 0, 9.2753333967604092
17.190000000000001, 14873.460235458435, 8523.7307731255642, 820.97416938610763, 403.79084092865918, -8.9653180953413436, -23.905610947291667, 14860.641317510781, 8530.7869139322829, 815.37345337813451, 406.62315883627508, -11.450515608199845, -22.774750259643806, 16363.686780327589, 12660.851196076721, 486.26085932129808, 503.53786023705578, 0, 0, 9.2653333967604077
17.199999999999999, 14881.668648034711, 8527.7651273159227, 820.88556154704429, 403.55389300011103, -8.8607839063345271, -23.694792854815528, 14868.793350735095, 8534.8497605281445, 815.26003274705465, 406.39749266950383, -11.342063107985613, -22.566616677125864, 16368.549388920803, 12665.886574679091, 486.26085932129808, 503.53786023705578, 0, 0, 9.2553333967604097
17.210000000000001, 14889.876161845206, 8531.7970788082439, 820.79610788209584, 403.31473048816213, -8.9453664948440057, -23.916251194892045, 14876.944234441708, 8538.9103183429361, 815.14559135643879, 406.1696852093263, -11.444139061589722, -22.780746017752758, 16373.411997514017, 12670.92195328146, 486.26085932129808, 503.53786023705578, 0, 0, 9.2453333967604081
17.219999999999999, 14898.082796779474, 8535.8266702978999, 820.70769824521301, 403.07767613982247, -8.8409636882883049, -23.705434833962627, 14885.093989988534, 8542.9686292996885, 815.03223357391596, 405.94395885322388, -11.33577825228515, -22.572635610242266, 16378.27460610723, 12675.95733188383, 486.26085932129808, 503.53786023705578, 0, 0, 9.2353333967604101
17.23, 14906.288534957857, 8539.8538580355053, 820.61844464059607, 402.83840788699871, -8.9253604616979967, -23.926825282379042, 14893.242596666318, 8547.0246508850814, 814.91785637686587, 405.71609197725542, -11.437719705006485, -22.78668759684664, 16383.137214700444, 12680.9927104862, 486.26085932129808, 503.53786023705578, 0, 0, 9.2253333967604085
17.240000000000002, 14914.493396241016, 8543.8786847130486, 820.53023375749899, 402.60124779858063, -8.8210883097028727, -23.716008841807916, 14901.39007581262, 8551.0784250150718, 814.8045618790652, 405.49030599174841, -11.329449780067019, -22.578598550699517, 16387.999823293656, 12686.02808908857, 486.26085932129808, 503.53786023705578, 0, 0, 9.215333396760407
17.25, 14922.697362783489, 8547.9011065908853, 820.4411807506815, 402.36187445531868, -8.9053006817448974, -23.937334326192353, 14909.536406742682, 8555.1299091885667, 814.69024929710179, 405.26238023022603, -11.431258196337364, -22.792576152239633, 16392.862431886868, 12691.063467690939, 486.26085932129808, 503.53786023705578, 0, 0, 9.205333396760409
17.260000000000002, 14930.900454417224, 8551.9211663580318, 820.35316916590455, 402.1246092949296, -8.8011584776989835, -23.726516038911221, 14917.681610773898, 8559.1791453148635, 814.57701851337856, 405.0365351632567, -11.323078372317594, -22.584506696931395, 16397.72504048008, 12696.098846293309, 486.26085932129808, 503.53786023705578, 0, 0, 9.1953333967604074
17.27, 14939.102653330709, 8555.9388202840673, 820.26431728761725, 401.88513150067206, -8.8851878287270551, -23.947779425751975, 14925.825667245754, 8563.2260909045726, 814.46277096155404, 404.80855103503995, -11.424755182447651, -22.798412821675687, 16402.587649073292, 12701.134224895679, 486.26085932129808, 503.53786023705578, 0, 0, 9.1853333967604094
17.280000000000001, 14947.303979327351, 8559.9541110554383, 820.17650553874819, 401.64776192499079, -8.7811748869088451, -23.736957568128439, 14933.968597455665, 8567.270787860738, 814.34960431456796, 404.58264742274872, -11.316664698607021, -22.590361229124127, 16407.450257666504, 12706.169603498049, 486.26085932129808, 503.53786023705578, 0, 0, 9.1753333967604078
17.289999999999999, 14955.504414629353, 8563.9669949504387, 820.08785531310355, 401.40818030835391, -8.8650225644663099, -23.958161663688095, 14942.110380767115, 8571.3131937051567, 814.23542220157458, 404.354605435493, -11.418211299339076, -22.804198725571791, 16412.312866259716, 12711.204982100418, 486.26085932129808, 503.53786023705578, 0, 0, 9.1653333967604098
17.300000000000001, 14963.703979011751, 8567.9775146533393, 820.000243930907, 401.17070696280541, -8.7611382196597205, -23.74733455484829, 14950.251038457718, 8575.3533503350154, 814.12232010740206, 404.12864380239836, -11.310209417252139, -22.596163309466618, 16417.175474852927, 12716.240360702788, 486.26085932129808, 503.53786023705578, 0, 0, 9.1553333967604082
17.309999999999999, 14971.902654730229, 8571.9856264506507, 819.91179587551665, 400.93102214174473, -8.8448055390391858, -23.968482106065395, 14958.390549914717, 8579.3912152827943, 814.00820383567907, 403.9005444527258, -11.411627172304806, -22.809934967255568, 16422.038083446139, 12721.275739305158, 486.26085932129808, 503.53786023705578, 0, 0, 9.1453333967604102
17.32, 14980.100461531612, 8575.9913730248518, 819.82438538405518, 400.69344566067264, -8.7410491461483257, -23.757648107210454, 14966.528936396096, 8583.4268304402085, 813.89516670392436, 403.67452531190196, -11.30371317546971, -22.601914082382272, 16426.900692039351, 12726.311117907528, 486.26085932129808, 503.53786023705578, 0, 0, 9.1353333967604087
17.330000000000002, 14988.297381704844, 8579.9947106701875, 819.73614001014573, 400.45365824264672, -8.8245373909433216, -23.978741802589774, 14974.666177312623, 8587.4601533499317, 813.78111666976361, 403.4463690855701, -11.405003416075228, -22.815622633185335, 16431.763300632563, 12731.346496509897, 486.26085932129808, 503.53786023705578, 0, 0, 9.1253333967604071
17.34, 14996.493434968697, 8583.9956820677162, 819.64893092689954, 400.21597924948333, -8.7209083246209129, -23.767899316339339, 14982.802293902829, 8591.491225898586, 813.66814490366824, 403.22029293882235, -11.297176609536567, -22.607614674775828, 16436.625909225775, 12736.381875112267, 486.26085932129808, 503.53786023705578, 0, 0, 9.1153333967604091
17.350000000000001, 15004.688603645154, 8587.9942435189423, 819.5608887394269, 399.97608983161501, -8.8042187472693154, -23.988941786829944, 14990.937265600771, 8595.5200056385547, 813.55416149731855, 402.99208031089051, -11.398340634970316, -22.821262793184459, 16441.488517818987, 12741.417253714637, 486.26085932129808, 503.53786023705578, 0, 0, 9.1053333967604075
17.359999999999999, 15012.882907425088, 8591.9904377038692, 819.4738815754115, 399.73830893904943, -8.7007164015444332, -23.778089256559909, 14999.071113625692, 8599.5465344517343, 813.44125549386911, 402.76594764892792, -11.290600344940353, -22.61326619626227, 16446.351126412199, 12746.452632317007, 486.26085932129808, 503.53786023705578, 0, 0, 9.0953333967604095
17.370000000000001, 15021.076328663308, 8595.984220930799, 819.3860430731728, 399.49831810828522, -8.7838502238640572, -23.999083076421865, 15007.203817434718, 8603.5707698997485, 813.32733909963872, 402.53767908392132, -11.391639423043038, -22.826856500658685, 16451.213735005411, 12751.488010919376, 486.26085932129808, 503.53786023705578, 0, 0, 9.085333396760408
17.379999999999999, 15029.268887022938, 8599.9756358790346, 819.29923833305497, 399.26043591842904, -8.680474011777747, -23.78821898561602, 15015.335398227964, 8607.5927538601263, 813.21449924967339, 402.31149038652734, -11.283984996530876, -22.618869739398043, 16456.076343598623, 12756.523389521746, 486.26085932129808, 503.53786023705578, 0, 0, 9.07533339676041
17.390000000000001, 15037.460564891404, 8603.9646388632173, 819.21160400880001, 399.02034425169626, -8.7634324254941323, -24.00916667327574, 15023.465835485405, 8611.6124439032719, 813.10065024603114, 402.0831663385992, -11.38490036422337, -22.832404792815641, 16460.938952191835, 12761.558768124116, 486.26085932129808, 503.53786023705578, 0, 0, 9.0653333967604084
17.400000000000002, 15045.651381904225, 8607.9512725623026, 819.12500219101264, 398.78236135624735, -8.6601817787425155, -23.798289544890586, 15031.59515038819, 8615.6298819027015, 812.9878769343444, 401.85692207480008, -11.277331168671649, -22.624426379913668, 16465.801560785047, 12766.594146726486, 486.26085932129808, 503.53786023705578, 0, 0, 9.0553333967604068
17.41, 15053.841320481242, 8611.9354932968308, 819.03757253155254, 398.54216942060953, -8.7429659460088889, -24.019193563784604, 15039.723322438927, 8619.6450254371466, 812.87409569401973, 401.62854298789125, -11.378124032462459, -22.837908690885694, 16470.664169378259, 12771.629525328855, 486.26085932129808, 503.53786023705578, 0, 0, 9.0453333967604088
17.420000000000002, 15062.030400230511, 8615.917343745743, 818.95117412840671, 398.30408640101348, -8.6398403145831644, -23.808301959602801, 15047.850372799949, 8623.6579163764491, 812.76138929946592, 401.40224361612201, -11.270639455379744, -22.629937176923757, 16475.52677797147, 12776.664903931225, 486.26085932129808, 503.53786023705578, 0, 0, 9.0353333967604073
17.43, 15070.218603604089, 8619.8967802350453, 818.86394961472172, 398.06379475382334, -8.7224513684931182, -24.02916471901122, 15055.976280996294, 8627.6685123072311, 812.64767618954727, 401.17380992411881, -11.371310991865698, -22.84336920032132, 16480.389386564682, 12781.700282533595, 486.26085932129808, 503.53786023705578, 0, 0, 9.0253333967604092
17.440000000000001, 15078.405950182703, 8623.8738454439972, 818.77775511251832, 397.82561218143309, -8.619450220334711, -23.818257239026046, 15064.101068171623, 8631.6768550959969, 812.53503708514256, 400.94745589238727, -11.263910440474991, -22.63540317315692, 16485.251995157894, 12786.735661135965, 486.26085932129808, 503.53786023705578, 0, 0, 9.0153333967604077
17.449999999999999, 15086.592422450438, 8627.8484957036471, 818.69073621986399, 397.58522137048413, -8.7018892654272229, -24.039081094894577, 15072.224713873205, 8635.6829023368246, 812.4213924671742, 400.7189680192771, -11.364461796834672, -22.848787311015371, 16490.114603751106, 12791.771039738334, 486.26085932129808, 503.53786023705578, 0, 0, 9.0053333967604097
17.460000000000001, 15094.778039960824, 8631.8207736938948, 818.60474609900325, 397.34693980671733, -8.5990120860797763, -23.82815637668299, 15080.347239226172, 8639.6866958932078, 812.308821020197, 400.4925597653255, -11.257144697717557, -22.640825395163127, 16494.977212344318, 12796.806418340704, 486.26085932129808, 503.53786023705578, 0, 0, 8.9953333967604081
17.469999999999999, 15102.962785229784, 8635.790635750418, 818.51793329701491, 397.10645037039296, -8.6812801988370651, -24.048943632434771, 15088.468623799825, 8643.6881933662607, 812.19524525027498, 400.2640181253505, -11.357576992198057, -22.854163997497952, 16499.83982093753, 12801.841796943074, 486.26085932129808, 503.53786023705578, 0, 0, 8.9853333967604101
17.48, 15111.14667778378, 8639.7581245540696, 818.4321480321039, 396.86807036688754, -8.5785264911049683, -23.838000350541552, 15096.58888870091, 8647.6874366167867, 812.08274182236551, 400.03755607681529, -11.250342790945357, -22.646204853521713, 16504.702429530742, 12806.877175545444, 486.26085932129808, 503.53786023705578, 0, 0, 8.9753333967604085
17.490000000000002, 15119.329700170392, 8643.7231964447492, 818.34554178489941, 396.62748283430875, -8.6606247204432556, -24.058753257878685, 15104.708013520567, 8651.6843832525228, 811.96923525123213, 399.80896107462394, -11.350657113342367, -22.859500219133885, 16509.565038123954, 12811.912554147813, 486.26085932129808, 503.53786023705578, 0, 0, 8.965333396760407
17.5, 15127.511871889141, 8647.6858941045739, 818.25996184485882, 396.38900493307648, -8.5579940040640583, -23.847790123229046, 15112.826019347289, 8655.6790751318877, 811.85680019848996, 399.58244564919329, -11.243505274219583, -22.651542543066796, 16514.427646717166, 12816.947932750183, 486.26085932129808, 503.53786023705578, 0, 0, 8.955333396760409
17.510000000000002, 15135.693175519084, 8651.6461738772723, 818.17356261114071, 396.14831982424727, -8.6399233718168329, -24.068510882922929, 15120.942885793871, 8659.6714698688411, 811.74336317162647, 399.3537976799899, -11.343702686350408, -22.864796920336712, 16519.290255310378, 12821.983311352553, 486.26085932129808, 503.53786023705578, 0, 0, 8.9453333967604074
17.52, 15143.873630532917, 8655.6040784465185, 818.08818845930944, 395.90974455782521, -8.5374151831226275, -23.857526642205375, 15129.058633930683, 8663.6616093197244, 811.63099684470694, 399.12722928555917, -11.236632691949973, -22.656839443072524, 16524.15286390359, 12827.018689954923, 486.26085932129808, 503.53786023705578, 0, 0, 8.9353333967604094
17.530000000000001, 15152.053219541007, 8659.5595641594864, 818.00199669246422, 395.66896238377643, -8.6191766845173881, -24.078217404877943, 15137.173243391995, 8667.6494511043256, 811.51762970242578, 398.89852873525172, -11.33671422812048, -22.87005503074457, 16529.015472496802, 12832.054068557292, 486.26085932129808, 503.53786023705578, 0, 0, 8.9253333967604078
17.539999999999999, 15160.231961989346, 8663.5126737016981, 817.91682878670304, 395.43029027537676, -8.5167905761157794, -23.867210839968934, 15145.286735230182, 8671.6350370771997, 811.40533244663538, 398.67190777007704, -11.229725579035208, -22.662096517469973, 16533.878081090013, 12837.089447159662, 486.26085932129808, 503.53786023705578, 0, 0, 8.9153333967604098
17.550000000000001, 15168.409840519436, 8667.463363423396, 817.8308449349006, 395.18941153830815, -8.5983851802435662, -24.087873706863117, 15153.399089100811, 8675.6183248635807, 811.29203552417039, 398.4431550154228, -11.329692246499945, -22.8752754654261, 16538.740689683225, 12842.124825762032, 486.26085932129808, 503.53786023705578, 0, 0, 8.9053333967604082
17.559999999999999, 15176.586874550678, 8671.4116760122342, 817.74588372769369, 394.95064310196585, -8.4961207206907847, -23.876843634229513, 15161.510326038384, 8679.5993563165284, 811.17980767956055, 398.21648186827247, -11.222784460986889, -22.667314715031605, 16543.603298276437, 12847.160204364402, 486.26085932129808, 503.53786023705578, 0, 0, 8.8953333967604102
17.57, 15184.763046755548, 8675.3575678211546, 817.66010823398403, 394.70966829538617, -8.5775493709692405, -24.097480657970603, 15169.620425719593, 8683.5780890663427, 811.06658130715653, 397.98767727702193, -11.322637240403207, -22.880459125055552, 16548.465906869649, 12852.195582966771, 486.26085932129808, 503.53786023705578, 0, 0, 8.8853333967604087
17.580000000000002, 15192.938376526967, 8679.3010815402195, 817.57535417253951, 394.47080403610516, -8.4754061444568922, -23.886425928100135, 15177.729409161188, 8687.5545649648684, 810.95442320861594, 397.76095232732621, -11.215809854062044, -22.67249496957394, 16553.328515462861, 12857.230961569141, 486.26085932129808, 503.53786023705578, 0, 0, 8.8753333967604071
17.59, 15201.112846568229, 8683.2421735247135, 817.48978747494868, 394.22973364497068, -8.5566697590865157, -24.107039113447108, 15185.837256060819, 8691.5287416471074, 810.84126771161652, 397.53209625836513, -11.315549699937781, -22.885606896105219, 16558.191124056073, 12862.266340171511, 486.26085932129808, 503.53786023705578, 0, 0, 8.8653333967604091
17.600000000000001, 15209.286476245874, 8687.1808864673712, 817.40524100129744, 393.99077405886794, -8.4546473651272009, -23.89595861027242, 15193.943987417595, 8695.5006609639604, 810.72917968896263, 397.30531987636368, -11.20880226538719, -22.677638200143942, 16563.053732649285, 12867.301718773881, 486.26085932129808, 503.53786023705578, 0, 0, 8.8553333967604075
17.609999999999999, 15217.459248293861, 8691.1171767254727, 817.31988353292206, 393.74960855971932, -8.5357468375411454, -24.116549914860027, 15202.049582949969, 8699.4702805547768, 810.61609538789742, 397.07641267985343, -11.308430106522342, -22.890719651022348, 16567.916341242497, 12872.33709737625, 486.26085932129808, 503.53786023705578, 0, 0, 8.8453333967604095
17.620000000000001, 15225.631182052457, 8695.0510869946866, 817.23554508401537, 393.51055413416731, -8.4338448906643624, -23.905442555203077, 15210.154063639518, 8703.4376422697787, 810.5040777659666, 396.84958522674128, -11.201762193087172, -22.682745311216021, 16572.778949835709, 12877.37247597862, 486.26085932129808, 503.53786023705578, 0, 0, 8.835333396760408
17.629999999999999, 15233.802260286133, 8698.9825736339444, 817.15039727311569, 393.26929399526455, -8.5147810899716294, -24.126013890274233, 15218.257409225338, 8707.4027037523083, 810.39106497663647, 396.62062724425709, -11.301278933009316, -22.895798248416195, 16577.641558428921, 12882.40785458099, 486.26085932129808, 503.53786023705578, 0, 0, 8.82533339676041
17.640000000000001, 15241.972502308981, 8702.9116793421035, 817.06626728092158, 393.03014520903179, -8.4129992194158749, -23.914878623278014, 15226.359640671586, 8711.3655068521712, 810.27911807537248, 396.39374907232843, -11.19469012640273, -22.687817192866927, 16582.504167022133, 12887.44323318336, 486.26085932129808, 503.53786023705578, 0, 0, 8.8153333967604084
17.650000000000002, 15250.141890915842, 8706.8383604794162, 816.98132955101323, 392.78879089048769, -8.4937729908383659, -24.135431854407475, 15234.460737737843, 8715.3260092163637, 810.16617710893456, 396.16474063699621, -11.294096643796745, -22.900843533224034, 16587.366775615345, 12892.478611785729, 486.26085932129808, 503.53786023705578, 0, 0, 8.8053333967604068
17.66, 15258.310445394725, 8710.7626597481722, 816.89740844261064, 392.5495482138777, -8.392110840257395, -23.924267660997405, 15242.56072137095, 8719.284252694526, 810.0543012434764, 395.93781208978652, -11.187586545817599, -22.692854720970907, 16592.229384208556, 12897.513990388099, 486.26085932129808, 503.53786023705578, 0, 0, 8.7953333967604088
17.670000000000002, 15266.478148570701, 8714.6845335096205, 816.81268121255505, 392.30810016778963, -8.4727230055604537, -24.144804608805799, 15250.65957135083, 8723.2401949369741, 809.94143240652693, 395.70875352641758, -11.286883694949225, -22.905856336896438, 16597.091992801768, 12902.549368990469, 486.26085932129808, 503.53786023705578, 0, 0, 8.7853333967604073
17.68, 15274.645019705791, 8718.6040244697233, 816.72896941022782, 392.06876406277826, -8.3711802327253402, -23.933610501137519, 15258.757308607108, 8727.1938777934247, 809.82962788729515, 395.48177493884384, -11.180451923173941, -22.697858757371943, 16601.95460139498, 12907.584747592839, 486.26085932129808, 503.53786023705578, 0, 0, 8.7753333967604092
17.690000000000001, 15282.811041655155, 8722.5210889904101, 816.64445309432142, 391.82722273335827, -8.4516315906422861, -24.15413294199686, 15266.853912939901, 8731.1452589171913, 809.71683148195211, 395.25266656406825, -11.279640534307747, -22.910837477560797, 16606.817209988192, 12912.620126195208, 486.26085932129808, 503.53786023705578, 0, 0, 8.7653333967604077
17.699999999999999, 15290.976233654919, 8726.4357697815485, 816.56095101564995, 391.58779365372908, -8.3502078671512141, -23.942907962918643, 15274.949405261712, 8735.0943801583089, 809.60509861473417, 395.02563826256761, -11.173286721790195, -22.7028301500617, 16611.679818581404, 12917.655504797578, 486.26085932129808, 503.53786023705578, 0, 0, 8.7553333967604097
17.710000000000001, 15299.140578590197, 8730.3480232054408, 816.47664602371196, 391.34615947743259, -8.4304991938017952, -24.163417629649029, 15283.043765392718, 8739.0411991727706, 809.49237493871817, 394.79648038496572, -11.272367601601836, -22.915787760190234, 16616.542427174616, 12922.690883399948, 486.26085932129808, 503.53786023705578, 0, 0, 8.7453333967604081
17.719999999999999, 15307.304095671303, 8734.2578919760872, 816.39335408166403, 391.10663786891092, -8.3291942047929091, -23.952160852167818, 15291.137014228396, 8742.9857578111605, 809.38071402475236, 394.56940268763219, -11.166091396575963, -22.707769733352251, 16621.405035767828, 12927.726262002318, 486.26085932129808, 503.53786023705578, 0, 0, 8.7353333967604101
17.73, 15315.466767813181, 8738.1653324558611, 816.3092608191231, 390.86491127456367, -8.4093262540958307, -24.172659434725592, 15299.229131608845, 8746.9280137318401, 809.26806337146672, 394.34019560786453, -11.265065328558867, -22.920707976767581, 16626.26764436104, 12932.761640604687, 486.26085932129808, 503.53786023705578, 0, 0, 8.7253333967604085
17.740000000000002, 15323.628614200417, 8742.0703873631119, 816.22617942214345, 390.62529757494889, -8.3081396979643252, -23.961369961479502, 15307.3201384126, 8750.8680087861703, 809.15647470752526, 394.11306882458405, -11.15886639414537, -22.712678328046472, 16631.130252954252, 12937.797019207057, 486.26085932129808, 503.53786023705578, 0, 0, 8.715333396760407
17.75, 15331.789617777658, 8745.9730130599946, 816.14229829012299, 390.38347898387252, -8.3881132020438791, -24.181859107636949, 15315.410014499555, 8754.8057006345807, 809.04389736613518, 393.88381283551956, -11.257734139011946, -22.925598906447149, 16635.992861547464, 12942.832397809427, 486.26085932129808, 503.53786023705578, 0, 0, 8.705333396760409
17.760000000000002, 15339.949797703841, 8749.8732522694227, 816.05942784222134, 390.14377362316878, -8.2870447901642912, -23.970536070376568, 15323.498780731394, 8758.7411311294254, 808.93238124460584, 393.65663726810345, -11.151612152930129, -22.717556741608618, 16640.855470140676, 12947.867776411797, 486.26085932129808, 503.53786023705578, 0, 0, 8.6953333967604074
17.77, 15348.109136953193, 8753.7710613530471, 815.97575923762383, 389.90186344930487, -8.3668604597511855, -24.191017386393177, 15331.586416987673, 8762.6742579329093, 808.81987750011581, 393.42733265494627, -11.250374449007484, -22.930461315716638, 16645.718078733888, 12952.903155014166, 486.26085932129808, 503.53786023705578, 0, 0, 8.6853333967604094
17.780000000000001, 15356.267654659083, 8757.6664830385489, 815.89310013846182, 389.66206684985019, -8.2659099162033574, -23.979659945468075, 15339.672944113308, 8766.6051228985943, 808.70843420908295, 393.20010859726295, -11.144329103290572, -22.722405768331548, 16650.580687327099, 12957.938533616536, 486.26085932129808, 503.53786023705578, 0, 0, 8.6753333967604078
17.789999999999999, 15364.425333825202, 8761.559473686797, 815.80964445405152, 389.42006549988264, -8.3455684410297906, -24.200134996753516, 15347.758342007399, 8770.5336836901733, 808.59600434241383, 392.97075563767737, -11.242986666910866, -22.935295958555905, 16655.443295920311, 12962.973912218906, 486.26085932129808, 503.53786023705578, 0, 0, 8.6653333967604098
17.800000000000001, 15372.582193559418, 8765.4500760304454, 815.72719709902822, 389.18017807647647, -8.2447355023329543, -23.988742340614774, 15355.842631498173, 8774.4599821626216, 808.48463416573759, 392.74348337578226, -11.137017667629838, -22.727226189511192, 16660.305904513523, 12968.009290821275, 486.26085932129808, 503.53786023705578, 0, 0, 8.6553333967604082
17.809999999999999, 15380.738216894775, 8769.3382464293118, 815.64395472351305, 388.93808594995261, -8.3242375515218363, -24.209212652383204, 15363.925792504151, 8778.3839759808434, 808.37227845380244, 392.51408234001622, -11.23557119351509, -22.940103576602592, 16665.168513106735, 12973.044669423645, 486.26085932129808, 503.53786023705578, 0, 0, 8.6453333967604102
17.82, 15388.893422913716, 8773.2240276212124, 815.56171950384942, 388.69810810998194, -8.2235219663613286, -23.997783997064754, 15372.00784583695, 8782.3057070014274, 808.26098167119756, 392.28676215228029, -11.129678260493462, -22.732018773591818, 16670.031121699947, 12978.080048026015, 486.26085932129808, 503.53786023705578, 0, 0, 8.6353333967604087
17.830000000000002, 15397.047794678527, 8777.1073759646533, 815.47869082196132, 388.45592559943213, -8.3028681888103026, -24.218251054981959, 15380.088771434399, 8786.2251328902148, 808.1487003869762, 392.0573133032874, -11.228128422135555, -22.94488489929001, 16674.893730293159, 12983.115426628385, 486.26085932129808, 503.53786023705578, 0, 0, 8.6253333967604071
17.84, 15405.201351246289, 8780.9883342028006, 815.39666812478356, 388.21585774299615, -8.2022697177723263, -24.006785643597699, 15388.168590091575, 8790.1422955056059, 808.0374772740895, 391.82994546052419, -11.122311288672583, -22.736784276319412, 16679.756338886371, 12988.150805230754, 486.26085932129808, 503.53786023705578, 0, 0, 8.6153333967604091
17.850000000000001, 15413.354075708425, 8784.866858692596, 815.31385351735821, 387.97358523405194, -8.2814607425324507, -24.227250894420621, 15396.247281765505, 8794.0571525141149, 807.92527068670245, 391.60044905408427, -11.220658738708277, -22.949640643992737, 16684.618947479583, 12993.186183833124, 486.26085932129808, 503.53786023705578, 0, 0, 8.6053333967604075
17.859999999999999, 15421.505987096725, 8788.742992182737, 815.2320437257797, 387.73342775408503, -8.1809791578514162, -24.015747996688308, 15404.3248672348, 8797.9697457761395, 807.8141215151893, 391.37303381967513, -11.114917151315769, -22.741523440913564, 16689.481556072795, 12998.221562435494, 486.26085932129808, 503.53786023705578, 0, 0, 8.5953333967604095
17.870000000000001, 15429.657068531644, 8792.61669102835, 815.14944356983472, 387.49106562559609, -8.2600155945001124, -24.236212848896063, 15412.401326475574, 8801.8800329586084, 807.70198988997038, 391.14349010451321, -11.213162521896292, -22.954371516189816, 16694.344164666007, 13003.256941037864, 486.26085932129808, 503.53786023705578, 0, 0, 8.585333396760408
17.879999999999999, 15437.807339019741, 8796.4879979838424, 815.06784706303665, 387.25081890798958, -8.1596506798032458, -24.024671760651348, 15420.476680250038, 8805.7880559241039, 807.59091492757011, 390.91602773453099, -11.10749624003167, -22.746236998221264, 16699.206773259219, 13008.292319640233, 486.26085932129808, 503.53786023705578, 0, 0, 8.57533339676041
17.890000000000001, 15445.956781710403, 8800.3568694022852, 814.98546173184855, 387.00836753213889, -8.238533118811965, -24.245137585068584, 15428.550908553292, 8809.6937723397186, 807.4788585261382, 390.68643695243486, -11.205640143187342, -22.959078209610738, 16704.069381852431, 13013.327698242603, 486.26085932129808, 503.53786023705578, 0, 0, 8.5653333967604084
17.900000000000002, 15454.105415585022, 8804.2233480439627, 814.90407888515995, 386.76803195586109, -8.1382846688646246, -24.033557627777419, 15436.624032131213, 8813.5972240703923, 807.36785803674832, 390.45892769576625, -11.100048938986836, -22.750925666861392, 16708.931990445642, 13018.363076844973, 486.26085932129808, 503.53786023705578, 0, 0, 8.5553333967604068
17.91, 15462.253223821821, 8808.0873902596577, 814.82190874834032, 386.52549169827921, -8.2170136819614186, -24.254025758190526, 15444.696030997786, 8817.4983687831391, 807.2558771170784, 390.22929008170252, -11.198091966986965, -22.963761406372601, 16713.794599038854, 13023.398455447343, 486.26085932129808, 503.53786023705578, 0, 0, 8.5453333967604088
17.920000000000002, 15470.40022537708, 8811.9490388156992, 814.74073993331615, 386.2850676354945, -8.1168815024183036, -24.04240627847232, 15452.766925882614, 8821.3972483454327, 807.14495136082837, 390.0017341801688, -11.092575625004832, -22.755590153372623, 16718.657207632066, 13028.433834049712, 486.26085932129808, 503.53786023705578, 0, 0, 8.5353333967604073
17.93, 15478.546403457767, 8815.8082500603523, 814.65878535688671, 386.0424388553721, -8.1954576429453052, -24.262878012238321, 15460.836696818469, 8825.2938204239672, 807.03304617732124, 389.7720499623976, -11.19051835071283, -22.968421777120525, 16723.519816225278, 13033.469212652082, 486.26085932129808, 503.53786023705578, 0, 0, 8.5253333967604092
17.940000000000001, 15486.691776995103, 8819.6650667661488, 814.57783094138563, 385.80192667155808, -8.0954415501079477, -24.051218381401085, 15468.905364518741, 8829.1881268889192, 806.92219541064458, 389.54444765087396, -11.085076667667098, -22.760231152365613, 16728.38242481849, 13038.504591254452, 486.26085932129808, 503.53786023705578, 0, 0, 8.5153333967604077
17.949999999999999, 15494.836329224714, 8823.5194452786182, 814.49609228785187, 385.55920972175761, -8.1738653533736372, -24.271694980048956, 15476.972909034901, 8833.0801254064299, 806.81036621419571, 389.31471705106225, -11.182919644890704, -22.973059981172103, 16733.245033411702, 13043.539969856822, 486.26085932129808, 503.53786023705578, 0, 0, 8.5053333967604097
17.960000000000001, 15502.980079052817, 8827.3714283766458, 814.4153526361124, 385.31860977582147, -8.0739651739454601, -24.059994593615258, 15485.039351064179, 8836.969857849539, 806.6995906899017, 389.08706855759567, -11.07755242940549, -22.764849346658693, 16738.107642004914, 13048.575348459191, 486.26085932129808, 503.53786023705578, 0, 0, 8.4953333967604081
17.969999999999999, 15511.123009743604, 8831.2209724028107, 814.33383026453669, 385.07580500298707, -8.1522371575721522, -24.280477283440533, 15493.104670676648, 8840.8572818836146, 806.58783772796926, 388.8572917909292, -11.175296193242538, -22.977676666646222, 16742.970250598126, 13053.610727061561, 486.26085932129808, 503.53786023705578, 0, 0, 8.4853333967604101
17.98, 15519.265140178341, 8835.0681201425068, 814.25330573725239, 384.83511764738006, -8.0524527284264771, -24.068735560701537, 15501.168888553439, 8844.7424393847123, 806.47713769531322, 388.62959733685483, -11.070003265604459, -22.769445407434198, 16747.832859191338, 13058.646105663931, 486.26085932129808, 503.53786023705578, 0, 0, 8.4753333967604085
17.990000000000002, 15527.406453649704, 8838.9128279351498, 814.17200000332548, 384.59222539204654, -8.1305733926925718, -24.289225533353132, 15509.231984783142, 8848.6252880172106, 806.36546121198535, 388.39977461214869, -11.167648332783683, -22.982272470611466, 16752.69546778455, 13063.681484266301, 486.26085932129808, 503.53786023705578, 0, 0, 8.465333396760407
18, 15535.546969014054, 8842.755138572782, 814.09169095771915, 384.3514509728775, -8.0309045606351646, -24.077441916906348, 15517.293980030834, 8852.5058696603337, 806.25483691673844, 388.17203441220499, -11.062429524691474, -22.774019994371159, 16757.558076377762, 13068.71686286867, 486.26085932129808, 503.53786023705578, 0, 0, 8.455333396760409
18.010000000000002, 15543.686669592473, 8846.5950083914613, 814.01060221383102, 384.10847156957783, -8.1088743888127119, -24.297940329966803, 15525.354854403542, 8856.3841419772525, 806.14323715279932, 387.94216593201287, -11.159976393908972, -22.986848019212069, 16762.420684970974, 13073.75224147104, 486.26085932129808, 503.53786023705578, 0, 0, 8.4453333967604074
18.02, 15551.82557421646, 8850.4324801900148, 813.93050900372748, 383.86761042672515, -8.0093210103507886, -24.086114285266213, 15533.414628550338, 8860.260146850509, 806.03268883731698, 387.71438019445503, -11.054831548229785, -22.778573755783466, 16767.283293564185, 13078.78762007341, 486.26085932129808, 503.53786023705578, 0, 0, 8.4353333967604094
18.030000000000001, 15559.963666235428, 8854.2675103009424, 813.84963759903712, 383.62454420409688, -8.0871404690382747, -24.306622262825098, 15541.473282596606, 8864.1338419418644, 805.92116603031218, 387.48446615517702, -11.152280700480981, -22.991403927799066, 16772.145902157397, 13083.82299867578, 486.26085932129808, 503.53786023705578, 0, 0, 8.4253333967604078
18.039999999999999, 15568.100964456056, 8858.1001415299925, 813.76976057493562, 383.38359667131942, -7.9877024101560341, -24.094753277744093, 15549.530837175458, 8868.0052691373166, 805.81069393360201, 387.25663508188939, -11.047209671013556, -22.783107328763656, 16777.008510750609, 13088.858377278149, 486.26085932129808, 503.53786023705578, 0, 0, 8.4153333967604098
18.050000000000001, 15576.237452256013, 8861.9303302059197, 813.6891068554396, 383.14044395220981, -8.0653719496062752, -24.315271910964231, 15557.587272430559, 8871.8743860970153, 805.69924831790286, 387.02667567387874, -11.14456156992058, -22.995940801066805, 16781.871119343821, 13093.893755880519, 486.26085932129808, 503.53786023705578, 0, 0, 8.4053333967604082
18.059999999999999, 15584.373148417204, 8865.7581191415175, 813.60944636458419, 382.89941035725627, -7.9660490855386108, -24.103359495351015, 15565.642608979106, 8875.7412347105528, 805.58885267569133, 386.79879946048561, -11.039564221155718, -22.787621339312224, 16786.733727937033, 13098.929134482889, 486.26085932129808, 503.53786023705578, 0, 0, 8.3953333967604102
18.07, 15592.508036345478, 8869.5834646616131, 813.52901067318442, 382.65617145882601, -8.0435691399821359, -24.323889843028308, 15573.696826982965, 8879.6057726362724, 805.47748448255845, 386.56879486815387, -11.136819313290536, -23.000459233175672, 16791.596336530245, 13103.964513085259, 486.26085932129808, 503.53786023705578, 0, 0, 8.3853333967604087
18.080000000000002, 15600.642134798007, 8873.4064095861722, 813.44956705963455, 382.41505212354332, -7.9443613549926546, -24.1119335282687, 15581.749947043463, 8883.4680417674936, 805.36716552735675, 386.34087370412919, -11.031895520175883, -22.792116402467705, 16796.458945123457, 13108.999891687628, 486.26085932129808, 503.53786023705578, 0, 0, 8.3753333967604071
18.09, 15608.775427208751, 8877.2269102359151, 813.36934973620498, 382.17172735736949, -8.0217323429565219, -24.33247661738551, 15589.801949340601, 8887.3279997605641, 805.25587498500295, 386.11082410605042, -11.129054235379192, -23.004959807875583, 16801.321553716669, 13114.035270289998, 486.26085932129808, 503.53786023705578, 0, 0, 8.3653333967604091
18.100000000000001, 15616.907932310183, 8881.0450094380958, 813.29012334090385, 381.93052259780978, -7.9226395301177419, -24.120475955967951, 15597.852854459868, 8891.1856885126563, 805.1456329461721, 385.88285817482608, -11.024203883085914, -22.796593122432459, 16806.184162309881, 13119.070648892368, 486.26085932129808, 503.53786023705578, 0, 0, 8.3553333967604075
18.109999999999999, 15625.039633564314, 8884.8606635091564, 813.21012472235645, 381.68711226998738, -7.9998618547399429, -24.341032782240195, 15605.902642599334, 8895.0410656779404, 805.0344202798243, 385.65276374383984, -11.121266634781911, -23.009443098625368, 16811.046770903093, 13124.106027494738, 486.26085932129808, 503.53786023705578, 0, 0, 8.3453333967604095
18.120000000000001, 15633.170549678951, 8888.6739152837545, 813.13111588319919, 381.44582239651396, -7.9008839157232087, -24.128987347341575, 15613.951334328689, 8898.8941731575651, 804.92425538363943, 385.42475322291273, -11.016489618481883, -22.801052092712453, 16815.909379496305, 13129.141406097107, 486.26085932129808, 503.53786023705578, 0, 0, 8.335333396760408
18.129999999999999, 15641.300664144088, 8892.4847210738881, 813.05133630354851, 381.20232680775638, -7.9779579650623873, -24.349558875758888, 15621.998909864005, 8902.7449686033433, 804.81312081559952, 385.19461412622547, -11.113456803988583, -23.0139096687255, 16820.771988089517, 13134.176784699477, 486.26085932129808, 503.53786023705578, 0, 0, 8.32533339676041
18.140000000000001, 15649.429995642902, 8896.2931237217272, 812.97254535544926, 380.9609521251482, -7.8790948099238758, -24.137468260817819, 15630.045389759207, 8906.5934939205217, 804.70303328531327, 384.9665591872631, -11.008753028626552, -22.80549389623792, 16825.634596682728, 13139.212163301847, 486.26085932129808, 503.53786023705578, 0, 0, 8.3153333967604084
18.150000000000002, 15657.558527693312, 8900.0990795346643, 812.89298514587665, 380.71737157088643, -7.9560209572647818, -24.358055426177735, 15638.090754248306, 8910.4397067583832, 804.59197703501866, 384.73637558654877, -11.105625029462146, -23.018360071432571, 16830.49720527594, 13144.247541904217, 486.26085932129808, 503.53786023705578, 0, 0, 8.3053333967604068
18.16, 15665.686278953895, 8903.9026313624872, 812.81441242083429, 380.47591237844154, -7.8572725042413518, -24.145919244489008, 15646.135023869494, 8914.2836490263835, 804.48196709092326, 384.50827639549379, -11.000994409538574, -22.809919105498587, 16835.359813869152, 13149.282920506586, 486.26085932129808, 503.53786023705578, 0, 0, 8.2953333967604088
18.170000000000002, 15673.813232970437, 8907.7037355078282, 812.73507190975033, 380.23224714892228, -7.9340511083957121, -24.366522951924363, 15654.178178874665, 8918.1252783711116, 804.37098937500605, 384.2780484469929, -11.097771591723458, -23.022794850087713, 16840.222422462364, 13154.318299108956, 486.26085932129808, 503.53786023705578, 0, 0, 8.2853333967604073
18.18, 15681.939408376942, 8911.5024348281913, 812.65671773691338, 379.99070374056009, -7.8354172836951683, -24.154340836216718, 15662.220239786308, 8921.9646367063397, 804.2610572344953, 384.04990516416632, -10.99321405107038, -22.814328282655985, 16845.085031055576, 13159.353677711326, 486.26085932129808, 503.53786023705578, 0, 0, 8.2753333967604092
18.190000000000001, 15690.064788747008, 8915.2986856213029, 812.5775972500204, 379.74695412094292, -7.9120486892985573, -24.374961961717528, 15670.261186874137, 8925.8016816758009, 804.150158266841, 383.81963301878409, -11.089896765425451, -23.027214538223173, 16849.947639648788, 13164.389056313696, 486.26085932129808, 503.53786023705578, 0, 0, 8.2653333967604077
18.199999999999999, 15698.189392690094, 8919.0925307524776, 812.49946195575137, 379.50532678530544, -7.8135294268985742, -24.162733563749864, 15678.30104064497, 8929.6364551976912, 804.04030414447107, 383.59144579898742, -10.985412236991721, -22.818721979668098, 16854.810248242, 13169.424434916065, 486.26085932129808, 503.53786023705578, 0, 0, 8.2553333967604097
18.210000000000001, 15706.313203807556, 8922.883926514387, 812.4205618161044, 379.26149305575865, -7.8900139647029635, -24.383372954678954, 15686.339781386292, 8933.4689149127316, 803.92948413627676, 383.36112960239063, -11.082000819432638, -23.031619659680629, 16859.672856835212, 13174.459813518435, 486.26085932129808, 503.53786023705578, 0, 0, 8.2453333967604081
18.219999999999999, 15714.436240684336, 8926.6729157802529, 812.34264572404288, 379.01978207631032, -7.7916092061498325, -24.171097944833139, 15694.377429589267, 8937.2991027436456, 803.81970824382608, 383.13289859500657, -10.977589245068371, -22.823100738404491, 16864.535465428424, 13179.495192120805, 486.26085932129808, 503.53786023705578, 0, 0, 8.2353333967604101
18.23, 15722.558486949498, 8930.4594548375535, 812.26396625210975, 378.77586451210595, -7.8679471933121237, -24.391756420436089, 15702.413965559103, 8941.126976327987, 803.70896740365708, 382.90253848771937, -11.074084016896037, -23.036010728720498, 16869.398074021636, 13184.530570723175, 486.26085932129808, 503.53786023705578, 0, 0, 8.2253333967604085
18.240000000000002, 15730.679961163485, 8934.2435865675016, 812.18626968323451, 378.5340701672327, -7.7696568875278968, -24.179434487327683, 15710.449409771338, 8944.9525775930997, 803.59926995018566, 382.67426383681163, -10.969745347146176, -22.827465090773213, 16874.260682614848, 13189.565949325544, 486.26085932129808, 503.53786023705578, 0, 0, 8.215333396760407
18.25, 15738.800646983023, 8938.0252672522474, 812.10781119695559, 378.29006903884033, -7.8458486278941191, -24.400112839236414, 15718.483742548848, 8948.7758641732307, 803.48860848403228, 382.4438599543102, -11.066146615333148, -23.040388250142364, 16879.12329120806, 13194.601327927914, 486.26085932129808, 503.53786023705578, 0, 0, 8.205333396760409
18.260000000000002, 15746.920562944084, 8941.804539781082, 812.03033446964582, 378.04819160194717, -7.7476727309822335, -24.187743689318857, 15726.516984351567, 8952.5968780004405, 803.37898967594003, 382.21554179872186, -10.961880809228713, -22.831815558834936, 16883.985899801271, 13199.636706530284, 486.26085932129808, 503.53786023705578, 0, 0, 8.1953333967604074
18.27, 15755.039692731003, 8945.5813604306986, 811.9520972844922, 377.80410717512666, -7.8237185153677808, -24.408442682049561, 15734.549115519996, 8956.4155767055199, 803.26840778727296, 381.98509427152794, -11.058188866701885, -23.044752719393344, 16888.848508394483, 13204.672085132654, 486.26085932129808, 503.53786023705578, 0, 0, 8.1853333967604094
18.280000000000001, 15763.158054855299, 8949.3557720985445, 811.874840714588, 377.5621469147344, -7.7256569904232144, -24.196026039226741, 15742.580156498485, 8960.2320022253371, 803.15886782835742, 381.75673274497876, -10.953995891555909, -22.836152654919623, 16893.711116987695, 13209.707463735023, 486.26085932129808, 503.53786023705578, 0, 0, 8.1753333967604078
18.289999999999999, 15771.275633028881, 8953.1277310557307, 811.79682514361912, 377.31797945062766, -7.8015570968890415, -24.416746410671973, 15750.610087645116, 8964.046112187094, 803.04836571818271, 381.52624169875196, -11.050211017475402, -23.049104622678829, 16898.573725580907, 13214.742842337393, 486.26085932129808, 503.53786023705578, 0, 0, 8.1653333967604098
18.300000000000001, 15779.392445738831, 8956.8972802079352, 811.71978904448099, 377.07593663046856, -7.703609913809105, -24.204282015909616, 15758.638929388671, 8967.8579485325499, 802.93890480969594, 381.29783692993459, -10.946090848679045, -22.840476881736233, 16903.436334174119, 13219.778220939763, 486.26085932129808, 503.53786023705578, 0, 0, 8.1553333967604082
18.309999999999999, 15787.508476724584, 8960.6643758205682, 811.6419953984016, 376.83168638569032, -7.7793646079340615, -24.425024477824934, 15766.666662104772, 8971.6674688851836, 802.82848267660881, 381.06730248556391, -11.042213308713494, -23.053444437066602, 16908.298942767331, 13224.813599542133, 486.26085932129808, 503.53786023705578, 0, 0, 8.1453333967604102
18.32, 15795.623744448807, 8964.4290608076117, 811.5651800809693, 376.58956126480263, -7.6815317432325267, -24.212512088767465, 15774.693306206649, 8975.474715191729, 802.71910101731351, 380.8388545982391, -10.938165929535471, -22.844788732482289, 16913.161551360543, 13229.848978144502, 486.26085932129808, 503.53786023705578, 0, 0, 8.1353333967604087
18.330000000000002, 15803.738232678425, 8968.1912914286604, 811.48760866818543, 376.34522849153012, -7.757141278381857, -24.433277327252636, 15782.718842087426, 8979.279645071816, 802.60875905755222, 380.60827687193319, -11.034195976133713, -23.057772630590851, 16918.024159953755, 13234.884356746872, 486.26085932129808, 503.53786023705578, 0, 0, 8.1253333967604071
18.34, 15811.8519598517, 8971.9511106060672, 811.41101444103538, 376.10302132435157, -7.6594227150110274, -24.220716717857147, 15790.743290144796, 8983.0823004772319, 802.4994568437769, 380.37978598502355, -10.930221377528332, -22.849088690964617, 16922.886768546967, 13239.919735349242, 486.26085932129808, 503.53786023705578, 0, 0, 8.1153333967604091
18.350000000000001, 15819.96490976301, 8975.7084745935008, 811.33366556770932, 375.85860627041325, -7.7348873326008132, -24.441505393831282, 15798.766630789345, 8986.8826390236336, 802.38919525127505, 380.14916508839985, -11.02615925018725, -23.062089662366773, 16927.749377140179, 13244.955113951612, 486.26085932129808, 503.53786023705578, 0, 0, 8.1053333967604075
18.359999999999999, 15828.077100826227, 8979.4634263217522, 811.25729273711158, 375.61631730687338, -7.637283059767924, -24.228896353984631, 15806.788884403244, 8990.6807026679326, 802.27997267696912, 379.9206313160829, -10.92225743059541, -22.853377231697685, 16932.611985733391, 13249.990492553981, 486.26085932129808, 503.53786023705578, 0, 0, 8.0953333967604095
18.370000000000001, 15836.188516863151, 8983.2159220384547, 811.18016670721636, 375.37182021583681, -7.7126029895259762, -24.44970910365647, 15814.81003141451, 8994.4764490216967, 802.16979164340785, 379.68996735625609, -11.018103356124481, -23.066395982683915, 16937.474594326603, 13255.025871156351, 486.26085932129808, 503.53786023705578, 0, 0, 8.085333396760408
18.379999999999999, 15844.299176263272, 8986.9660046828976, 811.10401557719115, 375.12944970144866, -7.6151130025183686, -24.237051438811619, 15822.830092189797, 8998.2699200470361, 802.06064890019502, 379.46139080805591, -10.914274321284271, -22.85765482001575, 16942.337202919814, 13260.061249758721, 486.26085932129808, 503.53786023705578, 0, 0, 8.07533339676041
18.390000000000001, 15852.409062875775, 8990.7136304965807, 811.02711269256372, 374.88487081270722, -7.6902884627412771, -24.457888874144182, 15830.849047174523, 9002.0610733513113, 801.95054861505434, 379.23068388772481, -11.01002851406648, -23.070692033112621, 16947.199811513026, 13265.096628361091, 486.26085932129808, 503.53786023705578, 0, 0, 8.0653333967604084
18.400000000000002, 15860.518195065786, 8994.4588424273461, 810.95118356493617, 374.64241898865777, -7.5929127627492834, -24.245182404948078, 15838.866916719831, 9005.849950901902, 801.84148589228619, 379.00206466860311, -10.906272276820596, -22.861921912171173, 16952.062420106238, 13270.13200696346, 486.26085932129808, 503.53786023705578, 0, 0, 8.0553333967604068
18.41, 15868.626556709842, 8998.2015967104653, 810.87450412533065, 374.39775853751661, -7.667943960555947, -24.466045114118444, 15846.883681288513, 9009.6365103018506, 801.73146654289553, 378.77131488613713, -11.001934939070091, -23.07497824659735, 16956.92502869945, 13275.16738556583, 486.26085932129808, 503.53786023705578, 0, 0, 8.0453333967604088
18.420000000000002, 15876.734166148712, 9001.9419363023899, 810.79879729978552, 374.15522564075593, -7.5706825545083554, -24.25328967606891, 15854.899361216214, 9013.4207935238683, 801.62248402770365, 378.54265309658257, -10.898251519187317, -22.866178955456068, 16961.787637292662, 13280.2027641682, 486.26085932129808, 503.53786023705578, 0, 0, 8.0353333967604073
18.43, 15884.841007286257, 9005.6798174320647, 810.72234160292464, 373.91048385851673, -7.6455696860895221, -24.474178223921886, 15862.913936983065, 9017.202758166577, 801.51254579929162, 378.31186054610686, -10.993822841203228, -23.079255047572158, 16966.650245885874, 13285.23814277057, 486.26085932129808, 503.53786023705578, 0, 0, 8.0253333967604092
18.440000000000001, 15892.947098438899, 9009.4152830645999, 810.64685737705986, 373.66787012184676, -7.5484225864798935, -24.261373666998914, 15870.927428909217, 9020.9824462080796, 801.40364367663972, 378.08315628222391, -10.890212265188836, -22.870426388292998, 16971.512854479086, 13290.273521372939, 486.26085932129808, 503.53786023705578, 0, 0, 8.0153333967604077
18.449999999999999, 15901.052423537794, 9013.1482894225283, 810.57062571868641, 373.42304723589177, -7.6231658373443727, -24.482288595496208, 15878.939817492121, 9024.7598152424744, 801.29378675238365, 377.85232105370346, -10.985692425606031, -23.083522852046762, 16976.375463072298, 13295.308899975309, 486.26085932129808, 503.53786023705578, 0, 0, 8.0053333967604097
18.460000000000001, 15909.157000875022, 9016.8788794796692, 810.49536438806581, 373.18035288805368, -7.5261330620657105, -24.269434783811622, 15886.951123036435, 9028.5349072533154, 801.18496520511849, 377.62357440730005, -10.882154726521325, -22.874664640338978, 16981.23807166551, 13300.344278577679, 486.26085932129808, 503.53786023705578, 0, 0, 7.9953333967604081
18.469999999999999, 15917.260814409012, 9020.6070094520583, 810.41935706199297, 372.93544912192891, -7.6007326072830033, -24.490376612475806, 15894.961326056902, 9032.307679830079, 801.07518976619292, 377.392696586623, -10.977543892557778, -23.087782067705273, 16986.100680258722, 13305.379657180049, 486.26085932129808, 503.53786023705578, 0, 0, 7.9853333967604101
18.48, 15925.363882407504, 9024.3327223222641, 810.34431892019836, 372.69267438768964, -7.5038141794652065, -24.277473423927415, 15902.970446842697, 9036.0781749618254, 800.96644897509452, 377.16390764529712, -10.8740791098424, -22.878894132588698, 16990.963288851934, 13310.415035782418, 486.26085932129808, 503.53786023705578, 0, 0, 7.9753333967604085
18.490000000000002, 15933.466188856179, 9028.055974299743, 810.26853621835926, 372.44768996118682, -7.578270183904583, -24.498442650280751, 15910.978465925833, 9039.8463502333143, 800.85675520071914, 376.93298731435709, -10.969377437543216, -23.092033094004169, 16995.825897445146, 13315.450414384788, 486.26085932129808, 503.53786023705578, 0, 0, 7.965333396760407
18.5, 15941.567751998442, 9031.7768083758583, 810.19372155704173, 372.20483506142477, -7.481466131753467, -24.285489976207916, 15918.985403579998, 9043.6122476391665, 800.74809534455073, 376.70415616158238, -10.865985616838755, -22.883115277473934, 17000.688506038357, 13320.485792987158, 486.26085932129808, 503.53786023705578, 0, 0, 7.955333396760409
18.510000000000002, 15949.6685558472, 9035.4951807534108, 810.11816376953857, 371.95977019066271, -7.5557787503195941, -24.506487076206167, 15926.991240354457, 9047.3758247593341, 800.63848341203754, 376.47319339835968, -10.961193251316942, -23.09627632226665, 17005.551114631569, 13325.521171589528, 486.26085932129808, 503.53786023705578, 0, 0, 7.9453333967604074
18.52, 15957.768618621529, 9039.2111344325949, 810.04357287846904, 371.71683534245233, -7.4590891069548668, -24.293484821040177, 15934.99599650741, 9051.137123594046, 800.52990466759468, 376.24432011357015, -10.857874444288869, -22.887328478952988, 17010.413723224781, 13330.556550191897, 486.26085932129808, 503.53786023705578, 0, 0, 7.9353333967604094
18.530000000000001, 15965.867924361541, 9042.9246256094812, 809.96824029362085, 371.4716902399573, -7.5332584848202107, -24.514510249502024, 15942.999652605358, 9054.896101718361, 800.42037475239499, 376.01331499221249, -10.952991519963115, -23.100512135767531, 17015.276331817993, 13335.591928794267, 486.26085932129808, 503.53786023705578, 0, 0, 7.9253333967604078
18.539999999999999, 15973.966491261983, 9046.6356972931317, 809.89387346073954, 371.22867565665285, -7.4366832881255931, -24.301458330444781, 15951.002228891015, 9058.6528011381633, 800.3118772945536, 375.78439965088626, -10.849745784136328, -22.891534132623146, 17020.138940411205, 13340.627307396637, 486.26085932129808, 503.53786023705578, 0, 0, 7.9153333967604098
18.550000000000001, 15982.064303390156, 9050.3443056728192, 809.81876636512993, 370.98345053143811, -7.5107095609591248, -24.522512521475534, 15959.003705948096, 9062.4071794235351, 800.20242957030393, 375.55335224178788, -10.944772424965235, -23.104740909839986, 17025.001549004417, 13345.662685999006, 486.26085932129808, 503.53786023705578, 0, 0, 7.9053333967604082
18.559999999999999, 15990.161378916478, 9054.0504937665028, 809.74462387659571, 370.74035642275658, -7.4142488534241027, -24.309410868154519, 15967.004104003827, 9066.1592785860594, 800.09401357206843, 375.32439491552981, -10.841599823549414, -22.895732625804488, 17029.864157597629, 13350.698064601376, 486.26085932129808, 503.53786023705578, 0, 0, 7.8953333967604102
18.57, 15998.257701935423, 9057.7542177565956, 809.66974255511957, 370.49505148040095, -7.4881321476169438, -24.530494235565698, 15975.003403659126, 9069.9090561907633, 799.98464821063578, 375.09330528541028, -10.93653614326289, -23.108963011955094, 17034.726766190841, 13355.733443203746, 486.26085932129808, 503.53786023705578, 0, 0, 7.8853333967604087
18.580000000000002, 16006.353290593077, 9061.4555206699806, 809.59582469535769, 370.25187805250386, -7.391785976187041, -24.317342789708128, 15983.00162512572, 9073.656554254967, 799.87631384318593, 374.86430604203389, -10.833436744987292, -22.899924337638168, 17039.589374784053, 13360.768821806116, 486.26085932129808, 503.53786023705578, 0, 0, 7.8753333967604071
18.59, 16014.448129011069, 9065.1543586821463, 809.52116943126691, 370.00649349522951, -7.46552640907474, -24.538455727432094, 15990.998749021725, 9077.4017303385663, 799.76703101471276, 374.63317425401573, -10.928282847314767, -23.113178801815121, 17044.451983377265, 13365.804200408485, 486.26085932129808, 503.53786023705578, 0, 0, 7.8653333967604091
18.600000000000001, 16022.542235311157, 9068.8507748289321, 809.44747648301689, 369.76324095080417, -7.3692948250008845, -24.325254442534369, 15998.994795543364, 9081.1446264646602, 799.65877844745012, 374.40413315762396, -10.825256726261502, -22.904109639175175, 17049.314591970477, 13370.839579010855, 486.26085932129808, 503.53786023705578, 0, 0, 7.8553333967604075
18.609999999999999, 16030.635593642111, 9072.5447252788417, 809.37304755796606, 369.51777697755381, -7.4428925050825523, -24.54639732503453, 16006.989745325933, 9084.8852001879422, 799.5495783203985, 374.17295927130959, -10.920012705157189, -23.117388631437763, 17054.177200563689, 13375.874957613225, 486.26085932129808, 503.53786023705578, 0, 0, 7.8453333967604095
18.620000000000001, 16038.728222101356, 9076.2362530766932, 809.29957980232825, 369.27444551589338, -7.3467755637769114, -24.333146166045694, 16014.983618550146, 9088.6234935373213, 799.44140772099252, 373.94387638237487, -10.817059940601554, -22.908288893474335, 17059.0398091569, 13380.910336215595, 486.26085932129808, 503.53786023705578, 0, 0, 7.835333396760408
18.629999999999999, 16046.82010486479, 9079.9253143839505, 809.2253774964189, 369.02890232240617, -7.4202305909310455, -24.554319348721776, 16022.976395868474, 9092.3594640622177, 799.33229046218787, 373.71266045392235, -10.911725880466571, -23.121592845249172, 17063.902417750112, 13385.945714817964, 486.26085932129808, 503.53786023705578, 0, 0, 7.82533339676041
18.640000000000001, 16054.911260005501, 9083.6119522544304, 809.1521352129007, 368.78549213948889, -7.3242283518229536, -24.341018291724989, 16030.968097446113, 9096.0931537973884, 799.22420199662065, 373.48353582936539, -10.808846556717075, -22.912462455693412, 17068.765026343324, 13390.981093420334, 486.26085932129808, 503.53786023705578, 0, 0, 7.8153333967604084
18.650000000000002, 16063.001671726508, 9087.2961228425083, 809.07815980472549, 368.53986991837576, -7.3975408175201016, -24.562222111313787, 16038.9587039527, 9099.8245202869148, 799.11516777129441, 373.25227791156368, -10.903422532618581, -23.125791780170427, 17073.627634936536, 13396.016472022704, 486.26085932129808, 503.53786023705578, 0, 0, 7.8053333967604068
18.66, 16071.091358076554, 9090.9778692110212, 809.00514327128633, 368.29638120694364, -7.301653343914257, -24.348871143211142, 16046.948235537902, 9103.5536055714292, 799.00716160390584, 373.02311160483191, -10.80061673885915, -22.916630673178968, 17078.490243529748, 13401.051850625074, 486.26085932129808, 503.53786023705578, 0, 0, 7.7953333967604088
18.670000000000002, 16079.180303285766, 9094.6571475072033, 808.93139503797204, 368.0506801477618, -7.3748233314265521, -24.570105918182726, 16054.936672888518, 9107.2803671896127, 798.8982105757384, 372.7918117471749, -10.895102816746549, -23.129985765702813, 17083.35285212296, 13406.087229227443, 486.26085932129808, 503.53786023705578, 0, 0, 7.7853333967604073
18.68, 16087.268525378542, 9098.3340008029263, 808.85860453106841, 367.80711309739803, -7.279050690361303, -24.356705036377935, 16062.924036138678, 9111.0048471880018, 798.79028686926961, 372.56260380831941, -10.792370646878368, -22.920793885549617, 17088.215460716172, 13411.122607829813, 486.26085932129808, 503.53786023705578, 0, 0, 7.7753333967604092
18.690000000000001, 16095.356008612112, 9102.0083852382395, 808.7850837483187, 367.56133338672475, -7.3520782749690543, -24.577971067327706, 16070.910305992338, 9114.727003099817, 798.68141920043161, 372.33126205707936, -10.886766883796724, -23.134175124006845, 17093.078069309384, 13416.157986432183, 486.26085932129808, 503.53786023705578, 0, 0, 7.7653333967604077
18.699999999999999, 16103.442770986516, 9105.6803438940642, 808.71251954294792, 367.31768818393056, -7.256420537080543, -24.364520279421587, 16078.895502568077, 9118.4468769775249, 798.57357811606869, 372.10201253283151, -10.784108436286527, -22.924952424787563, 17097.940677902596, 13421.193365034553, 486.26085932129808, 503.53786023705578, 0, 0, 7.7553333967604097
18.710000000000001, 16111.528796786077, 9109.3498329032263, 808.63922648508515, 367.07183000543597, -7.3293057862757038, -24.585817849457733, 16086.879606587006, 9122.164426348827, 798.46479396726284, 371.87062893113159, -10.878414880587041, -23.138360169989141, 17102.803286495808, 13426.228743636922, 486.26085932129808, 503.53786023705578, 0, 0, 7.7453333967604081
18.719999999999999, 16119.614103986474, 9113.016895355704, 808.56688885482856, 366.82810683370661, -7.2337630256601519, -24.372317172936526, 16094.862638152141, 9125.8796932721452, 798.35703566467976, 371.64133786497842, -10.775830258312745, -22.929106615318581, 17107.66589508902, 13431.264122239292, 486.26085932129808, 503.53786023705578, 0, 0, 7.7353333967604101
18.73, 16127.698676899123, 9116.6814873770581, 808.49382379483507, 366.582170368226, -7.3065059993469141, -24.593646548063493, 16102.844578001745, 9129.5926352696133, 798.2483351951812, 371.40991245286466, -10.87004694986053, -23.142541211378347, 17112.528503682232, 13436.299500841662, 486.26085932129808, 503.53786023705578, 0, 0, 7.7253333967604085
18.740000000000002, 16135.782533475327, 9120.3436520663381, 808.42171301190069, 366.3383694081258, -7.2110782934358433, -24.380096010018335, 16110.825446223258, 9133.3032944056267, 798.14065983258149, 371.18057988512345, -10.767536259971605, -22.933256774118309, 17117.391112275443, 13441.334879444032, 486.26085932129808, 503.53786023705578, 0, 0, 7.715333396760407
18.75, 16143.86565805359, 9124.0033455418034, 808.34887622145936, 366.09235483373067, -7.2836790441278501, -24.60145743951491, 16118.805223572099, 9137.0116281966948, 798.03204320027794, 370.94911269963518, -10.861663230350198, -23.146718548826019, 17122.253720868655, 13446.370258046401, 486.26085932129808, 503.53786023705578, 0, 0, 7.705333396760409
18.760000000000002, 16151.948068560834, 9127.6606109115801, 808.27699255672383, 365.84847626296744, -7.1883664735489567, -24.387857076322007, 16126.783930120115, 9140.7176787132103, 797.92445093443678, 370.71973866752745, -10.759226584110815, -22.937403210774971, 17127.116329461867, 13451.405636648771, 486.26085932129808, 503.53786023705578, 0, 0, 7.6953333967604074
18.77, 16160.029749362644, 9131.3154042865899, 808.20438430625813, 365.60238375503627, -7.260825046564042, -24.609250793116299, 16134.76154663988, 9144.4214034660145, 797.81591829586853, 370.48822974276777, -10.853263856824416, -23.150892475966145, 17131.978938055079, 13456.441015251141, 486.26085932129808, 503.53786023705578, 0, 0, 7.6853333967604094
18.780000000000001, 16168.110718361553, 9134.9677687840431, 808.13272802930794, 365.35842774853478, -7.1656276950160613, -24.395600650151035, 16142.738093187634, 9148.1228445315082, 797.70840928217376, 370.25881428049195, -10.750901369472563, -22.941546227581959, 17136.841546648291, 13461.476393853511, 486.26085932129808, 503.53786023705578, 0, 0, 7.6753333967604078
18.789999999999999, 16176.190959950227, 9138.6176605074979, 808.06034858802127, 365.11225747982286, -7.2379441286679089, -24.617026871190795, 16150.713550553111, 9151.8219594148213, 797.59996079257235, 370.02726364769694, -10.844848960145343, -23.155063279503032, 17141.704155241503, 13466.51177245588, 486.26085932129808, 503.53786023705578, 0, 0, 7.6653333967604098
18.800000000000001, 16184.270492006795, 9142.2651225832451, 807.9889199671934, 364.86822420979757, -7.1428620827908977, -24.403327002527682, 16158.687938776924, 9155.5187901983809, 797.49253518506487, 369.79780678650081, -10.742560750746122, -22.945686119612024, 17146.566763834715, 13471.54715105825, 486.26085932129808, 503.53786023705578, 0, 0, 7.6553333967604082
18.809999999999999, 16192.349298951007, 9145.9101111074542, 807.91676960310758, 364.62197635050609, -7.2150364085780083, -24.624785929146888, 16166.661238665974, 9159.2132943815595, 797.38417099839171, 369.56621447410799, -10.836418667319011, -23.159231239281695, 17151.429372427927, 13476.58252966062, 486.26085932129808, 503.53786023705578, 0, 0, 7.6453333967604102
18.82, 16200.427398636575, 9149.5526692154999, 807.84556890552926, 364.37786598653315, -7.1200697578365988, -24.411036397291099, 16174.63347024523, 9162.9055140528235, 797.27682894980535, 369.33671624235978, -10.734204858632779, -22.949823174818434, 17156.291981021139, 13481.61790826299, 486.26085932129808, 503.53786023705578, 0, 0, 7.6353333967604087
18.830000000000002, 16208.50477551033, 9153.1927529961322, 807.77364788552302, 364.13154070437741, -7.1921020006280543, -24.632528215571458, 16182.604614338763, 9166.5954067057537, 797.16854921878974, 369.10508227607596, -10.82797310155714, -23.163396628383897, 17161.154589614351, 13486.653286865359, 486.26085932129808, 503.53786023705578, 0, 0, 7.6253333967604071
18.84, 16216.581447401559, 9156.8304055938115, 807.70267537715119, 363.8873534134658, -7.0972508371844123, -24.418729091161442, 16190.574690955878, 9170.2830144348627, 797.06129088059083, 368.87554269933491, -10.725833819895142, -22.953957674102927, 17166.017198207563, 13491.688665467729, 486.26085932129808, 503.53786023705578, 0, 0, 7.6153333967604091
18.850000000000001, 16224.657398784178, 9160.46558308985, 807.63098396699718, 363.6409508737429, -7.1691410154030963, -24.640253972290488, 16198.543680937826, 9173.9682947278998, 796.95309575676754, 368.64386710220299, -10.819512382324097, -23.167559713192631, 17170.879806800775, 13496.724044070099, 486.26085932129808, 503.53786023705578, 0, 0, 7.6053333967604075
18.859999999999999, 16232.732647463034, 9164.0983286377868, 807.56023991265727, 363.39668682040474, -7.0744054339964428, -24.426405333815485, 16206.51160427823, 9177.6512896854383, 796.84592127919348, 368.41428620328907, -10.717447757411431, -22.958089891394792, 17175.742415393986, 13501.759422672469, 486.26085932129808, 503.53786023705578, 0, 0, 7.5953333967604095
18.870000000000001, 16240.807177939127, 9167.7285983114762, 807.48877837705925, 363.15020718606036, -7.1461535597995418, -24.647963434440662, 16214.478441835528, 9181.3319567893577, 796.73781091293961, 368.18256899575442, -10.811036625388601, -23.171720753467174, 17180.605023987198, 13506.794801274838, 486.26085932129808, 503.53786023705578, 0, 0, 7.585333396760408
18.879999999999999, 16248.881007992848, 9171.356435273532, 807.418263040483, 362.90586653238074, -7.0515336576267895, -24.434065367958958, 16222.44421358764, 9185.0103381463014, 796.63072044503735, 367.95294679481714, -10.709046790228053, -22.962220093726643, 17185.46763258041, 13511.830179877208, 486.26085932129808, 503.53786023705578, 0, 0, 7.57533339676041
18.890000000000001, 16256.954122152292, 9174.9817955903309, 807.34703164311213, 362.65930996407536, -7.1231397370836165, -24.655656830537957, 16230.408900410199, 9188.6863912322497, 796.52269498560861, 367.72118799479301, -10.802545942873776, -23.175880002414996, 17190.330241173622, 13516.865558479578, 486.26085932129808, 503.53786023705578, 0, 0, 7.5653333967604084
18.900000000000002, 16265.026538173381, 9178.604722433558, 807.27674528697526, 362.41489286978123, -7.0286356136874844, -24.441709429412615, 16238.372522265399, 9192.360158159916, 796.41568867527246, 367.49152450937976, -10.700631033618075, -22.966348541323395, 17195.192849766834, 13521.900937081948, 486.26085932129808, 503.53786023705578, 0, 0, 7.5553333967604068
18.91, 16273.098240611303, 9182.2251718620992, 807.20574429050566, 362.16825952595565, -7.1000996469544084, -24.663334382559167, 16246.335060046085, 9196.0315963993544, 796.30774827083928, 367.25972413231199, -10.794040443312833, -23.180037706776233, 17200.055458360046, 13526.936315684317, 486.26085932129808, 503.53786023705578, 0, 0, 7.5453333967604088
18.920000000000002, 16281.169247197498, 9185.8431870566965, 807.13568717646456, 361.92376614848382, -7.0057114041079505, -24.449337747182366, 16254.296533698704, 9199.7007480693537, 796.20082626484793, 367.03001937743522, -10.692200599132329, -22.970475487675706, 17204.918066953258, 13531.971694286687, 486.26085932129808, 503.53786023705578, 0, 0, 7.5353333967604073
18.93, 16289.239542514255, 9189.458724068736, 807.06491684260857, 361.67705618542374, -7.0770333856007381, -24.670996306008369, 16262.256924133317, 9203.3675706340127, 796.09297106253098, 366.7981774363663, -10.785520231697737, -23.184194106893361, 17209.78067554647, 13537.007072889057, 486.26085932129808, 503.53786023705578, 0, 0, 7.5253333967604092
18.940000000000001, 16297.309144268513, 9193.0718260880094, 806.99508923133669, 361.43248667998847, -6.982761127192127, -24.45695054352419, 16270.216251280603, 9207.0321062181993, 795.98613350658445, 366.56843142457024, -10.683755594647945, -22.974601179608211, 17214.643284139682, 13542.042451491427, 486.26085932129808, 503.53786023705578, 0, 0, 7.5153333967604077
18.949999999999999, 16305.37803706967, 9196.6824491583884, 806.92454982087918, 361.1857002518887, -7.0539410457558125, -24.678642809978388, 16278.174496067857, 9210.6943122800294, 795.87836365248916, 366.33654793020247, -10.776985409525427, -23.188349436775972, 17219.505892732894, 13547.077830093796, 486.26085932129808, 503.53786023705578, 0, 0, 7.5053333967604097
18.960000000000001, 16313.446238600147, 9200.2906364787013, 806.85495197210241, 360.94105477154847, -6.9597848776802911, -24.464548034022499, 16286.131678409964, 9214.3542309504537, 795.77161069124497, 366.10676067162888, -10.675296124422671, -22.978725857360736, 17224.368501326106, 13552.113208696166, 486.26085932129808, 503.53786023705578, 0, 0, 7.4953333967604081
18.969999999999999, 16321.51373349646, 9203.8963440853022, 806.7846437449349, 360.69419203057623, -7.0308227167563651, -24.686274097225098, 16294.087779251466, 9218.011819681582, 795.66392633049645, 365.87483563238709, -10.768436074849545, -23.192503924177846, 17229.231109919318, 13557.148587298536, 486.26085932129808, 503.53786023705578, 0, 0, 7.4853333967604101
18.98, 16329.580539416498, 9207.4996151860432, 806.71527591746678, 360.44947072629958, -6.9367827468091718, -24.472130427664926, 16302.042818491427, 9221.667120610442, 795.55725810760498, 365.64500713484045, -10.666822289147371, -22.982849754665931, 17234.093718512529, 13562.183965900906, 486.26085932129808, 503.53786023705578, 0, 0, 7.4753333967604085
18.990000000000002, 16337.646641023901, 9211.1004058097515, 806.64519913262075, 360.20253182265719, -7.0076784846001123, -24.693890364238232, 16309.996777091656, 9225.3200911831209, 795.44965938438168, 365.41304055693377, -10.759872322330429, -23.196657790670642, 17238.956327105741, 13567.219344503275, 486.26085932129808, 503.53786023705578, 0, 0, 7.465333396760407
19, 16345.712055952004, 9214.6987591732886, 806.57606158439705, 359.9577348433881, -6.9137548223684799, -24.479697926908738, 16317.949674935371, 9228.9707735427255, 795.34307604252172, 365.18317082594558, -10.658334185994544, -22.986973098818684, 17243.818935698953, 13572.254723105645, 486.26085932129808, 503.53786023705578, 0, 0, 7.455333396760409
19.010000000000002, 16353.776768891583, 9218.2946312979529, 806.50621650007702, 359.71071992537503, -6.9845084319998652, -24.701491801304346, 16325.90149300166, 9232.6191251292967, 795.23556310008894, 364.95116271342846, -10.751294243281309, -23.200811251709762, 17248.681544292165, 13577.290101708015, 486.26085932129808, 503.53786023705578, 0, 0, 7.4453333967604074
19.02, 16361.840797451405, 9221.8880654095974, 806.43730948818938, 359.46584741809744, -6.8907011887611782, -24.487250727758045, 16333.852251157874, 9236.2651880920148, 795.12906478100217, 364.72125175232088, -10.649831908671448, -22.991096110755919, 17253.544152885377, 13582.325480310385, 486.26085932129808, 503.53786023705578, 0, 0, 7.4353333967604094
19.030000000000001, 16369.904126349391, 9225.4790175219896, 806.36769636180497, 359.21875663217162, -6.961312638441151, -24.709078592580003, 16341.801930400396, 9239.9089198648599, 795.02163776174496, 364.4892021071538, -10.742701925718913, -23.204964516710106, 17258.406761478589, 13587.360858912754, 486.26085932129808, 503.53786023705578, 0, 0, 7.4253333967604078
19.039999999999999, 16377.966773169719, 9229.0675308699592, 806.29902014253435, 358.9738087419733, -6.8676219270603287, -24.494789019833043, 16349.75055058068, 9243.5503626030804, 794.91522460627027, 364.25924991710252, -10.641315547469427, -22.995219005128543, 17263.269370071801, 13592.396237515124, 486.26085932129808, 503.53786023705578, 0, 0, 7.4153333967604098
19.050000000000001, 16386.028722657469, 9232.6535614597415, 806.229639230732, 358.72664223281174, -6.9380911802365848, -24.716650916157334, 16357.698092712424, 9247.1894737345829, 794.80788365172612, 364.02715873921136, -10.734095454410426, -23.209117789114345, 17268.131978665013, 13597.431616117494, 486.26085932129808, 503.53786023705578, 0, 0, 7.4053333967604082
19.059999999999999, 16394.08999237221, 9236.2371525351209, 806.16119405958136, 358.48161910294738, -6.844517115064658, -24.502312986436792, 16365.644576631163, 9250.8262954206766, 794.70155579983305, 363.79716531930762, -10.632785189311917, -22.999341990370905, 17272.994587258225, 13602.466994719864, 486.26085932129808, 503.53786023705578, 0, 0, 7.3953333967604102
19.07, 16402.150567086188, 9239.8182600948094, 806.09204561827562, 358.2343770135061, -6.9148441305790502, -24.724208944127362, 16373.589983367925, 9254.4607850831799, 794.59430105072386, 363.56503260664306, -10.725474910919219, -23.213271266458833, 17277.857195851437, 13607.502373322233, 486.26085932129808, 503.53786023705578, 0, 0, 7.3853333967604087
19.080000000000002, 16410.210464334348, 9243.3969273915245, 806.02383175000216, 357.98927878545999, -6.8213868273494214, -24.509822804610337, 16381.534332742294, 9258.0929848894557, 794.48805864154588, 363.33499795395545, -10.624240917797092, -23.00346526875888, 17282.719804444649, 13612.537751924603, 486.26085932129808, 503.53786023705578, 0, 0, 7.3753333967604071
19.09, 16418.269668916113, 9246.973110416453, 805.95491603440621, 357.74196125703367, -6.8915715595903784, -24.731752842632169, 16389.477605802655, 9261.722852255225, 794.38089023780947, 363.10282370255118, -10.71684037364548, -23.217425140428752, 17287.582413037861, 13617.573130526973, 486.26085932129808, 503.53786023705578, 0, 0, 7.3653333967604091
19.100000000000001, 16426.328198341787, 9250.5468524312273, 805.88693372305295, 357.49678807058149, -6.7982311353280327, -24.51731864521749, 16397.419822352611, 9265.3504293538954, 794.27473340967697, 362.87274781218622, -10.615682813253445, -23.007589036496611, 17292.445021631072, 13622.608509129343, 486.26085932129808, 503.53786023705578, 0, 0, 7.3553333967604075
19.109999999999999, 16434.386037437987, 9254.1181094195181, 805.81825098770912, 357.24939524286202, -6.8682735343802683, -24.73928277194527, 16405.360963457919, 9268.9756735950778, 794.1676514904982, 362.64053201621681, -10.70819191787913, -23.221579596940412, 17297.307630224284, 13627.643887731712, 486.26085932129808, 503.53786023705578, 0, 0, 7.3453333967604095
19.120000000000001, 16442.443203690349, 9257.6869246518454, 805.75050048663604, 357.00414723613187, -6.7750501073068881, -24.524800673012461, 16413.301048906182, 9272.5986271582169, 794.06158038097033, 362.41041488137893, -10.607110952787558, -23.011713483786558, 17302.170238817496, 13632.679266334082, 486.26085932129808, 503.53786023705578, 0, 0, 7.335333396760408
19.129999999999999, 16450.499681952697, 9261.2532541043729, 805.68205098544502, 356.7566792472665, -6.8449501190987334, -24.746798886535746, 16421.24005978055, 9276.2192474468084, 793.95458508481192, 362.17815753321685, -10.699529615845313, -23.225734816207765, 17307.032847410708, 13637.714644936452, 486.26085932129808, 503.53786023705578, 0, 0, 7.32533339676041
19.140000000000001, 16458.555489685979, 9264.8171410564883, 805.61453254735966, 356.51135655679957, -6.7518438085343924, -24.532269046692985, 16429.178015852587, 9279.8375766463214, 793.84859983070862, 361.947999145268, -10.598525410325182, -23.015838794885312, 17311.89545600392, 13642.750023538822, 486.26085932129808, 503.53786023705578, 0, 0, 7.3153333967604084
19.150000000000002, 16466.610611771248, 9268.3785414768554, 805.5463165336098, 356.26381354344841, -6.8216013749830342, -24.754301335118505, 16437.114898222862, 9283.4535721541288, 793.74169129534118, 361.71570023554006, -10.690853536743541, -23.229890972795342, 17316.758064597132, 13647.785402141191, 486.26085932129808, 503.53786023705578, 0, 0, 7.3053333967604068
19.16, 16474.665065644738, 9271.9374986537023, 805.47903041059726, 356.01841630425866, -6.7286123012578667, -24.53972391897527, 16445.050726646878, 9287.0672761617116, 793.63579203277459, 361.48550058405823, -10.589926256661853, -23.019965148180567, 17321.620673190344, 13652.820780743561, 486.26085932129808, 503.53786023705578, 0, 0, 7.2953333967604088
19.170000000000002, 16482.718836214739, 9275.4939685482059, 805.41104813699314, 355.7707984016514, -6.7982273604121168, -24.761790260725373, 16452.985482242642, 9290.6786460603162, 793.5289703953066, 361.25316010170133, -10.682163746795894, -23.234048235691329, 17326.483281783556, 13657.856159345931, 486.26085932129808, 503.53786023705578, 0, 0, 7.2853333967604073
19.18, 16490.771940892762, 9279.0479944574072, 805.34399458054543, 355.52532674728491, -6.7053556447724167, -24.547165436648513, 16460.91918474956, 9294.2877240474263, 793.42315725971162, 361.02291917453886, -10.581313559504185, -23.024092716248113, 17331.345890376768, 13662.891537948301, 486.26085932129808, 503.53786023705578, 0, 0, 7.2753333967604092
19.190000000000001, 16498.824364614349, 9282.5995323350107, 805.27624629923594, 355.27763408927734, -6.7748281309533862, -24.769265800756695, 16468.851815303111, 9297.8944675081566, 793.31642265661878, 360.79053710685525, -10.673460309286359, -23.238206768361636, 17336.20849896998, 13667.92691655067, 486.26085932129808, 503.53786023705578, 0, 0, 7.2653333967604077
19.199999999999999, 16506.876124766259, 9286.1486254868432, 805.20942556028115, 355.03208815187077, -6.6820738954805998, -24.554593740659151, 16476.783393626571, 9301.4989186459752, 793.21069578278355, 360.56025489019589, -10.572687383524165, -23.028221665937654, 17341.071107563192, 13672.96229515304, 486.26085932129808, 503.53786023705578, 0, 0, 7.2553333967604097
19.210000000000001, 16514.927206311302, 9289.6952298591495, 805.14191152288697, 354.78432087100015, -6.7514037394197333, -24.776728087061233, 16484.713900872906, 9305.1010348398686, 793.10404834993744, 360.32783122290761, -10.66474328461252, -23.242366728831364, 17345.933716156404, 13677.99767375541, 486.26085932129808, 503.53786023705578, 0, 0, 7.2453333967604081
19.219999999999999, 16522.977626611464, 9293.2393887665148, 805.07532385181764, 354.53870078133855, -6.6587671069382584, -24.562008966159041, 16492.643356749239, 9308.700858299273, 792.99840787203345, 360.09750770132337, -10.564047790397261, -23.032352158423496, 17350.796324749615, 13683.03305235778, 486.26085932129808, 503.53786023705578, 0, 0, 7.2353333967604101
19.23, 16531.027370656848, 9296.7810581477406, 805.00804430945846, 354.29085900887873, -6.7279542359134599, -24.784177245981823, 16500.571742426051, 9312.298346397045, 792.89184774473028, 359.86504241862605, -10.656012730321876, -23.246528269732902, 17355.658933342827, 13688.068430960149, 486.26085932129808, 503.53786023705578, 0, 0, 7.2253333967604085
19.240000000000002, 16539.076455784641, 9300.3202813261432, 804.94168995615939, 354.04516489645295, -6.635435329909102, -24.569411242577946, 16508.499077594272, 9315.8935413485797, 792.78629379634174, 359.63467757513325, -10.55539483885107, -23.036484349278741, 17360.521541936039, 13693.103809562519, 486.26085932129808, 503.53786023705578, 0, 0, 7.215333396760407
19.25, 16547.124867012251, 9303.8570142330973, 804.87464515948056, 353.79724876246871, -6.7044796678784557, -24.79161339842403, 16516.42534344193, 9319.4864005206, 792.67982110933019, 359.40217065974952, -10.647268701158172, -23.250691538376344, 17365.384150529251, 13698.139188164889, 486.26085932129808, 503.53786023705578, 0, 0, 7.205333396760409
19.260000000000002, 16555.172621652055, 9307.3913002006175, 804.80852437335648, 353.551480755532, -6.6120786124106719, -24.576800693673707, 16524.350559643735, 9323.0769661344384, 792.57435382348319, 359.17176447586422, -10.546728584703944, -23.040618388527754, 17370.246759122463, 13703.174566767259, 486.26085932129808, 503.53786023705578, 0, 0, 7.1953333967604074
19.27, 16563.219704748775, 9310.9230951526733, 804.741714572555, 353.30349038893297, -6.6809800801442254, -24.799036659903724, 16532.274707405282, 9326.665195550695, 792.46796871099218, 358.93921590909622, -10.63851124909819, -23.254856676799271, 17375.109367715675, 13708.209945369628, 486.26085932129808, 503.53786023705578, 0, 0, 7.1853333967604094
19.280000000000001, 16571.26613358995, 9314.452442429947, 804.67582760255732, 353.05764861455685, -6.5886969997703009, -24.584177437610283, 16540.197806385029, 9330.251130996623, 792.36258822018306, 358.70876836488895, -10.538049080915673, -23.044754420725567, 17379.971976308887, 13713.245323971998, 486.26085932129808, 503.53786023705578, 0, 0, 7.1753333967604078
19.289999999999999, 16579.31189324765, 9317.9792979490212, 804.60925304740749, 352.80958414315063, -6.6574555149794001, -24.806447140621056, 16548.119837806167, 9333.8347298266981, 792.256290815949, 358.4761781266705, -10.629740423400028, -23.259023821842128, 17384.834584902099, 13718.280702574368, 486.26085932129808, 503.53786023705578, 0, 0, 7.1653333967604098
19.300000000000001, 16587.357000984543, 9321.5037050592146, 804.54360014206077, 352.56366872728051, -6.5652905346713686, -24.591541587010472, 16556.040821310871, 9337.4160342740779, 792.15099725217271, 358.24568920082038, -10.529356377626851, -23.04889258501268, 17389.697193495311, 13723.316081176737, 486.26085932129808, 503.53786023705578, 0, 0, 7.1553333967604082
19.309999999999999, 16595.40144190006, 9325.0256196697446, 804.47726108193945, 352.31553027782542, -6.633906012136018, -24.813844945510393, 16563.960738139951, 9340.9950016871207, 792.04478768946626, 358.01305726976835, -10.620956270640592, -23.263193105200219, 17394.559802088523, 13728.351459779107, 486.26085932129808, 503.53786023705578, 0, 0, 7.1453333967604102
19.32, 16603.445233231989, 9328.5450851385358, 804.41184248936747, 352.06954134533527, -6.5418592572015086, -24.598893249014743, 16571.879607919269, 9344.571674304867, 791.93958118424428, 357.78252693961662, -10.520650522200706, -23.053033015175629, 17399.422410681735, 13733.386838381477, 486.26085932129808, 503.53786023705578, 0, 0, 7.1353333967604087
19.330000000000002, 16611.488360107141, 9332.0620573674623, 804.3457391732785, 351.8213290435923, -6.610331608895657, -24.821230174296087, 16579.797411907286, 9348.1460094695649, 791.83345959589667, 357.54985329308181, -10.612158834755455, -23.267364653481199, 17404.285019274947, 13738.422216983847, 486.26085932129808, 503.53786023705578, 0, 0, 7.1253333967604071
19.34, 16619.530839738392, 9335.5765797230197, 804.28055514122946, 351.57526671833881, -6.5184032049046641, -24.606232525351398, 16587.714169713512, 9351.7180494261193, 791.728340280304, 357.31928153468465, -10.511931559269753, -23.057175839718568, 17409.147627868158, 13743.457595586216, 486.26085932129808, 503.53786023705578, 0, 0, 7.1153333967604091
19.350000000000001, 16627.572657279954, 9339.0886080997643, 804.21468781782823, 351.32698068912322, -6.5867323401192497, -24.828602921559003, 16595.629862614092, 9355.2877515106775, 791.62230679873312, 357.08656614880192, -10.603348157083275, -23.271538588273003, 17414.01023646137, 13748.492974188586, 486.26085932129808, 503.53786023705578, 0, 0, 7.1053333967604075
19.359999999999999, 16635.61382991977, 9342.5981858727282, 804.14973859370002, 351.08084509399936, -6.4949224128246641, -24.613559512384537, 16603.544510202151, 9358.8551579739888, 791.51727480342538, 356.85595293698282, -10.50319953077247, -23.061321181913122, 17418.872845054582, 13753.528352790956, 486.26085932129808, 503.53786023705578, 0, 0, 7.0953333967604095
19.370000000000001, 16643.654342839473, 9346.1052689291773, 804.08410751131714, 350.83248546123156, -6.5631082382887991, -24.835963276781928, 16611.458093771544, 9362.4202261461051, 791.41132956066133, 356.62319578672088, -10.59452427640076, -23.275715026191158, 17423.735453647794, 13758.563731393326, 486.26085932129808, 503.53786023705578, 0, 0, 7.085333396760408
19.379999999999999, 16651.694213202049, 9349.6099006526438, 804.01939334218162, 350.58627671821978, -6.4714169135551947, -24.620874301180208, 16619.370632898979, 9365.9829982835981, 791.30638501590136, 356.39254109512223, -10.494454475997811, -23.065469159865909, 17428.598062241006, 13763.599109995695, 486.26085932129808, 503.53786023705578, 0, 0, 7.07533339676041
19.390000000000001, 16659.733426216571, 9353.1120369231267, 803.95399874884606, 350.33784360497566, -6.5394593335551923, -24.843311324412323, 16627.282108896055, 9369.5434317104373, 791.20052814361168, 356.15974215433278, -10.585687228965048, -23.27989407894286, 17433.460670834218, 13768.634488598065, 486.26085932129808, 503.53786023705578, 0, 0, 7.0653333967604084
19.400000000000002, 16667.77199902105, 9356.6117211326291, 803.88951988147323, 350.09156183519997, -6.4478867372875524, -24.628176977567524, 16635.192541323027, 9373.1015686889968, 791.09567117929544, 355.92904595546696, -10.48569643162728, -23.069619886581027, 17438.32327942743, 13773.669867200435, 486.26085932129808, 503.53786023705578, 0, 0, 7.0553333967604068
19.41, 16675.809916852017, 9360.1089091539088, 803.82436202493534, 349.84305536376075, -6.5157856537839001, -24.85064714392022, 16643.101911509264, 9376.6573665371743, 790.98990280880992, 355.69620519693308, -10.576837048553802, -23.284075853386287, 17443.185888020642, 13778.705245802805, 486.26085932129808, 503.53786023705578, 0, 0, 7.0453333967604088
19.420000000000002, 16683.84719682248, 9363.6036443874036, 803.76011870581681, 349.59670068753877, -6.4243319118569229, -24.635467622196494, 16651.010238998537, 9380.2108675231229, 790.8851335544922, 355.46546746223288, -10.476925431775401, -23.073773470019294, 17448.048496613854, 13783.740624405174, 486.26085932129808, 503.53786023705578, 0, 0, 7.0353333967604073
19.43, 16691.883824196455, 9367.0958826986571, 803.69519783357077, 349.34812097944024, -6.4920872245992687, -24.857970809853054, 16658.917505138015, 9383.7620289586775, 790.77945381682719, 355.23258485771703, -10.56797376650375, -23.288260451586829, 17452.911105207066, 13788.776003007544, 486.26085932129808, 503.53786023705578, 0, 0, 7.0253333967604092
19.440000000000001, 16699.91981606192, 9370.5856674965053, 803.63119030894291, 349.10169351633431, -6.4007524627879953, -24.642746310594859, 16666.823729454958, 9387.3108931177521, 790.67477240174685, 355.00180555758544, -10.468141508029568, -23.077930013156482, 17457.773713800278, 13793.811381609914, 486.26085932129808, 503.53786023705578, 0, 0, 7.0153333967604077
19.449999999999999, 16707.955157710399, 9374.0729546393104, 803.56650666824862, 348.85304069241539, -6.4683640694281825, -24.865282391889547, 16674.728893314365, 9390.8574173061315, 790.56918142762936, 354.7688810778767, -10.559097411748654, -23.292447970872328, 17462.63632239349, 13798.846760212284, 486.26085932129808, 503.53786023705578, 0, 0, 7.0053333967604097
19.460000000000001, 16715.989866204818, 9377.5577875442668, 803.50273518411518, 348.60654056128317, -6.3771484133388245, -24.650013113221018, 16682.633016226937, 9394.4016438034687, 790.46458798073445, 354.53806018173634, -10.459344689488004, -23.082089614037621, 17467.498930986701, 13803.882138814653, 486.26085932129808, 503.53786023705578, 0, 0, 6.9953333967604081
19.469999999999999, 16724.023926864229, 9381.0401220625863, 803.43828902201972, 348.35781474173427, -6.4446162095420743, -24.872581954889839, 16690.536079575544, 9397.9435299095112, 790.35908590062593, 354.30509379669752, -10.550208010855483, -23.296638503884633, 17472.361539579913, 13808.917517417023, 486.26085932129808, 503.53786023705578, 0, 0, 6.9853333967604101
19.48, 16732.05735672648, 9384.5200016197887, 803.37475382417426, 348.11124206077898, -6.3535197845488369, -24.657268095529037, 16698.438102854299, 9401.4831179096236, 790.25458055059789, 354.07423127303912, -10.450535002802827, -23.086252365843009, 17477.224148173125, 13813.952896019393, 486.26085932129808, 503.53786023705578, 0, 0, 6.9753333967604085
19.490000000000002, 16740.090141138171, 9387.9973820599625, 803.31054538753324, 347.86244336518939, -6.4208436641028328, -24.879869558957168, 16706.339067463967, 9405.0203650975327, 790.14916749471729, 353.8412229516527, -10.541305588065422, -23.300832138642249, 17482.086756766337, 13818.988274621763, 486.26085932129808, 503.53786023705578, 0, 0, 6.965333396760407
19.5, 16748.122297112059, 9391.4723068169169, 803.2472467215805, 347.61579825200926, -6.3298665952797109, -24.664511318014991, 16714.238992882045, 9408.5553137642964, 790.04475036999509, 353.61031876808335, -10.441712472214762, -23.090418356935977, 17486.949365359549, 13824.023653224132, 486.26085932129808, 503.53786023705578, 0, 0, 6.955333396760409
19.510000000000002, 16756.153810022308, 9394.9447317276481, 803.18327625707843, 347.36692679941444, -6.3970464502019802, -24.887145259481731, 16722.137860527218, 9412.0879211976335, 789.93942646834182, 353.37726847849751, -10.532390165326964, -23.305028958585645, 17491.811973952761, 13829.059031826502, 486.26085932129808, 503.53786023705578, 0, 0, 6.9453333967604074
19.52, 16764.184696856548, 9398.4147002342161, 803.12021436845578, 347.12020937105154, -6.3061888622655893, -24.671742836289781, 16730.035689860335, 9415.6182296942679, 789.83509769714578, 353.14632260178814, -10.432877119599253, -23.094587670936328, 17496.674582545973, 13834.094410428872, 486.26085932129808, 503.53786023705578, 0, 0, 6.9353333967604094
19.530000000000001, 16772.214943016545, 9401.8821681665613, 803.05648212262668, 346.87126527997947, -6.3732245829086782, -24.894409107209782, 16737.932462318044, 9419.1461965359285, 789.72986307952237, 352.91323031136164, -10.523461762339814, -23.309229042646979, 17501.537191139185, 13839.129789031242, 486.26085932129808, 503.53786023705578, 0, 0, 6.9253333967604078
19.539999999999999, 16780.244565464782, 9405.3471789749565, 802.99365725662517, 346.62447565296833, -6.2824866001497046, -24.678962701115253, 16745.828197344494, 9422.6718640249837, 789.62562278987741, 352.68224270749408, -10.424028964496395, -23.098760386758059, 17506.399799732397, 13844.165167633611, 486.26085932129808, 503.53786023705578, 0, 0, 6.9153333967604098
19.550000000000001, 16788.273549630638, 9408.8096884823135, 802.93016347587218, 346.37545904148556, -6.3493780753048501, -24.901661148277839, 16753.722876394331, 9426.1951894371887, 789.52047758591152, 352.44910838284125, -10.514520396583436, -23.313432465285889, 17511.262408325609, 13849.200546235981, 486.26085932129808, 503.53786023705578, 0, 0, 6.9053333967604082
19.559999999999999, 16796.301912451425, 9412.269740147085, 802.8675758776568, 346.12859733190078, -6.2587598215345981, -24.686170958478755, 16761.616518894985, 9429.7162150805307, 789.41632590566996, 352.21807901705438, -10.415168024157417, -23.102936578684336, 17516.125016918821, 13854.235924838351, 486.26085932129808, 503.53786023705578, 0, 0, 6.8953333967604102
19.57, 16804.329639384159, 9415.7272897851908, 802.80432080827143, 345.87950831765795, -6.3255069385332057, -24.908901424283378, 16769.509106319128, 9433.2348982248059, 789.31127024483635, 351.98490262408876, -10.505566083361304, -23.317639296560632, 17520.987625512033, 13859.271303440721, 486.26085932129808, 503.53786023705578, 0, 0, 6.8853333967604087
19.580000000000002, 16812.35674734096, 9419.1823808632198, 802.74197072290121, 345.63257464116163, -6.2350085370185102, -24.693367649630115, 16777.400658077429, 9436.7512811835986, 789.20720730170058, 351.75383146092469, -10.406294313574662, -23.107116316405879, 17525.850234105244, 13864.30668204309, 486.26085932129808, 503.53786023705578, 0, 0, 6.8753333967604071
19.59, 16820.383221806511, 9422.634969190136, 802.67895461108287, 345.38341334143843, -6.301611181832123, -24.916129972319876, 16785.29115566062, 9440.2653212207679, 789.10224131334223, 351.52061296490302, -10.496598835829507, -23.321849602164534, 17530.712842698456, 13869.34206064546, 486.26085932129808, 503.53786023705578, 0, 0, 6.8653333967604091
19.600000000000001, 16828.409079667708, 9426.0850982406282, 802.61684228353045, 345.13640781332697, -6.211232755242059, -24.700552811147997, 16793.180618462575, 9443.7770606554677, 788.99826723488695, 351.28949996825213, -10.39740784552415, -23.111299665087845, 17535.575451291668, 13874.37743924783, 486.26085932129808, 503.53786023705578, 0, 0, 6.8553333967604075
19.609999999999999, 16836.43430643692, 9429.5327238167374, 802.55406537540466, 344.88717434507657, -6.2776908125802979, -24.923346825039726, 16801.069027992125, 9447.2864567456345, 788.89339104823659, 351.05623933381725, -10.487618665037271, -23.326063443489453, 17540.43805988488, 13879.4128178502, 486.26085932129808, 503.53786023705578, 0, 0, 6.8453333967604095
19.620000000000001, 16844.458918975801, 9432.9778894012161, 802.49219105057534, 344.64009708032671, -6.1874324829265008, -24.707726474983566, 16808.956403626315, 9450.7935518159702, 788.78950596193056, 350.82508446696312, -10.388508630598151, -23.115486685414606, 17545.300668478092, 13884.448196452569, 486.26085932129808, 503.53786023705578, 0, 0, 6.835333396760408
19.629999999999999, 16852.482902824431, 9436.4205507892184, 802.42965359221205, 344.39079156021978, -6.2537458363334197, -24.930552010695635, 16816.842726892097, 9454.2983031185086, 788.68471970613098, 350.59178165818645, -10.478625579958011, -23.330280877668265, 17550.163277071304, 13889.483575054939, 486.26085932129808, 503.53786023705578, 0, 0, 6.82533339676041
19.640000000000001, 16860.506274819196, 9439.8607514715204, 802.36801751496284, 344.14364267353443, -6.1636077249230965, -24.714888668536048, 16824.728017149657, 9457.8007529834758, 788.58092373935847, 350.36058488384981, -10.379596677251349, -23.119677433665384, 17555.025885664516, 13894.518953657309, 486.26085932129808, 503.53786023705578, 0, 0, 6.8153333967604084
19.650000000000002, 16868.529020527905, 9443.2984472364224, 802.30571975239411, 343.89426521800232, -6.2297762568713466, -24.937745553212302, 16832.612255944114, 9461.3008586570213, 788.47622754348311, 350.12723986427335, -10.469619587533295, -23.334501957646676, 17559.888494257728, 13899.554332259679, 486.26085932129808, 503.53786023705578, 0, 0, 6.8053333967604068
19.66, 16876.551156761656, 9446.7336815826893, 802.24432216755167, 343.64704482385554, -6.1397584842436235, -24.722039414676299, 16840.49546261875, 9464.7986624748701, 788.37252082356486, 349.89600114465594, -10.370671991824402, -23.12387196173939, 17564.75110285094, 13904.589710862048, 486.26085932129808, 503.53786023705578, 0, 0, 6.7953333967604088
19.670000000000002, 16884.57266911602, 9450.1664102918076, 802.18226434678945, 343.39759554913343, -6.2057820762274307, -24.9449274722087, 16848.377618736882, 9468.294121677307, 788.26791481663793, 349.66261387733385, -10.460600692695317, -23.338726732207054, 17569.613711444152, 13909.625089464418, 486.26085932129808, 503.53786023705578, 0, 0, 6.7853333967604073
19.68, 16892.593574376773, 9453.5966768704893, 802.12110549916838, 343.15030376181522, -6.1158847621094639, -24.729178731823122, 16856.258743624861, 9471.7872786055323, 788.16429747085203, 349.43133317416152, -10.361734578590092, -23.128070317232076, 17574.476320037364, 13914.660468066788, 486.26085932129808, 503.53786023705578, 0, 0, 6.7753333967604092
19.690000000000001, 16900.613858167271, 9457.0244370934397, 802.05928786622098, 342.90078278398454, -6.1817632947354308, -24.952097783070478, 16864.138818864234, 9475.2780904939864, 788.05978178186797, 349.19790362170113, -10.451568898410859, -23.342955246040802, 17579.338928630576, 13919.695846669158, 486.26085932129808, 503.53786023705578, 0, 0, 6.7653333967604077
19.699999999999999, 16908.633537247948, 9460.4497344752835, 801.99836800064111, 342.65341971764468, -6.0919865579882622, -24.736306633985549, 16872.017863764388, 9478.7665996893211, 787.95625393747014, 348.96658089626635, -10.352784439784649, -23.132272543478319, 17584.201537223787, 13924.731225271527, 486.26085932129808, 503.53786023705578, 0, 0, 6.7553333967604097
19.710000000000001, 16916.652597269967, 9463.8725247839848, 801.93679080153049, 342.40382715267481, -6.1577199110646479, -24.959256496990069, 16879.895859925131, 9482.2527634201524, 787.85182869541302, 348.73310902086848, -10.44252420571113, -23.347187539789338, 17589.064145816999, 13929.766603873897, 486.26085932129808, 503.53786023705578, 0, 0, 6.7453333967604081
19.719999999999999, 16924.671054968403, 9467.2928515420426, 801.87611016283415, 342.15639292136672, -6.0680638696319171, -24.743423130809596, 16887.772826638848, 9485.73662403856, 787.74839047965656, 348.50174423407248, -10.343821575640822, -23.136478679599815, 17593.926754410211, 13934.801982476267, 486.26085932129808, 503.53786023705578, 0, 0, 6.7353333967604101
19.73, 16932.688896022242, 9470.7106705107126, 801.8147736436116, 341.90672888515661, -6.1336519222563215, -24.966403621010961, 16895.648745523653, 9489.2181387673536, 787.64405581351934, 348.26822999757161, -10.433466613723304, -23.351423650089082, 17598.789363003423, 13939.837361078637, 486.26085932129808, 503.53786023705578, 0, 0, 6.7253333967604085
19.740000000000002, 16940.706137141173, 9474.1260252203301, 801.75433247668047, 341.65922360288027, -6.044116693117684, -24.750528227634472, 16903.52363585489, 9492.6973499640153, 787.54070735367509, 348.03682310996601, -10.334845984424879, -23.140688760561666, 17603.651971596635, 13944.872739681006, 486.26085932129808, 503.53786023705578, 0, 0, 6.715333396760407
19.75, 16948.722764032042, 9477.5388714254859, 801.69323688344286, 341.40948821129945, -6.109559323762964, -24.973539158081067, 16911.39747926901, 9496.1742148455742, 787.436463392478, 347.80326647386977, -10.424396119705756, -23.355663609625143, 17608.514580189847, 13949.908118283376, 486.26085932129808, 503.53786023705578, 0, 0, 6.705333396760409
19.760000000000002, 16956.738793379121, 9480.9492526643098, 801.63303543321399, 341.16191199204394, -6.0201450228900937, -24.757621925551941, 16919.270295024286, 9499.648775774891, 787.33320481585326, 347.57181744569743, -10.325857662474769, -23.144902817231884, 17613.377188783059, 13954.943496885746, 486.26085932129808, 503.53786023705578, 0, 0, 6.6953333967604074
19.77, 16964.754210917137, 9484.3571246847641, 801.57218101211913, 340.91210536097287, -6.0854421094884827, -24.980663107108974, 16927.142064775537, 9503.1209899632304, 787.22905168866237, 347.33821837122554, -10.415312719084428, -23.359907447187812, 17618.239797376271, 13959.978875488116, 486.26085932129808, 503.53786023705578, 0, 0, 6.6853333967604094
19.780000000000001, 16972.769033304932, 9487.7625310327403, 801.51221952360117, 340.66445831875836, -5.9961488517979511, -24.764704221452607, 16935.012807763931, 9506.5908997788119, 787.12588312262005, 347.10672716246125, -10.316856604232514, -23.149120876428185, 17623.102405969483, 13965.014254090485, 486.26085932129808, 503.53786023705578, 0, 0, 6.6753333967604078
19.789999999999999, 16980.783246305127, 9491.1654274496086, 801.45160652088293, 340.4145805641283, -6.0613002718236224, -24.987775463007839, 16942.882505662696, 9510.0584624271578, 787.02182095856517, 346.8730856105841, -10.406216405483692, -23.364155187716968, 17627.965014562695, 13970.049632692855, 486.26085932129808, 503.53786023705578, 0, 0, 6.6653333967604098
19.800000000000001, 16988.796866551111, 9494.565857488984, 801.39188523917164, 340.16686281304766, -5.9721281711283334, -24.771775108064237, 16950.75117769586, 9513.5237202818189, 786.91874253054243, 346.64155218097454, -10.307842802273065, -23.153342960957037, 17632.827623155907, 13975.085011295225, 486.26085932129808, 503.53786023705578, 0, 0, 6.6553333967604082
19.809999999999999, 16996.809879833432, 9497.9637768856828, 801.33151390115484, 339.91691405088034, -6.037133801678559, -24.994876216731775, 16958.618805555088, 9516.9866305426003, 786.81477145883491, 346.40786811245113, -10.397107170753866, -23.36840685233911, 17637.690231749119, 13980.120389897595, 486.26085932129808, 503.53786023705578, 0, 0, 6.6453333967604102
19.82, 17004.82230276, 9501.3592292010053, 801.27203307144828, 339.66912570514012, -5.9480829706510256, -24.778834574020575, 16966.485408447239, 9520.4472355883609, 786.71178329636143, 346.17629242155431, -10.298816247346009, -23.157569089682109, 17642.55284034233, 13985.155768499964, 486.26085932129808, 503.53786023705578, 0, 0, 6.6353333967604087
19.830000000000002, 17012.83412114931, 9504.752170163254, 801.21190364456299, 339.41910605158671, -6.012942688525392, -25.001965355341049, 16974.350968082454, 9523.9054926132085, 786.6079034463113, 345.94256579696997, -10.387985005010945, -23.372662458432359, 17647.415448935542, 13990.191147102334, 486.26085932129808, 503.53786023705578, 0, 0, 6.6253333967604071
19.84, 17020.845351583768, 9508.1426433413799, 801.15266351217645, 339.17124722554775, -5.9240132386500459, -24.785882603894187, 16982.215503650379, 9527.3614440012861, 786.50500567702727, 345.7109478041944, -10.289776928401775, -23.161799277557886, 17652.278057528754, 13995.226525704704, 486.26085932129808, 503.53786023705578, 0, 0, 6.6153333967604091
19.850000000000001, 17028.855979909851, 9511.5306044572062, 801.09277624297215, 338.92115679692739, -5.9887269204283893, -25.009042862033262, 16990.078996879663, 9530.8150469410248, 786.40121717806062, 345.47717858399784, -10.378849896661578, -23.376922019658316, 17657.140666121966, 14000.261904307074, 486.26085932129808, 503.53786023705578, 0, 0, 6.6053333967604075
19.859999999999999, 17036.866022684437, 9514.9160970872981, 801.03377705335254, 338.6732276051448, -5.8999189619654189, -24.792919178259158, 16997.941466942721, 9534.2663438218351, 786.29840992973436, 345.24551824864091, -10.280724832630415, -23.166033535692122, 17662.003274715178, 14005.297282909443, 486.26085932129808, 503.53786023705578, 0, 0, 6.5953333967604095
19.870000000000001, 17044.875465781999, 9518.2990769470416, 800.9741321885117, 338.42306651798276, -5.9644864840839551, -25.016108716202822, 17005.802895586745, 9537.7152918264892, 786.19471291140997, 345.0117063931807, -10.369701832440024, -23.381185546021378, 17666.86588330839, 14010.332661511813, 486.26085932129808, 503.53786023705578, 0, 0, 6.585333396760408
19.879999999999999, 17052.884325733867, 9521.6795876205797, 800.91537418725147, 338.17506707524541, -5.8758001260271921, -24.799944273732475, 17013.663301966866, 9541.1619333496401, 786.09199631195509, 344.78000367446685, -10.271659945491141, -23.170271871387556, 17671.728491901602, 14015.368040114183, 486.26085932129808, 503.53786023705578, 0, 0, 6.57533339676041
19.890000000000001, 17060.892588442533, 9525.0575848168974, 800.85597197360289, 337.92483544631062, -5.9402213648532225, -25.023162893480162, 17021.522667848865, 9544.6062255684283, 785.98839090398076, 344.54614914402777, -10.360540797436299, -23.385453043908289, 17676.591100494814, 14020.403418716553, 486.26085932129808, 503.53786023705578, 0, 0, 6.5653333967604084
19.900000000000002, 17068.900270413764, 9528.4331121276809, 800.79745540645399, 337.67676586768039, -5.8516567148930783, -24.806957863026426, 17029.381012370566, 9548.0482108827255, 785.88576508147332, 344.31440400114582, -10.262582250746409, -23.174514288194295, 17681.453709088026, 14025.438797318922, 486.26085932129808, 503.53786023705578, 0, 0, 6.5553333967604068
19.91, 17076.907357578097, 9531.8061252555526, 800.73829609098595, 337.42646381402255, -5.9159315467981042, -25.030205365781484, 17037.238317316365, 9551.4878464640587, 785.78225141372207, 344.08050675598446, -10.351366775128664, -23.389724516137878, 17686.316317681238, 14030.474175921292, 486.26085932129808, 503.53786023705578, 0, 0, 6.5453333967604088
19.920000000000002, 17084.9138664157, 9535.1766677997057, 800.68002120387314, 337.17832421487265, -5.8274887112822569, -24.813959914990775, 17045.094601806744, 9554.9251747175003, 785.6797164964172, 343.84871914812493, -10.253491730491486, -23.178760785952168, 17691.17892627445, 14035.509554523662, 486.26085932129808, 503.53786023705578, 0, 0, 6.5353333967604073
19.93, 17092.919782885187, 9538.5446954564395, 800.62110503374595, 336.92795185385916, -5.8916170127136862, -25.037236101348714, 17052.949847644748, 9558.3601528089876, 785.57629469894312, 343.61477914850491, -10.342179747411807, -23.393999962001249, 17696.041534867662, 14040.544933126032, 486.26085932129808, 503.53786023705578, 0, 0, 6.5253333967604092
19.940000000000001, 17100.925123441109, 9541.910251832418, 800.56307207277985, 336.67974234991243, -5.8032960966145666, -24.820950394671073, 17060.804073933483, 9561.7928231487676, 785.47385081529126, 343.3829490348964, -10.244388365190746, -23.183011360848703, 17700.904143460873, 14045.580311728401, 486.26085932129808, 503.53786023705578, 0, 0, 6.5153333967604077
19.949999999999999, 17108.929874070174, 9545.2732926176577, 800.5043992953382, 336.42929979926436, -5.8672777441657127, -25.044255064804847, 17068.657262494682, 9565.22314289721, 785.3705210183449, 343.14896624112322, -10.332979694631414, -23.398279377316793, 17705.766752054085, 14050.615690330771, 486.26085932129808, 503.53786023705578, 0, 0, 6.5053333967604097
19.960000000000001, 17116.9340512013, 9548.6338614262604, 800.44660850682783, 336.18102050663094, -5.7790788510414179, -24.827929263343918, 17076.509432414045, 9568.6511544697205, 785.26816829700783, 342.91709358106868, -10.235272133704012, -23.18726600545471, 17710.629360647297, 14055.651068933141, 486.26085932129808, 503.53786023705578, 0, 0, 6.4953333967604081
19.969999999999999, 17124.937640849312, 9551.9919139419944, 800.38817936961266, 335.93050788445908, -5.8429137215202607, -25.051262217187375, 17084.360565532024, 9572.0768150211188, 785.16493063105179, 342.68306795352402, -10.323766595609307, -23.402562754463979, 17715.491969240509, 14060.686447535511, 486.26085932129808, 503.53786023705578, 0, 0, 6.4853333967604101
19.98, 17132.940659417465, 9555.3474937863666, 800.3306310000778, 335.68215891967327, -5.7548369534853911, -24.834896478577935, 17092.210680916884, 9575.5001669719477, 785.06266920091855, 342.45115270643618, -10.226143013323661, -23.191524708784698, 17720.354577833721, 14065.72182613788, 486.26085932129808, 503.53786023705578, 0, 0, 6.4753333967604085
19.990000000000002, 17140.943092948728, 9558.7005566369353, 800.27244575083796, 335.43157634451319, -5.8185249239816077, -25.058257516006137, 17100.05976042783, 9578.9211674714988, 784.95952379664175, 342.21708420561174, -10.314540427678773, -23.40685008244068, 17725.217186426933, 14070.75720474025, 486.26085932129808, 503.53786023705578, 0, 0, 6.465333396760407
20, 17148.94495782068, 9562.0511461225815, 800.21514004702124, 335.18315782457051, -5.730570381669212, -24.84185199426479, 17107.907823115649, 9582.3398589454373, 784.85735378684376, 341.98512633104843, -10.217000979798893, -23.19578745632823, 17730.079795020145, 14075.79258334262, 486.26085932129808, 503.53786023705578, 0, 0, 6.455333396760409
20.010000000000002, 17156.946240104451, 9565.3992179146899, 800.157198933725, 334.93250541541778, -5.7941113296200495, -25.065240915272735, 17115.754850858342, 9585.7561985375451, 784.75430077517672, 341.75101491757948, -10.305301166707732, -23.411141346892922, 17734.942403613357, 14080.82796194499, 486.26085932129808, 503.53786023705578, 0, 0, 6.4453333967604074
20.02, 17164.946956151922, 9568.7448156494793, 800.10013614260345, 334.68401745781097, -5.7062791121542933, -24.848795760678534, 17123.600862689193, 9589.1702286785858, 784.65222231510302, 341.5190143752784, -10.20784600737184, -23.200054230108659, 17739.805012206569, 14085.863340547359, 486.26085932129808, 503.53786023705578, 0, 0, 6.4353333967604094
20.030000000000001, 17172.947092062412, 9572.0878949922026, 800.04243941344942, 334.43329533415539, -5.7696729154087638, -25.072212365556851, 17131.445840505025, 9592.581906506859, 784.5492618272317, 341.28486000997668, -10.296048787133117, -23.415436530170648, 17744.667620799781, 14090.898719149729, 486.26085932129808, 503.53786023705578, 0, 0, 6.4253333967604078
20.039999999999999, 17180.946664162078, 9575.4284995863854, 799.98561978224564, 334.18473805691025, -5.6819631203725951, -24.85572772451637, 17139.289803321586, 9595.991274458207, 784.44727504654361, 341.05281675988942, -10.198678068805666, -23.204325008723814, 17749.530229392993, 14095.934097752099, 486.26085932129808, 503.53786023705578, 0, 0, 6.4153333967604098
20.050000000000001, 17188.945658578454, 9578.7665850911817, 799.92816768567309, 333.93394633877, -5.7452096572543585, -25.079171814024871, 17147.132733054561, 9599.3982896654634, 784.34440721392377, 340.81861940377576, -10.286783261987686, -23.419735611366313, 17754.392837986205, 14100.969476354468, 486.26085932129808, 503.53786023705578, 0, 0, 6.4053333967604082
20.059999999999999, 17196.944091611953, 9582.1021951573948, 799.8715914618665, 333.68531986048055, -5.6576223806607224, -24.862647828946553, 17154.974648702129, 9602.8029945695362, 784.24251224256966, 340.58653340610181, -10.18949713541555, -23.208599767393537, 17759.255446579416, 14106.004854956838, 486.26085932129808, 503.53786023705578, 0, 0, 6.3953333967604102
20.07, 17204.941949418342, 9585.4352854381195, 799.81438424656619, 333.4344586684357, -5.7207215300295271, -25.086119204485399, 17162.815532198871, 9606.2053462978129, 784.13973719694036, 340.3522930204382, -10.277504562929535, -23.424038566360014, 17764.118055172628, 14111.040233559208, 486.26085932129808, 503.53786023705578, 0, 0, 6.3853333967604087
20.080000000000002, 17212.93924827228, 9588.7658995914026, 799.75805167790327, 333.18576310829917, -5.6332568662919726, -24.86955601365101, 17170.655402525364, 9609.6053872962457, 784.03793416516942, 340.12016423565819, -10.18030317709729, -23.212878478002057, 17768.98066376584, 14116.075612161578, 486.26085932129808, 503.53786023705578, 0, 0, 6.3753333967604071
20.09, 17220.935974357784, 9592.0939932643141, 799.7010895928272, 332.93483256352488, -5.6962085076037479, -25.093054477429622, 17178.494241635119, 9613.0030746867978, 783.93525203856677, 339.88588078197961, -10.268212660269374, -23.428345367859698, 17773.843272359052, 14121.110990763947, 486.26085932129808, 503.53786023705578, 0, 0, 6.3653333967604091
20.100000000000001, 17228.932143923732, 9595.4196101221169, 799.64500092733215, 332.68606804137613, -5.6088665495100702, -24.876452214873613, 17186.33206849108, 9616.3984509204511, 783.83354107694322, 339.65370917088813, -10.171096162358154, -23.21716110914581, 17778.705880952264, 14126.146369366317, 486.26085932129808, 503.53786023705578, 0, 0, 6.3553333967604075
20.109999999999999, 17236.927743182419, 9598.7427058058947, 799.58828422170336, 332.43506826567534, -5.6716705628756214, -25.099977570077165, 17194.16886506572, 9619.7914731137625, 783.73095200171326, 339.41938261103365, -10.258907522999925, -23.432655985446541, 17783.568489545476, 14131.181747968687, 486.26085932129808, 503.53786023705578, 0, 0, 6.3453333967604095
20.120000000000001, 17244.922788356926, 9602.0633239880972, 799.53243970768779, 332.18623490202071, -5.5844514015606848, -24.883336365462572, 17202.004650304327, 9623.182183722729, 783.62933324112976, 339.18716813477192, -10.161876058345099, -23.221447626175454, 17788.431098138688, 14136.217126571057, 486.26085932129808, 503.53786023705578, 0, 0, 6.335333396760408
20.129999999999999, 17252.917265687851, 9605.3814203038546, 799.47596863100978, 331.93516601785655, -5.6471076678030343, -25.106888416416279, 17209.839406198371, 9626.5705398585196, 783.5268373499415, 338.95279843091578, -10.249589118822831, -23.436970385614835, 17793.2937067319, 14141.252505173426, 486.26085932129808, 503.53786023705578, 0, 0, 6.32533339676041
20.140000000000001, 17260.911191372452, 9608.6970384327742, 799.42036851708258, 331.68626393390736, -5.5600113927240855, -24.890208394916929, 17217.673151675444, 9629.9565839821298, 783.42531092163279, 338.72054105100335, -10.152642830874592, -23.225737991241857, 17798.156315325112, 14146.287883775796, 486.26085932129808, 503.53786023705578, 0, 0, 6.3153333967604084
20.150000000000002, 17268.904551679654, 9612.010134004071, 799.36414331914818, 331.43512606443488, -5.6225197934344653, -25.11378694724797, 17225.505868746048, 9633.3402731993592, 783.32290834749097, 338.48612816568522, -10.240257414177075, -23.441288531815623, 17803.018923918324, 14151.323262378166, 486.26085932129808, 503.53786023705578, 0, 0, 6.3053333967604068
20.16, 17276.89736278087, 9615.3207507044808, 799.30878785422465, 331.1861553821405, -5.5355464923486348, -24.897068229436186, 17233.337576320057, 9636.7216499761907, 783.22147438304637, 338.25382784405178, -10.143396444463589, -23.23003216334504, 17807.881532511536, 14156.358640980536, 486.26085932129808, 503.53786023705578, 0, 0, 6.2953333967604088
20.170000000000002, 17284.889610973376, 9618.6288441573379, 799.25280878512524, 330.93494865123819, -5.5979069099410523, -25.120673090233083, 17241.16825642703, 9640.1006714130745, 783.11916525930371, 338.01937174020674, -10.230912374268499, -23.445610384503158, 17812.744141104748, 14161.394019582905, 486.26085932129808, 503.53786023705578, 0, 0, 6.2853333967604073
20.18, 17292.881312402726, 9621.9344580564812, 799.19769821843647, 330.6859094933186, -5.5110566688793332, -24.903915791956035, 17248.997927959095, 9643.4773799809609, 783.01782389068012, 337.78702843922304, -10.134136862354561, -23.234330098369647, 17817.606749697959, 14166.429398185275, 486.26085932129808, 503.53786023705578, 0, 0, 6.2753333967604092
20.190000000000001, 17300.872453394561, 9625.2375480193987, 799.14196552857004, 330.43463402561935, -5.57326898664396, -25.127546769926226, 17256.826572964907, 9646.8517327749687, 782.91560835104917, 337.55252908021134, -10.221553963093681, -23.449935901168566, 17822.469358291171, 14171.464776787645, 486.26085932129808, 503.53786023705578, 0, 0, 6.2653333967604077
20.199999999999999, 17308.863050068561, 9628.5381577470052, 799.08710010967116, 330.18552651559736, -5.4865418898901446, -24.910751002195894, 17264.654210318811, 9650.2237722710088, 782.81435971058374, 337.32014276272002, -10.124864046545305, -23.238631749131727, 17827.331966884383, 14176.500155390015, 486.26085932129808, 503.53786023705578, 0, 0, 6.2553333967604097
20.210000000000001, 17316.85308877876, 9631.8362428509754, 799.03161404975071, 329.93418243651917, -5.5486059920453501, -25.134407907820851, 17272.480822088597, 9653.593455558881, 782.71223788914904, 337.08560011235619, -10.212182143468345, -23.454265036384236, 17832.194575477595, 14181.535533992384, 486.26085932129808, 503.53786023705578, 0, 0, 6.2453333967604081
20.219999999999999, 17324.842585618939, 9635.1318470392744, 798.97699402852959, 329.6850066987522, -5.462002122112585, -24.917573776696035, 17280.306427130796, 9656.9608251194441, 782.61108210957093, 336.85317074170206, -10.115577957814308, -23.242937065415468, 17837.057184070807, 14186.570912594754, 486.26085932129808, 503.53786023705578, 0, 0, 6.2353333967604101
20.23, 17332.831526971539, 9638.4249259177977, 798.92175484959103, 329.43359413452833, -5.5239178938557778, -25.141256422384487, 17288.13100753236, 9660.325838037199, 782.50905414080046, 336.6185847642837, -10.202796877051545, -23.458597741838695, 17841.919792664019, 14191.606291197124, 486.26085932129808, 503.53786023705578, 0, 0, 6.2253333967604085
20.240000000000002, 17340.819928904435, 9641.7155232015393, 798.86738047627637, 329.18435029423966, -5.4374373314691233, -24.924384028869664, 17295.954582131984, 9663.688536797943, 782.40799135524298, 336.38611230434344, -10.106278555752189, -23.247245994024322, 17846.782401257231, 14196.641669799494, 486.26085932129808, 503.53786023705578, 0, 0, 6.215333396760407
20.25, 17348.807777828501, 9645.0035944906467, 798.81238842968605, 328.93286937194858, -5.4992046590261996, -25.148092229108183, 17303.777133035819, 9667.0488784808913, 782.30605737399924, 336.15148296467959, -10.193398124375628, -23.462933966385116, 17851.645009850443, 14201.677048401863, 486.26085932129808, 503.53786023705578, 0, 0, 6.205333396760409
20.260000000000002, 17356.795089785675, 9648.289183507115, 798.75825995485502, 328.68355755525823, -5.4128474831005535, -24.931181669037723, 17311.598679064689, 9670.4069055767668, 782.20508771601135, 335.91896737989146, -10.096965798785803, -23.251558478815344, 17856.507618443655, 14206.712427004233, 486.26085932129808, 503.53786023705578, 0, 0, 6.1953333967604074
20.27, 17364.781851215284, 9651.572245845382, 798.70351529231732, 328.43200840285283, -5.4744662537741773, -25.154915240539527, 17319.419202343972, 9673.7625751595169, 782.10324785756268, 335.6842946433307, -10.18398584486923, -23.467273656073917, 17861.370227036867, 14211.747805606603, 486.26085932129808, 503.53786023705578, 0, 0, 6.1853333967604094
20.280000000000001, 17372.768078133326, 9654.8528252344204, 798.64963296690337, 328.18262873680806, -5.388232541396798, -24.937966604474628, 17327.2387216766, 9677.1159297247814, 782.00237146112056, 335.45173589872326, -10.087639644206781, -23.255874460744081, 17866.232835630079, 14216.783184208973, 486.26085932129808, 503.53786023705578, 0, 0, 6.1753333967604078
20.289999999999999, 17380.753757007598, 9658.1308772629836, 798.59513594046723, 327.9310114831448, -5.4497026436134348, -25.161725366326031, 17335.05721920721, 9680.4669263412561, 781.90062586115175, 335.21701973118132, -10.174559996884474, -23.47161675419537, 17871.095444223291, 14221.818562811342, 486.26085932129808, 503.53786023705578, 0, 0, 6.1653333967604098
20.300000000000001, 17388.738903828133, 9661.4064456670039, 798.54150001576693, 327.68156409575022, -5.3635924700286211, -24.944738739457293, 17342.874713720816, 9683.8156075094867, 781.79984286066974, 334.98441779240221, -10.078300048201289, -23.260193877912631, 17875.958052816502, 14226.853941413712, 486.26085932129808, 503.53786023705578, 0, 0, 6.1553333967604082
20.309999999999999, 17396.72350509122, 9664.679486029585, 798.48725087783305, 327.42987887061759, -5.424913793384194, -25.168522513261706, 17350.691187381341, 9687.1619302929303, 781.69819165529248, 334.74965816038895, -10.165120537725334, -23.4759632013252, 17880.820661409714, 14231.889320016082, 486.26085932129808, 503.53786023705578, 0, 0, 6.1453333967604102
20.32, 17404.707576760913, 9667.9500420935947, 798.43386160551336, 327.18036389086461, -5.3389272319739884, -24.951497975298953, 17358.506658955848, 9690.5059371970347, 781.59750218563374, 334.51701299373292, -10.068946965873328, -23.264516665602862, 17885.683270002926, 14236.924698618452, 486.26085932129808, 503.53786023705578, 0, 0, 6.1353333967604087
20.330000000000002, 17412.691105362017, 9671.2180694365161, 798.37986060884054, 326.92861082501145, -5.4000996672784671, -25.17530658531912, 17366.321110627592, 9693.8475852800311, 781.49594551139705, 334.28220986437935, -10.155667423669863, -23.480312935356125, 17890.545878596138, 14241.960077220821, 486.26085932129808, 503.53786023705578, 0, 0, 6.1253333967604071
20.34, 17420.674106832586, 9674.4836118081348, 798.32671824094507, 326.67902838290752, -5.3142367895478255, -24.958244210393673, 17374.134561145653, 9697.1869170522623, 781.39534970788429, 334.04952143681618, -10.05958035127237, -23.268842756320012, 17895.40848718935, 14246.995455823191, 486.26085932129808, 503.53786023705578, 0, 0, 6.1153333967604091
20.350000000000001, 17428.65656772596, 9677.7466247803404, 798.27296563865639, 326.4272076080706, -5.3752602288685765, -25.182077483691685, 17381.946992712641, 9700.5238895667462, 781.29388770178434, 333.81467477790079, -10.14620060999653, -23.484665891539233, 17900.271095782562, 14252.030834425561, 486.26085932129808, 503.53786023705578, 0, 0, 6.1053333967604075
20.359999999999999, 17436.638503954182, 9681.0071521098198, 798.22007042761209, 326.17755783466799, -5.2895211044309729, -24.9649773402592, 17389.758424059637, 9703.8585453387132, 781.19338570021011, 333.58194305710242, -10.050200157420132, -23.273172079834584, 17905.133704375774, 14257.066213027931, 486.26085932129808, 503.53786023705578, 0, 0, 6.0953333967604095
20.370000000000001, 17444.619902099141, 9684.2651493629, 798.16656647320076, 325.92566948359968, -5.3503954411348813, -25.188835106834286, 17397.568837408631, 9707.1908414159843, 781.09201849969998, 333.34705283707717, -10.136720051009759, -23.489022002523743, 17909.996312968986, 14262.1015916303, 486.26085932129808, 503.53786023705578, 0, 0, 6.085333396760408
20.379999999999999, 17452.600778046854, 9687.5206603031475, 798.11391867182385, 325.67595251102398, -5.2647801376955146, -24.97169725756946, 17405.378251472677, 9710.5208203186703, 780.9916104363366, 333.11427779144503, -10.040806336332983, -23.27750456321419, 17914.858921562198, 14267.13697023267, 486.26085932129808, 503.53786023705578, 0, 0, 6.07533339676041
20.390000000000001, 17460.581118407783, 9690.7736404913558, 798.06066361915896, 325.42399671751906, -5.3255052664900919, -25.195579350494153, 17413.186648493185, 9713.8484390894046, 780.89033817933603, 332.87934397946117, -10.127225700061286, -23.493381198387222, 17919.72153015541, 14272.17234883504, 486.26085932129808, 503.53786023705578, 0, 0, 6.0653333967604084
20.400000000000002, 17468.560939041898, 9694.0241336979525, 798.00826348066062, 325.17421267899698, -5.2400138498363287, -24.978403852206423, 17420.994047165153, 9717.1737402531799, 780.79002419094547, 332.64652557815242, -10.031398839052203, -23.281840130874116, 17924.584138748622, 14277.20772743741, 486.26085932129808, 503.53786023705578, 0, 0, 6.0553333967604068
20.41, 17476.540226588255, 9697.2720954782271, 797.95525758399253, 324.92218957791937, -5.3005896668094667, -25.202310107760102, 17428.800429749437, 9720.496680847451, 780.68884701584966, 332.4115481440856, -10.117717509579014, -23.497743406683586, 17929.446747341834, 14282.243106039779, 486.26085932129808, 503.53786023705578, 0, 0, 6.0453333967604088
20.420000000000002, 17484.518996880764, 9700.5175696094539, 797.90310536198456, 324.67233860780641, -5.2152222007970579, -24.985097011295903, 17436.605814922954, 9723.8173034020856, 780.58862723969298, 332.17868635703945, -10.021977615667479, -23.286178704612254, 17934.309355935045, 14287.278484642149, 486.26085932129808, 503.53786023705578, 0, 0, 6.0353333967604073
20.43, 17492.497236587093, 9703.7605116414416, 797.85034887594998, 324.42024833511545, -5.2756486034557195, -25.209027269096502, 17444.410184966036, 9727.1355649493726, 780.48754528538211, 331.9436652715147, -10.10819543108941, -23.502108552476251, 17939.171964528257, 14292.313863244519, 486.26085932129808, 503.53786023705578, 0, 0, 6.0253333967604092
20.440000000000001, 17500.474961515079, 9707.0009653583002, 797.79844482445003, 324.17033056892296, -5.1904051499966481, -24.991776619245574, 17452.213558537496, 9730.4515080240581, 780.38741985922866, 331.71076006947823, -10.012542615341195, -23.290520203646171, 17944.034573121469, 14297.349241846889, 486.26085932129808, 503.53786023705578, 0, 0, 6.0153333967604077
20.449999999999999, 17508.452158361019, 9710.2388863043816, 797.74593800407695, 323.91817326169917, -5.2506820373044647, -25.215730722379369, 17460.015917937177, 9733.7650896532687, 780.2864332650762, 331.4756953038945, -10.098659415240668, -23.506476558373311, 17948.897181714681, 14302.384620449258, 486.26085932129808, 503.53786023705578, 0, 0, 6.0053333967604097
20.460000000000001, 17516.428842906662, 9713.4743182706152, 797.69428237751333, 323.66818883612126, -5.1655626563583104, -24.998442557791002, 17467.817281805761, 9737.0763523766254, 780.18640232721282, 331.24274665844791, -10.003093786335894, -23.294864544657891, 17953.759790307893, 14307.419999051628, 486.26085932129808, 503.53786023705578, 0, 0, 5.9953333967604081
20.469999999999999, 17524.405001876949, 9716.7072167959232, 797.64202547822561, 323.41596463259185, -5.2256899287719412, -25.222420352940063, 17475.617632462621, 9740.385253216109, 780.08551123309451, 331.00763818500224, -10.0891094118289, -23.510847344570056, 17958.622398901105, 14312.455377653998, 486.26085932129808, 503.53786023705578, 0, 0, 5.9853333967604101
20.48, 17532.380651027528, 9719.9376256780433, 797.59061853144226, 323.16591368553145, -5.14069467833726, -25.005094706038658, 17483.416988530291, 9743.6918347162136, 779.98557492233408, 330.77464606858388, -9.9936310760403835, -23.299211641835718, 17963.485007494317, 14317.490756256368, 486.26085932129808, 503.53786023705578, 0, 0, 5.9753333967604085
20.490000000000002, 17540.355777112007, 9723.1655004504919, 797.53861180906381, 322.91362272509537, -5.2006722378416148, -25.229096043606162, 17491.215332347711, 9746.9960538937758, 779.88477946863588, 330.53949386029501, -10.079545369823009, -23.515220828888651, 17968.347616087529, 14322.526134858737, 486.26085932129808, 503.53786023705578, 0, 0, 5.965333396760407
20.5, 17548.330395859921, 9726.3908849178024, 797.48745379732441, 322.66350539569049, -5.1158011739403459, -25.011732940484873, 17499.012682519231, 9750.2979532981681, 779.78493792432607, 330.3064582462261, -9.9841544309857753, -23.303561406892651, 17973.210224680741, 14327.561513461107, 486.26085932129808, 503.53786023705578, 0, 0, 5.955333396760409
20.510000000000002, 17556.304494053555, 9729.6137346081086, 797.43569750808354, 322.41114781894328, -5.1756289240830338, -25.23575767471938, 17506.809021403387, 9753.5974899410921, 779.68423825195225, 330.07126227695812, -10.069967237380022, -23.519596926795618, 17978.072833273953, 14332.596892063477, 486.26085932129808, 503.53786023705578, 0, 0, 5.9453333967604074
20.52, 17564.27808739632, 9732.8340933327272, 797.38478868707591, 322.16096424759257, -5.0908821007581295, -25.018357135073185, 17514.604367586337, 9756.8947063767991, 779.58449161398346, 329.83818313946688, -9.9746637968772713, -23.307913749122072, 17982.935441867165, 14337.632270665847, 486.26085932129808, 503.53786023705578, 0, 0, 5.9353333967604094
20.530000000000001, 17572.251162699198, 9736.051916614435, 797.33328308760906, 321.90854019635066, -5.1505599466825416, -25.2424051241901, 17522.398703446233, 9760.1895596118611, 779.48388786436476, 329.60294338395232, -10.060374961875368, -23.523975551454694, 17987.798050460377, 14342.667649268216, 486.26085932129808, 503.53786023705578, 0, 0, 5.9253333967604078
20.539999999999999, 17580.223735639462, 9739.2672482713242, 797.2826237134492, 321.65829052473839, -5.0659374159877668, -25.024967161224343, 17530.192047551009, 9763.482092205415, 779.38423627317866, 329.36982069819805, -9.9651591186145119, -23.312268575426778, 17992.660659053588, 14347.703027870586, 486.26085932129808, 503.53786023705578, 0, 0, 5.9153333967604098
20.550000000000001, 17588.195793056806, 9742.4800438208313, 797.23136906080458, 321.40580014206313, -5.125465264465225, -25.249038267525794, 17537.984382298466, 9766.7722611589052, 779.28372858827947, 329.13453713206053, -10.050768489922307, -23.528356613754372, 17997.5232676468, 14352.738406472956, 486.26085932129808, 503.53786023705578, 0, 0, 5.9053333967604082
20.559999999999999, 17596.167350602351, 9745.6903470878187, 797.1809593900399, 321.15548451318426, -5.0409670764627439, -25.031562887887919, 17545.775726238298, 9770.060109036358, 779.18417218487627, 328.90137087415684, -9.9556403403207181, -23.316625790368999, 18002.385876240012, 14357.773785075326, 486.26085932129808, 503.53786023705578, 0, 0, 5.8953333967604102
20.57, 17604.138395144524, 9748.8981135844042, 797.12995594168069, 320.90292794340547, -5.100344835923373, -25.255656977880083, 17553.56606178798, 9773.3455928340954, 779.08376070720226, 328.66604347393326, -10.041147767399687, -23.532740022355409, 18007.248484833224, 14362.809163677695, 486.26085932129808, 503.53786023705578, 0, 0, 5.8853333967604087
20.580000000000002, 17612.108942308285, 9752.1033871422114, 797.07979623129393, 320.65254650158982, -5.0159710386736238, -25.038144181567027, 17561.355407478943, 9776.6287551210407, 778.98429963314868, 328.43283362097134, -9.946107405360646, -23.320985296194255, 18012.111093426436, 14367.844542280065, 486.26085932129808, 503.53786023705578, 0, 0, 5.8753333967604071
20.59, 17620.078978990805, 9755.3061232680593, 797.02904424510155, 320.39992389032903, -5.075198619236426, -25.262261126076176, 17569.143745748363, 9779.9095528883972, 778.88398450575403, 328.1974623641342, -10.0315127394691, -23.537125683713434, 18016.973702019648, 14372.879920882435, 486.26085932129808, 503.53786023705578, 0, 0, 5.8653333967604091
20.600000000000001, 17628.048520790868, 9758.5063658003273, 796.97913475251357, 320.14947678126543, -4.9909492587933144, -25.044710906357381, 17576.931095109383, 9783.1880287099902, 778.78461890319034, 327.96420889420551, -9.9365602563643485, -23.325346992869136, 18021.83631061286, 14377.915299484805, 486.26085932129808, 503.53786023705578, 0, 0, 5.8553333967604075
20.609999999999999, 17636.017554634407, 9761.704070240552, 796.92863448679066, 319.89678827545902, -5.05002657229518, -25.268850580643974, 17584.717438018914, 9786.4641395719063, 778.68440026968437, 327.72879375918438, -10.021863350597529, -23.541513502114817, 18026.698919206072, 14382.950678087174, 486.26085932129808, 503.53786023705578, 0, 0, 5.8453333967604095
20.620000000000001, 17643.98609609402, 9764.8992804338686, 796.87897546986358, 319.64627564621912, -4.9659016927036932, -25.051262923991224, 17592.502792971783, 9789.7379280528821, 778.58513028133189, 327.49549665140313, -9.9269988352527641, -23.329710778123694, 18031.561527799284, 14387.986056689544, 486.26085932129808, 503.53786023705578, 0, 0, 5.835333396760408
20.629999999999999, 17651.954132124421, 9768.0919518765495, 796.82872718333635, 319.39352139414052, -5.0248286527273045, -25.27542520786179, 17600.287142444664, 9793.0093511338891, 778.48500828588612, 327.26003761760597, -10.012199544581755, -23.545903379716918, 18036.424136392496, 14393.021435291914, 486.26085932129808, 503.53786023705578, 0, 0, 5.82533339676041
20.640000000000001, 17659.92167827201, 9771.2821284204765, 796.77931890037621, 319.14294339320179, -4.940828296020026, -25.057800093875031, 17608.07050491406, 9796.2784513985825, 778.38583405505346, 327.02669685213112, -9.9174230832606636, -23.334076547487818, 18041.286744985708, 14398.056813894284, 486.26085932129808, 503.53786023705578, 0, 0, 5.8153333967604084
20.650000000000002, 17667.888721520292, 9774.4697655566779, 796.72932285219701, 318.89012354448386, -4.9996048179207282, -25.281984871792147, 17615.852862876422, 9799.5451858228207, 778.28580884240773, 326.79119389996532, -10.002521264570232, -23.550295216582597, 18046.14935357892, 14403.092192496653, 486.26085932129808, 503.53786023705578, 0, 0, 5.8053333967604068
20.66, 17675.855277389459, 9777.6549071437821, 796.68016556195585, 318.63948032175261, -4.9157290241134088, -25.064322273121828, 17623.634234789904, 9802.8095969951919, 778.18673051299811, 326.55780945802212, -9.9078329409572685, -23.338444194322314, 18051.011962172131, 14408.127571099023, 486.26085932129808, 503.53786023705578, 0, 0, 5.7953333967604088
20.670000000000002, 17683.821332891825, 9780.8375086675842, 796.63042201170538, 318.3865950274095, -4.9743550250452078, -25.288529434312458, 17631.414603170768, 9806.0716418864358, 778.08680222846726, 326.32226256891505, -9.9928284530827653, -23.554688910709725, 18055.874570765343, 14413.162949701393, 486.26085932129808, 503.53786023705578, 0, 0, 5.7853333967604073
20.68, 17691.786903521366, 9784.0176139934611, 796.58151597338406, 318.13588673424357, -4.8906038321352963, -25.07082931659032, 17639.193986458798, 9809.331363090083, 777.98781994498461, 326.0888344328165, -9.8982283482695514, -23.342813609856595, 18060.737179358555, 14418.198328303763, 486.26085932129808, 503.53786023705578, 0, 0, 5.7753333967604092
20.690000000000001, 17699.751976319214, 9787.1951786019908, 796.53202518107332, 317.88293614669203, -4.9490792310758032, -25.295058755152226, 17646.97236719009, 9812.588717571758, 777.88798873446433, 325.85324358923583, -9.9831210520327271, -23.559084358066944, 18065.599787951767, 14423.233706906132, 486.26085932129808, 503.53786023705578, 0, 0, 5.7653333967604077
20.699999999999999, 17707.716566753123, 9790.3702463652971, 796.48337065432293, 317.63216293592279, -4.8654526750420137, -25.077321076924832, 17654.749763786047, 9815.8437479299482, 777.78910264201932, 325.61977174240354, -9.8886092445057212, -23.347184683227074, 18070.462396544979, 14428.269085508502, 486.26085932129808, 503.53786023705578, 0, 0, 5.7553333967604097
20.710000000000001, 17715.680661893057, 9793.5427727587521, 796.43413288039471, 317.37914720900346, -4.9237773928163886, -25.301572691930943, 17662.526158802615, 9819.0964111251542, 777.6893686519918, 325.38413692787725, -9.9733990027494563, -23.563481452630125, 18075.325005138191, 14433.304464110872, 486.26085932129808, 503.53786023705578, 0, 0, 5.7453333967604081
20.719999999999999, 17723.644277180534, 9796.7128016612314, 796.38573012531856, 317.12830923495761, -4.8402755076161821, -25.083797404586054, 17670.301570642801, 9822.3467497608381, 777.5905788963081, 325.15062135486221, -9.8789755683748766, -23.351557301506638, 18080.187613731403, 14438.339842713242, 486.26085932129808, 503.53786023705578, 0, 0, 5.7353333967604101
20.73, 17731.607399714369, 9799.8802885429159, 796.33674563064938, 316.87522852395574, -4.8984494669202041, -25.308071100187306, 17678.075981882426, 9825.5947207923746, 777.49094227384808, 324.91494255399812, -9.963662245997007, -23.56788008641033, 18085.050222324615, 14443.375221315611, 486.26085932129808, 503.53786023705578, 0, 0, 5.7253333967604085
20.740000000000002, 17739.570044909833, 9803.0452772894332, 796.28859490780451, 316.62432594247679, -4.8150722844918512, -25.090258147894019, 17685.849410906078, 9828.8403668282117, 777.39224900126794, 324.68138324050068, -9.8693272580114968, -23.35593134974593, 18089.912830917827, 14448.410599917981, 486.26085932129808, 503.53786023705578, 0, 0, 5.715333396760407
20.75, 17747.532199894598, 9806.2077233657837, 796.23986395370537, 316.37118040414259, -4.8730954099139359, -25.314553833420057, 17693.621840309483, 9832.0836448185946, 777.29270989404802, 324.44566043900574, -9.953910721997504, -23.572280149493011, 18094.775439511039, 14453.445978520351, 486.26085932129808, 503.53786023705578, 0, 0, 5.705333396760409
20.760000000000002, 17755.493880057693, 9809.3676706643528, 796.19196552410369, 316.12021337261211, -4.7898429601728667, -25.09670315305052, 17701.393288458785, 9835.3245973769772, 777.19411325153806, 324.21205737189581, -9.8596642509915, -23.360306710994699, 18099.638048104251, 14458.481357122721, 486.26085932129808, 503.53786023705578, 0, 0, 5.6953333967604074
20.77, 17763.455072555658, 9812.5250746449674, 796.14348837232149, 315.86700316518102, -4.8477151782153767, -25.321020743109251, 17709.163737969644, 9838.5631814484659, 777.09467180783361, 323.97629055659525, -9.9441443704464749, -23.576681530058252, 18104.500656697463, 14463.51673572509, 486.26085932129808, 503.53786023705578, 0, 0, 5.6853333967604094
20.780000000000001, 17771.415792751257, 9815.6799792067795, 796.09584249743091, 315.61597184253907, -4.7645874890610749, -25.10313226419278, 17716.933207189748, 9841.7994396515423, 776.99617194299003, 323.74264372393174, -9.8499864843608282, -23.364683266353346, 18109.363265290674, 14468.55211432746, 486.26085932129808, 503.53786023705578, 0, 0, 5.6753333967604078
20.789999999999999, 17779.376027829923, 9818.8323398044522, 796.04761941014931, 315.36269712575137, -4.8223087281604045, -25.327471678767246, 17724.701678754707, 9845.0333289261653, 776.89682831168466, 323.50683288278742, -9.9343631305401008, -23.581084114429714, 18114.225873883886, 14473.58749292983, 486.26085932129808, 503.53786023705578, 0, 0, 5.6653333967604098
20.800000000000001, 17787.33579312815, 9821.9822003439112, 796.00022635189453, 315.11160167251717, -4.7393058254749754, -25.109545323417958, 17732.46917099374, 9848.2648918958585, 776.79842537273817, 323.27314227383744, -9.8402938946521346, -23.369060894996228, 18119.088482477098, 14478.622871532199, 486.26085932129808, 503.53786023705578, 0, 0, 5.6553333967604082
20.809999999999999, 17795.295075860267, 9825.1295162746628, 795.95225759173434, 314.85826260763753, -4.7968760160209065, -25.33390648796199, 17740.235666562425, 9851.4940854954293, 776.69917970332824, 323.03728739596647, -9.9245669409911326, -23.585487787096749, 18123.95109107031, 14483.658250134569, 486.26085932129808, 503.53786023705578, 0, 0, 5.6453333967604102
20.82, 17803.253891336495, 9828.274331509414, 795.90511761249763, 314.6071031859293, -4.7139979236723404, -25.115942170820563, 17748.001183771496, 9854.7209523534675, 776.60087383914913, 322.80355300122437, -9.830586417906563, -23.37343947420743, 18128.813699663522, 14488.693628736939, 486.26085932129808, 503.53786023705578, 0, 0, 5.6353333967604087
20.830000000000002, 17811.212226800071, 9831.4166014925213, 795.85740344251735, 314.3536999357658, -4.7714169980264662, -25.340325016352573, 17755.765705296526, 9857.9454493996145, 776.50172628174869, 322.56765407691688, -9.9147557400496833, -23.589892430748368, 18133.676308256734, 14493.729007339309, 486.26085932129808, 503.53786023705578, 0, 0, 5.6253333967604071
20.84, 17819.170097534934, 9834.5563701434821, 795.8105168051386, 314.10247670932051, -4.6886637378721447, -25.122322644528321, 17763.529249429746, 9861.1676192675513, 776.40351764185175, 322.33387588812275, -9.8208639896947929, -23.377818879414964, 18138.538916849946, 14498.764385941678, 486.26085932129808, 503.53786023705578, 0, 0, 5.6153333967604091
20.850000000000001, 17827.12749081324, 9837.693592901509, 795.76305748883476, 313.84900943824329, -4.745931630385396, -25.346727107723279, 17771.291798866747, 9864.3874188817445, 776.30446834719646, 322.09793290885972, -9.9049294655232902, -23.594297926305664, 18143.401525443158, 14503.799764544048, 486.26085932129808, 503.53786023705578, 0, 0, 5.6053333967604075
20.859999999999999, 17835.084421892647, 9840.828313692904, 795.716424456612, 313.59772257243594, -4.6633032222747524, -25.128686580733017, 17779.053371881237, 9867.6048908809862, 776.20635708174507, 321.86411091901749, -9.8111265451359699, -23.382198984220118, 18148.26413403637, 14508.835143146418, 486.26085932129808, 503.53786023705578, 0, 0, 5.5953333967604095
20.870000000000001, 17843.040878074233, 9843.9604879517374, 795.66922025791894, 313.34419144639583, -4.7204198693040862, -25.35311260401291, 17786.813951188848, 9870.8199921845535, 776.10740620119714, 321.62812387748801, -9.8950880547949822, -23.598704152949725, 18153.126742629582, 14513.870521748788, 486.26085932129808, 503.53786023705578, 0, 0, 5.585333396760408
20.879999999999999, 17850.996874589364, 9847.0901596111289, 795.62284109460813, 313.0928411082586, -4.6379163310831153, -25.135033813725215, 17794.573555044757, 9874.0327654363791, 776.00939246100791, 321.39425808088373, -9.8013740189180645, -23.386579660430517, 18157.989351222794, 14518.905900351157, 486.26085932129808, 503.53786023705578, 0, 0, 5.57533339676041
20.890000000000001, 17858.952398768059, 9850.2172841000101, 795.57589227789811, 312.83924629480509, -4.6948816710073622, -25.35948134534776, 17802.332166184649, 9877.2431675505395, 775.91054014655947, 321.15822697100219, -9.8852314448427059, -23.603110988152963, 18162.851959816006, 14523.941278953527, 486.26085932129808, 503.53786023705578, 0, 0, 5.5653333967604084
20.900000000000002, 17866.907465815384, 9853.3419053583311, 795.52976724771281, 312.58783265304572, -4.6125030185265077, -25.141364175937486, 17810.089802845163, 9880.4512411761334, 775.81262408310624, 320.92431736322118, -9.7916063453215632, -23.390960778101377, 18167.714568409217, 14528.976657555897, 486.26085932129808, 503.53786023705578, 0, 0, 5.5553333967604068
20.91, 17874.862063090313, 9856.4639788098866, 795.48307407779521, 312.3341743213449, -4.6693169917611996, -25.365833170082709, 17817.84644778206, 9883.6569432220203, 775.71387048738359, 320.68824218014402, -9.8753595722619103, -23.607518307718308, 18172.577177002429, 14534.012036158267, 486.26085932129808, 503.53786023705578, 0, 0, 5.5453333967604088
20.920000000000002, 17882.816205771607, 9859.5835484014751, 795.43720344540645, 312.08269754636518, -4.5870632388788009, -25.147677497970996, 17825.602119213414, 9886.8603163424905, 775.61605225280118, 320.45428875808841, -9.781823458236337, -23.39534220556062, 18177.439785595641, 14539.047414760636, 486.26085932129808, 503.53786023705578, 0, 0, 5.5353333967604073
20.93, 17890.769881247194, 9862.700569551751, 795.39076618752756, 311.82897586721691, -4.6437257878902853, -25.372167914826466, 17833.356799915087, 9890.0613174411737, 775.51739752906838, 320.2181694982304, -9.8654723732816532, -23.611925985803044, 18182.302394188853, 14544.082793363006, 486.26085932129808, 503.53786023705578, 0, 0, 5.5253333967604092
20.940000000000001, 17898.723104669527, 9865.8150862143812, 795.34515021806283, 311.57743613113064, -4.5615969464773345, -25.153973608624455, 17841.110508086585, 9893.2599891775844, 775.41967727615656, 319.98417226013601, -9.7720252911793803, -23.399723809436235, 18187.165002782065, 14549.118171965376, 486.26085932129808, 503.53786023705578, 0, 0, 5.5153333967604077
20.949999999999999, 17906.675863455504, 9868.9270538028795, 795.29896913790492, 311.32365127698597, -4.6181080157961265, -25.378485414469093, 17848.863226523881, 9896.4562884501011, 775.32112157831875, 319.74800892118657, -9.8555697837815295, -23.616333894944759, 18192.027611375277, 14554.153550567746, 486.26085932129808, 503.53786023705578, 0, 0, 5.5053333967604097
20.960000000000001, 17914.628172731271, 9872.0365162777998, 795.25360809694746, 311.07204875363658, -4.5361040957468317, -25.160252334939656, 17856.614973407897, 9899.6502579234948, 775.22349946054555, 319.51396786663958, -9.7622117773190844, -23.404105454699728, 18196.890219968489, 14559.188929170115, 486.26085932129808, 503.53786023705578, 0, 0, 5.4953333967604081
20.969999999999999, 17922.580019942696, 9875.1434290475117, 795.20768346062766, 310.81820089861435, -4.5924636319799523, -25.38478550222527, 17864.365731554743, 9902.8418544908745, 775.12504294315238, 319.27776044757854, -9.8456517393148157, -23.620741906102612, 18201.752828561701, 14564.224307772485, 486.26085932129808, 503.53786023705578, 0, 0, 5.4853333967604101
20.98, 17930.531420189607, 9878.2478360794721, 795.16257761421548, 310.56653576359207, -4.5105846412165258, -25.166513502226039, 17872.115519126746, 9906.0311208222993, 775.02751911465748, 319.04367557753164, -9.7523828494909903, -23.408487004689128, 18206.615437154913, 14569.259686374855, 486.26085932129808, 503.53786023705578, 0, 0, 5.4753333967604085
20.990000000000002, 17938.482360946862, 9881.3496927769065, 795.11690968828486, 310.3126250834955, -4.5667925930591693, -25.391068009657658, 17879.864318960168, 9909.2180138055919, 774.92916193290625, 318.80742407864483, -9.8357181751235156, -23.625149888679172, 18211.478045748125, 14574.295064977225, 486.26085932129808, 503.53786023705578, 0, 0, 5.465333396760407
21, 17946.432857287964, 9884.4490431142021, 795.07205930290945, 310.06089751415453, -4.4850385375414374, -25.172756934098956, 17887.612149198732, 9912.4025761161301, 774.83173654850407, 318.57329539543338, -9.7425384402189419, -23.412868321145353, 18216.340654341337, 14579.330443579594, 486.26085932129808, 503.53786023705578, 0, 0, 5.455333396760409
21.010000000000002, 17954.382896716765, 9887.5458424894296, 795.02664835435155, 309.80692418648738, -4.5410948557877457, -25.397332766713237, 17895.358992698864, 9915.5847646364273, 774.73347885824251, 318.33699981832785, -9.8257690261585271, -23.629557710554913, 18221.203262934549, 14584.365822181964, 486.26085932129808, 503.53786023705578, 0, 0, 5.4453333967604074
21.02, 17962.332494280447, 9890.6401348839263, 794.98205369695631, 309.55513436196225, -4.459465739522507, -25.178982452514987, 17903.104867585673, 9918.7646220472216, 774.63615207342514, 318.10282732568538, -9.7326784817349168, -23.417249264245598, 18226.06587152776, 14589.401200784334, 486.26085932129808, 503.53786023705578, 0, 0, 5.4353333967604094
21.030000000000001, 17970.28163751186, 9893.7318756906061, 794.93689999318553, 309.3010985659447, -4.5153703770755325, -25.403579601756896, 17910.849756735774, 9921.942105225693, 774.5379940311542, 317.86648767330416, -9.8158042270985675, -23.633965238119949, 18230.928480120972, 14594.436579386704, 486.26085932129808, 503.53786023705578, 0, 0, 5.4253333967604078
21.039999999999999, 17978.230341431863, 9896.8211088977841, 794.8925613311643, 309.04924666716687, -4.433866202119809, -25.185189877785348, 17918.593678255649, 9925.1172568579714, 774.44076600209428, 317.63227137637801, -9.7228029059900702, -23.421629692615525, 18235.791088714184, 14599.471957989073, 486.26085932129808, 503.53786023705578, 0, 0, 5.4153333967604098
21.050000000000001, 17986.178593602308, 9899.9077898932046, 794.84766514002433, 308.79514858375103, -4.4896191140009876, -25.409808341584171, 17926.336615042113, 9928.2900338158852, 774.34270776497067, 317.39588765301517, -9.8058237123607448, -23.638372336285556, 18240.653697307396, 14604.507336591443, 486.26085932129808, 503.53786023705578, 0, 0, 5.4053333967604082
21.059999999999999, 17994.126409017725, 9902.9919626721876, 794.80358274121954, 308.54323479346471, -4.4082398804793428, -25.191379028633644, 17934.078585183015, 9931.4604787909957, 774.24557864852386, 317.16162755838133, -9.7129116446833059, -23.426009463384357, 18245.516305900608, 14609.542715193813, 486.26085932129808, 503.53786023705578, 0, 0, 5.3953333967604102
21.07, 18002.073775268982, 9906.0735826173004, 794.75894433098119, 308.28907460534992, -4.4638410238367925, -25.416018811476135, 17941.819571595388, 9934.6285486497491, 774.14762037436253, 316.92519976969595, -9.7958274161277679, -23.642778868536517, 18250.37891449382, 14614.578093796183, 486.26085932129808, 503.53786023705578, 0, 0, 5.3853333967604087
21.080000000000002, 18010.020707324282, 9909.1526937308954, 794.71511846368173, 308.03709910812785, -4.3825867299462384, -25.197549722210415, 17949.559592348436, 9937.7942860891817, 774.0505903280698, 316.69089588537395, -9.7030046292725487, -23.430388432198093, 18255.241523087032, 14619.613472398552, 486.26085932129808, 503.53786023705578, 0, 0, 5.3753333967604071
21.09, 18017.96719280351, 9912.2292513903521, 794.67073810304112, 307.78287699977574, -4.438036064062584, -25.422210835213235, 17957.298630379428, 9940.9576479703301, 773.95273217534623, 316.45442403840451, -9.7858152723587466, -23.647184696943636, 18260.104131680244, 14624.648851000922, 486.26085932129808, 503.53786023705578, 0, 0, 5.3653333967604091
21.100000000000001, 18025.913246648535, 9915.3032996050842, 794.62716903598027, 307.53083998203448, -4.3569067060826354, -25.203701774123161, 17965.036703738911, 9944.1186769957458, 773.85580135743635, 316.22007637387202, -9.693081790992105, -23.434766453247704, 18264.966740273456, 14629.684229603292, 486.26085932129808, 503.53786023705578, 0, 0, 5.3553333967604075
21.109999999999999, 18033.858856508265, 9918.374793747269, 794.58304699405642, 307.27655613968346, -4.4122041923821111, -25.428384235103806, 17972.773795384404, 9947.277330021032, 773.75804348528834, 315.9835604770501, -9.7757872148057547, -23.651589682190508, 18269.829348866668, 14634.719608205662, 486.26085932129808, 503.53786023705578, 0, 0, 5.3453333967604095
21.120000000000001, 18041.80403729824, 9921.4437778334159, 794.53973499640949, 307.02445778969866, -4.3311997646891491, -25.209834998478588, 17980.509923347799, 9950.4336497542954, 773.66121205467959, 315.74916904325704, -9.6831430608747553, -23.439143379309151, 18274.69195745988, 14639.754986808031, 486.26085932129808, 503.53786023705578, 0, 0, 5.335333396760408
21.129999999999999, 18049.7487766964, 9924.510207230489, 794.49587154274207, 306.77011240137841, -4.3863453667437966, -25.434538832024288, 17988.24507060687, 9953.587593045675, 773.56355462290924, 315.51260910642094, -9.7657431770348904, -23.65599368361152, 18279.554566053092, 14644.790365410401, 486.26085932129808, 503.53786023705578, 0, 0, 5.32533339676041
21.140000000000001, 18057.69308959195, 9927.5741259621209, 794.45281688412376, 306.5179529092992, -4.3054658618251347, -25.215949207921586, 17995.979255174843, 9956.7392026088801, 773.46682273921147, 315.27817391580317, -9.6731883697724044, -23.443519061780151, 18284.417174646303, 14649.825744012771, 486.26085932129808, 503.53786023705578, 0, 0, 5.3153333967604084
21.150000000000002, 18065.636963691861, 9930.635489390048, 794.40921228867012, 306.26354616484463, -4.3604595453601434, -25.440674445456207, 18003.71246004977, 9959.8884352885543, 773.36926590828705, 315.04156995021089, -9.7556830924459828, -23.660396559226758, 18289.279783239515, 14654.861122615141, 486.26085932129808, 503.53786023705578, 0, 0, 5.3053333967604068
21.16, 18073.580413859003, 9933.6943415450642, 794.36641523913192, 306.01132572270825, -4.2797049538172498, -25.222044213636604, 18011.444703226207, 9963.0353338040532, 773.27263373180347, 314.80709101670408, -9.6632176483618224, -23.447893350680594, 18294.142391832727, 14659.89650121751, 486.26085932129808, 503.53786023705578, 0, 0, 5.2953333967604088
21.170000000000002, 18081.52342782939, 9936.750637783658, 794.32306977226472, 305.75685781377337, -4.3345466867160587, -25.44679089348756, 18019.175967722491, 9966.1798549944961, 773.17517766286073, 314.57044303504665, -9.7456068942781116, -23.664798165742368, 18299.005000425939, 14664.93187981988, 486.26085932129808, 503.53786023705578, 0, 0, 5.2853333967604073
21.18, 18089.466020439562, 9939.8044221438213, 794.28053060229183, 305.50457661551928, -4.2539169972863888, -25.228119825409372, 18026.906271514494, 9969.3220415849319, 773.07864535458896, 314.33592037409954, -9.6532308271740916, -23.452266094711277, 18303.867609019151, 14669.96725842225, 486.26085932129808, 503.53786023705578, 0, 0, 5.2753333967604092
21.190000000000001, 18097.408179454575, 9942.8556499767783, 794.23744453479594, 305.25004773559056, -4.3086067495945901, -25.452887992871435, 18034.635597640863, 9972.4618504089194, 772.98129020943259, 314.09922839051347, -9.7355145156376661, -23.669198358606355, 18308.730217612363, 14675.00263702462, 486.26085932129808, 503.53786023705578, 0, 0, 5.2653333967604077
21.199999999999999, 18105.349919684631, 9945.9043653277568, 794.19516351530433, 304.99770597707413, -4.2281019491598144, -25.234175851640927, 18042.363964058783, 9975.5993241972537, 772.88485793106656, 313.86466201910082, -9.6432278366051367, -23.456637141266484, 18313.592826205575, 14680.038015626989, 486.26085932129808, 503.53786023705578, 0, 0, 5.2553333967604097
21.210000000000001, 18113.29122892383, 9948.9505235426932, 794.15233711837345, 304.74311632148374, -4.2826396930886226, -25.458965559039378, 18050.091353827211, 9978.7344197778966, 772.78760387217153, 313.62792604918059, -9.7254058895084157, -23.673596992020503, 18318.455434798787, 14685.073394229359, 486.26085932129808, 503.53786023705578, 0, 0, 5.2453333967604081
21.219999999999999, 18121.232121956047, 9951.9941686740931, 794.11031452070654, 304.49071420048995, -4.2022597666884707, -25.240212099378944, 18057.817784884643, 9981.8671798874384, 772.69127178610222, 313.39331598581595, -9.6332086069330032, -23.461006336463328, 18323.318043391999, 14690.108772831729, 486.26085932129808, 503.53786023705578, 0, 0, 5.2353333967604101
21.23, 18129.172586604433, 9955.035256062587, 794.06774806594035, 304.23606396642862, -4.2566454766174795, -25.465023406131202, 18065.543240310362, 9984.9975613482093, 772.5941189766146, 313.15653604662629, -9.7152809487680098, -23.677993918968227, 18328.180651985211, 14695.144151434099, 486.26085932129808, 503.53786023705578, 0, 0, 5.2253333967604085
21.240000000000002, 18137.112637626531, 9958.0738297679945, 794.02598416186572, 303.98360168268505, -4.1763904074671174, -25.246228374359109, 18073.267738024169, 9988.1256069026476, 772.49788724593122, 312.92188231137447, -9.6231730683389465, -23.465373525180688, 18333.043260578423, 14700.179530036468, 486.26085932129808, 503.53786023705578, 0, 0, 5.215333396760407
21.25, 18145.052262874542, 9961.1098451256184, 793.98367792126623, 303.72889106921468, -4.2306240599462193, -25.471061347034269, 18080.991261125684, 9991.2512733674121, 772.40083584966919, 312.68505842146197, -9.7051396262080765, -23.682388991251564, 18337.905869171635, 14705.214908638838, 486.26085932129808, 503.53786023705578, 0, 0, 5.205333396760409
21.260000000000002, 18152.991477079679, 9964.143346202638, 793.94217298297178, 303.47636882440457, -4.1504938294439206, -25.252224481012028, 18088.713827516007, 9994.3746034908436, 772.30470463816005, 312.45036103595135, -9.6131211509149246, -23.469738551064882, 18342.768477764846, 14710.250287241208, 486.26085932129808, 503.53786023705578, 0, 0, 5.1953333967604074
21.27, 18160.930268123197, 9967.1742883290026, 793.90012722893982, 303.22159803247069, -4.2045754031949052, -25.477079193390136, 18096.435420315109, 9997.4955540838946, 772.20775481961459, 312.21349321535638, -9.6949818545414299, -23.686782059496512, 18347.631086358058, 14715.285665843578, 486.26085932129808, 503.53786023705578, 0, 0, 5.1853333967604094
21.280000000000001, 18168.868650709988, 9970.2027155792948, 793.85888152903044, 302.9690160302456, -4.1245699909416267, -25.258200222508929, 18104.156057405387, 10000.61416790086, 772.1117242917677, 311.97875220279064, -9.6030527846862164, -23.474101256572766, 18352.49369495127, 14720.321044445947, 486.26085932129808, 503.53786023705578, 0, 0, 5.1753333967604078
21.289999999999999, 18176.806612750359, 9973.2285832780835, 793.81709653436189, 302.71418526268923, -4.1784994668588826, -25.483076755637981, 18111.875721927168, 10003.730401746941, 772.01487621610352, 311.74184047305869, -9.6848075664236184, -23.691172973193986, 18357.356303544482, 14725.356423048317, 486.26085932129808, 503.53786023705578, 0, 0, 5.1653333967604098
21.300000000000001, 18184.744168922876, 9976.2519355074, 793.77611034585516, 302.46154370868123, -4.0986188506755727, -25.264155400797517, 18119.594431744143, 10006.84429838245, 771.91894653710722, 311.50705585822863, -9.5929678996300538, -23.478461483005329, 18362.218912137694, 14730.391801650687, 486.26085932129808, 503.53786023705578, 0, 0, 5.1553333967604082
21.309999999999999, 18192.681307166902, 9979.2727275864108, 793.73458638373688, 302.20665317025077, -4.1523962118260211, -25.489053843048673, 18127.312170017009, 10009.955814606796, 771.82220037016248, 311.27010024242134, -9.6746166944707053, -23.695561580731706, 18367.081520730906, 14735.427180253057, 486.26085932129808, 503.53786023705578, 0, 0, 5.1453333967604102
21.32, 18200.618042134683, 9982.2910036046414, 793.6938599800593, 301.95395227208468, -4.0726403677633476, -25.270089816610621, 18135.028954590747, 10013.064993186359, 771.72637170590565, 311.03527205171616, -9.5828664256835392, -23.48281907051496, 18371.944129324118, 14740.462558855426, 486.26085932129808, 503.53786023705578, 0, 0, 5.1353333967604087
21.330000000000002, 18208.554361794646, 9985.3067188758232, 793.65259732406548, 301.69900216944734, -4.1262655993860751, -25.495010263733064, 18142.744768646429, 10016.171790914717, 771.62972761419303, 310.79827257442213, -9.6644091712668683, -23.699947729401071, 18376.80673791733, 14745.497937457796, 486.26085932129808, 503.53786023705578, 0, 0, 5.1253333967604071
21.34, 18216.490280772712, 9988.3199174970268, 793.61213097904795, 301.44624213675212, -4.0466345017490815, -25.276003269523944, 18150.459630010326, 10019.276250564382, 771.53400013126532, 310.56340083584053, -9.5727482927706475, -23.487173858160133, 18381.669346510542, 14750.533316060166, 486.26085932129808, 503.53786023705578, 0, 0, 5.1153333967604091
21.350000000000001, 18224.425787066364, 9991.3305547765212, 793.57112990313544, 301.19123267850517, -4.1001075912538889, -25.50094582469686, 18158.173521883899, 10022.378328923051, 771.43745828197143, 310.32635752318606, -9.6541849293901159, -23.70433126544912, 18386.531955103754, 14755.568694662536, 486.26085932129808, 503.53786023705578, 0, 0, 5.1053333967604075
21.359999999999999, 18232.360895275215, 9994.3386748189732, 793.53092389100937, 300.93841372292565, -4.0206012126085948, -25.281895557950655, 18165.886462074704, 10025.478068769429, 771.34183214766335, 310.09144226634709, -9.5626134308044701, -23.491525683899024, 18391.394563696966, 14760.604073264905, 486.26085932129808, 503.53786023705578, 0, 0, 5.0953333967604095
21.370000000000001, 18240.295593425803, 9997.3442329271529, 793.49018466951361, 300.68334511960728, -4.0739221495744538, -25.50686033183549, 18173.598433804596, 10028.575426885287, 771.24539270864921, 309.85435514600636, -9.6439439014144988, -23.708712034072423, 18396.257172290178, 14765.639451867275, 486.26085932129808, 503.53786023705578, 0, 0, 5.085333396760408
21.379999999999999, 18248.229896091427, 10000.347273213378, 793.45023926490592, 300.43046745481536, -3.9945404607711521, -25.287766479191678, 18181.309454862418, 10031.67044605559, 771.14986809095205, 309.61939640215996, -9.5524617697111189, -23.495874384636956, 18401.119780883389, 14770.674830469645, 486.26085932129808, 503.53786023705578, 0, 0, 5.07533339676041
21.390000000000001, 18256.16379132769, 10003.347750974888, 793.40976217253649, 300.17533991891554, -4.04770923694372, -25.512753589981983, 18189.019508490423, 10034.76308305613, 771.0535312307527, 309.38226550336532, -9.6336860199328918, -23.71308987946216, 18405.982389476601, 14775.710209072015, 486.26085932129808, 503.53786023705578, 0, 0, 5.0653333967604084
21.400000000000002, 18264.097293681585, 10006.345710331703, 793.37007765046519, 299.92240376062091, -3.9684522071340869, -25.293615829462823, 18196.728612458744, 10037.853380678194, 770.9581082983583, 309.14726330540282, -9.5422932394445024, -23.500219796251471, 18410.844998069813, 14780.745587674384, 486.26085932129808, 503.53786023705578, 0, 0, 5.0553333967604068
21.41, 18272.030391237768, 10009.341106575499, 793.32986296230092, 299.66721750659156, -4.0214688164226278, -25.51862540293272, 18204.436750030047, 10040.941295691551, 770.8618741861826, 308.91008865895452, -9.6234112175711015, -23.717464644827913, 18415.707606663025, 14785.780966276754, 486.26085932129808, 503.53786023705578, 0, 0, 5.0453333967604088
21.420000000000002, 18279.963098516928, 10012.333983834054, 793.29043959817022, 299.41422307255243, -3.9423364130745542, -25.299443403912786, 18212.143938955742, 10044.026870893878, 770.76655310848264, 308.67504304141846, -9.5321077699974346, -23.504561753608474, 18420.570215256237, 14790.816344879124, 486.26085932129808, 503.53786023705578, 0, 0, 5.0353333967604073
21.43, 18287.895403632781, 10015.324297393443, 793.25048758965477, 299.15897831681781, -3.9952008515484358, -25.524475573464592, 18219.850162518913, 10047.110063048867, 770.67042191421262, 308.43782467969436, -9.6131194269984928, -23.721836172412981, 18425.432823849449, 14795.851723481494, 486.26085932129808, 503.53786023705578, 0, 0, 5.0253333967604092
21.440000000000001, 18295.827321079723, 10018.312091389262, 793.21132565925006, 298.90592582685122, -3.9161930404662937, -25.305248996658349, 18227.555438452262, 10050.190914960651, 770.57520286129841, 308.20273567878843, -9.5219052914193814, -23.508900090595045, 18430.295432442661, 14800.887102083863, 486.26085932129808, 503.53786023705578, 0, 0, 5.0153333967604077
21.449999999999999, 18303.758839000518, 10021.297321101945, 793.17163660618655, 298.65062278781755, -3.9689053063507722, -25.530303903368491, 18235.259750059289, 10053.269383386792, 770.479174755489, 307.9654736357532, -9.6028105809449169, -23.726204303525559, 18435.158041035873, 14805.922480686233, 486.26085932129808, 503.53786023705578, 0, 0, 5.0053333967604097
21.460000000000001, 18311.689971863274, 10024.280030674963, 793.13273638566966, 298.39751246380945, -3.8900220516935788, -25.311032400810692, 18242.963115053983, 10056.345511137954, 770.38405789815067, 307.73034128935177, -9.5116857338306335, -23.513234640143644, 18440.020649629085, 14810.957859288603, 486.26085932129808, 503.53786023705578, 0, 0, 4.9953333967604081
21.469999999999999, 18319.620707839807, 10027.260175383073, 793.09331056421604, 298.14215136187471, -3.9425821453650416, -25.536110193474332, 18250.665516760273, 10059.419254965514, 770.28813305202857, 307.49303560056615, -9.5924846122142551, -23.730568878561701, 18444.883258222297, 14815.993237890973, 486.26085932129808, 503.53786023705578, 0, 0, 4.9853333967604101
21.48, 18327.551061371938, 10030.237799377681, 793.05467233011939, 297.8889834277897, -3.8638234096642337, -25.316793408499041, 18258.366972873438, 10062.490657686734, 770.1931185617542, 307.2578599482236, -9.501449027435374, -23.517565234253663, 18449.745866815509, 14821.028616493342, 486.26085932129808, 503.53786023705578, 0, 0, 4.9753333967604085
21.490000000000002, 18335.48102066054, 10033.212857927821, 793.01551001678297, 297.63356448535296, -3.9162313336449279, -25.541894243673568, 18266.067466737837, 10065.559676046756, 770.0972971472172, 307.02051065085334, -9.582141453696897, -23.73492973702578, 18454.608475408721, 14826.063995095712, 486.26085932129808, 503.53786023705578, 0, 0, 4.965333396760407
21.5, 18343.410600121148, 10036.185395192904, 792.97713404600472, 297.38033916724385, -3.8375970778275685, -25.322531810911403, 18273.767016030044, 10068.626352869509, 770.00238519619177, 306.78529173381304, -9.4911951025412638, -23.521891704029567, 18459.471084001932, 14831.099373698082, 486.26085932129808, 503.53786023705578, 0, 0, 4.955333396760409
21.510000000000002, 18351.339787983681, 10039.155366436198, 792.93823551763694, 297.1248626087143, -3.8898528367795668, -25.547655852957909, 18281.465604114852, 10071.690644893839, 769.90666738580785, 306.54789886663735, -9.5717810383884192, -23.739286717566724, 18464.333692595144, 14836.134752300452, 486.26085932129808, 503.53786023705578, 0, 0, 4.9453333967604074
21.52, 18359.268598637405, 10042.122815825176, 792.90012208743508, 296.87158013473129, -3.8113430201816136, -25.32824739829962, 18289.163248650126, 10074.752594950423, 769.81185814691219, 306.31263672784053, -9.4809238895651422, -23.52621387968442, 18469.196301188356, 14841.170130902821, 486.26085932129808, 503.53786023705578, 0, 0, 4.9353333967604094
21.530000000000001, 18367.197020341286, 10045.087698617301, 792.86148762122605, 296.61604618653706, -3.863446620900564, -25.553394819424199, 18296.8599330211, 10077.812159771753, 769.71624411391826, 306.0752003312607, -9.5614032993950726, -23.743639657981326, 18474.058909781568, 14846.205509505191, 486.26085932129808, 503.53786023705578, 0, 0, 4.9253333967604078
21.539999999999999, 18375.125067458317, 10048.050058988172, 792.82363700921314, 296.36270678693688, -3.7850612012907749, -25.333939960020103, 18304.555674866941, 10080.869382195327, 769.62153776072773, 305.8398950153549, -9.4706353190524322, -23.530531590577944, 18478.92151837478, 14851.240888107561, 486.26085932129808, 503.53786023705578, 0, 0, 4.9153333967604098
21.550000000000001, 18383.052728276511, 10051.0098521894, 792.78526688268619, 296.10711567753373, -3.8370126526989083, -25.559110940313136, 18312.250457593324, 10083.924218947222, 769.52602767902818, 305.60241513140238, -9.5510081699522882, -23.74798839525042, 18483.784126967992, 14856.27626670993, 486.26085932129808, 503.53786023705578, 0, 0, 4.9053333967604082
21.559999999999999, 18390.980017132599, 10053.967122404782, 792.74767936682326, 295.85371958468824, -3.7587515862964929, -25.339609284551315, 18319.944298820716, 10086.976712871836, 769.43142438581128, 305.36706668475006, -9.4603293216874977, -23.5348446652321, 18488.646735561204, 14861.3116453123, 486.26085932129808, 503.53786023705578, 0, 0, 4.8953333967604102
21.57, 18398.906922343631, 10056.921824880026, 792.7095738578289, 295.59807154456797, -3.8105508994352144, -25.564804012025927, 18327.637181975235, 10090.026820688769, 769.33601842997689, 305.12954335709452, -9.5405955834345857, -23.752332765553643, 18493.509344154416, 14866.34702391467, 486.26085932129808, 503.53786023705578, 0, 0, 4.8853333967604087
21.580000000000002, 18406.833458220088, 10059.874003807197, 792.67224971641951, 295.34461899297264, -3.7324141409347695, -25.345255159535203, 18335.32912465866, 10093.0745852494, 769.24151837169381, 304.89415182778083, -9.4500058283131185, -23.539152931369767, 18498.371952747628, 14871.38240251704, 486.26085932129808, 503.53786023705578, 0, 0, 4.8753333967604071
21.59, 18414.759613108054, 10062.823614426052, 792.63440910313, 295.08891425467101, -3.7840613289565259, -25.57047383016371, 18343.020110317557, 10096.119963266787, 769.14621671696011, 304.65658510173779, -9.5301654733741472, -23.756672604306186, 18503.23456134084, 14876.417781119409, 486.26085932129808, 503.53786023705578, 0, 0, 4.8653333967604091
21.600000000000001, 18422.685401291761, 10065.770700936993, 792.59734861481456, 294.83540548095317, -3.7060488315435109, -25.350877371784271, 18350.710156535009, 10099.162997599371, 769.05182006926077, 304.4211505395786, -9.4396647699366731, -23.543456215920195, 18508.097169934052, 14881.453159721779, 486.26085932129808, 503.53786023705578, 0, 0, 4.8553333967604075
21.609999999999999, 18430.610811146322, 10068.715218573774, 792.55977317571751, 294.57964427905785, -3.7575439097034082, -25.576120189534297, 18358.399246778037, 10102.203644953604, 768.95662289152608, 304.18354046211698, -9.519717773466752, -23.761007746163948, 18512.959778527264, 14886.488538324149, 486.26085932129808, 503.53786023705578, 0, 0, 4.8453333967604095
21.620000000000001, 18438.535856929735, 10071.657211545209, 792.5229766194667, 294.3260795219847, -3.6796556250778267, -25.356475707316321, 18366.087398611042, 10105.241948195075, 768.86232983074865, 303.94806291866649, -9.4293060777468636, -23.547754345051167, 18517.822387120475, 14891.523916926519, 486.26085932129808, 503.53786023705578, 0, 0, 4.835333396760408
21.629999999999999, 18446.46052704614, 10074.596635078997, 792.48566663335941, 294.07026209314284, -3.7309986107246296, -25.581742884185243, 18373.774595521485, 10108.277864023557, 768.76723730657272, 303.71040953841595, -9.509252417587744, -23.765338025054099, 18522.684995713687, 14896.559295528888, 486.26085932129808, 503.53786023705578, 0, 0, 4.82533339676041
21.640000000000001, 18454.384835727298, 10077.533533392436, 792.44913428846814, 293.81664159362902, -3.6532344891241277, -25.362049951385551, 18381.460855055098, 10111.311435311871, 768.67304800974148, 303.47488906697396, -9.4189296831289759, -23.552047144197715, 18527.547604306899, 14901.594674131258, 486.26085932129808, 503.53786023705578, 0, 0, 4.8153333967604084
21.650000000000002, 18462.308771406373, 10080.467861707117, 792.41209003445124, 293.56076817655469, -3.7044254016906604, -25.587341707433438, 18389.146160719796, 10114.342618753049, 768.57806031634345, 303.23719243423193, -9.4987693398065947, -23.76966327420233, 18532.410212900111, 14906.630052733628, 486.26085932129808, 503.53786023705578, 0, 0, 4.8053333967604068
21.66, 18470.232348288908, 10083.399664248898, 792.37582218053217, 293.30709217766969, -3.6267853919093418, -25.367599888497416, 18396.830530042633, 10117.371457227226, 768.48397496116672, 303.00162908985118, -9.4085355176738084, -23.556334438075009, 18537.272821493323, 14911.665431335998, 486.26085932129808, 503.53786023705578, 0, 0, 4.7953333967604088
21.670000000000002, 18478.155554837074, 10086.328896233208, 792.3390439380031, 293.05116301315087, -3.6778242529025706, -25.592916451879258, 18404.513946551971, 10120.397907420625, 768.38909227642273, 302.76388925658972, -9.4882684743954506, -23.773983326145085, 18542.135430086535, 14916.700809938367, 486.26085932129808, 503.53786023705578, 0, 0, 4.7853333967604073
21.68, 18486.078405230208, 10089.255601894543, 792.30304085497994, 292.79743176012647, -3.6003083023139522, -25.373125302436993, 18412.196427756207, 10123.422012220784, 768.29511104129085, 302.5282830960827, -9.3981235131917025, -23.560616050704308, 18546.998038679747, 14921.736188540737, 486.26085932129808, 503.53786023705578, 0, 0, 4.7753333967604092
21.690000000000001, 18494.000887959486, 10092.179736442109, 792.26652890362686, 292.54144709103213, -3.6511951353045382, -25.598466909433593, 18419.877957204157, 10126.443728307044, 768.20033354373243, 302.29050011595518, -9.477749755842531, -23.778298012754238, 18551.860647272959, 14926.771567143107, 486.26085932129808, 503.53786023705578, 0, 0, 4.7653333967604077
21.699999999999999, 18501.923017178044, 10095.101344119123, 792.230790871728, 292.28766083126925, -3.57380318988228, -25.378625976288319, 18427.558552385555, 10129.463098574433, 768.10645660771524, 302.05485119790086, -9.3876936017230506, -23.564891805430236, 18556.723255866171, 14931.806945745477, 486.26085932129808, 503.53786023705578, 0, 0, 4.7553333967604097
21.710000000000001, 18509.844781406056, 10098.020380128504, 792.19454549152306, 292.03162090255591, -3.6245380204937465, -25.603992871336231, 18435.238196869665, 10132.480079695337, 768.0117844765266, 301.81702512624832, -9.4672131188621851, -23.782607165253449, 18561.585864459383, 14936.842324347846, 486.26085932129808, 503.53786023705578, 0, 0, 4.7453333967604081
21.719999999999999, 18517.766194770469, 10100.936888722275, 792.15907279127464, 291.77777988563116, -3.5472700248381477, -25.384101692472768, 18442.916908127572, 10135.494714572371, 767.91801201937108, 301.58133351099877, -9.3772457155559881, -23.569161524956414, 18566.448473052595, 14941.877702950216, 486.26085932129808, 503.53786023705578, 0, 0, 4.7353333967604101
21.73, 18525.687245820449, 10103.850825097012, 792.12309426246725, 291.52168494434926, -3.5978528807353736, -25.609494128192416, 18450.594669748993, 10138.506959870889, 767.82344543438694, 301.34346440485626, -9.456658498411759, -23.786910614252037, 18571.311081645807, 14946.913081552586, 486.26085932129808, 503.53786023705578, 0, 0, 4.7253333967604085
21.740000000000002, 18533.607948656758, 10106.76223351362, 792.08788717468633, 291.26778942202162, -3.5207087780934812, -25.389552232763577, 18458.271499186369, 10141.516858501183, 767.72977763651454, 301.10773015454271, -9.3667797872348757, -23.573425031357964, 18576.173690239018, 14951.948460154956, 486.26085932129808, 503.53786023705578, 0, 0, 4.715333396760407
21.75, 18541.52829185755, 10109.67106916227, 792.05217577779661, 291.01163971732177, -3.5711396889708928, -25.614970469986655, 18465.94738004986, 10144.524367121501, 767.63531677821754, 300.86981807264516, -9.4460858296997205, -23.791208189756841, 18581.03629883223, 14956.983838757325, 486.26085932129808, 503.53786023705578, 0, 0, 4.705333396760409
21.760000000000002, 18549.448289497413, 10112.577376312836, 792.01723458358401, 290.75768994353865, -3.4941194212600895, -25.394977378311658, 18473.622329773279, 10147.529528649906, 767.54175382072185, 300.6340412511841, -9.3562957495730448, -23.577682146104994, 18585.898907425442, 14962.019217359695, 486.26085932129808, 503.53786023705578, 0, 0, 4.6953333967604074
21.77, 18557.367930183485, 10115.48111014902, 791.98179059939571, 290.50148572667757, -3.5443984188293878, -25.620421686107324, 18481.296331987229, 10150.532299737459, 767.44739887023991, 300.39608625397216, -9.4354950481978435, -23.795499721194524, 18590.761516018654, 14967.054595962065, 486.26085932129808, 503.53786023705578, 0, 0, 4.6853333967604094
21.780000000000001, 18565.287227964189, 10118.382314949749, 791.94711558012909, 290.24748195758082, -3.4675019266624592, -25.400376909675533, 18488.969404106901, 10153.532723310094, 767.35394093488321, 300.16026692707123, -9.3457935356670028, -23.581932690090021, 18595.624124611866, 14972.089974564435, 486.26085932129808, 503.53786023705578, 0, 0, 4.6753333967604078
21.789999999999999, 18573.206171475635, 10121.280945892191, 791.91193928968266, 289.99122348192708, -3.5176290446398086, -25.625847565375164, 18496.641529783337, 10156.530756011609, 767.25969207398668, 299.92226907669686, -9.4248860896547626, -23.799785037437609, 18600.486733205078, 14977.125353166804, 486.26085932129808, 503.53786023705578, 0, 0, 4.6653333967604098
21.800000000000001, 18581.124774740092, 10124.177047264418, 791.87753072700923, 289.73716597585877, -3.4408562673449139, -25.405750606831997, 18504.312726413114, 10159.526440775904, 767.16633934319771, 299.68640731186048, -9.3352730789032456, -23.586176483636692, 18605.34934179829, 14982.160731769174, 486.26085932129808, 503.53786023705578, 0, 0, 4.6553333967604082
21.809999999999999, 18589.043026422631, 10127.070574236992, 791.8426224115949, 289.48085349689825, -3.4908315414379083, -25.631247896053434, 18511.982977667714, 10162.519734239428, 767.07219675429667, 299.44836667219238, -9.4142588901025057, -23.804063966812766, 18610.211950391502, 14987.196110371544, 486.26085932129808, 503.53786023705578, 0, 0, 4.6453333967604102
21.82, 18596.960940519384, 10129.961571107224, 791.80848058742413, 289.22674251440623, -3.4141824170826074, -25.41109824920046, 18519.65230092511, 10165.510679344148, 766.97894941116692, 299.21246253872715, -9.324734312970218, -23.590413346521817, 18615.074558984714, 14992.231488973914, 486.26085932129808, 503.53786023705578, 0, 0, 4.6353333967604087
21.830000000000002, 18604.878505724377, 10132.849993038997, 791.7738405285744, 288.97037628974749, -3.4640058849767978, -25.636622465871138, 18527.320679877215, 10168.499232719085, 766.88491327730821, 298.97437917535592, -9.4036133858679349, -23.808336337121734, 18619.937167577926, 14997.266867576283, 486.26085932129808, 503.53786023705578, 0, 0, 4.6253333967604071
21.84, 18612.795736007611, 10135.735884338952, 791.73996572507042, 288.71621209359068, -3.3874803503962623, -25.416419615681061, 18534.988131883412, 10171.485437314373, 766.79177150558951, 298.73843274437581, -9.3141771718753592, -23.594643098010643, 18624.799776171138, 15002.302246178653, 486.26085932129808, 503.53786023705578, 0, 0, 4.6153333967604091
21.850000000000001, 18620.712620092054, 10138.619200164228, 791.70559420455299, 288.45979238297008, -3.4371520517410459, -25.641971062059259, 18542.654640656041, 10174.469249751521, 766.69784201045366, 298.50030672461907, -9.3929495135889987, -23.81260197567482, 18629.66238476435, 15007.337624781023, 486.26085932129808, 503.53786023705578, 0, 0, 4.6053333967604075
21.859999999999999, 18628.629171921591, 10141.499984830885, 791.67198670412745, 288.2055752381234, -3.3607500425591126, -25.421714484665813, 18550.320223535906, 10177.450712988933, 766.60480599455411, 298.26431806905043, -9.3036015899519011, -23.598865556866045, 18634.524993357561, 15012.373003383393, 486.26085932129808, 503.53786023705578, 0, 0, 4.5953333967604095
21.870000000000001, 18636.545380248132, 10144.378193489245, 791.63788400393787, 287.9491023034098, -3.4102700189534021, -25.647293471361412, 18557.98486425577, 10180.429783640517, 766.51098332245192, 298.02614946195746, -9.3822672102212543, -23.816860709299625, 18639.387601950773, 15017.408381985762, 486.26085932129808, 503.53786023705578, 0, 0, 4.585333396760408
21.879999999999999, 18644.46125898945, 10147.253870464883, 791.60454408924181, 287.69483247706916, -3.3339914696086295, -25.426982634066963, 18565.648580137869, 10183.406504673056, 766.41805324743325, 297.79011865654371, -9.2930075018720864, -23.603080541374375, 18644.250210543985, 15022.443760588132, 486.26085932129808, 503.53786023705578, 0, 0, 4.57533339676041
21.890000000000001, 18652.376796926379, 10150.126970901232, 791.57071049159595, 287.43830658226852, -3.3833597645860385, -25.652589480060868, 18573.31135493538, 10186.380832692766, 766.32433758330274, 297.55190753290003, -9.3715664130504912, -23.821112364365604, 18649.112819137197, 15027.479139190502, 486.26085932129808, 503.53786023705578, 0, 0, 4.5653333967604084
21.900000000000002, 18660.292007950604, 10152.997539133479, 791.53763844551236, 287.18398434385517, -3.3072046083556241, -25.432223841336604, 18580.973205951988, 10189.352810674915, 766.23151363487614, 297.31583465420641, -9.2823948426569931, -23.607287869362803, 18653.975427730409, 15032.514517792872, 486.26085932129808, 503.53786023705578, 0, 0, 4.5553333967604068
21.91, 18668.206880871869, 10155.865530298086, 791.50407423283866, 286.92740575511516, -3.3564212673693081, -25.657858873999224, 18588.634116961279, 10192.322395217941, 766.13790516427912, 297.07758108653843, -9.3608470597021292, -23.82535676680051, 18658.838036323621, 15037.549896395241, 486.26085932129808, 503.53786023705578, 0, 0, 4.5453333967604088
21.920000000000002, 18676.12142955578, 10158.730988739955, 791.47127033847471, 286.67303137628033, -3.2803894363917072, -25.437437883480712, 18596.294105248391, 10195.289629305704, 766.04518752880233, 296.84146621295633, -9.2717635476842251, -23.611487358211271, 18663.700644916833, 15042.585274997611, 486.26085932129808, 503.53786023705578, 0, 0, 4.5353333967604073
21.93, 18684.03564284099, 10161.593869588502, 791.43797579340674, 286.41640036189443, -3.3294545067989416, -25.663101438589798, 18603.953154607316, 10198.254469528772, 765.9516864379209, 296.60317027553532, -9.3501090881485904, -23.829593742101782, 18668.563253510045, 15047.620653599981, 486.26085932129808, 503.53786023705578, 0, 0, 4.5253333967604092
21.940000000000001, 18691.949534567033, 10164.454217198439, 791.40544033408571, 286.16197411652348, -3.2535459321031328, -25.442624537096403, 18611.611282304661, 10201.216958879704, 765.85907530239388, 296.36701348728644, -9.2611135527042379, -23.615678824886906, 18673.425862103257, 15052.656032202351, 486.26085932129808, 503.53786023705578, 0, 0, 4.5153333967604077
21.949999999999999, 18699.863093601456, 10167.311986692061, 791.37241573945425, 285.90529094693494, -3.3024594631492996, -25.668316958853108, 18619.268472154818, 10204.17705394111, 765.76568177802665, 296.12867525613274, -9.3393524367248713, -23.833823115369196, 18678.288470696469, 15057.69141080472, 486.26085932129808, 503.53786023705578, 0, 0, 4.5053333967604097
21.960000000000001, 18707.776333757738, 10170.167222433993, 791.34014899870749, 285.65081311115108, -3.2266740746776166, -25.447783578384616, 18626.924741405877, 10207.134797714358, 765.67317733008815, 295.89247663527317, -9.2504447938473575, -23.619862085954637, 18683.151079289681, 15062.72678940709, 486.26085932129808, 503.53786023705578, 0, 0, 4.4953333967604081
21.969999999999999, 18715.689243932309, 10173.019879539321, 791.30739463753264, 285.39407805895678, -3.2754361174799573, -25.673505219428954, 18634.580073892623, 10210.090146774004, 765.57989155964685, 295.65409618816, -9.3285770441352707, -23.838044711314964, 18688.013687882893, 15067.76216800946, 486.26085932129808, 503.53786023705578, 0, 0, 4.4853333967604101
21.98, 18723.601837912607, 10175.870002382693, 791.27539689909145, 285.13954891112502, -3.199773844114183, -25.452914783173995, 18642.234486844638, 10213.043144130343, 765.48749398757047, 295.41785581858403, -9.2397572076349324, -23.624036957598637, 18692.876296476104, 15072.79754661183, 486.26085932129808, 503.53786023705578, 0, 0, 4.4753333967604085
21.990000000000002, 18731.51410462393, 10178.717546071905, 791.24291305457496, 284.88276225107904, -3.2483844516451641, -25.678666004599208, 18649.887964117086, 10215.993746349775, 765.39431615907586, 295.17943323504119, -9.3177828494640558, -23.842258354284105, 18697.738905069316, 15077.832925214199, 486.26085932129808, 503.53786023705578, 0, 0, 4.465333396760407
22, 18739.426057827692, 10181.562554991726, 791.21118460236266, 284.62818207180965, -3.1728452212308738, -25.458017926937469, 18657.540522921066, 10218.941996451638, 765.30202565176603, 294.94315120248484, -9.2290507309876908, -23.628203255636702, 18702.601513662528, 15082.868303816569, 486.26085932129808, 503.53786023705578, 0, 0, 4.455333396760409
22.010000000000002, 18747.337686478048, 10184.404984242579, 791.17897155787966, 284.37134408082659, -3.2213044483012609, -25.683799098303588, 18665.192147132115, 10221.887850994082, 765.20895595384422, 294.70468656380217, -9.3069697921834589, -23.846463868268085, 18707.46412225574, 15087.903682418939, 486.26085932129808, 503.53786023705578, 0, 0, 4.4453333967604074
22.02, 18755.249004310397, 10187.24487821947, 791.14751267600286, 284.11671315297838, -3.1458881876758968, -25.463092784821676, 18672.842853942857, 10224.8313530056, 765.1167727008318, 294.46836295584671, -9.2183253012388136, -23.632360795547015, 18712.326730848952, 15092.939061021309, 486.26085932129808, 503.53786023705578, 0, 0, 4.4353333967604094
22.030000000000001, 18763.160000307744, 10190.082192015358, 791.11557071509367, 283.85982411013669, -3.1941960909173845, -25.688904284167705, 18680.492627249194, 10227.772459035998, 765.02381132271012, 294.22985634507739, -9.2961378121661564, -23.850661076930255, 18717.189339442164, 15097.974439623678, 486.26085932129808, 503.53786023705578, 0, 0, 4.4253333967604078
22.039999999999999, 18771.070688179487, 10192.916970035589, 791.08438168783425, 283.60514271881999, -3.1189027259370312, -25.468139131670529, 18688.141484225293, 10230.71121212304, 764.93173551414861, 293.99349125115248, -9.2075808561447463, -23.636509392489298, 18722.051948035376, 15103.009818226048, 486.26085932129808, 503.53786023705578, 0, 0, 4.4153333967604098
22.050000000000001, 18778.98105693746, 10195.749167365575, 791.05271109419641, 283.34820290536476, -3.1670593637844826, -25.693981345525533, 18695.789408787408, 10233.647568808081, 764.83888264565167, 293.75494275311621, -9.2852868496956109, -23.854849803625932, 18726.914556628588, 15108.045196828418, 486.26085932129808, 503.53786023705578, 0, 0, 4.4053333967604082
22.059999999999999, 18786.891120265078, 10198.578828421118, 791.02179220600294, 283.09347133794444, -3.0918888193459395, -25.473156742030849, 18703.436418091263, 10236.581572138282, 764.74691447231282, 293.5185362645031, -9.1968173338892534, -23.640648861308499, 18731.7771652218, 15113.080575430788, 486.26085932129808, 503.53786023705578, 0, 0, 4.3953333967604102
22.07, 18794.800867203001, 10201.405908279987, 790.9903932634827, 282.83648103729018, -3.139894252019519, -25.699030065424761, 18711.082496073461, 10239.513178646446, 764.65417030385811, 293.27994596578901, -9.2744168454699807, -23.859029871405898, 18736.639773815012, 15118.115954033157, 486.26085932129808, 503.53786023705578, 0, 0, 4.3853333967604087
22.080000000000002, 18802.710311408668, 10204.23045136855, 790.95974479896176, 282.58169958338829, -3.0648464520917353, -25.478145390191763, 18718.7276598713, 10242.442431389252, 764.56230995712713, 293.04349817562331, -9.1860346730999947, -23.644779016571245, 18741.502382408224, 15123.151332635527, 486.26085932129808, 503.53786023705578, 0, 0, 4.3753333967604071
22.09, 18810.619441951545, 10207.05241275685, 790.928617791546, 282.32465908112164, -3.1127007415784567, -25.704050226664382, 18726.371893441708, 10245.369286890844, 764.46967467972092, 292.8048661645928, -9.2635277406179242, -23.863201103051036, 18746.364991001436, 15128.186711237897, 486.26085932129808, 503.53786023705578, 0, 0, 4.3653333967604091
22.100000000000001, 18818.528272463118, 10209.871836881934, 790.8982400354538, 282.06982803261974, -3.0377756092244792, -25.483104850188113, 18734.015213903585, 10248.293788217539, 764.37792235159236, 292.56837716786714, -9.1752328128516201, -23.648899672567396, 18751.227599594647, 15133.222089840267, 486.26085932129808, 503.53786023705578, 0, 0, 4.3553333967604075
22.109999999999999, 18826.436792041648, 10212.688678806018, 790.86738524726115, 281.81273761650175, -3.0854788192596767, -25.709041611797929, 18741.657605234181, 10251.21589188472, 764.2853961568253, 292.3297035346564, -9.2526194767016126, -23.867363321073807, 18756.090208187859, 15138.257468442636, 486.26085932129808, 503.53786023705578, 0, 0, 4.3453333967604095
22.120000000000001, 18834.345014292678, 10215.502982976948, 790.8372784844945, 281.55785726754345, -3.0106762766654604, -25.488034895828807, 18749.299084533995, 10254.13564096847, 764.19375203989853, 292.09317342822305, -9.1644116926780885, -23.653010643335751, 18760.952816781071, 15143.292847045006, 486.26085932129808, 503.53786023705578, 0, 0, 4.335333396760408
22.129999999999999, 18842.252928343252, 10218.314704449023, 790.80669619976732, 281.30071722751183, -3.05822847271383, -25.714004003160504, 18756.939635800594, 10257.052991975301, 764.10133511994127, 291.85445826474563, -9.2416919957284822, -23.871516347742649, 18765.815425374283, 15148.328225647376, 486.26085932129808, 503.53786023705578, 0, 0, 4.32533339676041
22.140000000000001, 18850.160547772983, 10221.123887681004, 790.77686071535516, 281.04578787450458, -2.9835484412166005, -25.492935300722447, 18764.579276116106, 10259.967987991187, 764.00979940741547, 291.61788714731875, -9.1535712525838857, -23.65711174268711, 18770.678033967495, 15153.363604249746, 486.26085932129808, 503.53786023705578, 0, 0, 4.3153333967604084
22.150000000000002, 18858.067861737683, 10223.930487719172, 790.74655121845058, 280.78859850267565, -3.0309496904528603, -25.718937182893193, 18772.217989498393, 10262.88058551366, 763.91749195501382, 291.37913054726772, -9.2307452401619621, -23.875660005103903, 18775.540642560707, 15158.398982852115, 486.26085932129808, 503.53786023705578, 0, 0, 4.3053333967604068
22.16, 18865.974883791056, 10226.734549033323, 790.71698729754496, 280.53362044429281, -2.9563920905643162, -25.497805838283178, 18779.855793011229, 10265.790827638715, 763.82606484068333, 291.14251851942566, -9.1427114330478645, -23.661202784208186, 18780.403251153919, 15163.434361454485, 486.26085932129808, 503.53786023705578, 0, 0, 4.2953333967604088
22.170000000000002, 18873.881603117661, 10229.536026661626, 790.68695087292645, 280.27638203496332, -3.0036424618537829, -25.723840932948704, 18787.492670692762, 10268.698670854792, 763.73386704915413, 290.9037205782758, -9.2197791529251738, -23.879794114985529, 18785.265859747131, 15168.469740056855, 486.26085932129808, 503.53786023705578, 0, 0, 4.2853333967604073
22.18, 18881.78803324531, 10232.334965085034, 790.65765880079357, 280.02135557214581, -2.929207213287699, -25.502646281752501, 18795.128639588427, 10271.604158268037, 763.64254872740378, 290.66706774246296, -9.1318321750329208, -23.665283581280946, 18790.128468340343, 15173.505118659225, 486.26085932129808, 503.53786023705578, 0, 0, 4.2753333967604092
22.190000000000001, 18889.694163387299, 10235.131319333501, 790.62789573302189, 279.76406842179466, -2.976306777166525, -25.728715035112149, 18802.76368375665, 10274.507246357687, 763.5504607906297, 290.42822855747283, -9.2087936774101937, -23.883918499015468, 18794.991076933555, 15178.540497261594, 486.26085932129808, 503.53786023705578, 0, 0, 4.2653333967604077
22.199999999999999, 18897.600007045559, 10237.925133899258, 790.59887579503322, 279.50899385775239, -2.901993798868773, -25.507456404229274, 18810.397820224542, 10277.40797824017, 763.45925145642968, 290.19153501800173, -9.1209334199986305, -23.669353947109876, 18799.853685526767, 15183.575875863964, 486.26085932129808, 503.53786023705578, 0, 0, 4.2553333967604097
22.210000000000001, 18905.505553462117, 10240.716363803946, 790.56938636875793, 279.25165826504207, -2.9489426275237633, -25.73355927102962, 18818.031033070791, 10280.306310385402, 763.36727356885478, 289.95265468821526, -9.1977887574901107, -23.888032978647555, 18804.716294119979, 15188.611254466334, 486.26085932129808, 503.53786023705578, 0, 0, 4.2453333967604081
22.219999999999999, 18913.410816113028, 10243.5050535512, 790.5406388503809, 278.9965359052552, -2.8747518376994399, -25.512235978687944, 18825.663339304214, 10283.20228592023, 763.27617341775567, 289.71592055126786, -9.1100151099094635, -23.673413694737874, 18809.57890271319, 15193.646633068704, 486.26085932129808, 503.53786023705578, 0, 0, 4.2353333967604101
22.23, 18921.315784269031, 10246.291158154239, 790.51142335033137, 278.73915217103297, -2.9215500049476093, -25.738373422225592, 18833.294723023741, 10286.095861305137, 763.18430577438039, 289.47699917751606, -9.1867643375268884, -23.892137375176596, 18814.441511306402, 15198.682011671073, 486.26085932129808, 503.53786023705578, 0, 0, 4.2253333967604085
22.240000000000002, 18929.220471380337, 10249.074722128233, 790.48294853712048, 278.48398232325303, -2.8474813210873693, -25.516984777993319, 18840.925201219907, 10288.987079677516, 763.09331500250801, 289.2402245511455, -9.0990771872416527, -23.677462637058731, 18819.304119899614, 15203.717390273443, 486.26085932129808, 503.53786023705578, 0, 0, 4.215333396760407
22.25, 18937.124866746373, 10251.855700477874, 790.4540072480969, 278.22655075055184, -2.894128902355277, -25.743157270117017, 18848.554758011876, 10291.8758974883, 763.00155779888428, 289.00126223604798, -9.1757203623779553, -23.896231509750262, 18824.166728492826, 15208.752768875813, 486.26085932129808, 503.53786023705578, 0, 0, 4.205333396760409
22.260000000000002, 18945.028983791519, 10254.634137729994, 790.4258054256843, 277.97133372480272, -2.8201822412607558, -25.521702574911409, 18856.183410371927, 10294.762357885573, 762.91067660293436, 288.76444723017971, -9.0881195949885711, -23.681500586825855, 18829.029337086038, 15213.788147478183, 486.26085932129808, 503.53786023705578, 0, 0, 4.1953333967604074
22.27, 18952.932811843879, 10257.409988880652, 790.39713863254872, 277.7138546188425, -2.8666793135637039, -25.747910596023704, 18863.811142439441, 10297.646417310594, 762.81903003516038, 288.52544407814594, -9.1646567774013707, -23.900315203377342, 18833.89194567925, 15218.823526080552, 486.26085932129808, 503.53786023705578, 0, 0, 4.1853333967604094
22.280000000000001, 18960.836364302017, 10260.18329846847, 790.36921008663489, 277.45859072742115, -2.7928545913774685, -25.526389142136832, 18871.437971168452, 10300.528118922271, 762.72825861239369, 288.28858880457915, -9.0771422766721539, -23.68552735667701, 18838.754554272462, 15223.858904682922, 486.26085932129808, 503.53786023705578, 0, 0, 4.1753333967604078
22.289999999999999, 18968.739630522698, 10262.954021480768, 790.34081807430186, 277.20106439560919, -2.8392012332983154, -25.752633181194447, 18879.063880718546, 10303.407419152076, 762.63672287710904, 288.04954492180963, -9.1535735284667314, -23.904388276951273, 18843.617162865674, 15228.894283285292, 486.26085932129808, 503.53786023705578, 0, 0, 4.1653333967604098
22.300000000000001, 18976.642623878684, 10265.722202468085, 790.31316309064653, 276.94575395308601, -2.7654983655330394, -25.531044252316558, 18886.688888025539, 10306.284361169881, 762.54606142534556, 287.81264949421808, -9.0661451763528493, -23.689542759155461, 18848.479771458886, 15233.929661887661, 486.26085932129808, 503.53786023705578, 0, 0, 4.1553333967604082
22.309999999999999, 18984.545333755392, 10268.487796408896, 790.2850461440745, 276.68818070501771, -2.8116946572006896, -25.757324806829622, 18894.312977269208, 10309.158901397241, 762.45463671972595, 287.57356498870536, -9.1424705619646822, -23.908450551270203, 18853.342380052098, 15238.965040490031, 486.26085932129808, 503.53786023705578, 0, 0, 4.1453333967604102
22.32, 18992.4477734998, 10271.250847865795, 790.25766500848681, 276.43282402823718, -2.7381135587638892, -25.535667678056122, 18901.936165367169, 10312.031083015137, 762.36408543733967, 287.33662952263819, -9.0551282386331327, -23.693546606714204, 18858.20498864531, 15244.000419092401, 486.26085932129808, 503.53786023705578, 0, 0, 4.1353333967604087
22.330000000000002, 19000.349932525947, 10274.011311808288, 790.22982341266845, 276.17520417569631, -2.7841595818317035, -25.761985254087197, 18909.558436519368, 10314.900862435086, 762.27277195909153, 287.09750450416777, -9.131347824810323, -23.912501847041039, 18863.067597238522, 15249.035797694771, 486.26085932129808, 503.53786023705578, 0, 0, 4.1253333967604071
22.34, 19008.25182415505, 10276.769232811166, 790.20271641099794, 275.91980158377686, -2.7107001670549571, -25.540259191942624, 18917.179807625249, 10317.768282849322, 762.18233104500484, 286.86052911705042, -9.0440914086670947, -23.697538711736414, 18867.930205831733, 15254.07117629714, 486.26085932129808, 503.53786023705578, 0, 0, 4.1153333967604091
22.350000000000001, 19016.153437829758, 10279.524565834858, 790.17515045095115, 275.66213544073582, -2.7565960046788667, -25.766614304104682, 18924.800262904908, 10320.633300659194, 762.09112899236027, 286.62136369720145, -9.120205264452359, -23.91654198489886, 18872.792814424945, 15259.10655489951, 486.26085932129808, 503.53786023705578, 0, 0, 4.1053333967604075
22.359999999999999, 19024.05478684554, 10282.27735546648, 790.14831786907769, 275.40668725507021, -2.6832581873457313, -25.544818566562228, 18932.419819239636, 10323.495959068334, 762.00079864603856, 286.38434850833596, -9.0330346321679311, -23.70151888655052, 18877.655423018157, 15264.14193350188, 486.26085932129808, 503.53786023705578, 0, 0, 4.0953333967604095
22.370000000000001, 19031.955860673643, 10285.027556657271, 790.12102782983607, 275.14897513769006, -2.7290039241621118, -25.77121173801573, 18940.038460869673, 10326.3562144678, 761.90970821774977, 286.14514280048172, -9.1090428288802876, -23.920570785421233, 18882.518031611369, 15269.17731210425, 486.26085932129808, 503.53786023705578, 0, 0, 4.085333396760408
22.379999999999999, 19039.856672583799, 10287.775214006811, 790.09446995366068, 274.89348168194488, -2.6557876175369457, -25.549345574520363, 18947.656204658171, 10329.214110072764, 761.81948863919558, 285.90808793104725, -9.021957855416403, -23.705486943448005, 18887.380640204581, 15274.212690706619, 486.26085932129808, 503.53786023705578, 0, 0, 4.07533339676041
22.390000000000001, 19047.757212075834, 10290.52028245703, 790.0674561202643, 274.63572390857519, -2.7013833396402367, -25.775777336969547, 18955.273034865491, 10332.069602263864, 761.72851003452922, 285.66884205035581, -9.0978604666324827, -23.924588069145148, 18892.243248797793, 15279.248069308989, 486.26085932129808, 503.53786023705578, 0, 0, 4.0653333967604084
22.400000000000002, 19055.65749239377, 10293.262806620118, 790.04117323569938, 274.3801855086906, -2.6282884564956572, -25.553839988456438, 18962.888968336683, 10334.922734267964, 761.63840142427659, 285.43174762340885, -9.0108610252671912, -23.709442694695756, 18897.105857391005, 15284.283447911359, 486.26085932129808, 503.53786023705578, 0, 0, 4.0553333967604068
22.41, 19063.557503065989, 10296.002741428572, 790.01443589318524, 274.12238239986914, -2.6737342514158104, -25.780310882144853, 18970.503989352208, 10337.77346245515, 761.54753484300852, 285.19246168684305, -9.0866581268022966, -23.928593656578737, 18901.968465984217, 15289.318826513729, 486.26085932129808, 503.53786023705578, 0, 0, 4.0453333967604088
22.420000000000002, 19071.457257310816, 10298.740131507333, 789.98842828614465, 273.86679938405854, -2.6007607040606615, -25.558301581059975, 18978.118114739023, 10340.621830064127, 761.45753740211694, 284.95532782731755, -8.9997440891557225, -23.713385952549856, 18906.831074577429, 15294.354205116098, 486.26085932129808, 503.53786023705578, 0, 0, 4.0353333967604073
22.43, 19079.356744685178, 10301.47493177935, 789.96196771953726, 273.60895126251086, -2.6460566607403742, -25.784812154765312, 18985.731328797679, 10343.467793454294, 761.36678304452653, 284.71600195363538, -9.0754357590445967, -23.932587368214385, 18911.693683170641, 15299.389583718468, 486.26085932129808, 503.53786023705578, 0, 0, 4.0253333967604092
22.440000000000001, 19087.25597838172, 10304.207186882457, 789.93623567592681, 273.35332396125995, -2.5732043610487128, -25.562730125090216, 18993.343648337075, 10346.311395876352, 761.27689697457549, 284.47882878834264, -8.988606995106224, -23.717316529272754, 18916.556291763853, 15304.424962320838, 486.26085932129808, 503.53786023705578, 0, 0, 4.0153333967604077
22.449999999999999, 19095.154947985895, 10306.93685172993, 789.9100521702286, 273.09543115189877, -2.6183505698204281, -25.789280936118267, 19000.955057677824, 10349.152593678882, 761.18625504143961, 284.23946309809719, -9.0641933135834698, -23.936569024545044, 18921.418900357065, 15309.460340923208, 486.26085932129808, 503.53786023705578, 0, 0, 4.0053333967604097
22.460000000000001, 19103.053666664684, 10309.663970972641, 789.88459597593601, 272.83975989796483, -2.545619429259641, -25.567125393391979, 19008.565573610784, 10351.991430124728, 761.09648054452225, 284.0022507557257, -8.9774496917383058, -23.721234237146714, 18926.281508950276, 15314.495719525577, 486.26085932129808, 503.53786023705578, 0, 0, 3.9953333967604081
22.469999999999999, 19110.952124032046, 10312.388499514069, 789.85868981611782, 272.58182272788912, -2.590615981822368, -25.793717007569843, 19016.175180476617, 10354.827861551519, 761.00595123711003, 283.76284537126492, -9.0529307412185425, -23.940538446077017, 18931.144117543488, 15319.531098127947, 486.26085932129808, 503.53786023705578, 0, 0, 3.9853333967604101
22.48, 19118.850333229322, 10315.110482018274, 789.83350975700296, 272.32610785629998, -2.5180059114817608, -25.571487158912852, 19023.783895048167, 10357.661931234399, 760.91628851582732, 283.52559398238003, -8.9662721282740261, -23.725138888488654, 18936.0067261367, 15324.566476730317, 486.26085932129808, 503.53786023705578, 0, 0, 3.9753333967604085
22.490000000000002, 19126.748283898956, 10317.829873378814, 789.80788122799413, 272.06812665479418, -2.5628529008776697, -25.798120150581397, 19031.391701686127, 10360.493595499905, 760.82587203589401, 283.28614902784659, -9.0416479933317344, -23.944495453344064, 18940.869334729912, 15329.601855332687, 486.26085932129808, 503.53786023705578, 0, 0, 3.965333396760407
22.5, 19134.645989156663, 10320.546718273083, 789.78297758987912, 271.81236850284705, -2.4903638114958002, -25.575815194715229, 19038.998617145349, 10363.32289763564, 760.73632129334862, 283.04885872489001, -8.955074254542982, -23.729030295659918, 18945.731943323124, 15334.637233935056, 486.26085932129808, 503.53786023705578, 0, 0, 3.955333396760409
22.510000000000002, 19142.543438673361, 10323.260971584588, 789.7576269765583, 271.55434360137986, -2.5350613320867237, -25.802490146721016, 19046.604625806529, 10366.149793956909, 760.6460178431297, 282.80937432622085, -9.0303450218921633, -23.948439866916679, 18950.594551916336, 15339.672612537426, 486.26085932129808, 503.53786023705578, 0, 0, 3.9453333967604074
22.52, 19150.440645539158, 10325.972678004211, 789.73300004521752, 271.2985425086398, -2.4626931340829845, -25.580109274004432, 19054.209744406558, 10368.97432776393, 760.55657928291976, 282.57204524350993, -8.9438560209932021, -23.732908271091667, 18955.457160509548, 15344.707991139796, 486.26085932129808, 503.53786023705578, 0, 0, 3.9353333967604094
22.530000000000001, 19158.337599453418, 10328.681792405281, 789.70792763240229, 271.04047424086292, -2.5072412815265386, -25.806826777690343, 19061.813957346119, 10371.79645536064, 760.4663890651251, 282.33252152843568, -9.0190217794665397, -23.952371507426221, 18960.31976910276, 15349.743369742166, 486.26085932129808, 503.53786023705578, 0, 0, 3.9253333967604078
22.539999999999999, 19166.234313480658, 10331.388359492314, 789.68357769355202, 270.78463054916159, -2.4349938850265112, -25.584369170132064, 19069.417281344166, 10374.61622006003, 760.37706289133814, 282.09515380216283, -8.9326173786929903, -23.736772627286221, 18965.182377695972, 15354.778748344535, 486.26085932129808, 503.53786023705578, 0, 0, 3.9153333967604098
22.550000000000001, 19174.130777348681, 10334.092334128331, 789.65878376598948, 270.52651925090834, -2.4793927562522353, -25.811129825327807, 19077.019700821347, 10377.433578154523, 760.28698610914591, 281.85559090020718, -9.0076782192209706, -23.956290195566211, 18970.044986289184, 15359.814126946905, 486.26085932129808, 503.53786023705578, 0, 0, 3.9053333967604082
22.559999999999999, 19182.027004096431, 10336.79376103164, 789.63471110527826, 270.2706333043422, -2.4072660711172231, -25.58859465661563, 19084.621232478697, 10380.248572970049, 760.19777252635254, 281.61818466843886, -8.9213582793386248, -23.74062317683423, 18974.907594882396, 15364.849505549275, 486.26085932129808, 503.53786023705578, 0, 0, 3.8953333967604102
22.57, 19189.922983480119, 10339.492595054822, 789.61019594763525, 270.01247931362593, -2.4515157643024885, -25.815399071627365, 19092.221860756817, 10383.061160787371, 760.10780938340326, 281.37858271091778, -8.9963142949283412, -23.960195752108618, 18979.770203475608, 15369.884884151645, 486.26085932129808, 503.53786023705578, 0, 0, 3.8853333967604087
22.580000000000002, 19197.818728513139, 10342.188880930133, 789.58640085063371, 269.7565514585545, -2.3795097001558165, -25.592785507145134, 19099.821602338849, 10385.87138494552, 760.01870859665064, 281.14113811359357, -8.9100786752573118, -23.744459732419166, 18984.632812068819, 15374.920262754014, 486.26085932129808, 503.53786023705578, 0, 0, 3.8753333967604071
22.59, 19205.714228980098, 10344.882573499573, 789.56216474748669, 269.49835511556705, -2.4236103147016914, -25.819634298744884, 19107.420441685321, 10388.679201713456, 759.92885929704096, 280.90149723361446, -8.9849299609711579, -23.964087997908162, 18989.495420662031, 15379.955641356384, 486.26085932129808, 503.53786023705578, 0, 0, 3.8653333967604091
22.600000000000001, 19213.609497868856, 10347.573717509506, 789.53864749967704, 269.24238570061084, -2.3517247809629689, -25.596941495620708, 19115.018395461513, 10391.484654443477, 759.8398715118467, 280.66401441254595, -8.8987785194212066, -23.748282106851892, 18994.358029255243, 15384.991019958754, 486.26085932129808, 503.53786023705578, 0, 0, 3.8553333967604075
22.609999999999999, 19221.50452499239, 10350.262267791219, 789.51469073550231, 268.98414734772052, -2.3956764174696299, -25.823835289033919, 19122.615448147855, 10394.287699392589, 759.7501362601231, 280.4243347450066, -8.9735251723549361, -23.967966753935151, 18999.220637848455, 15390.026398561124, 486.26085932129808, 503.53786023705578, 0, 0, 3.8453333967604095
22.620000000000001, 19229.399323313046, 10352.948269105336, 789.49145162226853, 268.72813672375895, -2.3239113233809818, -25.601062396157811, 19130.211616391793, 10397.088379926523, 759.66126168246865, 280.18681384387588, -8.8874577654497475, -23.75209011307382, 19004.083246441667, 15395.061777163493, 486.26085932129808, 503.53786023705578, 0, 0, 3.835333396760408
22.629999999999999, 19237.293882672155, 10355.6316762723, 789.46777448143234, 268.46985670550845, -2.367714083623099, -25.828001825050787, 19137.806884693633, 10399.886652290186, 759.57164068362158, 279.94709552546311, -8.9620998847104634, -23.971831841278487, 19008.945855034879, 15400.097155765863, 486.26085932129808, 503.53786023705578, 0, 0, 3.82533339676041
22.640000000000001, 19245.188216006569, 10358.312534067158, 789.4448137880496, 268.2138052256775, -2.2960693382765527, -25.605147983097048, 19145.401269683014, 10402.682559862906, 759.48287951994541, 279.70953668982145, -8.8761163676135979, -23.755883564164542, 19013.808463628091, 15405.132534368233, 486.26085932129808, 503.53786023705578, 0, 0, 3.8153333967604084
22.650000000000002, 19253.082313185951, 10360.990797299361, 789.42141655479782, 267.95548388878188, -2.3397233251785909, -25.832133689563967, 19152.994755880107, 10405.476058877342, 759.39337297940244, 279.46977985900992, -8.9506540542975959, -23.97568308115293, 19018.671072221303, 15410.167912970603, 486.26085932129808, 503.53786023705578, 0, 0, 3.8053333967604068
22.66, 19260.976187121672, 10363.666510758543, 789.39873456642238, 267.69939190847168, -2.2681988375446407, -25.609198031018614, 19160.587359896759, 10408.267192726591, 759.30472543659403, 279.2321832362764, -8.8647542808401916, -23.759662273353939, 19023.533680814515, 15415.203291572972, 486.26085932129808, 503.53786023705578, 0, 0, 3.7953333967604088
22.670000000000002, 19268.869827711715, 10366.339629243028, 789.37561752487079, 267.44102960181601, -2.311704155156046, -25.836230665567889, 19168.17906627298, 10411.055917630909, 759.21533356021394, 278.9923880333273, -8.9391876380105852, -23.979520294910596, 19028.396289407727, 15420.238670175342, 486.26085932129808, 503.53786023705578, 0, 0, 3.7853333967604073
22.68, 19276.763247841987, 10369.0101975572, 789.35321452652965, 267.18489747866835, -2.2402998341152136, -25.613212314768159, 19175.769891602864, 10413.842276997335, 759.12679984560668, 278.75475377278684, -8.8533714607233058, -23.763426054045333, 19033.258898000939, 15425.274048777712, 486.26085932129808, 503.53786023705578, 0, 0, 3.7753333967604092
22.690000000000001, 19284.656437438764, 10371.678170488107, 789.33037796065378, 266.92649455330525, -2.2836565875852894, -25.840292536307626, 19183.359820446232, 10416.626227033566, 759.03752283967276, 278.5149203397462, -8.9277005933872253, -23.983343304062977, 19038.121506594151, 15430.309427380082, 486.26085932129808, 503.53786023705578, 0, 0, 3.7653333967604077
22.699999999999999, 19292.54940936252, 10374.343592855048, 789.30825423723422, 266.6703226472107, -2.212372341952884, -25.617190609455392, 19190.948869379448, 10419.407811160756, 758.94910316103756, 278.27724859254806, -8.8419678635228589, -23.767174719812267, 19042.984115187362, 15435.344805982451, 486.26085932129808, 503.53786023705578, 0, 0, 3.7553333967604097
22.710000000000001, 19300.442153567798, 10377.006419433657, 789.28569843085916, 266.41187945635789, -2.2555806375057523, -25.844319085277633, 19198.537022982127, 10422.186985573891, 758.85994123225146, 278.0373770732453, -8.9161928786087028, -23.987151930277868, 19047.846723780574, 15440.380184584821, 486.26085932129808, 503.53786023705578, 0, 0, 3.7453333967604081
22.719999999999999, 19308.33468288965, 10379.666695058317, 789.26385426709851, 266.15566812945309, -2.1844163760640596, -25.621132690482259, 19206.124297812934, 10424.963793708412, 758.77163579778971, 277.79966799240106, -8.8305434461751844, -23.770908084423883, 19052.709332373786, 15445.415563187191, 486.26085932129808, 503.53786023705578, 0, 0, 3.7353333967604101
22.73, 19316.226987310874, 10382.324374493097, 789.24157950388883, 265.89718502849058, -2.2274763209733184, -25.848310096248618, 19213.710678471245, 10427.738191746437, 758.68258915326464, 277.55975853244701, -8.9046644525094241, -23.990945995403518, 19057.571940966998, 15450.450941789561, 486.26085932129808, 503.53786023705578, 0, 0, 3.7253333967604085
22.740000000000002, 19324.119079641121, 10384.979502587632, 789.22001518436377, 265.64093464515503, -2.1564319525006184, -25.625038333557974, 19221.296181498052, 10430.510223137868, 758.59439817160171, 277.32201227282843, -8.8190981662985735, -23.774625961857623, 19062.43454956021, 15455.48632039193, 486.26085932129808, 503.53786023705578, 0, 0, 3.715333396760407
22.75, 19332.010949891417, 10387.63203409428, 789.19802174781319, 265.38241199162223, -2.1993436550638483, -25.852265353281915, 19228.880791512478, 10433.279844051798, 758.50546701885594, 277.08206501961365, -8.8931152745823159, -23.994725321480672, 19067.297158153422, 15460.5216989943, 486.26085932129808, 503.53786023705578, 0, 0, 3.705333396760409
22.760000000000002, 19339.902610846031, 10390.282013878099, 789.17673755692965, 265.12612291847529, -2.1284190883585765, -25.628907314694612, 19236.464525037871, 10436.047097952769, 758.41739069903406, 276.84428173795072, -8.8076319821918627, -23.77832816629304, 19072.159766746634, 15465.55707759667, 486.26085932129808, 503.53786023705578, 0, 0, 3.6953333967604074
22.77, 19347.794052544203, 10392.929396679587, 789.15502573035099, 264.86756107206804, -2.171182657871995, -25.856184640725353, 19244.047366713065, 10438.811940996689, 758.32857524598433, 276.60429684064337, -8.8815453049775481, -23.998489730736718, 19077.022375339846, 15470.59245619904, 486.26085932129808, 503.53786023705578, 0, 0, 3.6853333967604094
22.780000000000001, 19355.685287744836, 10395.574227379397, 789.13402195233311, 264.61123367796557, -2.1003778017885617, -25.632739410249442, 19251.629333043795, 10441.574416662919, 758.24061379745581, 276.36647669552184, -8.7961448528495669, -23.78201451215093, 19081.884983933058, 15475.627834801409, 486.26085932129808, 503.53786023705578, 0, 0, 3.6753333967604078
22.789999999999999, 19363.576306515359, 10398.216460706015, 789.11259201884786, 264.35263300053305, -2.1429933485211663, -25.860067743253627, 19259.210408688592, 10444.334481094018, 758.15191425241062, 276.12645430506564, -8.8699545045169561, -24.002239045622879, 19086.74759252627, 15480.663213403779, 486.26085932129808, 503.53786023705578, 0, 0, 3.6653333967604098
22.800000000000001, 19371.467121589329, 10400.856141555862, 789.0918689377279, 264.0962676565639, -2.0723081119929141, -25.636534396914975, 19266.790610135606, 10447.092177784347, 758.06406788503102, 275.8885974569248, -8.784636737958408, -23.785684814081797, 19091.610201119482, 15485.698592006149, 486.26085932129808, 503.53786023705578, 0, 0, 3.6553333967604082
22.809999999999999, 19379.357723062345, 10403.493224645261, 789.07072118025633, 263.83762851210531, -2.1147757471608379, -25.863914445858889, 19274.36992206303, 10449.847462862952, 757.97548445668417, 275.64853772603675, -8.8583428346907898, -24.005973088803245, 19096.472809712694, 15490.733970608519, 486.26085932129808, 503.53786023705578, 0, 0, 3.6453333967604102
22.82, 19387.248123642643, 10406.127754886575, 789.05027907986403, 263.58122559158789, -2.0442100392305802, -25.640292051739969, 19281.948360941456, 10452.600379839379, 757.88775338070513, 275.4106443371669, -8.7731075979047759, -23.789338886984289, 19101.335418305905, 15495.769349210888, 486.26085932129808, 503.53786023705578, 0, 0, 3.6353333967604087
22.830000000000002, 19395.138313453961, 10408.759686983811, 789.02941378111427, 263.32254834624916, -2.0865298749712489, -25.867724533870781, 19289.525911468725, 10455.350884828998, 757.79928627812853, 275.1705474203352, -8.8467102576648582, -24.009691683172314, 19106.198026899117, 15500.804727813258, 486.26085932129808, 503.53786023705578, 0, 0, 3.6253333967604071
22.84, 19403.028305179232, 10411.389065865451, 789.00925294506612, 263.06610822472783, -2.0160836048179362, -25.644012152134508, 19297.102590097897, 10458.09902135672, 757.71167070419074, 274.93261765487512, -8.7615573937765276, -23.792976546008255, 19111.060635492329, 15505.840106415628, 486.26085932129808, 503.53786023705578, 0, 0, 3.6153333967604091
22.850000000000001, 19410.91808897032, 10414.015846223028, 788.98867038752451, 262.8073932467982, -2.0582557541642243, -25.871497792961396, 19304.67838154643, 10460.844745524071, 757.62332013682794, 274.69248370835652, -8.8350567362822865, -24.013394651857901, 19115.923244085541, 15510.875485017998, 486.26085932129808, 503.53786023705578, 0, 0, 3.6053333967604075
22.859999999999999, 19418.807677484871, 10416.640073001325, 788.96879109921315, 262.55091630203913, -1.9879288311372463, -25.647694475906039, 19312.253302249886, 10463.588100871513, 757.53582027595417, 274.45451773229064, -8.7499860873756177, -23.796597606587742, 19120.785852678753, 15515.910863620367, 486.26085932129808, 503.53786023705578, 0, 0, 3.5953333967604095
22.870000000000001, 19426.69706090285, 10419.261700879244, 788.94849156513328, 262.29216396194732, -2.0299534079912531, -25.875234009179582, 19319.827336945313, 10466.329043486563, 757.44758645361344, 274.21434691410809, -8.8233822340755612, -24.017081818252507, 19125.648461271965, 15520.946242222737, 486.26085932129808, 503.53786023705578, 0, 0, 3.585333396760408
22.879999999999999, 19434.586251856639, 10421.880774818042, 788.92889410771693, 262.03565057393479, -1.9597457416346042, -25.651338801253644, 19327.400502050801, 10469.067616925422, 757.36020251720129, 273.97634489526376, -8.7383936412159802, -23.800201884433559, 19130.511069865177, 15525.981620825107, 486.26085932129808, 503.53786023705578, 0, 0, 3.57533339676041
22.890000000000001, 19442.475240554286, 10424.497249483837, 788.90887787910947, 261.77686124424531, -2.0016228607415627, -25.878932968945595, 19334.972782322966, 10471.803777261424, 757.27208565004867, 273.73613736520372, -8.8116867152645728, -24.020753006006238, 19135.373678458389, 15531.016999427477, 486.26085932129808, 503.53786023705578, 0, 0, 3.5653333967604084
22.900000000000002, 19450.364039602922, 10427.111169854543, 788.88956253550123, 261.52031179517746, -1.9315343608233464, -25.654944906784493, 19342.544194162463, 10474.537568066697, 757.18481784986341, 273.49809947324826, -8.7267800185291762, -23.803789195547324, 19140.236287051601, 15536.052378029846, 486.26085932129808, 503.53786023705578, 0, 0, 3.5553333967604068
22.91, 19458.252639238657, 10429.722490583326, 788.86982989412377, 261.26148585058678, -1.9732641377454279, -25.882594459066826, 19350.114722345439, 10477.268945400223, 757.09681814841576, 273.25785539285783, -8.7999701447620264, -24.024408039040203, 19145.098895644813, 15541.087756632216, 486.26085932129808, 503.53786023705578, 0, 0, 3.5453333967604088
22.920000000000002, 19466.141052043393, 10432.331256664946, 788.85079694698095, 261.0049007248715, -1.9032947142873722, -25.658512571530171, 19357.684383255146, 10479.997952850248, 757.00966669658305, 273.01978179929546, -8.7151451832699465, -23.807359356235388, 19149.961504238025, 15546.123135234586, 486.26085932129808, 503.53786023705578, 0, 0, 3.5353333967604073
22.93, 19474.029268281272, 10434.937422739455, 788.83134817432722, 260.74603854220396, -1.9448772653773405, -25.88621826675341, 19365.25316168724, 10482.72454646123, 756.92178437170128, 272.77950133187989, -8.7882324881787657, -24.028046741559724, 19154.824112831237, 15551.158513836956, 486.26085932129808, 503.53786023705578, 0, 0, 3.5253333967604092
22.940000000000001, 19481.917300508991, 10437.541033818641, 788.81259790604042, 260.48941812645438, -1.8750268286830369, -25.662041574957673, 19372.821074007592, 10485.448769837722, 756.83474948070011, 272.54139221004868, -8.7034891001198353, -23.810912183117591, 19159.686721424448, 15556.193892439325, 486.26085932129808, 503.53786023705578, 0, 0, 3.5153333967604077
22.949999999999999, 19489.80513901871, 10440.142044529279, 788.79343328332982, 260.23052008465811, -1.9164622710578536, -25.889804179628747, 19380.388105031343, 10488.170579009482, 756.74698474358183, 272.30107552066806, -8.7764737118272649, -24.031668938062666, 19164.54933001766, 15561.229271041695, 486.26085932129808, 503.53786023705578, 0, 0, 3.5053333967604097
22.960000000000001, 19497.692796341933, 10442.74049990037, 788.77496597601237, 259.97386476768833, -1.8467307317410526, -25.665531696980654, 19387.954271107017, 10490.890017597565, 756.66006662623693, 272.06293104573672, -8.6918117344908747, -23.814447493136282, 19169.411938610872, 15566.264649644065, 486.26085932129808, 503.53786023705578, 0, 0, 3.4953333967604081
22.969999999999999, 19505.580262798816, 10445.336354545248, 788.75608578417985, 259.71493124783092, -1.8880191832554276, -25.893351985740317, 19395.519557069212, 10493.607041616855, 756.5724196884097, 271.82257830120324, -8.7646937827251783, -24.035274453348045, 19174.274547204084, 15571.300028246435, 486.26085932129808, 503.53786023705578, 0, 0, 3.4853333967604101
22.98, 19513.46755089569, 10447.929653510319, 788.7379017196572, 259.45824142065118, -1.8184064522695369, -25.668982717975645, 19403.083979249139, 10496.321694705102, 756.48561855788444, 271.58439865016754, -8.6801130525309418, -23.817965103570128, 19179.137155797296, 15576.335406848804, 486.26085932129808, 503.53786023705578, 0, 0, 3.4753333967604085
22.990000000000002, 19521.35465098068, 10450.520351395304, 788.71930623934236, 259.19927280591543, -1.8595480314893589, -25.896861473575154, 19410.647522500818, 10499.033932862138, 756.39808963119845, 271.34401001904223, -8.7528926686004738, -24.038863112529135, 19183.999764390508, 15581.370785451174, 486.26085932129808, 503.53786023705578, 0, 0, 3.465333396760407
23, 19529.241575534972, 10453.108493264201, 788.70140569914076, 258.94254886172757, -1.7900540201538107, -25.672394418785313, 19418.210203138176, 10501.743799742604, 756.31140570098717, 271.10579537072186, -8.6683930211245634, -23.821464832035389, 19188.86237298372, 15586.406164053544, 486.26085932129808, 503.53786023705578, 0, 0, 3.455333396760409
23.010000000000002, 19537.128314934638, 10455.694033702954, 788.68309521067749, 258.68354553740693, -1.8310488463296206, -25.900332432063035, 19425.772006034636, 10504.4512513311, 756.2239949976082, 270.86537102331152, -8.7410703378922499, -24.042434741034704, 19193.724981576932, 15591.441542655914, 486.26085932129808, 503.53786023705578, 0, 0, 3.4453333967604074
23.02, 19545.014881635725, 10458.27701779334, 788.66547847601385, 258.42678787159952, -1.7616734663611755, -25.675766580742334, 19433.33294748687, 10507.156331299358, 756.13742848152924, 270.62712155834646, -8.6566516079008586, -23.824946496507174, 19198.587590170144, 15596.476921258283, 486.26085932129808, 503.53786023705578, 0, 0, 3.4353333967604094
23.030000000000001, 19552.901266042238, 10460.857400107358, 788.64745325941988, 258.16775022509353, -1.802521659401437, -25.903764650599285, 19440.893012387671, 10509.858995616567, 756.05013621393164, 270.38666166670015, -8.7292267597583191, -24.045989164629219, 19203.450198763356, 15601.512299860653, 486.26085932129808, 503.53786023705578, 0, 0, 3.4253333967604078
23.039999999999999, 19560.78748058511, 10463.435225744761, 788.63012061119048, 257.91095923523676, -1.7332648229413188, -25.679098985675747, 19448.452217016493, 10512.559287971746, 755.96368732611927, 270.1483775675469, -8.6448887812353146, -23.828409915323704, 19208.312807356568, 15606.547678463023, 486.26085932129808, 503.53786023705578, 0, 0, 3.4153333967604098
23.050000000000001, 19568.673515696246, 10466.010449263425, 788.61238094615658, 257.65188765604626, -1.7739665033856911, -25.907157919050896, 19456.01054628547, 10515.257164318489, 755.87651370707852, 269.90788230545274, -8.7173619040769559, -24.049526209416911, 19213.17541594978, 15611.583057065392, 486.26085932129808, 503.53786023705578, 0, 0, 3.4053333967604082
23.059999999999999, 19576.559383781489, 10468.583115781274, 788.59533266492633, 257.3950637418871, -1.7048281230263722, -25.682391415916051, 19463.568016456866, 10517.952668363308, 755.79018266197602, 269.66956375638085, -8.6331045102511155, -23.831854907189349, 19218.038024542991, 15616.618435667762, 486.26085932129808, 503.53786023705578, 0, 0, 3.3953333967604102
23.07, 19584.445075300628, 10471.153179841889, 788.57787883080618, 257.13595862160946, -1.7453834120190299, -25.910512027761445, 19471.124612462125, 10520.645756044018, 755.70312790456148, 269.4290332993624, -8.7054757414481916, -24.053045701844677, 19222.900633136203, 15621.653814270132, 486.26085932129808, 503.53786023705578, 0, 0, 3.3853333967604087
23.080000000000002, 19592.330602634425, 10473.720686581557, 788.5611151967978, 256.8791021850663, -1.6763634008353678, -25.685643654318692, 19478.680350546354, 10523.336471084818, 755.61691491691317, 269.19068048645045, -8.6212987648267969, -23.83528129119555, 19227.763241729415, 15626.689192872502, 486.26085932129808, 503.53786023705578, 0, 0, 3.3753333967604071
23.09, 19600.215956270531, 10476.285590529393, 788.54394747259687, 256.61996391739058, -1.7167724200981063, -25.913826767573532, 19486.235215660286, 10526.024769407562, 755.52997923448117, 268.95011501176322, -8.6935682432011436, -24.056547468721959, 19232.625850322627, 15631.724571474871, 486.26085932129808, 503.53786023705578, 0, 0, 3.3653333967604091
23.100000000000001, 19608.101148564652, 10478.847936840244, 788.52746876568017, 256.36307536254793, -1.6478706916737007, -25.688855484267332, 19493.789224031905, 10528.710694754347, 755.44388451932525, 268.71172812289501, -8.6094715155968444, -23.838688886822062, 19237.488458915839, 15636.759950077241, 486.26085932129808, 503.53786023705578, 0, 0, 3.3553333967604075
23.109999999999999, 19615.986170032276, 10481.40768002858, 788.51058743004535, 256.10390434324961, -1.6881335634791101, -25.917101929831983, 19501.342360631192, 10531.394203030875, 755.35706812551132, 268.47112780952278, -8.6816393813946195, -24.060031337221965, 19242.351067509051, 15641.795328679611, 486.26085932129808, 503.53786023705578, 0, 0, 3.3453333967604095
23.120000000000001, 19623.87103300407, 10483.96486526801, 788.49439392972602, 255.8469840763527, -1.6193500319360385, -25.69202668969157, 19508.894641669038, 10534.075337997343, 755.27109189817179, 268.23270703438328, -8.5976227339572446, -23.842077513952272, 19247.213676102263, 15646.830707281981, 486.26085932129808, 503.53786023705578, 0, 0, 3.335333396760408
23.129999999999999, 19631.755728023334, 10486.519447058177, 788.47779926093517, 255.5877807032887, -1.6594668790805498, -25.920337306400757, 19516.446052134652, 10536.754055543117, 755.18439500688362, 267.9920720630343, -8.669689128822446, -24.063497134896206, 19252.076284695475, 15651.86608588435, 486.26085932129808, 503.53786023705578, 0, 0, 3.32533339676041
23.140000000000001, 19639.640267395724, 10489.071470591653, 788.46189124634418, 255.33082913273807, -1.5908014591041342, -25.695157055063795, 19523.996608221863, 10539.430399446699, 755.09853748296302, 267.75361759310562, -8.5857523920638137, -23.845446992868276, 19256.938893288687, 15656.90146448672, 486.26085932129808, 503.53786023705578, 0, 0, 3.3153333967604084
23.150000000000002, 19647.524641692326, 10491.620890353077, 788.44558352229535, 255.07159380584147, -1.630772404881208, -25.923532689660082, 19531.546294939075, 10542.104325580927, 755.01196030837286, 267.51294814620894, -8.6577174590119199, -24.066944689669864, 19261.801501881899, 15661.93684308909, 486.26085932129808, 503.53786023705578, 0, 0, 3.3053333967604068
23.16, 19655.408863193796, 10494.16775155418, 788.42996127217782, 254.81461134218722, -1.5622250117518268, -25.698246365426186, 19539.09512846309, 10544.775877742817, 754.92622170374443, 267.2744601747662, -8.5738604628408623, -23.848797144275167, 19266.664110475111, 15666.97222169146, 486.26085932129808, 503.53786023705578, 0, 0, 3.2953333967604088
23.170000000000002, 19663.292922498989, 10496.712008664421, 788.41394077037853, 254.55534446346189, -1.6020501799249161, -25.926687872532195, 19546.643093821476, 10547.44501178849, 754.83976446028214, 267.03375643646757, -8.6457243462320861, -24.070373829864867, 19271.526719068323, 15672.007600293829, 486.26085932129808, 503.53786023705578, 0, 0, 3.2853333967604073
23.18, 19671.176831863584, 10499.253706914895, 788.39860456308304, 254.29833151939795, -1.5336207295442499, -25.701294406393867, 19554.190207174041, 10550.111771533686, 754.75414499108228, 266.79523515857454, -8.5619469199816063, -23.852127789302244, 19276.389327661534, 15677.042978896199, 486.26085932129808, 503.53786023705578, 0, 0, 3.2753333967604092
23.190000000000001, 19679.060581914178, 10501.792800759691, 788.38287156063984, 254.03903349291309, -1.573300244319821, -25.929802648484436, 19561.736453567486, 10552.776112817613, 754.66780789342738, 266.55449731473254, -8.6337097654941761, -24.073784384201051, 19281.251936254746, 15682.078357498569, 486.26085932129808, 503.53786023705578, 0, 0, 3.2653333967604077
23.199999999999999, 19686.944184881486, 10504.329335449476, 788.3678216741074, 253.78199048327139, -1.5049886532396446, -25.704300964169271, 19569.28184914466, 10555.438079474949, 754.58230777604786, 266.31594292723742, -8.5500117379523868, -23.855438749515031, 19286.114544847958, 15687.113736100939, 486.26085932129808, 503.53786023705578, 0, 0, 3.2553333967604097
23.210000000000001, 19694.82763141983, 10506.863265422788, 788.35237644771496, 253.52266171515595, -1.5445226392401308, -25.932876811542997, 19576.826378971367, 10558.097627327794, 754.49609103912235, 266.07517116541936, -8.621673692555655, -24.077176181807602, 19290.97715344117, 15692.149114703308, 486.26085932129808, 503.53786023705578, 0, 0, 3.2453333967604081
23.219999999999999, 19702.710933734983, 10509.394635950066, 788.33761315946811, 253.26558905690047, -1.4763288246891157, -25.707265825548099, 19584.370059173525, 10560.754800229972, 754.4107104902024, 265.83658386695015, -8.5380548919939745, -23.858729846919214, 19295.839762034382, 15697.184493305678, 486.26085932129808, 503.53786023705578, 0, 0, 3.2353333967604101
23.23, 19710.594082508967, 10511.923401454111, 788.32245598539885, 253.00622995533749, -1.5157174069259032, -25.935910156298668, 19591.912874836013, 10563.409553986283, 754.32461432916318, 265.59577837642786, -8.6096161039215104, -24.080549052226814, 19300.702370627594, 15702.219871908048, 486.26085932129808, 503.53786023705578, 0, 0, 3.2253333967604085
23.240000000000002, 19718.477089922628, 10514.449607225348, 788.30797957253048, 252.74912806755816, -1.447641286838012, -25.71018877793232, 19599.454842067851, 10566.061932469911, 754.23935356558195, 265.35715836738814, -8.5260763581252501, -23.862000903971392, 19305.564979220806, 15707.255250510418, 486.26085932129808, 503.53786023705578, 0, 0, 3.215333396760407
23.25, 19726.359946685665, 10516.973207670651, 788.29311072662369, 252.48973904277898, -1.4868845906843839, -25.938902477919331, 19606.995945972962, 10568.711891468161, 754.1533781958135, 265.1163193391339, -8.5975369768477865, -24.083902825424325, 19310.427587814018, 15712.290629112787, 486.26085932129808, 503.53786023705578, 0, 0, 3.205333396760409
23.260000000000002, 19734.242664954018, 10519.494248100638, 788.27892146578642, 252.23260834668559, -1.4189260837261388, -25.713069609338575, 19614.536202643503, 10571.359474873791, 754.06823743468203, 264.87766682169803, -8.5140761131452543, -23.865251743585347, 19315.29019640723, 15717.326007715157, 486.26085932129808, 503.53786023705578, 0, 0, 3.1953333967604074
23.27, 19742.125235465039, 10522.01268290607, 788.26434122343755, 251.97318981096402, -1.4580242348902166, -25.941853572157985, 19622.075597202405, 10574.004638456408, 753.9823830717886, 264.6367944483801, -8.5854362893435834, -24.08723733179507, 19320.152805000442, 15722.361386317527, 486.26085932129808, 503.53786023705578, 0, 0, 3.1853333967604094
23.280000000000001, 19750.007670349783, 10524.528557417963, 788.25043939083264, 251.71603072987986, -1.39018326048968, -25.715908108414077, 19629.614145725001, 10576.647426128564, 753.89736253044225, 264.39810962648863, -8.5020541346377758, -23.868482189145602, 19325.015413593654, 15727.396764919897, 486.26085932129808, 503.53786023705578, 0, 0, 3.1753333967604078
23.289999999999999, 19757.889960373235, 10527.041826010776, 788.23614802698273, 251.45658309752619, -1.4291363849872907, -25.944763235368001, 19637.151833353204, 10579.287793641968, 753.81162939024045, 264.15720410246689, -8.5733140201754523, -24.090552402176208, 19329.878022186866, 15732.432143522266, 486.26085932129808, 503.53786023705578, 0, 0, 3.1653333967604098
23.300000000000001, 19765.772117641576, 10529.552534036142, 788.22253389834918, 251.19939605688185, -1.3614128633589662, -25.718704064435105, 19644.688676145546, 10581.925784929183, 753.72672928623081, 263.91848718182183, -8.4900104009699611, -23.871692064504135, 19334.740630780077, 15737.467522124636, 486.26085932129808, 503.53786023705578, 0, 0, 3.1553333967604082
23.309999999999999, 19773.654132947395, 10532.060635852022, 788.20853168747431, 250.93991974423685, -1.4002210874866403, -25.947631264501759, 19652.224659262887, 10584.561355723821, 753.64111758474212, 263.67754870314337, -8.5611701488661147, -24.093847867844001, 19339.603239373289, 15742.502900727006, 486.26085932129808, 503.53786023705578, 0, 0, 3.1453333967604102
23.32, 19781.53601837203, 10534.566176830875, 788.19520553807763, 250.68270517156355, -1.3326149396620091, -25.721457267330315, 19659.759798747, 10587.194549978674, 753.55633813582915, 263.43879989120336, -8.4779448912993249, -23.874881194001112, 19344.465847966501, 15747.538279329376, 486.26085932129808, 503.53786023705578, 0, 0, 3.1353333967604087
23.330000000000002, 19789.417764735652, 10537.069111313971, 788.18149275417795, 250.42320059699222, -1.3712783899698149, -25.950457457132913, 19667.294079777661, 10589.825323409052, 753.47084808927218, 263.19782865559802, -8.5490046557011787, -24.097123560533532, 19349.328456559713, 15752.573657931745, 486.26085932129808, 503.53786023705578, 0, 0, 3.1253333967604071
23.34, 19797.299384094764, 10539.569484694815, 788.16845485879969, 250.16595892191535, -1.3037895378236426, -25.724167507685586, 19674.827518379916, 10592.453719988198, 753.38618951341641, 262.95904816157332, -8.4658575855744598, -23.87804940246777, 19354.191065152925, 15757.609036534115, 486.26085932129808, 503.53786023705578, 0, 0, 3.1153333967604091
23.350000000000001, 19805.180867297102, 10542.067251297793, 788.15503177538881, 249.90642650580074, -1.342308341088069, -25.953241611461106, 19682.360099752423, 10595.079695412916, 753.30082133819906, 262.71804436844889, -8.5368175217298354, -24.100379312441472, 19359.053673746137, 15762.644415136485, 486.26085932129808, 503.53786023705578, 0, 0, 3.1053333967604075
23.359999999999999, 19813.06222637435, 10544.562456537664, 788.14228240831517, 249.64915816003327, -1.2749367073639064, -25.72683457674588, 19689.891839903536, 10597.703293677123, 753.2162838535537, 262.47923240329663, -8.4537484645346694, -23.881196515226346, 19363.916282339349, 15767.679793738855, 486.26085932129808, 503.53786023705578, 0, 0, 3.0953333967604095
23.370000000000001, 19820.943452201784, 10547.055054721735, 788.12914929840952, 249.38959832477013, -1.3133109905608542, -25.955983526313819, 19697.422724050761, 10600.324470458912, 753.1310377662661, 262.23819625373437, -8.5246087287645711, -24.103614956226014, 19368.778890932561, 15772.715172341224, 486.26085932129808, 503.53786023705578, 0, 0, 3.085333396760408
23.379999999999999, 19828.824556786294, 10549.545091286243, 788.11668873342057, 249.13230374210582, -1.2460564988996383, -25.729458266430981, 19704.952768185798, 10602.943269773095, 753.04662159116901, 261.99935303015332, -8.441617509714316, -23.884322358103532, 19373.641499525773, 15777.750550943594, 486.26085932129808, 503.53786023705578, 0, 0, 3.07533339676041
23.390000000000001, 19836.705531030671, 10552.032520521214, 788.10384586952875, 248.87271691209421, -1.2842863891773311, -25.958683001161429, 19712.481957544969, 10605.559647278847, 752.96149780857513, 261.75828472690313, -8.5123782593853239, -24.1068303250197, 19378.504108118985, 15782.785929545964, 486.26085932129808, 503.53786023705578, 0, 0, 3.0653333967604084
23.400000000000002, 19844.586386917021, 10554.51738788458, 788.09167437988731, 248.61539652840071, -1.2171489641458075, -25.73203836935053, 19720.010308103349, 10608.173647012103, 752.87720316154071, 261.5194104593287, -8.4294647034468415, -23.887426757443233, 19383.366716712197, 15787.821308148334, 486.26085932129808, 503.53786023705578, 0, 0, 3.0553333967604068
23.41, 19852.467115375632, 10556.999647648889, 788.07912203399928, 248.35578313003938, -1.2552345887976539, -25.961339836131597, 19727.537805116048, 10610.785224612908, 752.79220190057129, 261.27831020680429, -8.5001260969433581, -24.110025252441542, 19388.229325305409, 15792.856686750703, 486.26085932129808, 503.53786023705578, 0, 0, 3.0453333967604088
23.420000000000002, 19860.347728363849, 10559.479345293987, 788.06723989244017, 248.09843738325139, -1.1882141559123172, -25.734574678799717, 19735.064464541549, 10613.394424138545, 752.70802900028264, 261.03940511140331, -8.4172900288622454, -23.890509540100542, 19393.09193389862, 15797.892065353073, 486.26085932129808, 503.53786023705578, 0, 0, 3.0353333967604073
23.43, 19868.228216839427, 10561.956435074744, 788.05497833601669, 247.83879784493135, -1.226155642349938, -25.963953832005298, 19742.590271653717, 10616.001201209723, 752.62315047802701, 260.79827311567738, -8.4878522255588944, -24.11319957259132, 19397.954542491832, 15802.927443955443, 486.26085932129808, 503.53786023705578, 0, 0, 3.0253333967604092
23.440000000000001, 19876.108592734967, 10564.430962493145, 788.04338581473564, 247.58142717504361, -1.1592521281049182, -25.737066988772881, 19750.115242394477, 10618.605599905301, 752.53909954332812, 260.55933741034283, -8.4050934698905664, -23.893570533453119, 19402.817151085044, 15807.962822557813, 486.26085932129808, 503.53786023705578, 0, 0, 3.0153333967604077
23.449999999999999, 19883.988847035675, 10566.902881786176, 788.03141531869733, 247.32176192714132, -1.1970496038311387, -25.966524790229805, 19757.639362056416, 10621.207575826436, 752.45434397702684, 260.31817387914225, -8.4755566301244745, -24.116353120060424, 19407.679759678256, 15812.998201160182, 486.26085932129808, 503.53786023705578, 0, 0, 3.0053333967604097
23.460000000000001, 19891.868991649422, 10569.372238478183, 788.02011268934007, 247.06436677620144, -1.1302629357285285, -25.739515093987965, 19765.162646564935, 10623.807173073794, 752.37041522691413, 260.07920778348802, -8.3928750112689734, -23.896609565423102, 19412.542368271468, 15818.033579762552, 486.26085932129808, 503.53786023705578, 0, 0, 2.9953333967604081
23.469999999999999, 19899.749017588838, 10571.838986788069, 788.00843352405695, 246.80467625107201, -1.1679165283102098, -25.96905251294206, 19772.68508123131, 10626.404347228769, 752.28578283395098, 259.83801292618847, -8.4632392963117233, -24.119485729952689, 19417.40497686468, 15823.068958364922, 486.26085932129808, 503.53786023705578, 0, 0, 2.9853333967604101
23.48, 19907.628936737085, 10574.30317226276, 787.99742105770815, 246.5472570631733, -1.1012466348814405, -25.741918789871534, 19780.206681964453, 10628.999142414061, 752.20197648756562, 259.59901666154389, -8.3806346385355592, -23.899626464460766, 19422.267585457892, 15828.104336967292, 486.26085932129808, 503.53786023705578, 0, 0, 2.9753333967604085
23.490000000000002, 19915.508740134192, 10576.764749102871, 787.98603349298889, 246.28754169514377, -1.1387564719226031, -25.971536802954539, 19787.727434094297, 10631.59151419109, 752.11746748546, 259.3577906891652, -8.4509002105655, -24.122597237868881, 19427.130194051104, 15833.139715569661, 486.26085932129808, 503.53786023705578, 0, 0, 2.965333396760407
23.5, 19923.388439638627, 10579.223762878142, 787.97531146016127, 246.03009891641798, -1.072203282757842, -25.744277872580192, 19795.247353513299, 10634.181506704823, 752.03378376207968, 259.11876447856957, -8.3683723380353303, -23.902621059563486, 19431.992802644316, 15838.175094172031, 486.26085932129808, 503.53786023705578, 0, 0, 2.955333396760409
23.510000000000002, 19931.268026317804, 10581.680167770686, 787.96421576524256, 245.77035914178023, -1.1095694918726764, -25.973977463775679, 19802.766425570015, 10636.769075496486, 751.94939836847857, 258.87750760377031, -8.4385393601096279, -24.125687479924746, 19436.855411237528, 15843.210472774401, 486.26085932129808, 503.53786023705578, 0, 0, 2.9453333967604074
23.52, 19939.147512005515, 10584.134009373283, 787.95378443586605, 245.51289322039008, -1.0431329376488918, -25.746592139016045, 19810.284666140484, 10639.354264733547, 751.86583748750934, 258.6384516719674, -8.3560880969241502, -23.905593180288939, 19441.71801983074, 15848.245851376771, 486.26085932129808, 503.53786023705578, 0, 0, 2.9353333967604094
23.530000000000001, 19947.026887796528, 10586.585241849341, 787.94298087940172, 245.25312947739383, -1.0803556464347022, -25.976374299624702, 19817.80206059185, 10641.937029936822, 751.78157592017988, 258.39716410903975, -8.4261567329506786, -24.128756292763562, 19446.580628423952, 15853.28122997914, 486.26085932129808, 503.53786023705578, 0, 0, 2.9253333967604078
23.539999999999999, 19954.906165499975, 10589.033910814907, 787.93284052281228, 244.99564086352567, -1.0140356589380648, -25.748861386817257, 19825.318624783766, 10644.517415296514, 751.69813810114829, 258.15807868247231, -8.3437819031643272, -23.90854265674416, 19451.443237017163, 15858.31660858151, 486.26085932129808, 503.53786023705578, 0, 0, 2.9153333967604098
23.550000000000001, 19962.785336237954, 10591.479970414475, 787.92232937286281, 244.73585359237143, -1.051114994948473, -25.978727115422732, 19832.834344101928, 10647.095376312811, 751.61400057796959, 257.91676064733684, -8.4137523178738167, -24.13180351354578, 19456.305845610375, 15863.35198718388, 486.26085932129808, 503.53786023705578, 0, 0, 2.9053333967604082
23.559999999999999, 19970.664411794955, 10593.923466287586, 787.9124802577918, 244.47834273822767, -0.98491150710294129, -25.751085414376995, 19840.349234389647, 10649.670957198887, 751.5306860405143, 257.67764595414081, -8.3314537455296485, -23.911469319602123, 19461.168454203587, 15868.38736578625, 486.26085932129808, 503.53786023705578, 0, 0, 2.8953333967604102
23.57, 19978.543383320393, 10596.364352559611, 787.90226178181354, 244.21853238105956, -1.0218475978209831, -25.981035716810901, 19847.863281051137, 10652.244113434081, 751.44667277946985, 257.43629766434117, -8.4013261044476248, -24.134828979964787, 19466.031062796799, 15873.422744388619, 486.26085932129808, 503.53786023705578, 0, 0, 2.8853333967604087
23.580000000000002, 19986.422262574131, 10598.802674893819, 787.89270417637636, 243.96099974085104, -0.95576054371448116, -25.753264020851692, 19855.376499913389, 10654.814889254774, 751.36348174333375, 257.19715393434007, -8.3191036136068206, -23.914373000107975, 19470.893671390011, 15878.458122990989, 486.26085932129808, 503.53786023705578, 0, 0, 2.8753333967604071
23.59, 19994.301040732869, 10601.238387396241, 787.88277864121108, 243.70116674174946, -0.99255351652574042, -25.983299910158298, 19862.888876399109, 10657.383240119238, 751.27959296250344, 256.95577560903752, -8.3888780830255083, -24.137832530252862, 19475.756279983223, 15883.493501593359, 486.26085932129808, 503.53786023705578, 0, 0, 2.8653333967604091
23.600000000000001, 20002.179729531857, 10603.671535754107, 787.87351281289671, 243.44361277168781, -0.92658283143509479, -25.755397006164159, 19870.400426319011, 10659.949210287299, 751.1965256475255, 256.71660307373674, -8.3067314977951607, -23.917253530080302, 19480.618888576435, 15888.528880195729, 486.26085932129808, 503.53786023705578, 0, 0, 2.8553333967604075
23.609999999999999, 20010.058320175063, 10606.102074053899, 787.86388048476067, 243.18375757666217, -0.96323281360094359, -25.98551950256504, 19877.911135114249, 10662.512755195936, 751.11276156507802, 256.47519493370493, -8.3764082447454413, -24.140814003182385, 19485.481497169647, 15893.564258798098, 486.26085932129808, 503.53786023705578, 0, 0, 2.8453333967604095
23.620000000000001, 20017.936824373144, 10608.53004800704, 787.85490670042043, 242.92618273495199, -0.89737843401951878, -25.757484171019392, 19885.421018579291, 10665.073919128661, 751.02981819118486, 256.23599382628566, -8.2943373893104653, -23.920110741924656, 19490.344105762859, 15898.599637400468, 486.26085932129808, 503.53786023705578, 0, 0, 2.835333396760408
23.629999999999999, 20025.815233357316, 10610.955411680245, 787.84556784489394, 242.66630579193321, -0.93388555265030071, -25.987694301877394, 19892.930062173717, 10667.632657500939, 750.94617902536947, 255.99455609390489, -8.3639165815336778, -24.143773238078726, 19495.206714356071, 15903.635016002838, 486.26085932129808, 503.53786023705578, 0, 0, 2.82533339676041
23.640000000000001, 20033.693558813651, 10613.378210809366, 787.83688637073078, 242.40871053876415, -0.86814741631229264, -25.75952531690546, 19900.438281675779, 10670.189014620208, 750.86335981256764, 255.75532664921857, -8.2819212801839033, -23.922944468632696, 19500.069322949283, 15908.670394605208, 486.26085932129808, 503.53786023705578, 0, 0, 2.8153333967604084
23.650000000000002, 20041.571792000588, 10615.798399441135, 787.82784125274736, 242.14881229759726, -0.90451179834063389, -25.98982411668872, 19907.945662563441, 10672.742945880189, 750.77984578170663, 255.51385954847038, -8.3514030861037334, -24.146710074819453, 19504.931931542495, 15913.705773207577, 486.26085932129808, 503.53786023705578, 0, 0, 2.8053333967604068
23.66, 20049.449944579639, 10618.216023336074, 787.81945235430487, 241.89119709513622, -0.8388898442474364, -25.761520246104414, 19915.452220598785, 10675.294495612492, 750.69715095007393, 255.27460200303247, -8.2694831632641961, -23.925754543790998, 19509.794540135706, 15918.741151809947, 486.26085932129808, 503.53786023705578, 0, 0, 2.7953333967604088
23.670000000000002, 20057.328007836441, 10620.631036520712, 787.81070123814084, 241.63127800757272, -0.87511161640156576, -25.99190875634994, 19922.957941278124, 10677.843619188869, 750.61376227255437, 255.03310575949405, -8.3388677519585066, -24.149624353842714, 19514.657148728918, 15923.776530412317, 486.26085932129808, 503.53786023705578, 0, 0, 2.7853333967604073
23.68, 20065.205993407955, 10623.043484780474, 787.8026051802924, 241.37364331995579, -0.80960578484580381, -25.763468761693041, 19930.462840347394, 10680.390360965343, 750.53119204223219, 254.79382035147825, -8.2570230322164111, -23.928540801580031, 19519.51975732213, 15928.811909014687, 486.26085932129808, 503.53786023705578, 0, 0, 2.7753333967604092
23.690000000000001, 20073.083892606996, 10625.453322121468, 787.79414832955615, 241.11370383964609, -0.8456850736230086, -25.993948030970365, 19937.96690332123, 10682.93467629147, 750.44792893649833, 254.55229519231679, -8.3263105733891525, -24.15251591614631, 19524.382365915342, 15933.847287617056, 486.26085932129808, 503.53786023705578, 0, 0, 2.7653333967604077
23.699999999999999, 20080.961717045997, 10627.860594354264, 787.78634537649395, 240.85605013297049, -0.78029530621626986, -25.765370667560973, 19945.470145929463, 10685.476609547932, 750.36548352768307, 254.31298216154889, -8.2445408815264525, -23.931303076790002, 19529.244974508554, 15938.882666219426, 486.26085932129808, 503.53786023705578, 0, 0, 2.7553333967604097
23.710000000000001, 20088.839458064926, 10630.265255464332, 787.7781830541154, 240.59609071545614, -0.81623223785627541, -25.995941751435016, 19952.972553705007, 10688.016116061857, 750.28234621222828, 254.07142831551587, -8.3137315454793992, -24.155384603302743, 19534.107583101766, 15943.918044821796, 486.26085932129808, 503.53786023705578, 0, 0, 2.7453333967604081
23.719999999999999, 20096.717127251693, 10632.66735128762, 787.77067346933984, 240.33841845777201, -0.75095847755351564, -25.767225768413812, 19960.474142361625, 10690.553240238833, 750.20002584516328, 253.83208790346765, -8.2320367065005762, -23.934041204822137, 19538.970191694978, 15948.953423424166, 486.26085932129808, 503.53786023705578, 0, 0, 2.7353333967604101
23.73, 20104.59471597341, 10635.066835788739, 787.76280593755973, 240.07843956047793, -0.78675317801196343, -25.997889729407682, 19967.974897450476, 10693.087937383329, 750.1170145385222, 253.59050560089304, -8.3011306641051092, -24.158230257460485, 19543.83280028819, 15953.988802026535, 486.26085932129808, 503.53786023705578, 0, 0, 2.7253333967604085
23.740000000000002, 20112.472235793481, 10637.463754829263, 787.75558998386839, 239.82074922178015, -0.72159536913624223, -25.769033869778418, 19975.474834669287, 10695.620251926084, 750.03481943348959, 253.35113805067613, -8.2195105032655764, -23.936755021692093, 19548.695408881402, 15959.024180628905, 486.26085932129808, 503.53786023705578, 0, 0, 2.715333396760407
23.75, 20120.349678106126, 10639.858062352714, 787.74801750422785, 239.5607513040068, -0.75724796405826567, -25.999791777336025, 19982.973939587431, 10698.150139148684, 749.95193435423027, 253.10952752346265, -8.2885079259345105, -24.161052721347232, 19553.558017474614, 15964.059559231275, 486.26085932129808, 503.53786023705578, 0, 0, 2.705333396760409
23.760000000000002, 20128.227054450261, 10642.249804246538, 787.74109544370458, 239.30304335622665, -0.6922060523265321, -25.770794778013489, 19990.472227886632, 10700.677643507264, 749.86986473154252, 252.87013307982227, -8.2069622687707078, -23.939444364038515, 19558.420626067826, 15969.094937833645, 486.26085932129808, 503.53786023705578, 0, 0, 2.6953333967604074
23.77, 20136.104356247197, 10644.638934432944, 787.7338182770344, 239.04302687914205, -0.7277166670203421, -26.001647708461814, 19997.969685154447, 10703.202720260288, 749.78710609825816, 252.62849456143948, -8.2758633284300362, -24.163851838278063, 19563.283234661038, 15974.130316436014, 486.26085932129808, 503.53786023705578, 0, 0, 2.6853333967604094
23.780000000000001, 20143.981595011377, 10647.025498825489, 787.72719037103877, 238.78530179613895, -0.66279059956705666, -25.772508300310605, 20005.466327056631, 10705.725413889542, 749.70516217825025, 252.38907347074826, -8.1943920007864186, -23.94210906912231, 19568.145843254249, 15979.165695038384, 486.26085932129808, 503.53786023705578, 0, 0, 2.6753333967604078
23.789999999999999, 20151.858762191183, 10649.409451324849, 787.72020877744899, 238.52526722277074, -0.69815935897765513, -26.003457336821949, 20012.962139198884, 10708.245679630132, 749.62253020955177, 252.14740719622671, -8.2631968698471745, -24.166627452154767, 19573.008451847461, 15984.201073640754, 486.26085932129808, 503.53786023705578, 0, 0, 2.6653333967604098
23.800000000000001, 20159.735869276596, 10651.79083787094, 787.71387528660523, 238.26752548032366, -0.63334908438094661, -25.774174244707666, 20020.457137231024, 10710.763561989748, 749.54071221257266, 251.90795970647832, -8.1817996979071363, -23.944748974837992, 19577.871060440673, 15989.236452243123, 486.26085932129808, 503.53786023705578, 0, 0, 2.6553333967604082
23.809999999999999, 20167.612907743045, 10654.169612342672, 787.70718952547463, 238.00747327555104, -0.66857611306383991, -26.005220477261375, 20027.951306776868, 10713.279016179902, 749.4582071270803, 251.66626591240356, -8.2505085492371375, -24.169379407476672, 19582.733669033885, 15994.271830845493, 486.26085932129808, 503.53786023705578, 0, 0, 2.6453333967604102
23.82, 20175.489889056062, 10656.545820706564, 787.70115070966096, 237.74971535135012, -0.60388158136943648, -25.775792420092316, 20035.444663470334, 10715.792086734438, 749.37651527348476, 251.42679227320642, -8.16918535955074, -23.947363919715325, 19587.596277627097, 15999.307209447863, 486.26085932129808, 503.53786023705578, 0, 0, 2.6353333967604087
23.830000000000002, 20183.366804718109, 10658.919416819535, 787.69476103962631, 237.48964598189576, -0.63896700346445012, -26.006936945436419, 20042.937192953315, 10718.302728841038, 749.29413728982024, 251.185071197713, -8.2377983664464018, -24.172107549342197, 19592.458886220309, 16004.342588050233, 486.26085932129808, 503.53786023705578, 0, 0, 2.6253333967604071
23.84, 20191.243666170281, 10661.290446674959, 787.68901715796426, 237.23187235553365, -0.57438816621044886, -25.777362636209883, 20050.428910843864, 10720.810987059953, 749.21257179996064, 250.94557166028375, -8.1565489859594713, -23.94995374292531, 19597.321494813521, 16009.377966652602, 486.26085932129808, 503.53786023705578, 0, 0, 2.6153333967604091
23.850000000000001, 20199.120464942047, 10663.65886410753, 787.68292383691005, 236.97178628995542, -0.60933210541559824, -26.008606557822471, 20057.919802801916, 10723.316816554798, 749.13032113673944, 250.7038235430492, -8.2250663221176037, -24.174811723454599, 19602.184103406733, 16014.413345254972, 486.26085932129808, 503.53786023705578, 0, 0, 2.6053333967604075
23.859999999999999, 20206.997212450078, 10666.024715137724, 787.67747514775351, 236.71399744291875, -0.54486891565624784, -25.778884703667305, 20065.409884429697, 10725.820261912486, 749.04888223095747, 250.46429836020639, -8.1438905781995228, -23.952518284282323, 19607.046711999945, 16019.448723857342, 486.26085932129808, 503.53786023705578, 0, 0, 2.5953333967604095
23.870000000000001, 20214.87390025083, 10668.387953577783, 787.67167843280151, 236.45389515160159, -0.57967149520171457, -26.010229131717779, 20072.899141405145, 10728.321278272322, 748.96675910678061, 250.22252344244515, -8.2123124176891817, -24.177491776124018, 19611.909320593157, 16024.484102459712, 486.26085932129808, 503.53786023705578, 0, 0, 2.585333396760408
23.879999999999999, 20222.750539736571, 10670.748625475535, 787.66652519372622, 236.19609156726216, -0.51532390753247448, -25.780358433943491, 20080.387589314691, 10730.819910248139, 748.88544700539899, 249.98297286860262, -8.1312101381626789, -23.955057384252498, 19616.771929186369, 16029.519481062081, 486.26085932129808, 503.53786023705578, 0, 0, 2.57533339676041
23.890000000000001, 20230.627122490721, 10673.106684620534, 787.66102534122467, 235.93597352240963, -0.54998525015460675, -26.011804485253439, 20087.875213854248, 10733.316112954692, 748.80345163884499, 249.74117139305986, -8.1995366553969706, -24.180147554275457, 19621.634537779581, 16034.554859664451, 486.26085932129808, 503.53786023705578, 0, 0, 2.5653333967604084
23.900000000000002, 20238.503659881149, 10675.462177088211, 787.65616780901735, 235.67815568601569, -0.48575322073573535, -25.781783639393371, 20095.362030594486, 10735.809931032989, 748.72226656215935, 249.50159568422029, -8.1185076685658863, -23.957570883955988, 19626.497146372792, 16039.590238266821, 486.26085932129808, 503.53786023705578, 0, 0, 2.5553333967604068
23.91, 20246.380143518221, 10677.815056645206, 787.65096507453086, 235.4180223616417, -0.52027344865116376, -26.013332437397324, 20102.848025249252, 10738.301319572995, 748.64039917177661, 249.25976789516579, -8.1867390382738225, -24.182778905450981, 19631.359754966004, 16044.625616869191, 486.26085932129808, 503.53786023705578, 0, 0, 2.5453333967604088
23.920000000000002, 20254.256584745428, 10680.165369394803, 787.64640350517857, 235.16019076030915, -0.45615693523172496, -25.783160133254452, 20110.333213373495, 10740.790323243153, 748.55934134004713, 249.02016730891407, -8.1057831729515968, -23.960058625171666, 19636.222363559216, 16049.66099547156, 486.26085932129808, 503.53786023705578, 0, 0, 2.5353333967604073
23.93, 20262.132975200053, 10682.513069080485, 787.64149814347741, 234.90004263222954, -0.49053617011153872, -26.014812807960435, 20117.81758069896, 10743.27689710839, 748.47760214434561, 248.77831345213593, -8.1739195701499696, -24.1853856778142, 19641.084972152428, 16054.69637407393, 486.26085932129808, 503.53786023705578, 0, 0, 2.5253333967604092
23.940000000000001, 20270.00932620122, 10684.858201833647, 787.63723279215685, 234.64219775493297, -0.42653513205431004, -25.784487729658231, 20125.301142764907, 10745.761085864844, 748.3966717777887, 248.53868824763248, -8.0930366556896676, -23.962520450346563, 19645.94758074564, 16059.7317526763, 486.26085932129808, 503.53786023705578, 0, 0, 2.5153333967604077
23.949999999999999, 20277.885629413118, 10687.200721374384, 787.63262505720684, 234.38203530075688, -0.46077349499826692, -26.016245417607852, 20132.783885320947, 10748.242844552162, 748.3150609952321, 248.2968085704309, -8.1610782556548624, -24.187967720159254, 19650.810189338852, 16064.76713127867, 486.26085932129808, 503.53786023705578, 0, 0, 2.5053333967604097
23.960000000000001, 20285.761896130505, 10689.540673862455, 787.62865617827379, 234.12417763832062, -0.39688789330142704, -25.785766243626806, 20140.265823890681, 10750.722217894436, 748.23425831401232, 248.05715900840499, -8.0802681219744379, -23.964956202590919, 19655.672797932064, 16069.802509881039, 486.26085932129808, 503.53786023705578, 0, 0, 2.4953333967604081
23.969999999999999, 20293.638118044462, 10691.878012994324, 787.62434632322561, 233.86400133744206, -0.43098550481234721, -26.017630087855597, 20147.746944241557, 10753.199160905788, 748.15277616301023, 247.81525375958594, -8.148215100214415, -24.190524881906157, 19660.535406525276, 16074.837888483409, 486.26085932129808, 503.53786023705578, 0, 0, 2.4853333967604101
23.98, 20301.514306425401, 10694.212784958376, 787.62067417020421, 233.60613138253117, -0.367215302134829, -25.786995491087708, 20155.227261881551, 10755.673718338525, 748.07210138723201, 247.57558010232904, -8.0674775778276651, -23.967365725690957, 19665.398015118488, 16079.873267085779, 486.26085932129808, 503.53786023705578, 0, 0, 2.4753333967604085
23.990000000000002, 20309.390452991262, 10696.544943427205, 787.61666244738331, 233.34594171612034, -0.40117228209297995, -26.018966641084877, 20162.706762595906, 10758.145845180996, 747.99074808613148, 247.33364953219791, -8.135330110053836, -24.193057013112956, 19670.2606237117, 16084.908645688149, 486.26085932129808, 503.53786023705578, 0, 0, 2.465333396760407
24, 20317.266568988118, 10698.874534618073, 787.61328727295552, 233.08805996323159, -0.3375174427770169, -25.788175288875799, 20170.185461877012, 10760.615586213988, 747.91020143583046, 247.09395204355681, -8.0546650300972615, -23.969748864109089, 19675.123232304912, 16089.944024290518, 486.26085932129808, 503.53786023705578, 0, 0, 2.455333396760409
24.010000000000002, 20325.142646160763, 10701.20151217947, 787.60957393385138, 232.82785741422614, -0.3713339104146236, -26.020254900543957, 20177.663345527875, 10763.082896399828, 747.8289772029085, 246.85199640391204, -8.1224232921964568, -24.195563964475948, 19679.985840898124, 16094.979402892888, 486.26085932129808, 503.53786023705578, 0, 0, 2.4453333967604074
24.02, 20333.018695730942, 10703.525922357794, 787.60649598984628, 232.56996435967883, -0.3077944005075004, -25.789305454731998, 20185.14042902533, 10765.547820548049, 747.74855889804394, 246.61227534928224, -8.0418304864550016, -23.97210546298108, 19684.848449491335, 16100.014781495258, 486.26085932129808, 503.53786023705578, 0, 0, 2.4353333967604094
24.030000000000001, 20340.894709470267, 10705.847718777188, 787.60308128510246, 232.30974941277537, -0.3414704743834287, -26.021494690347062, 20192.616698190111, 10768.010313594703, 747.66746395149937, 246.37029489340898, -8.1094946544615798, -24.198045587327027, 19689.711058084547, 16105.050160097628, 486.26085932129808, 503.53786023705578, 0, 0, 2.4253333967604078
24.039999999999999, 20348.77069857618, 10708.166947713444, 787.60030082248579, 232.0518455547022, -0.27804626166216551, -25.790385807316966, 20200.092168483534, 10770.470420378331, 747.58717421194535, 246.13055053972769, -8.0289739553989996, -23.974435368127711, 19694.573666677759, 16110.085538699997, 486.26085932129808, 503.53786023705578, 0, 0, 2.4153333967604098
24.050000000000001, 20356.646654847096, 10710.483562766116, 787.59718500188944, 231.79161869634731, -0.31158205963660635, -26.022685835487529, 20207.566825744023, 10772.928095808469, 747.50620876989069, 245.88854552239124, -8.0965442054668699, -24.200501733644789, 19699.436275270971, 16115.120917302367, 486.26085932129808, 503.53786023705578, 0, 0, 2.4053333967604082
24.060000000000002, 20364.522589456148, 10712.797610240654, 787.59470227075315, 231.53370453468511, -0.24827311363170868, -25.791416166220653, 20215.040685417403, 10775.383384752929, 747.42604781542809, 245.64877813813061, -8.0160954462548162, -23.976738426062443, 19704.298883864183, 16120.156295904737, 486.26085932129808, 503.53786023705578, 0, 0, 2.3953333967604067
24.07, 20372.398494228542, 10715.109043711776, 787.59188558322478, 231.27346625306666, -0.28166875284090764, -26.023828161846914, 20222.513733359763, 10777.836242094472, 747.34521209588183, 245.40674881556998, -8.0835719546294271, -24.202932256061835, 19709.161492457395, 16125.191674507107, 486.26085932129808, 503.53786023705578, 0, 0, 2.3853333967604087
24.080000000000002, 20380.274380313116, 10717.417909514854, 787.5897008327762, 231.01554228954703, -0.21847504485822711, -25.792396351963234, 20229.985985001476, 10780.286712730456, 747.26518014619012, 245.16695867073008, -8.0031949691737978, -23.979014483990753, 19714.024101050607, 16130.227053109476, 486.26085932129808, 503.53786023705578, 0, 0, 2.3753333967604071
24.09, 20388.150239561848, 10719.724161199525, 787.58718352635935, 230.75529307458507, -0.25173064168936321, -26.02492149619605, 20237.457426216253, 10782.734751516613, 747.18447436706845, 244.92490530065143, -8.07057791216425, -24.205337007864191, 19718.886709643819, 16135.262431711846, 486.26085932129808, 503.53786023705578, 0, 0, 2.3653333967604091
24.100000000000001, 20396.026083099288, 10722.027845131342, 787.58529700491101, 230.49735981272505, -0.18865214483278248, -25.793326186000893, 20244.928072419043, 10785.180403380111, 747.10457164171714, 244.68509266675329, -7.9902725351329282, -23.981263389814149, 19723.749318237031, 16140.297810314216, 486.26085932129808, 503.53786023705578, 0, 0, 2.3553333967604075
24.109999999999999, 20403.901902804166, 10724.328914834619, 787.583079326762, 230.23710015606304, -0.22176781489894726, -26.025965666200623, 20252.397909501145, 10787.623623149402, 747.0239960208263, 244.44301550832333, -8.0575620890841098, -24.207715842995132, 19728.611926830243, 16145.333188916586, 486.26085932129808, 503.53786023705578, 0, 0, 2.3453333967604095
24.120000000000001, 20411.777709776758, 10726.627416705356, 787.58149128172113, 229.97915810115572, -0.15880450409319824, -25.7942054907328, 20259.866952862132, 10790.064455781736, 746.94422273926693, 244.20318065840198, -7.9773281559350426, -23.983484992135381, 19733.474535423455, 16150.368567518955, 486.26085932129808, 503.53786023705578, 0, 0, 2.335333396760408
24.129999999999999, 20419.653495922521, 10728.923304242293, 787.57957347809906, 229.71888849615144, -0.19178036220843531, -26.026960500427922, 20267.335188410849, 10792.502856078028, 746.86377749429494, 243.96107997224138, -8.0445244971997951, -24.21006861606017, 19738.337144016667, 16155.403946121325, 486.26085932129808, 503.53786023705578, 0, 0, 2.32533339676041
24.140000000000001, 20427.529272317472, 10731.21662387214, 787.57828415595691, 229.4609381552564, -0.12893221422058954, -25.795034089502334, 20274.802631531515, 10794.93886902588, 746.78413387585283, 243.72122318083879, -7.9643618442071862, -23.985679140258064, 19743.199752609878, 16160.439324723695, 486.26085932129808, 503.53786023705578, 0, 0, 2.3153333967604084
24.150000000000002, 20435.405030893777, 10733.507329067819, 787.57666647221311, 229.20065909697291, -0.16176837437509928, -26.027905828348089, 20282.2692681505, 10797.372449398412, 746.70381922436161, 243.47909922901553, -8.0314651491185742, -24.212395182326741, 19748.06236120309, 16165.474703326065, 486.26085932129808, 503.53786023705578, 0, 0, 2.3053333967604068
24.16, 20443.280782703194, 10735.795466287018, 787.57567611853472, 228.94270097890694, -0.099035367835685228, -25.795811806597229, 20289.7351136367, 10799.80364221385, 746.62430548822761, 243.23922077217367, -7.951373613398613, -23.987845684185263, 19752.924969796302, 16170.510081928434, 486.26085932129808, 503.53786023705578, 0, 0, 2.2953333967604088
24.170000000000002, 20451.156519704589, 10738.080988976584, 787.57435879910304, 228.68241296410361, -0.13173194317117609, -26.028801480334394, 20297.200153933973, 10802.232402217262, 746.54412164764517, 242.99707381819644, -8.0183840582423276, -24.214695397722867, 19757.787578389514, 16175.545460530804, 486.26085932129808, 503.53786023705578, 0, 0, 2.2853333967604073
24.18, 20459.03225292547, 10740.363943625454, 787.57366765851702, 228.4244475794309, -0.069114058599363482, -25.796538467270455, 20304.664404395928, 10804.658774457772, 746.46473801286731, 242.75717397345005, -7.9383634777853329, -23.98998447463822, 19762.650186982726, 16180.580839133174, 486.26085932129808, 503.53786023705578, 0, 0, 2.2753333967604092
24.190000000000001, 20466.907974351379, 10742.644283654156, 787.5726509469032, 228.16415110655407, -0.10167116138433219, -26.029647287683144, 20312.12785098387, 10807.082713652138, 746.38468520047957, 242.51500428226151, -8.0052812387718859, -24.216969118855005, 19767.512795575938, 16185.616217735544, 486.26085932129808, 503.53786023705578, 0, 0, 2.2653333967604077
24.199999999999999, 20474.783694985592, 10744.922055583136, 787.57225926309115, 227.90617896757675, -0.039168381207283609, -25.797213897732647, 20319.590509036156, 10809.504264880656, 746.30543188595493, 242.27508332863104, -7.9253314524656151, -23.992095363047486, 19772.37540416915, 16190.651596337913, 486.26085932129808, 503.53786023705578, 0, 0, 2.2553333967604097
24.210000000000001, 20482.659406840303, 10747.19721280635, 787.57154340186298, 227.64587453675068, -0.071586122812539621, -26.030443082606645, 20327.052364531508, 10811.923382831512, 746.22551031889793, 242.03289116660105, -7.9921567057027971, -24.219216202999636, 19777.238012762362, 16195.686974940283, 486.26085932129808, 503.53786023705578, 0, 0, 2.2453333967604081
24.219999999999999, 20490.535120894558, 10749.469801876028, 787.57145141754904, 227.38789615749903, -0.0091984313884641011, -25.79783792516395, 20334.513432793065, 10814.340112616448, 746.14638754336431, 241.79294938458543, -7.9122775533616059, -23.994178201562875, 19782.100621355574, 16200.722353542653, 486.26085932129808, 503.53786023705578, 0, 0, 2.2353333967604101
24.23, 20498.410829187196, 10751.739776159298, 787.57103664832641, 227.12758427051659, -0.041476922262696725, -26.031188698244524, 20341.973699816928, 10816.754408894818, 746.0665974386161, 241.55073501950429, -7.9790104748268842, -24.221436508112756, 19786.963229948786, 16205.757732145023, 486.26085932129808, 503.53786023705578, 0, 0, 2.2253333967604085
24.240000000000002, 20506.286542673035, 10754.007182240446, 787.57124460526734, 226.86960016673942, 0.020795694097643036, -25.798410377718582, 20349.433180911044, 10819.166316810086, 745.98760542064394, 241.31077269107374, -7.8992017972186286, -23.996232843056379, 19791.825838541998, 16210.793110747392, 486.26085932129808, 503.53786023705578, 0, 0, 2.215333396760407
24.25, 20514.16225341754, 10756.271973459518, 787.57113116871187, 226.60928132705274, -0.011343655547790377, -26.031883968668204, 20356.891862088865, 10821.575790992512, 745.90794699501657, 241.0685363921454, -7.9658425627316074, -24.223629892832697, 19796.68844713521, 16215.828489349762, 486.26085932129808, 503.53786023705578, 0, 0, 2.205333396760409
24.260000000000002, 20522.037972351311, 10758.534196433126, 787.5716393076865, 226.35129201620748, 0.050813897464748514, -25.798931084526451, 20364.349758643184, 10823.982876617563, 745.82908595300057, 240.82855380073417, -7.8861042016035254, -23.998259141122258, 19801.551055728421, 16220.863867952132, 486.26085932129808, 503.53786023705578, 0, 0, 2.1953333967604074
24.27, 20529.913691566424, 10760.793804473979, 787.57182744349166, 226.09096672891866, 0.018813580516530592, -26.032528728882518, 20371.806856604766, 10826.387528286139, 745.74955942313261, 240.58629583856936, -7.9526529867985163, -24.225796216480209, 19806.413664321633, 16225.899246554502, 486.26085932129808, 503.53786023705578, 0, 0, 2.1853333967604094
24.280000000000001, 20537.789421969272, 10763.050844231286, 787.57263600429064, 225.83297273016171, 0.080856079903385947, -25.799399875694377, 20379.263171251281, 10828.789791205982, 745.67082957528362, 240.34629326906858, -7.8729847849028678, -24.000256950076697, 19811.276272914845, 16230.934625156871, 486.26085932129808, 503.53786023705578, 0, 0, 2.1753333967604078
24.289999999999999, 20545.665155678518, 10765.305268990165, 787.57312595117185, 225.57264150201345, 0.04899468811548946, -26.033122814827003, 20386.718688630768, 10831.189619948371, 745.59143515763162, 240.104013915678, -7.9394417652015745, -24.227935339058213, 19816.138881508057, 16235.970003759241, 486.26085932129808, 503.53786023705578, 0, 0, 2.1653333967604098
24.300000000000001, 20553.540903576351, 10767.557125432699, 787.57423517258769, 225.31464333619022, 0.11092214158126357, -25.799816582324063, 20394.17342400581, 10833.587059753609, 745.51283672196837, 239.86399165442825, -7.8598435663263846, -24.002226124973802, 19821.001490101269, 16241.005382361611, 486.26085932129808, 503.53786023705578, 0, 0, 2.1553333967604082
24.310000000000002, 20561.416657808011, 10769.80636681615, 787.57502716827207, 225.05430667555629, 0.07919956843554754, -26.033666063393074, 20401.627363441694, 10835.982065163085, 745.43357463279926, 239.62169118321557, -7.9262089169104453, -24.230047121266985, 19825.864098694481, 16246.040760963981, 486.26085932129808, 503.53786023705578, 0, 0, 2.1453333967604067
24.32, 20569.292429231493, 10772.053039855751, 787.57643728808853, 224.7963048651913, 0.14101198165003126, -25.800181036498312, 20409.080522185937, 10838.374681449939, 745.35510782714027, 239.38164951799968, -7.8466805659004208, -24.004166521590715, 19830.726707287693, 16251.07613956635, 486.26085932129808, 503.53786023705578, 0, 0, 2.1353333967604087
24.330000000000002, 20577.168210018594, 10774.297097780656, 787.57753156930528, 224.5359632820672, 0.10942812167087013, -26.034158312411034, 20416.532886321038, 10840.764863125405, 745.2759782825234, 239.13932820375479, -7.9129544616842979, -24.232131424490088, 19835.589315880905, 16256.11151816872, 486.26085932129808, 503.53786023705578, 0, 0, 2.1253333967604071
24.34, 20585.044011003112, 10776.538587339517, 787.57924282428769, 224.27795835135419, 0.17112549824530898, -25.800493071300913, 20423.984471079493, 10843.152655495744, 745.19764332447869, 238.89926742379032, -7.8334958044719194, -24.00607799644548, 19840.451924474117, 16261.14689677109, 486.26085932129808, 503.53786023705578, 0, 0, 2.1153333967604091
24.350000000000001, 20592.919824383393, 10778.77746173312, 787.58063962675794, 224.0176123573475, 0.13968024702340287, -26.03459940066908, 20431.435262560975, 10845.538013041765, 745.11864654027795, 238.65692554268222, -7.8996784200756176, -24.234188110811356, 19845.314533067329, 16266.18227537346, 486.26085932129808, 503.53786023705578, 0, 0, 2.1053333967604075
24.359999999999999, 20600.795660969048, 10781.013767743814, 787.5826522526429, 223.75960483213939, 0.20126258849192702, -25.80075252081075, 20438.885275982982, 10847.920981103131, 745.04044364724086, 238.41684593861433, -7.8202893037043104, -24.007960406789856, 19850.177141660541, 16271.217653975829, 486.26085932129808, 503.53786023705578, 0, 0, 2.0953333967604095
24.370000000000001, 20608.671512984951, 10783.247458543761, 787.58435181106995, 223.4992549404603, 0.16995584270787845, -26.034989167907813, 20446.334497462332, 10850.30151412996, 744.96157983910655, 238.17448376818425, -7.8863808134263271, -24.2362170430081, 19855.039750253753, 16276.253032578199, 486.26085932129808, 503.53786023705578, 0, 0, 2.085333396760408
24.379999999999999, 20616.547391216533, 10785.478580949282, 787.58666604255507, 223.24124534825918, 0.23142314850594481, -25.800959220112112, 20453.78294220156, 10852.679657495601, 744.88350922824577, 237.93438563207806, -7.807061086078452, -24.00981361061789, 19859.902358846964, 16281.288411180569, 486.26085932129808, 503.53786023705578, 0, 0, 2.07533339676041
24.390000000000001, 20624.423287915179, 10787.707088103647, 787.58866859061459, 222.98089207371089, 0.20025480595379364, -26.035327454830156, 20461.230596334593, 10855.05536561921, 744.80477861160705, 237.69200345123247, -7.8730616638686994, -24.23821808455931, 19864.764967440176, 16286.323789782939, 486.26085932129808, 503.53786023705578, 0, 0, 2.0653333967604084
24.400000000000002, 20632.299213842147, 10789.933026857434, 787.5912846613486, 222.72288094365786, 0.26160707339709166, -25.801113005303279, 20468.677475049033, 10857.428683908101, 744.7268404998581, 237.45188707656573, -7.7938111748929702, -24.011637466672799, 19869.627576033388, 16291.359168385308, 486.26085932129808, 503.53786023705578, 0, 0, 2.0553333967604068
24.41, 20640.175161275314, 10792.156350324754, 787.59359043167865, 222.46252480262677, 0.23057703300776655, -26.03561410310958, 20476.123564495883, 10859.799566750202, 744.64824328991483, 237.20948516556919, -7.85972099432571, -24.240191099652197, 19874.4901846266, 16296.394546987678, 486.26085932129808, 503.53786023705578, 0, 0, 2.0453333967604088
24.420000000000002, 20648.051140951771, 10794.377105390724, 787.5965085742514, 222.20451266549188, 0.29181425727398302, -25.80121371349108, 20483.568879847844, 10862.168059587082, 744.57043789397221, 236.96935084722477, -7.7805395942602633, -24.013431834440293, 19879.352793219812, 16301.429925590048, 486.26085932129808, 503.53786023705578, 0, 0, 2.0353333967604073
24.43, 20655.927145175876, 10796.595245140035, 787.59911779844276, 221.94415417593802, 0.26092241913852998, -26.035848955385084, 20491.01340727296, 10864.534116775161, 744.49197430568711, 236.72692948769301, -7.8463588285072596, -24.242135953175904, 19884.215401813024, 16306.465304192418, 486.26085932129808, 503.53786023705578, 0, 0, 2.0253333967604092
24.440000000000001, 20663.803184660548, 10798.810816492618, 787.60233824437523, 221.68614156411005, 0.32204459324678325, -25.80126118279852, 20498.457161929062, 10866.897783790551, 744.41430184199601, 236.48677752195147, -7.7672463691065161, -24.015196574154555, 19889.078010406236, 16311.500682794787, 486.26085932129808, 503.53786023705578, 0, 0, 2.0153333967604077
24.449999999999999, 20671.679251736619, 10801.02377250348, 787.60525115296161, 221.42578124555735, 0.29129085863951953, -26.036031855268536, 20505.900130001202, 10869.259014957894, 744.3359720900869, 236.2443369968442, -7.832975190910215, -24.244052510727226, 19893.940618999448, 16316.536061397157, 486.26085932129808, 503.53786023705578, 0, 0, 2.0053333967604097
24.460000000000001, 20679.555357092846, 10803.234160127648, 787.60877413269588, 221.16776869303362, 0.35229797342981772, -25.801255252372961, 20513.342326632373, 10871.61785578813, 744.25843277483523, 236.00416768137615, -7.7539315251718683, -24.016931546804788, 19898.80322759266, 16321.571439999527, 486.26085932129808, 503.53786023705578, 0, 0, 1.9953333967604081
24.469999999999999, 20687.431493086511, 10805.44193239018, 787.61199095514417, 220.9074070665601, 0.32168224483139163, -26.03616264735254, 20520.783738024606, 10873.974260573848, 744.18023707376699, 235.76170827498999, -7.8195701068185866, -24.245940638616847, 19903.665836185872, 16326.606818601897, 486.26085932129808, 503.53786023705578, 0, 0, 1.9853333967604101
24.48, 20695.307670382204, 10807.647136281481, 787.61581669803365, 220.64939510893623, 0.38257428894582635, -25.801195762386001, 20528.224379306081, 10876.328274861105, 744.10283112287686, 235.52152190884865, -7.7405950890079875, -24.018636614133701, 19908.528444779084, 16331.642197204266, 486.26085932129808, 503.53786023705578, 0, 0, 1.9753333967604085
24.490000000000002, 20703.183881363657, 10809.849724796393, 787.61933766273432, 220.38903269716414, 0.35209647006612066, -26.03624117721046, 20535.664236695768, 10878.679852910163, 744.0247696868538, 235.27904390680999, -7.8061436023012494, -24.247800203867953, 19913.391053372296, 16336.677575806636, 486.26085932129808, 503.53786023705578, 0, 0, 1.965333396760407
24.5, 20711.060136671298, 10812.049744960981, 787.62346639703367, 220.13102187162372, 0.41287342992874354, -25.801082554041145, 20543.103325307075, 10881.029040302486, 743.94749731597403, 235.03884079042356, -7.727237087978029, -24.020311638643566, 19918.253661965507, 16341.712954409006, 486.26085932129808, 503.53786023705578, 0, 0, 1.955333396760409
24.510000000000002, 20718.936428715282, 10814.247149739604, 787.62729173129094, 219.87065919870969, 0.38253342572969018, -26.036267291403771, 20550.54163137588, 10883.375791265729, 743.86957035893192, 234.79634447968135, -7.7926957042119263, -24.249631074222027, 19923.116270558719, 16346.748333011376, 486.26085932129808, 503.53786023705578, 0, 0, 1.9453333967604074
24.52, 20726.812768111889, 10816.44198619427, 787.63172368414621, 219.612650044014, 0.44319528552903709, -25.800915469568356, 20557.979170000835, 10885.720151417054, 743.79243178342938, 234.55612491484547, -7.7138575502525519, -24.021956483589591, 19927.978879151931, 16351.783711613745, 486.26085932129808, 503.53786023705578, 0, 0, 1.9353333967604094
24.530000000000001, 20734.689147297682, 10818.634207258585, 787.6358536141687, 219.35228763563924, 0.4129930022472017, -26.036240837477042, 20565.415927434704, 10888.062074951235, 743.71463951902751, 234.31361058366414, -7.7792264401853251, -24.25143311813256, 19932.841487745143, 16356.819090216115, 486.26085932129808, 503.53786023705578, 0, 0, 1.9253333967604078
24.539999999999999, 20742.565576864785, 10820.823860030789, 787.64058901160786, 219.09428069211685, 0.47353974391523135, -25.800694352238473, 20572.851918761418, 10890.401607521419, 743.63763495397939, 234.07337487353422, -7.7004565048114975, -24.023571012992516, 19937.704096338355, 16361.854468818485, 486.26085932129808, 503.53786023705578, 0, 0, 1.9153333967604098
24.550000000000001, 20750.442049276164, 10823.01089741346, 787.64502376249868, 218.83391907547713, 0.44347508908438904, -26.036161663971697, 20580.287130250581, 10892.738703289224, 743.55997759559295, 233.83084281148646, -7.7657358386390456, -24.253206204777101, 19942.566704931567, 16366.889847420854, 486.26085932129808, 503.53786023705578, 0, 0, 1.9053333967604082
24.560000000000002, 20758.318575099791, 10825.195366541358, 787.65006282942147, 218.5759148850135, 0.5039066922782105, -25.800419046363459, 20587.721576971438, 10895.073407944075, 743.48310725577858, 233.59059126057008, -7.6870339814418127, -24.025155091637565, 19947.429313524779, 16371.925226023224, 486.26085932129808, 503.53786023705578, 0, 0, 1.8953333967604067
24.57, 20766.195146825023, 10827.377220285765, 787.65480262516894, 218.31555458880925, 0.47397957475175012, -26.03602962042639, 20595.155245210408, 10897.405675614151, 743.40558501649082, 233.34804175852952, -7.752223928771337, -24.254950204056247, 19952.291922117991, 16376.960604625594, 486.26085932129808, 503.53786023705578, 0, 0, 1.8853333967604087
24.580000000000002, 20774.071774995678, 10829.556505818244, 787.66014558533732, 218.05755369483626, 0.53429601683504568, -25.80008939729926, 20602.588150022071, 10899.735552025448, 743.32884911638348, 233.10777467267877, -7.6735900107358423, -24.026708585075834, 19957.154530711203, 16381.995983227964, 486.26085932129808, 503.53786023705578, 0, 0, 1.8753333967604071
24.59, 20781.948452127483, 10831.733175978508, 787.66519064880538, 217.79719524926247, 0.50450634680824447, -26.035844557379825, 20610.020277709624, 10902.062991272427, 743.25146220897784, 232.86520802281282, -7.7386907405595959, -24.256664986595045, 19962.017139304415, 16387.031361830333, 486.26085932129808, 503.53786023705578, 0, 0, 1.8653333967604091
24.600000000000001, 20789.825188740109, 10833.907277975213, 787.67083772483375, 217.539198196748, 0.56470760283305754, -25.799705251447591, 20617.451643313019, 10904.388039117952, 743.17486096273694, 232.62492570921657, -7.6601246240893826, -24.028231359624716, 19966.879747897627, 16392.066740432703, 486.26085932129808, 503.53786023705578, 0, 0, 1.8553333967604075
24.609999999999999, 20797.701977375651, 10836.078764616232, 787.67618827775243, 217.27884213348429, 0.53505529186519407, -26.035606326372527, 20624.882233152202, 10906.710649622481, 743.09760959968935, 232.38234220497912, -7.7251363047585313, -24.258350423743401, 19971.742356490839, 16397.102119035073, 486.26085932129808, 503.53786023705578, 0, 0, 1.8453333967604095
24.620000000000001, 20805.578828529629, 10838.247683147598, 787.68213969109797, 217.02084946892163, 0.59514133455235196, -25.799266456265762, 20632.31206225252, 10909.030868586038, 743.02114322115233, 232.14204497215536, -7.6466378537021678, -24.029723282376153, 19976.60496508405, 16402.137497637443, 486.26085932129808, 503.53786023705578, 0, 0, 1.835333396760408
24.629999999999999, 20813.455734770483, 10840.413986345071, 787.68779595405385, 216.76049632112205, 0.56562629558876321, -26.035314779956334, 20639.741116950634, 10911.348650034801, 742.94402761462334, 231.89944490827952, -7.7115606529006504, -24.260006387583978, 19981.467573677262, 16407.172876239812, 486.26085932129808, 503.53786023705578, 0, 0, 1.82533339676041
24.640000000000001, 20821.332706569588, 10842.577721492353, 787.69405192500699, 216.50250859251943, 0.62559709531109586, -25.798772860262485, 20647.169412257321, 10913.66403980625, 742.8676963172976, 231.6591330660676, -7.6331297325740577, -24.031184221191239, 19986.330182270474, 16412.208254842182, 486.26085932129808, 503.53786023705578, 0, 0, 1.8153333967604084
24.650000000000002, 20829.209736521723, 10844.738841332812, 787.70001411743408, 216.24215889480251, 0.59621924270501214, -26.034969771690488, 20654.596934525922, 10915.976991891997, 742.79071667912467, 231.41651673855833, -7.6979638172926554, -24.261632750927081, 19991.192790863686, 16417.243633444552, 486.26085932129808, 503.53786023705578, 0, 0, 1.8053333967604068
24.66, 20837.086835074111, 10846.897393188112, 787.70657486510879, 215.98417665167239, 0.65607476746735838, -25.798224313011723, 20662.02369875267, 10918.287552167276, 742.71452067617963, 231.17619059811122, -7.6196002945066938, -24.032614044712371, 19996.055399456898, 16422.279012046922, 486.26085932129808, 503.53786023705578, 0, 0, 1.7953333967604088
24.670000000000002, 20844.963994847865, 10849.053329768954, 787.71284320527877, 215.72383094011084, 0.62683401700171704, -26.034571156154911, 20669.449691307556, 10920.595674588849, 742.63767721786951, 230.93355830423801, -7.6843458310170343, -24.26322938732228, 20000.91800805011, 16427.314390649291, 486.26085932129808, 503.53786023705578, 0, 0, 1.7853333967604073
24.68, 20852.841226266053, 10851.206698435255, 787.71970894760307, 215.46585473345934, 0.68657423242390614, -25.797620665151289, 20676.874927172299, 10922.901405069997, 742.56161672212852, 230.6932181780144, -7.6060495741004992, -24.034012622360635, 20005.780616643322, 16432.349769251661, 486.26085932129808, 503.53786023705578, 0, 0, 1.7753333967604092
24.690000000000001, 20860.718521976105, 10853.357451864771, 787.72628365261642, 215.20551354556986, 0.65747050133298224, -26.03411878894898, 20684.299392733512, 10925.204697532352, 742.48490965484928, 230.45057021630384, -7.6707067279292271, -24.26479617105592, 20010.643225236534, 16437.385147854031, 486.26085932129808, 503.53786023705578, 0, 0, 1.7653333967604077
24.699999999999999, 20868.595892376936, 10855.505637455961, 787.73345460632277, 214.9475439278861, 0.71709537063423401, -25.796961768374846, 20691.723102958418, 10927.505597927542, 742.40898487878178, 230.21021641806058, -7.5924776067496831, -24.03537982432676, 20015.505833829746, 16442.420526456401, 486.26085932129808, 503.53786023705578, 0, 0, 1.7553333967604097
24.710000000000001, 20876.473330142286, 10857.651207853361, 787.74033589209898, 214.68720780261927, 0.688128577625017, -26.033612526684049, 20699.146044250225, 10929.804060141776, 742.3324144133552, 229.96755308828915, -7.6570465426529042, -24.266332977142596, 20020.368442422958, 16447.45590505877, 486.26085932129808, 503.53786023705578, 0, 0, 1.7453333967604081
24.719999999999999, 20884.350845646917, 10859.794210494267, 787.74781227271501, 214.42924532786478, 0.74763806160377122, -25.796247475449697, 20706.568231561694, 10932.10013016533, 742.25662556906877, 229.72718593307329, -7.5788844286450168, -24.03671552158713, 20025.23105101617, 16452.49128366114, 486.26085932129808, 503.53786023705578, 0, 0, 1.7353333967604101
24.73, 20892.228431590862, 10861.934597989712, 787.75500035398375, 214.16891480559477, 0.71880812687735407, -26.033052227000422, 20713.98965131259, 10934.393761848709, 742.18019191596295, 229.48450753625988, -7.643365310582614, -24.267839681340398, 20030.093659609382, 16457.52666226351, 486.26085932129808, 503.53786023705578, 0, 0, 1.7253333967604085
24.740000000000002, 20900.10609832473, 10864.072417816122, 787.76278237582267, 213.91096002919261, 0.7782021838944555, -25.795477640216895, 20721.410318441238, 10936.685001221134, 742.10453921519525, 229.24412734040087, -7.56527007677124, -24.038019585902646, 20034.956268202593, 16462.56204086588, 486.26085932129808, 503.53786023705578, 0, 0, 1.715333396760407
24.75, 20907.983838574841, 10866.207622550752, 787.77027746611429, 213.65063565170692, 0.74950902916725504, -26.032437748567592, 20728.83021938393, 10938.973802097114, 742.02824258451642, 229.00143417879937, -7.6296630678813404, -24.269316160149859, 20039.818876795805, 16467.597419468249, 486.26085932129808, 503.53786023705578, 0, 0, 1.705333396760409
24.760000000000002, 20915.861662667645, 10868.340259709452, 787.7783653422656, 213.39268913053098, 0.80878761512867481, -25.794652117594858, 20736.249369064586, 10941.260210545119, 741.95272623862741, 228.76104125990116, -7.5516345889055136, -24.03929188982103, 20044.681485389017, 16472.632798070619, 486.26085932129808, 503.53786023705578, 0, 0, 1.6953333967604074
24.77, 20923.739563355743, 10870.470281835414, 787.78616765390211, 213.1323714410201, 0.78023116365351353, -26.031768951087781, 20743.667753935995, 10943.544180343375, 741.87656684011256, 228.51833363699299, -7.6159398514790473, -24.270762290816194, 20049.544093982229, 16477.668176672989, 486.26085932129808, 503.53786023705578, 0, 0, 1.6853333967604094
24.780000000000001, 20931.617550941417, 10872.597736484209, 787.79456159622202, 212.87443373338428, 0.83939423199354035, -25.793770763581392, 20751.085388907697, 10945.8257575999, 741.80118706007636, 228.27792831392622, -7.537978003615363, -24.04053230667753, 20054.406702575441, 16482.703555275359, 486.26085932129808, 503.53786023705578, 0, 0, 1.6753333967604078
24.789999999999999, 20939.495618203542, 10874.72257616469, 787.80267134030782, 212.61412327643129, 0.81097440858058523, -26.031045695297962, 20758.502260448942, 10948.104896056346, 741.7251651030856, 228.03520653441294, -7.6021956990707409, -24.272177951330008, 20059.269311168653, 16487.738933877728, 486.26085932129808, 503.53786023705578, 0, 0, 1.6653333967604098
24.800000000000001, 20947.37377542023, 10876.844848472439, 787.8113715594103, 212.35619494207867, 0.87002191024435049, -25.792833435260142, 20765.918383454919, 10950.381641860584, 741.64992209948298, 227.79478912730693, -7.5243003602579437, -24.041740710600028, 20064.131919761865, 16492.774312480098, 486.26085932129808, 503.53786023705578, 0, 0, 1.6553333967604082
24.810000000000002, 20955.252015396622, 10878.964505881684, 787.81978894582312, 212.09589226364892, 0.8417386412819452, -26.030267842976102, 20773.333744411317, 10952.655948717404, 741.57403779299182, 227.55205349710261, -7.5884306491157902, -24.273563020432178, 20068.994528355077, 16497.809691082468, 486.26085932129808, 503.53786023705578, 0, 0, 1.6453333967604067
24.82, 20963.130348386658, 10881.081596028322, 787.82879565107021, 211.83797386374098, 0.90067052471075648, -25.79183999079261, 20780.748358198991, 10954.927862814828, 741.49893177600211, 227.3116243273376, -7.5106016989749609, -24.042916976500031, 20073.857136948289, 16502.845069684838, 486.26085932129808, 503.53786023705578, 0, 0, 1.6353333967604087
24.830000000000002, 20971.008767221731, 10883.196071351671, 787.8375208884521, 211.57767951117165, 0.8725237381859916, -26.029435256933663, 20788.162211320039, 10957.197337820495, 741.42318532859383, 227.06887515356155, -7.5746447408331132, -24.274917377605352, 20078.719745541501, 16507.880448287207, 486.26085932129808, 503.53786023705578, 0, 0, 1.6253333967604071
24.84, 20978.887282131607, 10885.307979528239, 787.84683428794506, 211.31977160827734, 0.93133994929906816, -25.790790289431126, 20795.575318641015, 10959.464419962884, 741.34821650798688, 226.82843454376072, -7.4968820606938511, -24.044060980084133, 20083.582354134713, 16512.915826889577, 486.26085932129808, 503.53786023705578, 0, 0, 1.6153333967604091
24.850000000000001, 20986.765885973924, 10887.417272962151, 787.85586758369323, 211.05948613026706, 0.90332957481832743, -26.028547801028065, 20802.987666680394, 10961.729062872186, 741.27260812784482, 226.58567213472986, -7.5608380142023162, -24.276240903084865, 20088.444962727925, 16517.951205491947, 486.26085932129808, 503.53786023705578, 0, 0, 1.6053333967604075
24.859999999999999, 20994.64458895427, 10889.523999370826, 787.86548788426319, 210.80158928835189, 0.96203005699734323, -25.789684191516947, 20810.399270290451, 10963.991312817643, 741.19777671297356, 226.34522040875135, -7.4831414871244908, -24.045172597850975, 20093.307571321136, 16522.986584094317, 486.26085932129808, 503.53786023705578, 0, 0, 1.5953333967604095
24.870000000000001, 21002.523383956515, 10891.628111122907, 787.87482944452131, 210.54131323495028, 0.9341560258066437, -26.027605340160957, 20817.810116006003, 10966.251123391708, 741.12230660787395, 226.10244507397277, -7.5470105099605771, -24.277533477855901, 20098.170179914348, 16528.021962696686, 486.26085932129808, 503.53786023705578, 0, 0, 1.585333396760408
24.879999999999999, 21010.402281162067, 10893.729655977024, 787.88475685172011, 210.28342801936535, 0.99274071987795409, -25.78852155849227, 20825.220218665079, 10968.508540904691, 741.04761280766638, 225.86198255690175, -7.4693800207600249, -24.046251707101757, 20103.03278850756, 16533.057341299056, 486.26085932129808, 503.53786023705578, 0, 0, 1.57533339676041
24.890000000000001, 21018.281273481029, 10895.828586266056, 787.89440688136892, 210.02316194196246, 0.9650029648832481, -26.026607740289762, 20832.629564818817, 10970.763518911013, 740.97228118497037, 225.61919460706511, -7.533162269603455, -24.278794983663513, 20107.895397100772, 16538.092719901426, 486.26085932129808, 503.53786023705578, 0, 0, 1.5653333967604084
24.900000000000002, 21026.160371070615, 10897.924949790138, 787.90464159945998, 209.76528891943357, 1.0234718091043709, -25.787302252889297, 20840.038169291012, 10973.016103762357, 740.89772520792167, 225.37872162520583, -7.4555977048708684, -24.047298185928469, 20112.758005693984, 16543.128098503796, 486.26085932129808, 503.53786023705578, 0, 0, 1.5553333967604068
24.91, 21034.039566867148, 10900.018698846103, 787.91460030210885, 209.5050333707494, 0.99587026489155228, -26.025554868417377, 20847.446018649091, 10975.266248974813, 740.82253227456783, 225.1359213721758, -7.5192933353791975, -24.280025303001484, 20117.620614287196, 16548.163477106165, 486.26085932129808, 503.53786023705578, 0, 0, 1.5453333967604088
24.920000000000002, 21041.918871003647, 10902.10988127589, 787.92514253405818, 209.24717310936595, 1.0542231949329519, -25.786026138346813, 20854.853127702649, 10977.514000941748, 740.74811432873275, 224.89543825304352, -7.441794583506848, -24.048311913228854, 20122.483222880408, 16553.198855708535, 486.26085932129808, 503.53786023705578, 0, 0, 1.5353333967604073
24.93, 21049.798276442656, 10904.198449339994, 787.93541011203604, 208.98692864343985, 1.0267577977878721, -26.024446592608005, 20862.259483035374, 10979.75931314063, 740.67306029122983, 224.65262600985227, -7.5054037502907924, -24.281224319126586, 20127.34583147362, 16558.234234310905, 486.26085932129808, 503.53786023705578, 0, 0, 1.5253333967604092
24.940000000000001, 21057.677793292987, 10906.284450922467, 787.94626005950317, 208.72908171264382, 1.0849947467189409, -25.784693079603759, 20869.665099442682, 10982.002232006813, 740.59878058421486, 224.41213308216527, -7.4279707014925158, -24.049292768699061, 20132.208440066832, 16563.269612913275, 486.26085932129808, 503.53786023705578, 0, 0, 1.5153333967604077
24.949999999999999, 21065.557414543397, 10908.367838247175, 787.95683671384961, 208.46884888482401, 1.0576654346471734, -26.02328278198123, 20877.069963524489, 10984.242710978848, 740.523865648634, 224.16930916300475, -7.4914935580915261, -24.282391916051651, 20137.071048660044, 16568.304991515644, 486.26085932129808, 503.53786023705578, 0, 0, 1.5053333967604097
24.960000000000001, 21073.437150278485, 10910.448659240583, 787.96799457717884, 208.21101585539895, 1.1157863329202913, -25.783302942504982, 20884.47409006206, 10986.480796534383, 740.44972438758975, 223.92880675667638, -7.4141261044260309, -24.050240632838083, 20141.933657253256, 16573.340370118014, 486.26085932129808, 503.53786023705578, 0, 0, 1.4953333967604081
24.969999999999999, 21081.316993513214, 10912.52686608964, 787.97888050763549, 207.95079522233178, 1.0885930456667916, -26.022063306717488, 20891.877465671514, 10988.716442072753, 740.3749487595569, 223.68597147689087, -7.4775628032839361, -24.283527978549813, 20146.796265846468, 16578.375748720384, 486.26085932129808, 503.53786023705578, 0, 0, 1.4853333967604101
24.98, 21089.196954307965, 10914.602506763524, 787.99034648584654, 207.69297666639173, 1.1465978211019907, -25.781855594004245, 20899.280105119982, 10990.949694114213, 740.30094615117014, 223.44545992302136, -7.4002608386772435, -24.051155386949635, 20151.658874439679, 16583.411127322754, 486.26085932129808, 503.53786023705578, 0, 0, 1.4753333967604085
24.990000000000002, 21097.077025703897, 10916.675533411983, 788.00154189084822, 207.43276878601111, 1.1195405001706105, -26.020788038061117, 20906.681995039766, 10993.180506018585, 740.226310035859, 223.20261359909981, -7.4636115311180005, -24.284632392156336, 20156.521483032891, 16588.446505925123, 486.26085932129808, 503.53786023705578, 0, 0, 1.465333396760407
25, 21104.957217737167, 10918.745994047207, 788.0133161816276, 207.1749652769895, 1.1774290779415351, -25.780350902161004, 20914.08315018388, 10995.40892434904, 740.15244628634514, 222.96209322996842, -7.3863749513839014, -24.052036913137869, 20161.384091626103, 16593.481884527493, 486.26085932129808, 503.53786023705578, 0, 0, 1.455333396760409
25.010000000000002, 21112.837523475133, 10920.813840781449, 788.02482125829374, 206.91477070850632, 1.1505076666143301, -26.019456848317322, 20921.483557200776, 10997.634902425583, 740.07794988846922, 222.71923617953678, -7.4496397875875457, -24.285705043164601, 20166.246700219315, 16598.517263129863, 486.26085932129808, 503.53786023705578, 0, 0, 1.4453333967604074
25.02, 21120.71795292971, 10922.879121670225, 788.03690405798602, 206.65698282114474, 1.2082799692305564, -25.778788736158916, 20928.883230829386, 10999.858486854615, 740.00422520356472, 222.47870732859354, -7.372468490454243, -24.052885094324356, 20171.109308812527, 16603.552641732233, 486.26085932129808, 503.53786023705578, 0, 0, 1.4353333967604094
25.030000000000001, 21128.598499194453, 10924.941788787995, 788.04871900211185, 206.39680212503603, 1.1814944125871065, -26.018069610869961, 20936.28215773428, 11002.079630916029, 739.92986872737038, 222.23583987040712, -7.435647619432725, -24.28674581864227, 20175.971917405739, 16608.588020334602, 486.26085932129808, 503.53786023705578, 0, 0, 1.4253333967604078
25.039999999999999, 21136.47917225703, 10927.001890233902, 788.06111050571064, 206.13903043537312, 1.2391503598820961, -25.777168966292823, 20943.680352640327, 11004.298381259761, 739.85628331232476, 221.99530287226477, -7.3585415045602911, -24.053699814234321, 20180.834525998951, 16613.623398936972, 486.26085932129808, 503.53786023705578, 0, 0, 1.4153333967604098
25.050000000000001, 21144.359965237178, 10929.059378044325, 788.07323551175887, 205.87886417337143, 1.212500604818521, -26.016626200169178, 20951.077802228188, 11006.514691125292, 739.78206696158338, 221.75242532620058, -7.4216350741336514, -24.287754606418243, 20185.697134592163, 16618.658777539342, 486.26085932129808, 503.53786023705578, 0, 0, 1.4053333967604082
25.060000000000002, 21152.240888098313, 10931.114300362338, 788.08593591289821, 205.62110925873171, 1.2700401139348561, -25.775491463972642, 20958.474521208696, 11008.728607206411, 739.708621021152, 221.51188051662658, -7.3445940431361327, -24.054480957399399, 20190.559743185375, 16623.694156141712, 486.26085932129808, 503.53786023705578, 0, 0, 1.3953333967604067
25.07, 21160.12193398636, 10933.166609185952, 788.09837117399002, 205.36095799381437, 1.2435261091827057, -26.015126491735259, 20965.870496278578, 11010.940082701884, 739.63454499915292, 221.26899320367573, -7.4076021999087773, -24.288731295085345, 20195.422351778587, 16628.729534744081, 486.26085932129808, 503.53786023705578, 0, 0, 1.3853333967604087
25.080000000000002, 21168.003112840463, 10935.216352702475, 788.11138066493561, 205.10322043279697, 1.3009490945556133, -25.773756101738073, 20973.265742134645, 11013.149164349659, 739.56123873758918, 221.02844091958403, -7.3306261563793047, -24.055228409170905, 20200.284960371799, 16633.764913346451, 486.26085932129808, 503.53786023705578, 0, 0, 1.3753333967604071
25.09, 21175.884417832731, 10937.263482871249, 788.12412637284262, 204.84308472917525, 1.2745707907007136, -26.013570362172725, 20980.660245489664, 11015.355805307488, 739.48730324713199, 220.78554416184389, -7.3935490457162221, -24.289675774012949, 20205.147568965011, 16638.800291948821, 486.26085932129808, 503.53786023705578, 0, 0, 1.3653333967604091
25.100000000000001, 21183.765858878032, 10939.308047924127, 788.13744514448308, 204.58536510164276, 1.3318771640461522, -25.771962753247632, 20988.054021026452, 11017.560052357798, 739.41413686817953, 220.54498474128681, -7.3166378952446749, -24.055942055708112, 20210.010177558222, 16643.835670551191, 486.26085932129808, 503.53786023705578, 0, 0, 1.3553333967604075
25.109999999999999, 21191.647429174653, 10941.349999781491, 788.15050148961859, 204.32524552475115, 1.3056345135471874, -26.011957689159974, 20995.447055473785, 11019.761858617021, 739.340342111567, 220.30207886195345, -7.3794756612479651, -24.290587933335903, 20214.872786151434, 16648.87104915356, 486.26085932129808, 503.53786023705578, 0, 0, 1.3453333967604095
25.120000000000001, 21199.529138613176, 10943.389386720044, 788.16412973145702, 204.06754441181823, 1.3628241838460244, -25.770111293291666, 21002.839363500505, 11021.961270912372, 739.26731581845252, 220.06151264411355, -7.3026293114453065, -24.056621783989943, 20219.735394744646, 16653.90642775593, 486.26085932129808, 503.53786023705578, 0, 0, 1.335333396760408
25.129999999999999, 21207.410980418063, 10945.426160620909, 788.17749690286757, 203.80744152830363, 1.3367171410530601, -26.010288351461774, 21010.230931851376, 11024.158242318663, 739.19366199748322, 219.81859796747389, -7.3653820969306771, -24.291467663965665, 20224.598003337858, 16658.9418063583, 486.26085932129808, 503.53786023705578, 0, 0, 1.32533339676041
25.140000000000001, 21215.292964455595, 10947.460369805953, 788.19143480301295, 203.54975951232578, 1.3937900145387427, -25.768201597785861, 21017.621775181284, 11026.352819708216, 739.12077599290876, 219.57802529265581, -7.2886004574476182, -24.057267481807617, 20229.46061193107, 16663.97718496067, 486.26085932129808, 503.53786023705578, 0, 0, 1.3153333967604084
25.150000000000002, 21223.175083976406, 10949.491966116742, 788.20511298837005, 203.28967389003654, 1.3678185357115193, -26.008562228923193, 21025.011880250953, 11028.544956113914, 739.04726330886956, 219.33510214407997, -7.3512684039211313, -24.292314857583378, 20234.323220524282, 16669.012563563039, 486.26085932129808, 503.53786023705578, 0, 0, 1.3053333967604068
25.16, 21231.057348822469, 10951.520997920612, 788.21936073352856, 203.03201155459874, 1.4247745158552911, -25.766233543780199, 21032.401261701332, 11030.7346984535, 738.97451779500489, 219.09452335370224, -7.274551386471023, -24.057879037772395, 20239.185829117494, 16674.047942165409, 486.26085932129808, 503.53786023705578, 0, 0, 1.2953333967604088
25.170000000000002, 21238.939752270588, 10953.547417019277, 788.23335011912036, 202.77194376257395, 1.3989385591814321, -26.006779202478199, 21039.789906309088, 11032.921999717626, 738.90114644866378, 218.85159205963578, -7.3371346341058654, -24.29312940664726, 20244.048437710706, 16679.083320767779, 486.26085932129808, 503.53786023705578, 0, 0, 1.2853333967604073
25.18, 21246.822304138412, 10955.571271825851, 788.24790789458712, 202.51430169247939, 1.4557775466796041, -25.764207009456783, 21047.177828701253, 11035.106906869771, 738.82854162713897, 218.61100749622264, -7.2604821524843226, -24.058456341312507, 20248.911046303918, 16684.118699370149, 486.26085932129808, 503.53786023705578, 0, 0, 1.2753333967604092
25.190000000000001, 21254.704997728917, 10957.592514101903, 788.26220866531003, 202.25425230093791, 1.430077072292625, -26.004939154147735, 21054.5650156704, 11037.289372858053, 738.75531181873805, 218.36806838417874, -7.3229808400977685, -24.29391120438973, 20253.77365489713, 16689.154077972518, 486.26085932129808, 503.53786023705578, 0, 0, 1.2653333967604077
25.199999999999999, 21262.587842835415, 10959.611192306631, 788.27707665496052, 201.99663108219653, 1.4867989650525573, -25.76212187413639, 21061.951481829667, 11039.469444692002, 738.68284789063603, 218.12747839135196, -7.2463928102046058, -24.058999282678528, 20258.636263490342, 16694.189456574888, 486.26085932129808, 503.53786023705578, 0, 0, 1.2553333967604097
25.210000000000001, 21270.470832787054, 10961.627258161157, 788.29168899431102, 201.73660066252606, 1.4612339350497647, -26.003041967045998, 21069.33721398751, 11041.647075276895, 738.60975981988372, 217.88453178990372, -7.3088070752350358, -24.294660144822569, 20263.498872083554, 16699.224835177258, 486.26085932129808, 503.53786023705578, 0, 0, 1.2453333967604081
25.219999999999999, 21278.353977352792, 10963.64076017108, 788.30686738059273, 201.47900088234326, 1.5178386281770493, -25.759978018278854, 21076.722226743197, 11043.822311668631, 738.53743698573282, 217.64393671237428, -7.2322834150943427, -24.059507752942835, 20268.361480676765, 16704.260213779628, 486.26085932129808, 503.53786023705578, 0, 0, 1.2353333967604101
25.23, 21286.237269887948, 10965.651650016775, 788.32179147065915, 201.21899000708945, 1.492409006637275, -26.001087525380935, 21084.106506921045, 11045.995106729337, 738.464490851797, 217.40098295114691, -7.2946133935784188, -24.295376122736435, 20273.224089269977, 16709.295592381997, 486.26085932129808, 503.53786023705578, 0, 0, 1.2253333967604085
25.240000000000002, 21294.120720137114, 10967.659976250547, 788.33728043458336, 200.96141225385463, 1.5488963924235026, -25.757775323480963, 21091.490069106461, 11048.165507561602, 738.39230931156339, 217.16038313470696, -7.2181540233577763, -24.059981643996629, 20278.086697863189, 16714.330970984367, 486.26085932129808, 503.53786023705578, 0, 0, 1.215333396760407
25.25, 21302.004321481782, 10969.665690511729, 788.35251645603762, 200.70142149671011, 1.5236021454246433, -25.999075714452346, 21098.872900139599, 11050.333466984093, 738.31950531306427, 216.91742254436997, -7.280399849907802, -24.296059033698093, 20282.949306456401, 16719.366349586737, 486.26085932129808, 503.53786023705578, 0, 0, 1.205333396760409
25.260000000000002, 21309.888083642159, 10971.668841399645, 788.36831617717098, 200.44386635998526, 1.5799721133336204, -25.75551367248487, 21106.255014592025, 11052.49903214641, 738.2474652661449, 216.67681833588441, -7.2040046919402858, -24.060420848557161, 20287.811915049613, 16724.401728189107, 486.26085932129808, 503.53786023705578, 0, 0, 1.1953333967604074
25.27, 21317.772000025914, 10973.669380512281, 788.38386430926073, 200.18389629577865, 1.5548132089700823, -25.997006420659964, 21113.636399319712, 11054.662155823453, 738.17480360114769, 216.43385124814384, -7.2661664997216011, -24.296708774057318, 20292.674523642825, 16729.437106791476, 486.26085932129808, 503.53786023705578, 0, 0, 1.1853333967604094
25.280000000000001, 21325.656080328852, 10975.667356496297, 788.39997496571698, 199.92636436628686, 1.6110656456255601, -25.753192949178288, 21121.017068880403, 11056.822885212145, 738.10290524636241, 216.19324299554216, -7.189835478525394, -24.060825260167064, 20297.537132236037, 16734.472485393846, 486.26085932129808, 503.53786023705578, 0, 0, 1.1753333967604078
25.289999999999999, 21333.540317984818, 10977.662720908031, 788.41583538625719, 199.66641557097182, 1.5860420540255324, -25.994879531503745, 21128.397010145858, 11058.981173043314, 738.03038611237002, 215.95026974313271, -7.2519133992339313, -24.2973252409463, 20302.399740829249, 16739.507863996216, 486.26085932129808, 503.53786023705578, 0, 0, 1.1653333967604098
25.300000000000001, 21341.424722665208, 10979.655522441784, 788.43225715468918, 199.40890744058586, 1.6421768431988353, -25.750813038596306, 21135.776237660015, 11061.137066561529, 737.95862964795469, 215.70965779540074, -7.1756464415322281, -24.061194773195211, 20307.262349422461, 16744.543242598585, 486.26085932129808, 503.53786023705578, 0, 0, 1.1553333967604082
25.310000000000002, 21349.309287830034, 10981.645712611949, 788.44843004005463, 199.14898049123002, 1.6172885365414063, -25.992694935585707, 21143.154738310404, 11063.290518453232, 737.88625324190093, 215.46667871207794, -7.2376406053721931, -24.297908332280514, 20312.124958015673, 16749.578621200955, 486.26085932129808, 503.53786023705578, 0, 0, 1.1453333967604067
25.32, 21357.194023126267, 10983.633340160788, 788.46516309564606, 198.89149675296079, 1.6733055591393367, -25.748373826922769, 21150.532526627176, 11065.44157601096, 737.81463886549977, 215.22606341924956, -7.1614376401128164, -24.061529282837135, 20316.987566608885, 16754.613999803325, 486.26085932129808, 503.53786023705578, 0, 0, 1.1353333967604087
25.330000000000002, 21365.078922040098, 10985.618356560439, 788.48164862076283, 198.63159222773467, 1.6485525116714532, -25.990452522611317, 21157.909589513605, 11067.590191876461, 737.74240538374204, 214.98307883978197, -7.2233481757745119, -24.298457946759168, 20321.850175202097, 16759.649378405695, 486.26085932129808, 503.53786023705578, 0, 0, 1.1253333967604071
25.34, 21372.963994194051, 10987.600810601436, 788.49869313722002, 198.3741334757197, 1.7044516457236014, -25.745875201496155, 21165.285941486072, 11069.736413390556, 737.67093329240049, 214.74246055293077, -7.1472091341506818, -24.061828685119956, 20326.712783795308, 16764.684757008064, 486.26085932129808, 503.53786023705578, 0, 0, 1.1153333967604091
25.350000000000001, 21380.8492331005, 10989.580653713365, 788.51549147555784, 198.11425195388574, 1.6798338337769119, -25.988152183395211, 21172.661569463569, 11071.880193149987, 737.59884293071264, 214.49947081309207, -7.209036168788403, -24.298973983869914, 20331.57539238852, 16769.720135610434, 486.26085932129808, 503.53786023705578, 0, 0, 1.1053333967604075
25.359999999999999, 21388.734648357498, 10991.557934735347, 788.53284762510202, 197.85681878337761, 1.7356149544235402, -25.743317050813079, 21180.036487948728, 11074.021578544187, 737.52751332087007, 214.25884988432301, -7.1329609842587018, -24.06209287690487, 20336.438000981732, 16774.755514212804, 486.26085932129808, 503.53786023705578, 0, 0, 1.0953333967604095
25.370000000000001, 21396.620233503603, 10993.53260505411, 788.54995894866636, 197.59696084527897, 1.7111323564310821, -25.985793809864578, 21187.410683876242, 11076.160522124579, 737.45556627443534, 214.0158553208841, -7.1947046434687456, -24.299456343891276, 20341.300609574944, 16779.790892815174, 486.26085932129808, 503.53786023705578, 0, 0, 1.085333396760408
25.379999999999999, 21404.505998112389, 10995.504713557673, 788.56762690202549, 197.3395538526338, 1.7667953359133453, -25.74069926451843, 21194.784171734998, 11078.297071329525, 737.38437934191757, 213.77523210332532, -7.1186932517732071, -24.062321755876773, 20346.163218168156, 16784.826271417543, 486.26085932129808, 503.53786023705578, 0, 0, 1.07533339676041
25.390000000000001, 21412.391935748597, 10997.474211589606, 788.58505138134979, 197.07972007968331, 1.7424479324259927, -25.983377295049937, 21202.156938475367, 11080.43117866482, 737.3125758053219, 213.53223305404649, -7.1803536595721749, -24.299904927882825, 20351.025826761368, 16789.861650019913, 486.26085932129808, 503.53786023705578, 0, 0, 1.0653333967604084
25.400000000000002, 21420.278055961306, 10999.441148087142, 788.60303130775048, 196.82233986234911, 1.7979926400725281, -25.738021733419259, 21209.528998572521, 11082.562891618078, 737.24153174533433, 213.29160790184091, -7.1044059987547632, -24.062515220556897, 20355.88843535458, 16794.897028622283, 486.26085932129808, 503.53786023705578, 0, 0, 1.0553333967604068
25.41, 21428.164352341446, 11001.405474350386, 788.62076911188819, 196.56253083701813, 1.7737804137753708, -25.980902533098387, 21216.900338992484, 11084.692162649151, 737.16987191255873, 213.04860470546393, -7.1659832775578298, -24.300319637697239, 20360.751043947792, 16799.932407224653, 486.26085932129808, 503.53786023705578, 0, 0, 1.0453333967604088
25.420000000000002, 21436.050834413571, 11003.367239366104, 788.6390611790481, 196.30517799352336, 1.829206715992636, -25.735284349476323, 21224.270974196716, 11086.819039295231, 737.09897091967889, 212.80797797376098, -7.0900992879826337, -24.062673170293788, 20365.613652541004, 16804.967785827022, 486.26085932129808, 503.53786023705578, 0, 0, 1.0353333967604073
25.43, 21443.937495794809, 11005.326394390626, 788.65711247556533, 196.0453942993307, 1.8051296517211304, -25.978369419265697, 21231.640891166877, 11088.943473969912, 737.02745498409308, 212.56497097000127, -7.1515935585820936, -24.300700375971775, 20370.476261134216, 16810.003164429392, 486.26085932129808, 503.53786023705578, 0, 0, 1.0253333967604092
25.440000000000001, 21451.824345985176, 11007.282988460569, 788.67571684968516, 195.7880694292725, 1.8604374119800937, -25.732487005819479, 21239.010104350742, 11091.065514260286, 736.95669725226355, 212.32434301494848, -7.075773182955956, -24.062795505277506, 20375.338869727428, 16815.038543031762, 486.26085932129808, 503.53786023705578, 0, 0, 1.0153333967604077
25.449999999999999, 21459.711378627999, 11009.236972788185, 788.69408180465257, 195.52831165077319, 1.83649549673616, -25.975777849931024, 21246.378600745578, 11093.18511253338, 736.88532540661856, 212.08133254448705, -7.1371845644997105, -24.301047046141814, 20380.20147832064, 16820.073921634132, 486.26085932129808, 503.53786023705578, 0, 0, 1.0053333967604097
25.460000000000001, 21467.59860319873, 11011.188396460253, 788.71299865040817, 195.27101535480571, 1.8916845755616882, -25.729629596747138, 21253.746394785481, 11095.302316426505, 736.81471112913971, 211.84070372322168, -7.0614277478903889, -24.062882126538298, 20385.064086913851, 16825.109300236501, 486.26085932129808, 503.53786023705578, 0, 0, 0.99533339676040811
25.469999999999999, 21475.486013366903, 11013.137210644643, 788.73167742839348, 195.01128407757975, 1.8678777985296442, -25.973127722596516, 21261.113473483318, 11097.417078259805, 736.74348356556106, 211.59769012769729, -7.1227563578606059, -24.301359552439628, 20389.926695507063, 16830.144678838871, 486.26085932129808, 503.53786023705578, 0, 0, 0.9853333967604101
25.48, 21483.373618583395, 11015.083464478617, 788.75090690892841, 194.75401695740263, 1.9229480534921479, -25.726712017712799, 21268.479851259515, 11099.529445721142, 736.67301293508399, 211.35706079833795, -7.0470630477111387, -24.062932935932714, 20394.789304100275, 16835.180057441241, 486.26085932129808, 503.53786023705578, 0, 0, 0.97533339676040853
25.490000000000002, 21491.261412543947, 11017.027109085351, 788.76989967298891, 194.49431276804387, 1.8992764060543408, -25.970418935874566, 21275.845515142515, 11101.639371083456, 736.601929845065, 211.11404442033916, -7.1083090019032573, -24.301637799881256, 20399.651912693487, 16840.215436043611, 486.26085932129808, 503.53786023705578, 0, 0, 0.96533339676040697
25.5, 21499.14940467483, 11018.968193652907, 788.78944194990652, 194.23707542639048, 1.9542276917570893, -25.723734165340225, 21283.210479539095, 11103.746902085484, 736.53160305358449, 210.87341494197759, -7.0326791480540098, -24.062947836157608, 20404.514521286699, 16845.25081464598, 486.26085932129808, 503.53786023705578, 0, 0, 0.95533339676040896
25.510000000000002, 21507.037588698004, 11020.906669259462, 788.80874886158165, 193.97739891249546, 1.9306911675095009, -25.967651389502361, 21290.574731493245, 11105.851990952649, 736.46066462797899, 210.63039612503479, -7.0938425605556938, -24.301881694279849, 20409.377129879911, 16850.28619324835, 486.26085932129808, 503.53786023705578, 0, 0, 0.9453333967604074
25.52, 21514.925974015121, 11022.842585144197, 788.82860409493742, 193.7201919531212, 1.9855233355780109, -25.720695937426136, 21297.938285398108, 11107.95468547489, 736.39048186682635, 210.38976685772727, -7.0182761152629354, -24.062926730752068, 20414.239738473123, 16855.32157185072, 486.26085932129808, 503.53786023705578, 0, 0, 0.93533339676040939
25.530000000000001, 21522.814554374359, 11024.775892339982, 788.84822531424084, 193.46054370327775, 1.9621219303457043, -25.964824984344546, 21305.301128313211, 11110.054937829796, 736.31968829584207, 210.1467459463048, -7.0793570984331486, -24.302091142247548, 20419.102347066335, 16860.35695045309, 486.26085932129808, 503.53786023705578, 0, 0, 0.92533339676040782
25.539999999999999, 21530.703339152726, 11026.706640137429, 788.86839366253503, 193.20336773094837, 2.0168348294183249, -25.717597232936765, 21312.663274618066, 11112.15279585883, 736.24964975567821, 209.90611725106388, -7.0038540163857634, -24.06286952409328, 20423.964955659547, 16865.392329055459, 486.26085932129808, 503.53786023705578, 0, 0, 0.91533339676040981
25.550000000000001, 21538.592322124634, 11028.634779523794, 788.88832934794777, 192.94374833472446, 1.9935685412706916, -25.961939622390023, 21320.024711387719, 11114.248211691433, 736.17900122886988, 209.66309459055196, -7.0648526808340577, -24.302266051191602, 20428.827564252759, 16870.427707657829, 486.26085932129808, 503.53786023705578, 0, 0, 0.90533339676040825
25.560000000000002, 21546.481512642415, 11030.560359841449, 788.90881096811768, 192.68660395520428, 2.0481620169871135, -25.714437952018578, 21327.38545298807, 11116.341233220919, 736.10910709967811, 209.42246682933791, -6.9894129191739927, -24.062776121406284, 20433.690172845971, 16875.463086260199, 486.26085932129808, 503.53786023705578, 0, 0, 0.89533339676040669
25.57, 21554.370904506723, 11032.483332031719, 788.92906127658023, 192.42701400313666, 2.0250308462530451, -25.958995206762246, 21334.745486509662, 11118.431812528263, 736.03860380594074, 209.17944276604467, -7.0503293737398023, -24.302406329323684, 20438.552781439183, 16880.498464862569, 486.26085932129808, 503.53786023705578, 0, 0, 0.88533339676040868
25.580000000000002, 21562.260507045201, 11034.403745489051, 788.94985632399266, 192.16990182317682, 2.0795047412469634, -25.71121799598351, 21342.104826304789, 11120.519997558958, 735.96885427702, 208.93881630175719, -6.9749528920753994, -24.062646428748877, 20443.415390032394, 16885.533843464938, 486.26085932129808, 503.53786023705578, 0, 0, 0.87533339676040711
25.59, 21570.150314084745, 11036.321551108536, 788.97042141089798, 191.91034190675975, 2.0565086905297196, -25.95599164170531, 21349.463459479473, 11122.605740345192, 735.89849640458192, 208.69579118290073, -7.0357872438077047, -24.302511885645604, 20448.277998625606, 16890.569222067308, 486.26085932129808, 503.53786023705578, 0, 0, 0.8653333967604091
25.600000000000001, 21578.040334928282, 11038.236798337013, 788.99153003934214, 191.65326253408648, 2.1108628444166242, -25.707937267326923, 21356.821400372417, 11124.689088884968, 735.82889166453958, 208.45516637937044, -6.9604740042357438, -24.06248035302843, 20453.140607218818, 16895.604600669678, 486.26085932129808, 503.53786023705578, 0, 0, 0.85533339676040754
25.609999999999999, 21585.930563428963, 11040.149438023029, 789.01241005852819, 191.39373324576047, 2.0880019186086858, -25.952928832601053, 21364.178636105109, 11126.769995161367, 735.75867940095588, 208.21214055307078, -7.0212263583726484, -24.302582629965322, 20458.00321581203, 16900.639979272048, 486.26085932129808, 503.53786023705578, 0, 0, 0.84533339676040953
25.620000000000001, 21593.821008864972, 11042.059519666136, 789.033832420208, 191.13668728906325, 2.1422361679775261, -25.704595669721392, 21371.53518100267, 11128.848507225228, 735.68921963770094, 207.97151777505084, -6.9459763254937519, -24.062277801995158, 20462.865824405242, 16905.675357874417, 486.26085932129808, 503.53786023705578, 0, 0, 0.83533339676040796
25.629999999999999, 21601.71166511573, 11043.966994068023, 789.0550275239508, 190.87718922220361, 2.1195103742752219, -25.949806685963321, 21378.891022202028, 11130.924577010208, 735.61915316984653, 207.72849159032194, -7.0066467854423031, -24.302618472890614, 20467.728432998454, 16910.710736476787, 486.26085932129808, 503.53786023705578, 0, 0, 0.82533339676040995
25.640000000000001, 21609.602541434651, 11045.871910781279, 789.07676376947757, 190.62017729112335, 2.1736245526780245, -25.701193108025052, 21386.246174014737, 11132.998252620309, 735.54983857058278, 207.48787120347944, -6.9314599263800956, -24.062038684249568, 20472.591041591666, 16915.746115079157, 486.26085932129808, 503.53786023705578, 0, 0, 0.81533339676040839
25.650000000000002, 21617.49363172743, 11047.774220560425, 789.09827410848357, 190.36071104002889, 2.1510339005960577, -25.946625109445915, 21393.600623593153, 11135.069485939446, 735.47991808464576, 207.24484501022107, -6.9920485936961567, -24.30261932583619, 20477.453650184878, 16920.781493681527, 486.26085932129808, 503.53786023705578, 0, 0, 0.80533339676040683
25.66, 21625.38494522269, 11049.673973011402, 789.12032438686902, 190.10373374514614, 2.2050278385401412, -25.697729488274035, 21400.954385235269, 11137.138325125112, 735.41074883586464, 207.00422738112871, -6.9169248781120007, -24.061762909234481, 20482.31625877809, 16925.816872283896, 486.26085932129808, 503.53786023705578, 0, 0, 0.79533339676040882
25.670000000000002, 21633.27647585241, 11051.571118841252, 789.14215011026829, 189.84429990502778, 2.1825723399258843, -25.943384011835562, 21408.307446108851, 11139.204722011158, 735.34097451733987, 206.76120153011854, -6.9774318524803851, -24.302585101016167, 20487.178867371302, 16930.852250886266, 486.26085932129808, 503.53786023705578, 0, 0, 0.78533339676040725
25.68, 21641.168232820393, 11053.465707709594, 789.16451456891696, 189.58735785785089, 2.2364458648642844, -25.694204717687985, 21415.659820498335, 11141.268724808901, 735.27195080481397, 206.52058702624615, -6.9023712525914274, -24.06145038723978, 20492.041475964514, 16935.887629488636, 486.26085932129808, 503.53786023705578, 0, 0, 0.77533339676040924
25.690000000000001, 21649.060210084914, 11055.357690275678, 789.18665582425604, 189.32795702482031, 2.214125533911941, -25.940083303057229, 21423.011495586888, 11143.330285301807, 735.20232283849589, 206.27756186913166, -6.9627966318061203, -24.302515711448624, 20496.904084557726, 16940.923008091006, 486.26085932129808, 503.53786023705578, 0, 0, 0.76533339676040768
25.699999999999999, 21656.952416824926, 11057.24711625312, 789.20933460895833, 189.07105083777356, 2.2678784702339625, -25.69061870467576, 21430.362485645404, 11145.389451755344, 735.1334448472719, 206.0369508588376, -6.8877991224032735, -24.061101029407308, 20501.766693150937, 16945.958386693375, 486.26085932129808, 503.53786023705578, 0, 0, 0.75533339676040967
25.710000000000001, 21664.844847025015, 11059.133936253063, 789.23179154219326, 188.81168360883177, 2.2456933234986134, -25.936722894179628, 21437.712777872428, 11147.446175902271, 735.06396341724837, 205.793926748128, -6.9481430023477389, -24.302411070960314, 20506.629301744149, 16950.993765295745, 486.26085932129808, 503.53786023705578, 0, 0, 0.74533339676040811
25.719999999999999, 21672.737509839262, 11061.018200043449, 789.25478479711853, 188.55481389524346, 2.299325492521811, -25.686971358832871, 21445.062386525315, 11149.500506062539, 734.9952313316403, 205.55331960065072, -6.8732085608113129, -24.06071474772779, 20511.491910337361, 16956.029143898115, 486.26085932129808, 503.53786023705578, 0, 0, 0.7353333967604101
25.73, 21680.630399278565, 11062.899858186996, 789.27755755260785, 188.29548086826932, 2.2772755489332641, -25.933302697412881, 21452.411298817977, 11151.552393917882, 734.92589662128591, 205.31029688970889, -6.9334710354389957, -24.302271094183777, 20516.354518930573, 16961.064522500485, 486.26085932129808, 503.53786023705578, 0, 0, 0.72533339676040853
25.740000000000002, 21688.523524472108, 11064.77896050629, 789.30086542029676, 188.03864824235993, 2.3307867688953787, -25.683262590940423, 21459.759528994244, 11153.60188784306, 734.85731062486832, 205.06969397515851, -6.858599641754533, -24.060291455039227, 20521.217127523785, 16966.099901102854, 486.26085932129808, 503.53786023705578, 0, 0, 0.71533339676040697
25.75, 21696.41687945712, 11066.65545751532, 789.32395414079451, 187.77935001609885, 2.3088720497718396, -25.92982262610759, 21467.107064283373, 11155.648939468458, 734.78812281683759, 204.82667301819296, -6.9187808030695406, -24.30209569655587, 20526.079736116997, 16971.135279705224, 486.26085932129808, 503.53786023705578, 0, 0, 0.70533339676040896
25.760000000000002, 21704.31047333785, 11068.529399091634, 789.3475767621527, 187.5225550929691, 2.3622621358214557, -25.67949231297376, 21474.453918915675, 11157.693597223981, 734.71968309243914, 204.58607470754262, -6.8439724398460982, -24.059831065034729, 20530.942344710209, 16976.170658307594, 486.26085932129808, 503.53786023705578, 0, 0, 0.6953333967604074
25.77, 21712.204300177869, 11070.400735700176, 789.37098158880156, 187.26329226702146, 2.3404826648830954, -25.926282594763173, 21481.800080135741, 11159.735812688337, 734.65064236866033, 204.34305585959936, -6.9040723778839244, -24.301884794325268, 20535.804953303421, 16981.206036909964, 486.26085932129808, 503.53786023705578, 0, 0, 0.68533339676040939
25.780000000000001, 21720.098369056472, 11072.26951727378, 789.39491910309232, 187.00653566264046, 2.3937514290723652, -25.675660438098387, 21489.145562160375, 11161.77563434691, 734.58234909835664, 204.10246252467678, -6.82932703036884, -24.059333492258006, 20540.667561896633, 16986.241415512333, 486.26085932129808, 503.53786023705578, 0, 0, 0.67533339676040782
25.789999999999999, 21727.992674063589, 11074.135694228029, 789.41864017541684, 186.74730883745022, 2.3721072324546961, -25.922682519024082, 21496.490352249482, 11163.813013726411, 734.51345564002486, 203.85944614163131, -6.8893458331773099, -24.301638304548206, 20545.530170489845, 16991.276794114703, 486.26085932129808, 503.53786023705578, 0, 0, 0.66533339676040981
25.800000000000001, 21735.887224253514, 11075.999316551372, 789.44289272025412, 186.49059116864339, 2.4252544837298236, -25.671766880682146, 21503.83446460636, 11165.847999368028, 734.44530900513212, 203.61885815511016, -6.8146634892751266, -24.058798652114643, 20550.392779083057, 16996.312172717073, 486.26085932129808, 503.53786023705578, 0, 0, 0.65533339676040825
25.810000000000002, 21743.782013742555, 11077.86033460971, 789.46693017615405, 186.23140094548648, 2.4037455899969888, -25.919022315691411, 21511.177886506226, 11167.880542746158, 734.37656299270316, 203.37584459365917, -6.8746012428953369, -24.301356145099263, 20555.255387676269, 17001.347551319443, 486.26085932129808, 503.53786023705578, 0, 0, 0.64533339676040669
25.82, 21751.677051559986, 11079.718798447431, 789.49149788749594, 185.97472282992359, 2.4567711341917424, -25.667811556288019, 21518.520632138869, 11169.910692458125, 734.30856317377129, 203.13526232905053, -6.799981893181485, -24.058226460864613, 20560.11799626948, 17006.382929921812, 486.26085932129808, 503.53786023705578, 0, 0, 0.63533339676040868
25.830000000000002, 21759.572331848496, 11081.574658380445, 789.51585186323939, 185.71556981089643, 2.4353975743495848, -25.915301902716219, 21525.862688794805, 11171.938399925681, 734.23996478695506, 202.89225194670388, -6.8598386816290065, -24.30103823466429, 20564.980604862692, 17011.418308524182, 486.26085932129808, 503.53786023705578, 0, 0, 0.62533339676040711
25.84, 21767.46786361231, 11083.427964509396, 789.54073487538119, 185.45893186707968, 2.4883012141780281, -25.663794381673625, 21533.204070650325, 11173.963713802623, 734.17211196376138, 202.65167577834768, -6.7852823193650096, -24.057616835621239, 20569.843213455904, 17016.453687126552, 486.26085932129808, 503.53786023705578, 0, 0, 0.6153333967604091
25.850000000000001, 21775.363641020518, 11085.278667099887, 789.56540550559805, 185.19981665508769, 2.4670630216869767, -25.911521199199093, 21540.544765011229, 11175.986585457733, 734.10366138151528, 202.40866893342027, -6.8450582246112601, -24.300684492739475, 20574.705822049116, 17021.489065728922, 486.26085932129808, 503.53786023705578, 0, 0, 0.60533339676040754
25.859999999999999, 21783.259673052256, 11087.126816309146, 789.59060395116546, 184.94321950233979, 2.5198445567365835, -25.659715274789271, 21547.884786040318, 11178.007063601613, 734.03595573305768, 202.16809923647679, -6.7705648457593961, -24.056969694348798, 20579.568430642328, 17026.524444331291, 486.26085932129808, 503.53786023705578, 0, 0, 0.59533339676040953
25.870000000000001, 21791.155953903035, 11088.972362352151, 789.61559136884068, 184.6841427010859, 2.4987417675243697, -25.907680125388406, 21555.224121058658, 11180.025099549752, 733.9676531335806, 201.92509628808051, -6.830259947713202, -24.300294839629117, 20584.43103923554, 17031.559822933661, 486.26085932129808, 503.53786023705578, 0, 0, 0.58533339676040796
25.879999999999999, 21799.052492526873, 11090.815355443039, 789.64110537878321, 184.42758695953802, 2.5514009942472988, -25.655574154789871, 21562.562784215563, 11182.040742069888, 733.90009483807103, 201.68453343852178, -6.7558295509546777, -24.056284955873668, 20589.293647828752, 17036.595201536031, 486.26085932129808, 503.53786023705578, 0, 0, 0.57533339676040995
25.890000000000001, 21806.949283145706, 11092.655745745844, 789.66640971525044, 184.16854917351111, 2.530433646721578, -25.903778602691744, 21569.900762847356, 11184.053942423894, 733.83194039879663, 201.44153474655721, -6.8154439274438392, -24.299869196456271, 20594.156256421964, 17041.630580138401, 486.26085932129808, 503.53786023705578, 0, 0, 0.56533339676040839
25.900000000000002, 21814.846334688413, 11094.493583531937, 789.69223941883467, 183.91203546409079, 2.5829703584282906, -25.651370942031814, 21577.238071089865, 11186.064749436979, 733.76452963365466, 201.20097912115841, -6.7410765141928861, -24.055562539880768, 20599.018865015176, 17046.66595874077, 486.26085932129808, 503.53786023705578, 0, 0, 0.55533339676040683
25.91, 21822.743641403376, 11096.328818914095, 789.71786080376955, 183.65303729855407, 2.5621384934890883, -25.899816553672974, 21584.574696294665, 11188.073114317067, 733.69652353124525, 200.95798504630682, -6.8006102409459475, -24.299407485159406, 20603.881473608388, 17051.70133734314, 486.26085932129808, 503.53786023705578, 0, 0, 0.54533339676040882
25.920000000000002, 21830.641212194285, 11098.161502221246, 789.74400632857294, 183.39656624297325, 2.6145524803404352, -25.647105558081559, 21591.910652584105, 11190.079085947174, 733.62926047309156, 200.7174370226376, -6.7263058153668647, -24.054802366921528, 20608.7440822016, 17056.73671594551, 486.26085932129808, 503.53786023705578, 0, 0, 0.53533339676040725
25.93, 21838.539041335993, 11099.991583514591, 789.76994488998685, 183.13760830395265, 2.5938561413924748, -25.895793902060547, 21599.245927324991, 11192.082615480957, 733.56140288343158, 200.47444792635261, -6.7857589659949342, -24.298909628500041, 20613.606690794812, 17061.77209454788, 486.26085932129808, 503.53786023705578, 0, 0, 0.52533339676040924
25.940000000000001, 21846.437137706973, 11101.819113180942, 789.79640636189083, 182.88118052469559, 2.6461471903947538, -25.64277792570493, 21606.580534626195, 11194.083751859565, 733.4942877080814, 200.23390788276859, -6.7115175350138774, -24.054004358402981, 20618.469299388024, 17066.807473150249, 486.26085932129808, 503.53786023705578, 0, 0, 0.51533339676040768
25.949999999999999, 21854.335495608557, 11103.644041229603, 789.82266222612441, 182.62226341896823, 2.625586423359541, -25.891710572737413, 21613.91446186975, 11196.082446182061, 733.42657880627144, 199.99092412726807, -6.7708901809927537, -24.298375550052427, 20623.331907981235, 17071.842851752619, 486.26085932129808, 503.53786023705578, 0, 0, 0.50533339676040967
25.960000000000001, 21862.234123893966, 11105.466418105598, 789.84943976930799, 182.36587953927946, 2.6777543183569676, -25.638387968875737, 21621.247723151049, 11198.078747448068, 733.35961168872825, 199.75039244290213, -6.696711754314391, -24.053168436595744, 20628.194516574447, 17076.878230354989, 486.26085932129808, 503.53786023705578, 0, 0, 0.49533339676040811
25.969999999999999, 21870.133016891035, 11107.286193766016, 789.87601306102488, 182.10700387436196, 2.6573291716847693, -25.887566491749251, 21628.580305867341, 11200.07260670172, 733.29205164907853, 199.50741439116001, -6.7560039649667409, -24.297805174211167, 20633.057125167659, 17081.913608957359, 486.26085932129808, 503.53786023705578, 0, 0, 0.4853333967604101
25.98, 21878.032183427698, 11109.103418714418, 789.90310679795846, 181.8506645182342, 2.7093736933532044, -25.633935612776732, 21635.91222410055, 11202.064073001453, 733.22523276352763, 199.26689144591367, -6.6818885550887908, -24.052294524634544, 20637.919733760871, 17086.948987559728, 486.26085932129808, 503.53786023705578, 0, 0, 0.47533339676040853
25.990000000000002, 21885.93161785831, 11110.918042855363, 789.92999764013882, 181.59183090237113, 2.689084218034866, -25.883361586305522, 21643.243465263124, 11204.053097336147, 733.15782175955201, 199.02391946165176, -6.7411003975664752, -24.297198426191798, 20642.782342354083, 17091.984366162098, 486.26085932129808, 503.53786023705578, 0, 0, 0.46533339676040697
26, 21893.831328985485, 11112.730116751269, 789.9574076915776, 181.33553669453312, 2.7410051438758534, -25.629420783799642, 21650.574043423516, 11206.039728823382, 733.09115127935411, 198.78340563618659, -6.6670480197938344, -24.051382546517857, 20647.644950947295, 17097.019744764468, 486.26085932129808, 503.53786023705578, 0, 0, 0.45533339676040896
26.010000000000002, 21901.731311190109, 11114.539590253846, 789.98461620551211, 181.07674573668533, 2.7208513934544425, -25.879095784779558, 21657.903946009377, 11208.023918396459, 733.02388948376347, 198.54044008386629, -6.726179559060399, -24.296555232030471, 20652.507559540507, 17102.055123366838, 486.26085932129808, 503.53786023705578, 0, 0, 0.4453333967604074
26.02, 21909.63157324944, 11116.346513984701, 790.01234269048996, 180.8204973025899, 2.7726484977896275, -25.624843409543796, 21665.233187075679, 11210.005715232433, 732.95736758144824, 198.29993575959523, -6.652190231518726, -24.05043242710618, 20657.370168133719, 17107.090501969207, 486.26085932129808, 503.53786023705578, 0, 0, 0.43533339676040939
26.030000000000001, 21917.532109570926, 11118.150837742374, 790.03986899577365, 180.56174961242283, 2.7526305283719088, -25.874769016707329, 21672.561754065264, 11211.985070208702, 732.89025516614493, 198.05697700440942, -6.7112415303320754, -24.29587551858237, 20662.232776726931, 17112.125880571577, 486.26085932129808, 503.53786023705578, 0, 0, 0.42533339676040782
26.039999999999999, 21925.432928906423, 11119.952612207986, 790.06791203159696, 180.30554757823455, 2.804303582335943, -25.620203418826708, 21679.889661019635, 11213.962032562133, 732.82388201340507, 197.81648256348811, -6.6373152739843304, -24.049444092131981, 20667.095385320143, 17117.161259173947, 486.26085932129808, 503.53786023705578, 0, 0, 0.41533339676040981
26.050000000000001, 21933.334025689957, 11121.751787126586, 790.09575624612296, 180.04684376610658, 2.7844214526037554, -25.870381212797643, 21687.21689539681, 11215.936553113885, 732.75691914947629, 197.5735309713528, -6.6962863928794274, -24.295159213531228, 20671.957993913355, 17122.196637776316, 486.26085932129808, 503.53786023705578, 0, 0, 0.40533339676040825
26.060000000000002, 21941.235408647954, 11123.548413239136, 790.12411594836431, 179.79068875868975, 2.8359702241389577, -25.615500741683292, 21694.543471224821, 11217.908681160978, 732.69069491716084, 197.3330467966708, -6.6224232315393685, -24.04841746819859, 20676.820602506567, 17127.232016378686, 486.26085932129808, 503.53786023705578, 0, 0, 0.39533339676040669
26.07, 21949.137072241036, 11125.342440236876, 790.15227818831795, 179.53202943564045, 2.8162239953604207, -25.865932304931405, 21701.869375976858, 11219.878367468007, 732.62388177487276, 197.09010273421691, -6.6813142288111083, -24.294406245388299, 20681.683211099778, 17132.267394981056, 486.26085932129808, 503.53786023705578, 0, 0, 0.38533339676040868
26.080000000000002, 21957.039025170157, 11127.133918920936, 790.18095467081014, 179.27592208254691, 2.8676482492133002, -25.610735309353039, 21709.194623667478, 11221.845661392477, 732.55780663298117, 196.84962920938924, -6.6075141891534406, -24.047352482767359, 20686.54581969299, 17137.302773583426, 486.26085932129808, 503.53786023705578, 0, 0, 0.37533339676040711
26.09, 21964.941261922562, 11128.922798928426, 790.20943505066271, 179.01730786028543, 2.8480379852537503, -25.861422226149585, 21716.519201785039, 11223.810513642089, 732.49114338177276, 196.60669304395444, -6.6663251208398568, -24.293616543480244, 20691.408428286202, 17142.338152185795, 486.26085932129808, 503.53786023705578, 0, 0, 0.3653333967604091
26.100000000000001, 21972.843791173691, 11130.709131120972, 790.23842842549243, 178.76124878974244, 2.8993374829674892, -25.605907054297745, 21723.843124330622, 11225.772973635168, 732.42521749944854, 196.3662305533127, -6.5925882324180689, -24.046249064174621, 20696.271036879414, 17147.373530788165, 486.26085932129808, 503.53786023705578, 0, 0, 0.35533339676040754
26.109999999999999, 21980.746607437435, 11132.492865081233, 790.26722705799546, 178.50268028063573, 2.8798632503003936, -25.856850910670119, 21731.166378807742, 11227.732992022196, 732.35870430792568, 196.12330265293306, -6.651319152283472, -24.292790037965268, 20701.133645472626, 17152.408909390535, 486.26085932129808, 503.53786023705578, 0, 0, 0.34533339676040953
26.120000000000001, 21988.649719363679, 11134.274051731652, 790.2965374354975, 178.24667012153373, 2.9310377502099194, -25.601015910201525, 21738.488979204005, 11229.690618282655, 732.29292785345024, 195.88285158151675, -6.5776454475430599, -24.045107141631391, 20705.996254065838, 17157.444287992905, 486.26085932129808, 503.53786023705578, 0, 0, 0.33533339676040796
26.129999999999999, 21996.553121492976, 11136.052640600125, 790.32565443167675, 177.98814793859484, 2.9116996179276042, -25.85221829388799, 21745.81091303808, 11231.645803009471, 732.22656488937957, 195.63993231491841, -6.6362964070613444, -24.291926659832903, 20710.85886265905, 17162.479666595274, 486.26085932129808, 503.53786023705578, 0, 0, 0.32533339676040995
26.140000000000001, 22004.456822449625, 11137.828682670239, 790.3552819204283, 177.73218732047522, 2.9627488751561555, -25.596061811961246, 21753.132194284084, 11233.598595743624, 732.16093803016611, 195.39949304846627, -6.5626859213503623, -24.043926645213766, 20715.721471252262, 17167.515045197644, 486.26085932129808, 503.53786023705578, 0, 0, 0.31533339676040839
26.150000000000002, 22012.360816800865, 11139.602127414797, 790.3847173895781, 177.47371207735156, 2.9435469149803084, -25.847524312366247, 21760.452810475839, 11235.548947020157, 732.09472546046925, 195.15658278505731, -6.6212569696885977, -24.291026340894931, 20720.584079845474, 17172.550423800014, 486.26085932129808, 503.53786023705578, 0, 0, 0.30533339676040683
26.16, 22020.265113145364, 11141.373025878866, 790.41466209639248, 177.2178016303946, 2.9944706814334188, -25.591044695697267, 21767.772775573983, 11237.496906441882, 732.02924836305647, 194.91615570999858, -6.5477097412732119, -24.042707505873103, 20725.446688438686, 17177.585802402384, 486.26085932129808, 503.53786023705578, 0, 0, 0.29533339676040882
26.170000000000002, 22028.169706077075, 11143.141327479834, 790.44441614606978, 176.95937394135615, 2.9754049677254968, -25.842768903846292, 21775.092077127476, 11239.442424485629, 731.96318635380374, 194.67325481986063, -6.606200925275262, -24.290089013795111, 20730.309297031898, 17182.621181004753, 486.26085932129808, 503.53786023705578, 0, 0, 0.28533339676040725
26.18, 22036.074604168985, 11144.907083324573, 790.47467817599068, 176.70351429636861, 3.0262029920865912, -25.585964498753512, 21782.410729083465, 11241.38555081638, 731.89785918385019, 194.43284032330627, -6.5327169953524757, -24.041449655435834, 20735.17190562511, 17187.656559607123, 486.26085932129808, 503.53786023705578, 0, 0, 0.27533339676040924
26.190000000000001, 22043.979802041784, 11146.670242774735, 790.50475091200929, 176.44513477629613, 3.0072736018580577, -25.837952007248006, 21789.728719006049, 11243.326235852421, 731.83194790025493, 194.18994917718618, -6.5911283595227852, -24.289114612009055, 20740.034514218321, 17192.691938209493, 486.26085932129808, 503.53786023705578, 0, 0, 0.26533339676040768
26.199999999999999, 22051.885308242749, 11148.430856999325, 790.53533036830515, 176.18932656469914, 3.0579456295840917, -25.580821159698505, 21797.046060828885, 11245.264529321239, 731.76677082253264, 193.94954764692014, -6.5177077722332397, -24.040153026604234, 20744.897122811533, 17197.727316811863, 486.26085932129808, 503.53786023705578, 0, 0, 0.25533339676040967
26.210000000000001, 22059.791117419329, 11150.188875303937, 790.56572189473025, 175.93099582907243, 3.0391526425065112, -25.833073562670858, 21804.362742131205, 11247.200381582248, 731.70101042894544, 193.7066666162217, -6.5760393587207666, -24.288103069845015, 20749.759731404745, 17202.762695414232, 486.26085932129808, 503.53786023705578, 0, 0, 0.24533339676040811
26.219999999999999, 22067.697238093038, 11151.944348920035, 790.59661887888853, 175.67523968288918, 3.0896984158239378, -25.575614618325243, 21811.678776833171, 11249.133842425777, 731.63598360733386, 193.46627844069212, -6.5026821611610686, -24.038817552956058, 20754.622339997957, 17207.798074016602, 486.26085932129808, 503.53786023705578, 0, 0, 0.2353333967604101
26.23, 22075.603664938113, 11153.697227096836, 790.62732929803087, 175.41695834777525, 3.0710419142388736, -25.828133511393805, 21818.994152529143, 11251.064862152036, 731.57037426723639, 193.22340789746769, -6.5609340097433879, -24.287054322443581, 20759.484948591169, 17212.833452618972, 486.26085932129808, 503.53786023705578, 0, 0, 0.22533339676040853
26.240000000000002, 22083.51040645027, 11155.447561128592, 790.65854390975232, 175.16125489961874, 3.1214611721398526, -25.570344815650682, 21826.308883125777, 11252.993490614535, 731.50549786471663, 192.98303346577825, -6.4876402519781742, -24.037443168943849, 20764.347557184381, 17217.868831221342, 486.26085932129808, 503.53786023705578, 0, 0, 0.21533339676040697
26.25, 22091.417457330554, 11157.195300207819, 790.68957332216303, 174.90302358165999, 3.1029412410686206, -25.823131795874943, 21833.622956232564, 11254.919678053948, 731.4400397407162, 192.74017378272049, -6.5458124000457518, -24.285968305777079, 20769.210165777593, 17222.904209823711, 486.26085932129808, 503.53786023705578, 0, 0, 0.20533339676040896
26.260000000000002, 22099.324826048833, 11158.940495691881, 790.72110565935611, 174.6473734647208, 3.1532337193068556, -25.565011693919249, 21840.936385742651, 11256.843474387304, 731.375313919365, 192.49981348462151, -6.4725821351205939, -24.036029809898118, 20774.072774370805, 17227.939588426081, 486.26085932129808, 503.53786023705578, 0, 0, 0.1953333967604074
26.27, 22107.232507332992, 11160.683096716273, 790.75245416382074, 174.38919278112326, 3.134850446460121, -25.818068359754879, 21848.249159280651, 11258.764829795407, 731.31000717318841, 192.25696503505498, -6.5306746176611821, -24.284844956652648, 20778.935382964017, 17232.974967028451, 486.26085932129808, 503.53786023705578, 0, 0, 0.18533339676040939
26.280000000000001, 22115.140509627014, 11162.423154701804, 790.7843043225962, 174.13359662915718, 3.1850158775465811, -25.559615196608533, 21855.561290726197, 11260.683794259146, 731.2454320941722, 192.01661926093465, -6.4575079016159211, -24.03457741203275, 20783.797991557229, 17238.010345630821, 486.26085932129808, 503.53786023705578, 0, 0, 0.17533339676040782
26.289999999999999, 22123.048827685641, 11164.160618726624, 790.81597201612954, 173.87546719767855, 3.1667693533338319, -25.812943147862235, 21862.872767719025, 11262.600317899123, 731.18027688666018, 191.77378241880749, -6.5155207511990456, -24.283684212717436, 20788.660600150441, 17243.04572423319, 486.26085932129808, 503.53786023705578, 0, 0, 0.16533339676040981
26.300000000000001, 22130.957469926921, 11165.895540275311, 790.84814009079491, 173.61992564499428, 3.2168074665338593, -25.55415526842571, 21870.183604125246, 11264.514450760424, 731.11585271022943, 191.53345155968307, -6.4424176430786355, -24.033085912441344, 20793.523208743653, 17248.08110283556, 486.26085932129808, 503.53786023705578, 0, 0, 0.15533339676040825
26.310000000000002, 22138.866431132497, 11167.627868368345, 790.8801270686356, 173.36184808393219, 3.1986977840726909, -25.807756106210356, 21877.493787599717, 11266.426142903119, 731.05084920133106, 191.29062669955852, -6.500350889840294, -24.282486012455159, 20798.385817336864, 17253.11648143793, 486.26085932129808, 503.53786023705578, 0, 0, 0.14533339676040669
26.32, 22146.775719694429, 11169.357654554406, 790.91261315168958, 173.10636176537909, 3.2486083054024384, -25.548631855310528, 21884.803331995012, 11268.335444436827, 730.98657608681401, 191.0503111470675, -6.4273114517070953, -24.031555249099949, 20803.248425930076, 17258.1518600403, 486.26085932129808, 503.53786023705578, 0, 0, 0.13533339676040868
26.330000000000002, 22154.685330421282, 11171.084847795983, 790.94491950729491, 172.84833669355908, 3.2306355605276877, -25.802507182000173, 21892.112224981112, 11270.242305360753, 730.9217244355807, 190.80749864411561, -6.4851651233345846, -24.281250295188762, 20808.111034523288, 17263.187238642669, 486.26085932129808, 503.53786023705578, 0, 0, 0.12533339676040711
26.34, 22162.595271679085, 11172.809499706182, 790.97772368942242, 172.59290624451469, 3.2804182127505896, -25.543044904439284, 21899.420480397053, 11272.146775849389, 730.8576025413779, 190.56719879050689, -6.4121894202807823, -24.029985360870818, 20812.9736431165, 17268.222617245039, 486.26085932129808, 503.53786023705578, 0, 0, 0.1153333967604091
26.350000000000001, 22170.505538303354, 11174.531559189178, 791.01034951446263, 172.33493428127846, 3.262582504023336, -25.797196323624082, 21906.728085927934, 11274.048805840745, 730.79290290595793, 190.32439902049606, -6.4699635419976396, -24.279977001084045, 20817.836251709712, 17273.257995847409, 486.26085932129808, 503.53786023705578, 0, 0, 0.10533339676040754
26.359999999999999, 22178.416138634049, 11176.251077922836, 791.04347188452914, 172.07956033763631, 3.3122370066483695, -25.537394364216308, 21914.035055399247, 11275.948445574521, 730.72893238953634, 190.08411525862113, -6.3970516421543406, -24.028376187493986, 20822.698860302924, 17278.293374449779, 486.26085932129808, 503.53786023705578, 0, 0, 0.095333396760409528
26.370000000000001, 22186.327067533661, 11177.968004752691, 791.07641726888278, 171.82164210282974, 3.2945384353647071, -25.79182348065796, 21921.341376511205, 11277.845644927196, 730.66438492716929, 189.84132859790969, -6.4547462367055601, -24.278666071141707, 20827.561468896136, 17283.328753052148, 486.26085932129808, 503.53786023705578, 0, 0, 0.085333396760407965
26.379999999999999, 22194.238333316025, 11179.682391421691, 791.1098579139292, 171.56632530098696, 3.3440645046432023, -25.531680184278319, 21928.647063075747, 11279.740454204024, 730.6005659450567, 189.60106132121379, -6.3818982112548932, -24.026727669591388, 20832.424077489348, 17288.364131654518, 486.26085932129808, 503.53786023705578, 0, 0, 0.075333396760409954
26.390000000000001, 22202.149930870641, 11181.39418671641, 791.14312294567765, 171.30846141494831, 3.3265031748428715, -25.786388603865316, 21935.952102808202, 11281.632823219619, 730.53617081206778, 189.35828814674178, -6.439513298892253, -24.277317447201312, 20837.28668608256, 17293.399510256888, 486.26085932129808, 503.53786023705578, 0, 0, 0.065333396760408391
26.400000000000002, 22210.061868485176, 11183.103442445212, 791.17688195091534, 171.05320239179326, 3.3759005237645292, -25.525902315505959, 21943.25650950694, 11283.522802345124, 730.47250351984701, 189.118037749255, -6.3667292220811609, -24.025039748678051, 20842.149294675772, 17298.434888859258, 486.26085932129808, 503.53786023705578, 0, 0, 0.055333396760406828
26.41, 22217.974141076167, 11184.810107335383, 791.21046671633769, 170.79539347534117, 3.3584765422394729, -25.780891645208388, 21950.560270902417, 11285.410341332956, 730.40826087164157, 188.87527843853547, -6.424264820548566, -24.27593107195198, 20847.011903268984, 17303.470267461627, 486.26085932129808, 503.53786023705578, 0, 0, 0.045333396760408817
26.420000000000002, 22225.886756905064, 11186.51423326103, 791.244544165143, 170.54019286824109, 3.407744880531983, -25.520060710008664, 21957.863400779417, 11287.295490620487, 730.34474542394457, 188.63504531486402, -6.351544769695793, -24.023312367147227, 20851.874511862196, 17308.505646063997, 486.26085932129808, 503.53786023705578, 0, 0, 0.035333396760407254
26.43, 22233.799710915468, 11188.21576888983, 791.2784487487113, 170.28243954266276, 3.3904583568346216, -25.775332557833821, 21965.165886883522, 11289.178199897602, 730.28065541500246, 188.39230024597484, -6.4090008942149828, -24.274506888918314, 20856.737120455407, 17313.541024666367, 486.26085932129808, 503.53786023705578, 0, 0, 0.025333396760409244
26.440000000000001, 22241.713011342563, 11189.914766161957, 791.31284472262087, 170.02729798945134, 3.4395973909593929, -25.514155321141502, 21972.467742985929, 11291.058519668242, 730.21729196550518, 188.15208479129197, -6.3363449497257953, -24.021545468286771, 20861.599729048619, 17318.576403268737, 486.26085932129808, 503.53786023705578, 0, 0, 0.01533339676040768
26.449999999999999, 22249.626653157055, 11191.611173685158, 791.347069206995, 169.76960087649044, 3.4224484374108637, -25.769711296088701, 21979.768956847343, 11292.936399559429, 730.15335474937535, 187.9093543428672, -6.3937216129819987, -24.273044842476008, 20866.462337641831, 17323.611781871106, 486.26085932129808, 503.53786023705578, 0, 0, 0.0053333967604096699
